AADT,AADT Single Unit,AADT Combination,Future AADT,International Roughness Index,Thickness of Rigid Pavements,Thickness of Flexible Pavements,Thickness of Base Pavements,Functional System,Urban Type,Surface Type,Base Type,Rutting,Cracking Percent,Faulting,Relative Humidity,Freezing Index,Average Temperature,Precipitation,Age,Maintenance Intervention
71446.0,4259.0,7445.0,85878.0,71.5,0.0,10.5,15.0,Interstate,rural,Asphalt-Concrete (AC) Overlay over Existing AC Pavement Which is under Asphalt Pavement Group,Asphalt or cement stabilized,0.2,0.0,0.0,75.5,224.4,11.6,1318.4,58,Thin Overlay
8300.0,130.0,40.0,10300.0,108.0,0.0,12.0,17.0,Minor Arterial,urban,Asphalt-Concrete (AC) Overlay over Existing AC Pavement Which is under Asphalt Pavement Group,Hot mix AC (Bituminous),0.1,2.0,0.0,78.2,216.0,10.4,1435.3,26,No Maintenance
750.0,43.0,7.0,1000.0,242.5,0.0,3.0,12.0,Major Collector,urban,Bituminous surface under Asphalt Pavement Group,Aggregate,0.1,0.0,0.0,77.6,254.6,10.4,1398.8,9,Thin Overlay
4513.0,50.0,14.0,5032.0,236.0,0.0,10.0,6.0,Major Collector,urban,Asphalt-Concrete (AC) Overlay over Existing AC Pavement Which is under Asphalt Pavement Group,Asphalt or cement stabilized,0.2,5.5,0.0,75.3,227.2,12.2,1246.0,67,No Maintenance
8875.0,502.0,28.0,13188.0,116.3,0.0,6.5,12.0,Minor Arterial,urban,Asphalt-Concrete (AC) Overlay over Existing AC Pavement Which is under Asphalt Pavement Group,Aggregate,0.1,0.3,0.0,84.0,25.0,9.4,1628.8,43,Thin Overlay
3917.0,71.0,55.0,5480.0,178.0,0.0,3.0,8.0,Principal Arterial – Other,urban,Bituminous surface under Asphalt Pavement Group,Asphalt or cement stabilized,0.0,0.0,0.0,51.2,24.2,16.4,454.6,73,Thin Overlay
1256.0,57.0,253.0,1758.0,60.0,0.0,4.2,12.0,Minor Arterial,urban,Asphalt-Concrete (AC) Overlay over Existing AC Pavement Which is under Asphalt Pavement Group,Aggregate,0.2,0.0,0.0,59.1,62.4,12.3,438.0,9,No Maintenance
47262.0,792.0,2978.0,51875.0,55.0,10.0,4.0,16.0,Interstate,urban,AC Overlay over Existing Jointed Concrete Pavement Which is under Asphalt Pavement Group,Hot mix AC (Bituminous),0.1,0.0,0.0,76.3,330.1,10.3,1280.2,55,No Maintenance
54944.0,3943.0,6443.0,72955.0,53.8,10.0,4.5,16.0,Interstate,urban,AC Overlay over Existing Jointed Concrete Pavement Which is under Asphalt Pavement Group,Asphalt or cement stabilized,0.2,0.0,0.0,75.9,251.0,11.1,1287.3,66,No Maintenance
24000.0,1090.0,1920.0,43000.0,55.8,0.0,11.5,8.0,Principal Arterial – Other Freeways and Expressways,urban,Bituminous surface under Asphalt Pavement Group,Aggregate,0.2,34.0,0.0,77.2,35.2,15.4,1361.1,28,No Maintenance
19108.0,861.0,285.0,22332.0,113.3,0.0,4.5,16.0,Principal Arterial – Other,urban,Bituminous surface under Asphalt Pavement Group,Aggregate,0.1,8.3,0.0,76.5,209.7,11.6,1454.3,98,No Maintenance
6743.0,151.0,51.0,6999.0,104.0,6.0,7.0,10.0,Principal Arterial – Other,urban,AC Overlay over Existing Jointed Concrete Pavement Which is under Asphalt Pavement Group,Asphalt or cement stabilized,0.1,6.7,0.0,77.2,390.2,9.5,1399.2,96,Thin Overlay
1896.0,56.0,66.0,2275.0,92.0,8.0,0.0,6.0,Major Collector,rural,Jointed Plain Concrete Pavement which is under Jointed Concrete Pavement Group,Aggregate,0.0,0.0,0.0,69.4,1464.8,4.6,675.9,63,No Maintenance
14223.0,768.0,157.0,18055.0,62.8,0.0,0.0,9.0,Principal Arterial – Other,small urban,Asphalt-Concrete (AC) Overlay over Existing AC Pavement Which is under Asphalt Pavement Group,Aggregate,0.2,2.5,0.0,80.2,695.0,7.0,1299.6,93,No Maintenance
11700.0,567.0,567.0,16008.0,73.4,0.0,2.0,8.0,Principal Arterial – Other,small urban,Asphalt-Concrete (AC) Overlay over Existing AC Pavement Which is under Asphalt Pavement Group,Aggregate,0.0,8.0,0.0,77.4,0.0,23.1,1332.6,1,No Maintenance
960.0,89.0,36.0,970.0,108.4,0.0,7.5,12.0,Principal Arterial – Other,rural,Asphalt-Concrete (AC) Overlay over Existing AC Pavement Which is under Asphalt Pavement Group,Aggregate,0.2,32.3,0.0,84.3,5.4,10.7,1294.0,43,Thin Overlay
3472.0,57.0,21.0,4572.0,122.5,0.0,7.5,5.0,Minor Arterial,urban,Bituminous surface under Asphalt Pavement Group,Aggregate,0.2,0.0,0.0,77.3,280.3,10.6,1358.9,65,Thin Overlay
22700.0,1060.0,4787.0,37900.0,104.7,0.0,13.0,9.0,Interstate,rural,Asphalt-Concrete (AC) Overlay over Existing AC Pavement Which is under Asphalt Pavement Group,Aggregate,0.3,0.0,0.0,81.9,74.6,8.4,1367.4,58,Thin Overlay
9023.0,399.0,133.0,11915.0,149.0,0.0,3.0,6.0,Minor Arterial,urban,Asphalt-Concrete (AC) Overlay over Existing AC Pavement Which is under Asphalt Pavement Group,Aggregate,0.2,1.0,0.0,59.1,62.4,12.3,438.0,15,No Maintenance
1775.0,188.0,43.0,2005.0,154.1,0.0,6.0,16.0,Major Collector,rural,Bituminous surface under Asphalt Pavement Group,Aggregate,0.2,15.9,0.0,81.4,462.0,8.1,1373.9,11,Thick Overlay
21331.0,821.0,8827.0,24607.0,37.0,12.0,4.5,26.0,Interstate,rural,AC Overlay over Existing Jointed Concrete Pavement Which is under Asphalt Pavement Group,Hot mix AC (Bituminous),0.1,0.0,0.0,77.3,415.3,9.1,1356.6,25,No Maintenance
7500.0,335.0,105.0,11200.0,83.0,0.0,9.0,9.0,Minor Arterial,urban,Asphalt-Concrete (AC) Overlay over Existing AC Pavement Which is under Asphalt Pavement Group,Aggregate,0.1,1.0,0.0,77.6,254.6,10.4,1398.8,43,No Maintenance
11600.0,200.0,60.0,15500.0,96.0,8.0,8.0,4.0,Minor Arterial,urban,AC Overlay over Existing Jointed Concrete Pavement Which is under Asphalt Pavement Group,Asphalt or cement stabilized,0.2,5.0,0.0,74.9,333.5,11.3,1121.7,34,Thin Overlay
27600.0,1000.0,6800.0,27800.0,74.0,4.0,4.0,4.0,Interstate,urban,AC Overlay over Existing Jointed Concrete Pavement Which is under Asphalt Pavement Group,Asphalt or cement stabilized,0.1,3.0,0.0,75.3,321.4,11.2,1195.7,53,No Maintenance
1034.0,53.0,43.0,1393.0,139.7,0.0,3.2,9.0,Minor Arterial,small urban,Bituminous surface under Asphalt Pavement Group,Aggregate,0.1,1.0,0.0,64.8,185.7,9.3,496.9,14,Thin Overlay
7261.0,392.0,80.0,9217.0,204.0,0.0,3.0,24.0,Minor Arterial,rural,Asphalt-Concrete (AC) Overlay over Existing AC Pavement Which is under Asphalt Pavement Group,Aggregate,0.5,31.0,0.0,80.2,695.0,7.0,1299.6,64,Thin Overlay
61001.0,2343.0,1428.0,95772.0,65.7,0.0,12.5,12.0,Principal Arterial – Other,urban,Asphalt-Concrete (AC) Overlay over Existing AC Pavement Which is under Asphalt Pavement Group,Aggregate,0.2,0.5,0.0,75.2,91.8,13.5,1268.5,64,No Maintenance
81000.0,3160.0,9160.0,86900.0,92.0,14.0,0.0,11.0,Interstate,urban,Jointed Plain Concrete Pavement which is under Jointed Concrete Pavement Group,Asphalt or cement stabilized,0.0,0.0,0.0,74.2,49.8,14.6,1219.1,12,Resurfacing
27120.0,1125.0,990.0,37968.0,54.2,0.0,10.2,6.0,Principal Arterial – Other,rural,Asphalt-Concrete (AC) Overlay over Existing AC Pavement Which is under Asphalt Pavement Group,Aggregate,0.2,0.0,0.0,84.0,148.9,6.9,3145.3,17,Thick Overlay
23856.0,1261.0,6895.0,32773.0,79.0,10.0,4.0,19.0,Interstate,rural,AC Overlay over Existing Jointed Concrete Pavement Which is under Asphalt Pavement Group,Asphalt or cement stabilized,0.1,1.5,0.0,77.6,352.9,9.7,1347.0,60,Thick Overlay
28312.0,896.0,633.0,39637.0,52.5,0.0,9.9,9.0,Principal Arterial – Other Freeways and Expressways,urban,Asphalt-Concrete (AC) Overlay over Existing AC Pavement Which is under Asphalt Pavement Group,Aggregate,0.2,0.0,0.0,80.8,20.2,10.5,1335.9,51,No Maintenance
1659.0,86.0,69.0,1863.0,95.0,0.0,13.5,6.0,Minor Arterial,rural,Bituminous surface under Asphalt Pavement Group,Aggregate,0.2,0.0,0.0,78.2,418.6,9.2,1374.7,93,Thin Overlay
1600.0,276.0,382.0,2309.0,77.4,0.0,4.0,6.0,Principal Arterial – Other,rural,Bituminous surface under Asphalt Pavement Group,Aggregate,0.1,8.0,0.0,76.8,0.0,22.3,1219.3,34,Thin Overlay
1000.0,72.0,2.0,1500.0,249.0,0.0,3.0,12.0,Major Collector,urban,Asphalt-Concrete (AC) Overlay over Existing AC Pavement Which is under Asphalt Pavement Group,Aggregate,0.2,1.5,0.0,78.2,216.0,10.4,1435.3,37,No Maintenance
70800.0,0.0,0.0,74000.0,49.5,8.0,4.0,10.0,Principal Arterial – Other Freeways and Expressways,urban,AC Overlay over Existing Jointed Concrete Pavement Which is under Asphalt Pavement Group,Aggregate,0.1,5.0,0.0,77.8,330.7,9.9,1303.1,46,No Maintenance
10438.0,350.0,180.0,11691.0,172.0,0.0,4.0,17.0,Principal Arterial – Other,urban,Asphalt-Concrete (AC) Overlay over Existing AC Pavement Which is under Asphalt Pavement Group,Hot mix AC (Bituminous),0.3,4.2,0.0,77.8,278.3,10.0,1321.7,34,Thin Overlay
12953.0,363.0,406.0,15054.0,146.5,9.0,3.0,6.0,Minor Arterial,urban,AC Overlay over Existing Jointed Concrete Pavement Which is under Asphalt Pavement Group,Aggregate,0.2,6.5,0.0,75.3,227.2,12.2,1246.0,95,Thin Overlay
1155.0,33.0,24.0,1409.0,68.4,0.0,8.2,10.0,Major Collector,rural,Bituminous surface under Asphalt Pavement Group,Aggregate,0.1,0.0,0.0,74.3,731.9,4.7,651.7,80,Thick Overlay
16600.0,970.0,317.0,17900.0,269.0,0.0,7.0,15.0,Principal Arterial – Other,urban,Asphalt-Concrete (AC) Overlay over Existing AC Pavement Which is under Asphalt Pavement Group,Hot mix AC (Bituminous),0.4,2.0,0.0,78.2,130.1,11.5,1379.0,32,Thin Overlay
4000.0,124.0,367.0,5500.0,32.9,0.0,8.0,14.0,Principal Arterial – Other,rural,Asphalt-Concrete (AC) Overlay over Existing AC Pavement Which is under Asphalt Pavement Group,Aggregate,0.0,1.1,0.0,39.9,73.9,11.5,311.6,52,No Maintenance
72900.0,4272.0,7451.0,87626.0,50.5,0.0,8.0,12.0,Interstate,urban,Asphalt-Concrete (AC) Overlay over Existing AC Pavement Which is under Asphalt Pavement Group,Asphalt or cement stabilized,0.1,0.0,0.0,75.5,224.4,11.6,1318.4,31,No Maintenance
19600.0,1121.0,367.0,20800.0,223.5,9.0,4.0,11.0,Principal Arterial – Other,urban,AC Overlay over Existing Jointed Concrete Pavement Which is under Asphalt Pavement Group,Aggregate,0.2,16.5,0.0,78.2,130.1,11.5,1379.0,63,Thin Overlay
50200.0,1598.0,1300.0,57700.0,60.5,7.0,3.0,8.0,Principal Arterial – Other Freeways and Expressways,urban,AC Overlay over Existing Jointed Concrete Pavement Which is under Asphalt Pavement Group,Aggregate,0.1,5.0,0.0,77.8,330.7,9.9,1303.1,35,No Maintenance
2060.0,85.0,460.0,2472.0,35.4,0.0,7.0,18.0,Principal Arterial – Other,rural,Bituminous surface under Asphalt Pavement Group,Aggregate,0.1,0.0,0.0,67.2,1075.7,6.0,622.1,14,No Maintenance
2500.0,412.0,586.0,2600.0,109.2,0.0,6.0,17.5,Principal Arterial – Other,rural,Asphalt-Concrete (AC) Overlay over Existing AC Pavement Which is under Asphalt Pavement Group,Aggregate,0.2,2.5,0.0,81.2,3.8,10.5,1222.3,59,Thin Overlay
22595.0,266.0,671.0,26344.0,106.7,0.0,7.5,6.0,Principal Arterial – Other Freeways and Expressways,small urban,Bituminous surface under Asphalt Pavement Group,Hot mix AC (Bituminous),0.1,8.0,0.0,75.8,168.4,11.8,1486.4,20,Thin Overlay
29514.0,2019.0,5942.0,40546.0,157.0,12.0,0.0,8.0,Interstate,rural,Jointed Plain Concrete Pavement which is under Jointed Concrete Pavement Group,Aggregate,0.0,0.0,0.0,77.6,352.9,9.7,1347.0,26,No Maintenance
34800.0,1427.0,1935.0,44700.0,31.7,0.0,8.0,10.0,Principal Arterial – Other,small urban,Asphalt-Concrete (AC) Overlay over Existing AC Pavement Which is under Asphalt Pavement Group,Aggregate,0.2,0.0,0.0,70.3,169.2,7.3,532.3,25,No Maintenance
14273.0,949.0,2026.0,17636.0,52.0,10.0,4.0,20.0,Interstate,rural,AC Overlay over Existing Jointed Concrete Pavement Which is under Asphalt Pavement Group,Hot mix AC (Bituminous),0.2,0.0,0.0,76.8,377.6,9.5,1302.6,48,Thick Overlay
24615.0,1400.0,750.0,37100.0,227.5,5.5,5.5,4.0,Minor Arterial,urban,AC Overlay over Existing Jointed Concrete Pavement Which is under Asphalt Pavement Group,Asphalt or cement stabilized,0.1,30.5,0.0,76.5,578.5,8.8,1054.9,93,No Maintenance
2300.0,117.0,33.0,3200.0,109.5,0.0,17.0,15.0,Major Collector,rural,Asphalt-Concrete (AC) Overlay over Existing AC Pavement Which is under Asphalt Pavement Group,Asphalt or cement stabilized,0.1,6.1,0.0,78.9,489.4,8.6,1569.7,75,No Maintenance
126000.0,3320.0,2060.0,155100.0,67.3,11.0,0.0,10.0,Principal Arterial – Other Freeways and Expressways,urban,Jointed Plain Concrete Pavement which is under Jointed Concrete Pavement Group,Aggregate,0.0,0.0,0.0,76.1,28.6,15.6,1328.6,19,Resurfacing
39100.0,1560.0,5091.0,39200.0,56.8,8.0,6.0,12.0,Interstate,urban,AC Overlay over Existing Jointed Concrete Pavement Which is under Asphalt Pavement Group,Aggregate,0.1,0.0,0.0,74.1,11.3,11.0,860.5,56,No Maintenance
7598.0,532.0,152.0,8151.0,101.5,0.0,6.0,22.0,Minor Arterial,rural,Asphalt-Concrete (AC) Overlay over Existing AC Pavement Which is under Asphalt Pavement Group,Aggregate,0.2,0.7,0.0,82.4,382.8,7.8,1447.5,25,No Maintenance
4740.0,330.0,97.0,6294.0,92.0,0.0,9.5,12.0,Minor Arterial,urban,Bituminous surface under Asphalt Pavement Group,Aggregate,0.2,0.8,0.0,75.9,251.0,11.1,1287.3,66,No Maintenance
17653.0,304.0,1092.0,19306.0,174.0,0.0,3.0,6.0,Minor Arterial,urban,Asphalt-Concrete (AC) Overlay over Existing AC Pavement Which is under Asphalt Pavement Group,Asphalt or cement stabilized,0.3,9.5,0.0,76.2,384.0,9.8,1249.2,95,Thin Overlay
9413.0,339.0,180.0,10825.0,68.0,8.0,5.0,8.0,Principal Arterial – Other,urban,AC Overlay over Existing Jointed Concrete Pavement Which is under Asphalt Pavement Group,Aggregate,0.1,8.5,0.0,77.4,138.2,12.4,1389.2,90,No Maintenance
37369.0,6724.0,4675.0,45127.0,68.0,13.0,5.0,29.0,Interstate,rural,AC Overlay over Existing Jointed Concrete Pavement Which is under Asphalt Pavement Group,Hot mix AC (Bituminous),0.1,0.0,0.0,77.7,393.9,9.3,1382.1,32,Thick Overlay
27900.0,1422.0,521.0,29800.0,121.5,0.0,11.0,19.0,Minor Arterial,urban,Asphalt-Concrete (AC) Overlay over Existing AC Pavement Which is under Asphalt Pavement Group,Hot mix AC (Bituminous),0.2,22.5,0.0,77.6,254.6,10.4,1398.8,33,No Maintenance
63307.0,3119.0,7145.0,76728.0,72.0,0.0,9.5,18.0,Interstate,urban,Bituminous surface under Asphalt Pavement Group,Aggregate,0.1,0.0,0.0,77.7,393.9,9.3,1382.1,59,Thin Overlay
791.0,23.0,184.0,946.0,248.0,0.0,3.8,8.0,Minor Arterial,urban,Bituminous surface under Asphalt Pavement Group,Aggregate,0.1,0.0,0.0,60.2,49.6,12.1,616.0,37,Thin Overlay
100356.0,4208.0,4185.0,115700.0,63.0,0.0,4.0,16.0,Interstate,urban,Bituminous surface under Asphalt Pavement Group,Hot mix AC (Bituminous),0.2,0.0,0.0,76.5,209.7,11.6,1454.3,26,No Maintenance
24305.0,846.0,350.0,26249.0,106.3,9.0,7.0,9.0,Principal Arterial – Other,small urban,AC Overlay over Existing Jointed Concrete Pavement Which is under Asphalt Pavement Group,Aggregate,0.1,14.3,0.0,77.5,246.4,10.9,1398.2,87,No Maintenance
26000.0,900.0,1350.0,25000.0,76.0,0.0,5.2,7.0,Principal Arterial – Other Freeways and Expressways,urban,Bituminous surface under Asphalt Pavement Group,Aggregate,0.2,42.7,0.0,78.2,27.3,15.9,1427.6,38,Thin Overlay
3250.0,100.0,20.0,3737.0,149.2,0.0,4.0,17.0,Minor Arterial,urban,Asphalt-Concrete (AC) Overlay over Existing AC Pavement Which is under Asphalt Pavement Group,Hot mix AC (Bituminous),0.2,1.3,0.0,77.8,278.3,10.0,1321.7,26,No Maintenance
2650.0,275.0,325.0,2700.0,142.3,5.5,5.5,4.0,Minor Arterial,small urban,AC Overlay over Existing Jointed Concrete Pavement Which is under Asphalt Pavement Group,Asphalt or cement stabilized,0.1,17.0,0.0,74.2,292.6,11.9,1144.3,85,No Maintenance
15658.0,594.0,197.0,25161.0,57.3,0.0,4.7,15.6,Principal Arterial – Other,rural,Bituminous surface under Asphalt Pavement Group,Aggregate,0.2,2.1,0.0,74.3,731.9,4.7,651.7,16,No Maintenance
17000.0,1000.0,1100.0,19700.0,88.0,5.0,5.0,4.0,Minor Arterial,urban,AC Overlay over Existing Jointed Concrete Pavement Which is under Asphalt Pavement Group,Asphalt or cement stabilized,0.2,61.0,0.0,76.0,658.4,8.6,1061.6,56,No Maintenance
3132.0,147.0,91.0,3585.0,305.0,0.0,13.0,22.0,Minor Arterial,rural,Bituminous surface under Asphalt Pavement Group,Aggregate,0.3,7.7,0.0,81.8,815.0,6.3,1323.6,18,Thin Overlay
1800.0,60.0,60.0,2100.0,281.0,0.0,2.0,7.0,Major Collector,urban,Bituminous surface under Asphalt Pavement Group,Aggregate,0.2,1.0,0.0,77.8,330.7,9.9,1303.1,20,Thin Overlay
4300.0,103.0,37.0,6106.0,142.0,0.0,6.0,4.5,Major Collector,urban,Bituminous surface under Asphalt Pavement Group,Hot mix AC (Bituminous),0.4,21.0,0.0,78.2,5.1,17.9,1450.5,55,No Maintenance
9450.0,510.0,103.0,11996.0,39.6,0.0,1.0,48.0,Principal Arterial – Other,rural,Asphalt-Concrete (AC) Overlay over Existing AC Pavement Which is under Asphalt Pavement Group,Aggregate,0.1,1.6,0.0,79.5,622.1,7.5,1291.3,58,No Maintenance
400.0,13.0,17.0,640.0,298.0,0.0,2.5,4.0,Minor Collector,small urban,Bituminous surface under Asphalt Pavement Group,Aggregate,0.1,5.0,0.0,52.6,323.4,8.4,409.8,60,Thin Overlay
7261.0,392.0,80.0,9217.0,204.0,0.0,3.0,24.0,Minor Arterial,rural,Asphalt-Concrete (AC) Overlay over Existing AC Pavement Which is under Asphalt Pavement Group,Aggregate,0.5,31.0,0.0,80.2,695.0,7.0,1299.6,64,Thin Overlay
11726.0,903.0,152.0,13426.0,140.6,0.0,9.0,22.0,Major Collector,urban,Asphalt-Concrete (AC) Overlay over Existing AC Pavement Which is under Asphalt Pavement Group,Aggregate,0.2,0.6,0.0,81.8,815.0,6.3,1323.6,34,Thin Overlay
6100.0,268.0,84.0,7700.0,133.5,0.0,7.0,5.0,Minor Arterial,urban,Asphalt-Concrete (AC) Overlay over Existing AC Pavement Which is under Asphalt Pavement Group,Asphalt or cement stabilized,0.1,23.8,0.0,77.8,330.7,9.9,1303.1,78,No Maintenance
15789.0,300.0,16.0,18203.0,263.0,0.0,9.0,4.0,Major Collector,urban,Bituminous surface under Asphalt Pavement Group,Aggregate,0.1,0.0,0.0,76.5,209.7,11.6,1454.3,95,Thin Overlay
50925.0,4071.0,3956.0,61818.0,88.0,10.0,6.0,21.0,Interstate,rural,AC Overlay over Existing Jointed Concrete Pavement Which is under Asphalt Pavement Group,Hot mix AC (Bituminous),0.2,0.0,0.0,77.6,395.4,9.5,1362.7,55,Thick Overlay
19800.0,1010.0,370.0,25200.0,103.0,0.0,9.0,17.0,Minor Arterial,urban,Asphalt-Concrete (AC) Overlay over Existing AC Pavement Which is under Asphalt Pavement Group,Hot mix AC (Bituminous),0.1,0.0,0.0,77.6,254.6,10.4,1398.8,15,No Maintenance
19800.0,1010.0,370.0,24600.0,149.0,0.0,12.0,8.0,Minor Arterial,urban,Asphalt-Concrete (AC) Overlay over Existing AC Pavement Which is under Asphalt Pavement Group,Asphalt or cement stabilized,0.1,27.7,0.0,77.6,254.6,10.4,1398.8,81,No Maintenance
198738.0,4836.0,4320.0,234729.0,61.0,10.0,1.5,16.0,Interstate,urban,AC Overlay over Existing Jointed Concrete Pavement Which is under Asphalt Pavement Group,Asphalt or cement stabilized,0.0,0.0,0.0,77.4,183.7,11.8,1369.8,58,Thin Overlay
11444.0,617.0,125.0,17005.0,97.0,0.0,3.0,24.0,Principal Arterial – Other,urban,Asphalt-Concrete (AC) Overlay over Existing AC Pavement Which is under Asphalt Pavement Group,Aggregate,0.2,6.0,0.0,81.0,695.3,7.1,1354.0,59,Thin Overlay
22419.0,1570.0,10686.0,25863.0,33.0,10.0,4.0,26.0,Interstate,rural,AC Overlay over Existing Jointed Concrete Pavement Which is under Asphalt Pavement Group,Hot mix AC (Bituminous),0.1,0.0,0.0,77.3,415.3,9.1,1356.6,56,Thin Overlay
24988.0,2275.0,6061.0,29111.0,94.3,10.0,5.5,19.0,Interstate,rural,AC Overlay over Existing Jointed Concrete Pavement Which is under Asphalt Pavement Group,Asphalt or cement stabilized,0.1,0.3,0.0,77.2,299.4,10.4,1358.6,57,Thick Overlay
51508.0,1664.0,7278.0,53053.0,78.0,0.0,4.0,31.0,Interstate,rural,AC Overlay over Existing Jointed Concrete Pavement Which is under Asphalt Pavement Group,Aggregate,0.1,0.0,0.0,77.6,352.9,9.7,1347.0,57,Thin Overlay
1351.0,26.0,297.0,1890.0,155.0,0.0,6.0,8.0,Principal Arterial – Other,small urban,Asphalt-Concrete (AC) Overlay over Existing AC Pavement Which is under Asphalt Pavement Group,Aggregate,0.1,3.0,0.0,61.0,22.3,17.7,721.4,47,Thin Overlay
3837.0,135.0,410.0,6666.0,85.7,0.0,7.3,12.0,Principal Arterial – Other,rural,Bituminous surface under Asphalt Pavement Group,Aggregate,0.1,0.7,0.0,74.5,1590.4,0.5,711.8,56,No Maintenance
61000.0,2098.0,8333.0,71800.0,66.0,0.0,9.5,12.0,Interstate,urban,Asphalt-Concrete (AC) Overlay over Existing AC Pavement Which is under Asphalt Pavement Group,Aggregate,0.2,0.0,0.0,85.8,1.7,10.6,1670.2,74,Thin Overlay
1250.0,50.0,30.0,1400.0,128.0,0.0,6.0,3.0,Major Collector,urban,Bituminous surface under Asphalt Pavement Group,Aggregate,0.1,0.0,0.0,72.9,996.8,7.0,1113.8,40,No Maintenance
25441.0,2039.0,1243.0,32105.0,51.0,0.0,2.0,8.0,Principal Arterial – Other,urban,Asphalt-Concrete (AC) Overlay over Existing AC Pavement Which is under Asphalt Pavement Group,Aggregate,0.1,1.0,0.0,76.2,0.0,22.1,1129.0,19,Thin Overlay
3400.0,167.0,231.0,4308.0,81.9,0.0,2.0,8.0,Principal Arterial – Other,rural,Asphalt-Concrete (AC) Overlay over Existing AC Pavement Which is under Asphalt Pavement Group,Aggregate,0.0,0.0,0.0,76.3,0.0,23.8,1171.7,3,No Maintenance
20828.0,5174.0,450.0,22819.0,50.0,10.0,3.5,25.0,Interstate,rural,AC Overlay over Existing Jointed Concrete Pavement Which is under Asphalt Pavement Group,Hot mix AC (Bituminous),0.2,0.0,0.0,78.1,387.4,9.0,1321.0,66,Thick Overlay
5600.0,1039.0,1173.0,8519.0,36.2,0.0,2.0,1.0,Minor Arterial,rural,Bituminous surface under Asphalt Pavement Group,Asphalt or cement stabilized,0.0,0.0,0.0,77.1,0.0,22.8,1134.1,11,No Maintenance
21647.0,455.0,5196.0,21703.0,58.0,12.0,0.0,18.0,Interstate,small urban,Jointed Plain Concrete Pavement which is under Jointed Concrete Pavement Group,Aggregate,0.0,0.0,0.0,78.6,272.6,9.4,1097.5,8,No Maintenance
5203.0,135.0,107.0,6900.0,256.0,5.0,5.0,4.0,Minor Arterial,urban,AC Overlay over Existing Jointed Concrete Pavement Which is under Asphalt Pavement Group,Asphalt or cement stabilized,0.2,0.0,0.0,74.0,199.5,13.0,1240.3,87,Thin Overlay
8589.0,239.0,23.0,10038.0,156.4,0.0,2.5,6.0,Major Collector,urban,Bituminous surface under Asphalt Pavement Group,Hot mix AC (Bituminous),0.0,7.0,0.0,76.5,209.7,11.6,1454.3,85,No Maintenance
959.0,192.0,35.0,1425.0,179.0,0.0,7.0,6.0,Major Collector,urban,Asphalt-Concrete (AC) Overlay over Existing AC Pavement Which is under Asphalt Pavement Group,Aggregate,0.0,0.0,0.0,80.8,20.2,10.5,1335.9,65,Thin Overlay
55000.0,2442.0,6193.0,62485.0,51.1,0.0,2.0,8.0,Interstate,urban,Asphalt-Concrete (AC) Overlay over Existing AC Pavement Which is under Asphalt Pavement Group,Aggregate,0.2,0.0,0.0,77.1,0.0,22.8,1134.1,8,Thin Overlay
31212.0,670.0,5832.0,33550.0,55.3,0.0,10.0,4.2,Interstate,rural,Bituminous surface under Asphalt Pavement Group,Hot mix AC (Bituminous),0.1,5.2,0.0,76.8,222.2,10.6,1350.7,9,Thin Overlay
1142.0,37.0,14.0,1599.0,181.9,0.0,6.4,9.1,Minor Arterial,rural,Asphalt-Concrete (AC) Overlay over Existing AC Pavement Which is under Asphalt Pavement Group,Aggregate,0.1,0.1,0.0,84.0,25.0,9.4,1628.8,93,Thin Overlay
18450.0,996.0,202.0,23421.0,41.5,0.0,6.5,42.0,Interstate,rural,Asphalt-Concrete (AC) Overlay over Existing AC Pavement Which is under Asphalt Pavement Group,Asphalt or cement stabilized,0.2,1.5,0.0,81.9,776.7,6.5,1396.5,23,Thin Overlay
9100.0,1178.0,1246.0,9400.0,144.0,7.0,6.2,4.0,Minor Arterial,rural,AC Overlay over Existing Jointed Concrete Pavement Which is under Asphalt Pavement Group,Aggregate,0.2,5.0,0.0,85.8,1.7,10.6,1670.2,92,No Maintenance
295.0,27.0,0.0,397.0,323.0,0.0,1.0,4.0,Major Collector,small urban,Bituminous surface under Asphalt Pavement Group,Aggregate,0.2,3.0,0.0,64.8,185.7,9.3,496.9,24,Thin Overlay
15713.0,581.0,409.0,17441.0,67.0,0.0,6.0,22.0,Minor Arterial,rural,Asphalt-Concrete (AC) Overlay over Existing AC Pavement Which is under Asphalt Pavement Group,Aggregate,0.2,0.0,0.0,81.2,846.6,6.4,1370.8,26,No Maintenance
192.0,4.0,38.0,254.0,125.0,0.0,3.0,6.0,Major Collector,urban,Asphalt-Concrete (AC) Overlay over Existing AC Pavement Which is under Asphalt Pavement Group,Aggregate,0.2,0.0,0.0,59.1,62.4,12.3,438.0,14,No Maintenance
16299.0,1224.0,722.0,22819.0,93.5,0.0,7.5,6.0,Principal Arterial – Other,rural,Asphalt-Concrete (AC) Overlay over Existing AC Pavement Which is under Asphalt Pavement Group,Aggregate,0.2,0.0,0.0,82.4,9.5,10.6,888.4,93,Thin Overlay
12200.0,340.0,193.0,15494.0,158.2,0.0,6.0,4.5,Minor Arterial,urban,Bituminous surface under Asphalt Pavement Group,Hot mix AC (Bituminous),0.2,31.5,0.0,74.8,41.0,14.4,1427.3,20,Thin Overlay
3122.0,100.0,534.0,4042.0,53.4,0.0,7.2,10.9,Interstate,rural,Bituminous surface under Asphalt Pavement Group,Aggregate,0.1,1.2,0.0,65.6,723.5,4.9,601.7,38,Thin Overlay
660.0,23.0,57.0,1200.0,63.8,0.0,8.5,9.0,Principal Arterial – Other,rural,Asphalt-Concrete (AC) Overlay over Existing AC Pavement Which is under Asphalt Pavement Group,Aggregate,0.1,0.0,0.0,46.7,279.0,8.7,349.3,84,No Maintenance
1446.0,33.0,10.0,1693.0,143.0,0.0,9.0,16.0,Major Collector,rural,Bituminous surface under Asphalt Pavement Group,Hot mix AC (Bituminous),0.0,1.0,0.0,77.6,459.1,8.7,1412.2,48,Thin Overlay
26441.0,945.0,9643.0,30465.0,73.3,10.0,4.5,28.0,Interstate,rural,AC Overlay over Existing Jointed Concrete Pavement Which is under Asphalt Pavement Group,Hot mix AC (Bituminous),0.2,0.0,0.0,78.0,463.2,8.7,1363.9,50,No Maintenance
62092.0,3397.0,9339.0,62201.0,67.2,0.0,15.0,16.0,Interstate,urban,Asphalt-Concrete (AC) Overlay over Existing AC Pavement Which is under Asphalt Pavement Group,Asphalt or cement stabilized,0.1,0.0,0.0,77.2,144.1,12.5,1372.0,46,No Maintenance
465.0,18.0,78.0,567.0,78.8,0.0,4.8,15.0,Minor Arterial,rural,Bituminous surface under Asphalt Pavement Group,Aggregate,0.1,0.3,0.0,56.8,385.2,8.6,549.9,54,No Maintenance
27649.0,1341.0,11107.0,30845.0,52.0,13.0,6.0,23.0,Interstate,rural,AC Overlay over Existing Jointed Concrete Pavement Which is under Asphalt Pavement Group,Hot mix AC (Bituminous),0.2,0.0,0.0,78.1,451.6,8.9,1382.0,26,Thick Overlay
520.0,65.0,150.0,624.0,50.0,0.0,6.0,20.0,Principal Arterial – Other,rural,Bituminous surface under Asphalt Pavement Group,Asphalt or cement stabilized,0.2,0.0,0.0,64.0,994.6,6.0,503.4,4,No Maintenance
36300.0,3267.0,726.0,63162.0,82.0,0.0,6.0,8.0,Principal Arterial – Other,rural,Bituminous surface under Asphalt Pavement Group,Aggregate,0.4,0.3,0.0,77.2,2.5,18.8,1379.2,31,Thin Overlay
6945.0,350.0,1035.0,8334.0,48.9,0.0,7.0,8.0,Principal Arterial – Other,rural,Bituminous surface under Asphalt Pavement Group,Asphalt or cement stabilized,0.1,0.0,0.0,62.0,755.5,7.3,505.9,59,No Maintenance
2900.0,388.0,369.0,3000.0,75.4,0.0,8.5,9.0,Principal Arterial – Other,rural,Asphalt-Concrete (AC) Overlay over Existing AC Pavement Which is under Asphalt Pavement Group,Aggregate,0.3,8.5,0.0,70.9,196.8,7.4,898.9,61,Thick Overlay
32900.0,1627.0,931.0,35500.0,85.0,0.0,10.0,10.0,Principal Arterial – Other,rural,Asphalt-Concrete (AC) Overlay over Existing AC Pavement Which is under Asphalt Pavement Group,Aggregate,0.1,2.0,0.0,78.2,130.1,11.5,1379.0,9,No Maintenance
607.0,42.0,68.0,1055.0,98.3,0.0,3.0,10.0,Minor Arterial,rural,Bituminous surface under Asphalt Pavement Group,Aggregate,0.1,0.9,0.0,69.3,1060.2,3.0,717.4,44,No Maintenance
14171.0,587.0,96.0,14454.0,80.0,0.0,5.0,8.0,Minor Arterial,urban,AC Overlay over Existing Jointed Concrete Pavement Which is under Asphalt Pavement Group,Aggregate,0.0,0.0,0.0,78.8,44.6,13.3,1281.0,86,No Maintenance
14500.0,245.0,143.0,15600.0,50.0,0.0,8.0,11.0,Principal Arterial – Other Freeways and Expressways,urban,Asphalt-Concrete (AC) Overlay over Existing AC Pavement Which is under Asphalt Pavement Group,Aggregate,0.1,0.0,0.0,34.9,3.2,16.2,250.8,61,Thin Overlay
1850.0,56.0,10.0,2831.0,185.0,0.0,6.0,4.5,Major Collector,urban,Bituminous surface under Asphalt Pavement Group,Hot mix AC (Bituminous),0.3,21.5,0.0,74.8,41.0,14.4,1427.3,17,No Maintenance
5291.0,111.0,254.0,6312.0,88.9,0.0,8.0,6.0,Minor Arterial,rural,Asphalt-Concrete (AC) Overlay over Existing AC Pavement Which is under Asphalt Pavement Group,Aggregate,0.2,3.6,0.0,74.4,53.9,15.3,1324.1,6,No Maintenance
12137.0,461.0,24.0,13592.0,155.0,0.0,6.0,16.0,Major Collector,urban,Bituminous surface under Asphalt Pavement Group,Aggregate,0.3,2.0,0.0,80.9,756.2,6.8,1362.0,8,No Maintenance
24174.0,2318.0,796.0,28252.0,149.0,10.0,2.0,16.0,Principal Arterial – Other Freeways and Expressways,urban,AC Overlay over Existing Jointed Concrete Pavement Which is under Asphalt Pavement Group,Hot mix AC (Bituminous),0.2,4.0,0.0,76.5,209.7,11.6,1454.3,54,Thin Overlay
31614.0,496.0,2652.0,49652.0,73.0,0.0,14.0,6.0,Principal Arterial – Other Freeways and Expressways,rural,Asphalt-Concrete (AC) Overlay over Existing AC Pavement Which is under Asphalt Pavement Group,Asphalt or cement stabilized,0.2,2.4,0.0,75.9,358.6,10.3,1179.5,37,Thin Overlay
1343.0,27.0,212.0,1919.0,61.2,0.0,5.0,6.0,Minor Arterial,rural,Bituminous surface under Asphalt Pavement Group,Aggregate,0.1,0.3,0.0,74.0,1200.9,1.4,862.9,68,No Maintenance
9100.0,670.0,96.0,12800.0,110.0,0.0,7.0,17.0,Principal Arterial – Other,urban,Asphalt-Concrete (AC) Overlay over Existing AC Pavement Which is under Asphalt Pavement Group,Aggregate,0.3,21.0,0.0,74.1,11.3,11.0,860.5,63,No Maintenance
12800.0,882.0,402.0,14800.0,163.0,8.0,2.0,8.0,Minor Arterial,rural,AC Overlay over Existing Jointed Concrete Pavement Which is under Asphalt Pavement Group,Aggregate,0.2,11.0,0.0,77.8,330.7,9.9,1303.1,84,No Maintenance
12326.0,666.0,135.0,15647.0,56.2,0.0,3.0,32.0,Principal Arterial – Other,small urban,Asphalt-Concrete (AC) Overlay over Existing AC Pavement Which is under Asphalt Pavement Group,Aggregate,0.1,1.0,0.0,80.2,695.0,7.0,1299.6,39,No Maintenance
4800.0,130.0,137.0,5500.0,41.3,9.0,3.8,2.0,Minor Arterial,small urban,AC Overlay over Existing Jointed Concrete Pavement Which is under Asphalt Pavement Group,Aggregate,0.1,0.0,0.0,72.2,981.8,7.0,1039.9,71,Thick Overlay
63578.0,1215.0,11708.0,85317.0,68.0,0.0,3.0,8.0,Interstate,urban,Bituminous surface under Asphalt Pavement Group,Hot mix AC (Bituminous),0.2,0.3,0.0,75.5,180.8,11.5,1253.0,22,Thin Overlay
65100.0,1933.0,1256.0,77800.0,74.8,0.0,12.0,12.0,Interstate,urban,Bituminous surface under Asphalt Pavement Group,Aggregate,0.3,0.0,0.0,85.8,1.7,10.6,1670.2,12,No Maintenance
23200.0,1257.0,2438.0,36424.0,56.4,0.0,8.0,6.0,Principal Arterial – Other,urban,Bituminous surface under Asphalt Pavement Group,Hot mix AC (Bituminous),0.3,4.6,0.0,73.6,10.7,17.2,1224.0,50,No Maintenance
50928.0,3602.0,8451.0,67622.0,62.0,10.0,4.5,16.0,Interstate,small urban,AC Overlay over Existing Jointed Concrete Pavement Which is under Asphalt Pavement Group,Hot mix AC (Bituminous),0.2,0.0,0.0,75.9,251.0,11.1,1287.3,59,No Maintenance
23739.0,1036.0,6211.0,27172.0,61.0,0.0,10.0,20.0,Interstate,rural,Bituminous surface under Asphalt Pavement Group,Asphalt or cement stabilized,0.2,3.0,0.0,79.0,516.1,8.1,1394.0,39,Thin Overlay
50925.0,4071.0,3956.0,61818.0,98.0,10.0,7.0,21.0,Interstate,rural,AC Overlay over Existing Jointed Concrete Pavement Which is under Asphalt Pavement Group,Hot mix AC (Bituminous),0.1,0.0,0.0,77.6,395.4,9.5,1362.7,55,Thick Overlay
327.0,6.0,5.0,460.0,331.0,0.0,3.0,6.0,Minor Arterial,urban,Bituminous surface under Asphalt Pavement Group,Asphalt or cement stabilized,0.2,0.0,0.0,77.0,0.8,20.3,1196.0,15,Thin Overlay
36000.0,1450.0,2280.0,50400.0,61.3,8.0,3.5,6.7,Principal Arterial – Other Freeways and Expressways,urban,AC Overlay over Existing Jointed Concrete Pavement Which is under Asphalt Pavement Group,Asphalt or cement stabilized,0.1,0.0,0.0,73.6,37.4,14.9,1257.3,33,No Maintenance
38281.0,1597.0,980.0,60101.0,91.0,8.0,10.5,2.0,Principal Arterial – Other,urban,AC Overlay over Existing Jointed Concrete Pavement Which is under Asphalt Pavement Group,Asphalt or cement stabilized,0.2,0.0,0.0,75.2,91.8,13.5,1268.5,73,No Maintenance
10379.0,133.0,178.0,13445.0,107.0,0.0,8.0,16.0,Minor Arterial,rural,Bituminous surface under Asphalt Pavement Group,Hot mix AC (Bituminous),0.0,0.0,0.0,77.2,299.4,10.4,1358.6,55,No Maintenance
376.0,32.0,50.0,487.0,88.8,0.0,4.8,19.8,Minor Arterial,rural,Bituminous surface under Asphalt Pavement Group,Aggregate,0.1,3.4,0.0,62.4,872.2,6.2,483.2,29,No Maintenance
23261.0,1353.0,14574.0,26834.0,35.0,10.0,4.0,25.0,Interstate,rural,AC Overlay over Existing Jointed Concrete Pavement Which is under Asphalt Pavement Group,Hot mix AC (Bituminous),0.1,0.0,0.0,77.3,415.3,9.1,1356.6,48,No Maintenance
22000.0,662.0,6468.0,26600.0,56.0,0.0,10.0,29.0,Interstate,rural,Asphalt-Concrete (AC) Overlay over Existing AC Pavement Which is under Asphalt Pavement Group,Aggregate,0.2,0.0,0.0,81.2,3.8,10.5,1222.3,59,No Maintenance
8000.0,185.0,248.0,10300.0,151.0,0.0,4.0,10.0,Minor Collector,urban,Bituminous surface under Asphalt Pavement Group,Aggregate,0.1,43.0,0.0,57.1,226.3,8.0,716.8,35,Thick Overlay
4108.0,283.0,764.0,4395.0,74.6,0.0,13.0,22.0,Interstate,rural,Bituminous surface under Asphalt Pavement Group,Aggregate,0.3,0.0,0.0,84.1,1442.7,3.1,1231.3,13,Thin Overlay
25546.0,881.0,301.0,28356.0,141.0,7.0,5.0,7.0,Principal Arterial – Other,urban,AC Overlay over Existing Jointed Concrete Pavement Which is under Asphalt Pavement Group,Aggregate,0.1,0.0,0.0,77.4,181.5,11.5,1387.7,90,Thin Overlay
15483.0,613.0,4494.0,19131.0,93.3,0.0,6.0,15.0,Interstate,rural,Bituminous surface under Asphalt Pavement Group,Aggregate,0.3,0.0,0.0,76.8,377.6,9.5,1302.6,70,Thin Overlay
20400.0,1131.0,647.0,25500.0,140.7,9.0,5.0,12.0,Principal Arterial – Other,urban,AC Overlay over Existing Jointed Concrete Pavement Which is under Asphalt Pavement Group,Aggregate,0.1,1.7,0.0,78.2,130.1,11.5,1379.0,64,No Maintenance
3882.0,32.0,201.0,4376.0,72.0,9.0,6.0,9.0,Minor Arterial,urban,AC Overlay over Existing Jointed Concrete Pavement Which is under Asphalt Pavement Group,Asphalt or cement stabilized,0.1,2.0,0.0,77.2,390.2,9.5,1399.2,75,No Maintenance
13608.0,1279.0,1565.0,15240.0,73.0,0.0,8.0,20.0,Principal Arterial – Other Freeways and Expressways,urban,Bituminous surface under Asphalt Pavement Group,Aggregate,0.2,3.0,0.0,80.9,756.2,6.8,1362.0,14,Thin Overlay
21300.0,1687.0,754.0,22107.0,63.2,9.0,4.0,17.0,Principal Arterial – Other Freeways and Expressways,urban,AC Overlay over Existing Jointed Concrete Pavement Which is under Asphalt Pavement Group,Hot mix AC (Bituminous),0.2,0.0,0.0,77.2,390.2,9.5,1399.2,45,No Maintenance
2305.0,107.0,211.0,2550.0,104.3,9.0,4.5,6.0,Principal Arterial – Other,rural,AC Overlay over Existing Jointed Concrete Pavement Which is under Asphalt Pavement Group,Aggregate,0.2,4.6,0.0,71.5,784.0,8.0,972.1,69,Thick Overlay
1071.0,72.0,20.0,1235.0,112.5,5.0,9.5,5.0,Minor Arterial,rural,AC Overlay over Existing Jointed Concrete Pavement Which is under Asphalt Pavement Group,Asphalt or cement stabilized,0.1,3.0,0.0,78.8,496.7,8.4,1374.0,117,No Maintenance
47500.0,1642.0,3155.0,47975.0,76.7,0.0,5.0,10.0,Interstate,urban,Bituminous surface under Asphalt Pavement Group,Aggregate,0.2,38.0,0.0,77.0,0.1,21.7,1191.9,20,Resurfacing
22000.0,540.0,520.0,22800.0,73.0,0.0,9.0,8.0,Principal Arterial – Other,small urban,Bituminous surface under Asphalt Pavement Group,Aggregate,0.1,7.0,0.0,74.6,54.0,14.0,1345.0,55,Thin Overlay
32510.0,3552.0,10038.0,37029.0,91.2,13.0,5.0,21.0,Interstate,rural,AC Overlay over Existing Jointed Concrete Pavement Which is under Asphalt Pavement Group,Asphalt or cement stabilized,0.2,2.0,0.0,76.2,315.7,10.5,1319.7,36,Thick Overlay
22106.0,627.0,8882.0,25471.0,44.3,10.0,5.0,21.0,Interstate,rural,AC Overlay over Existing Jointed Concrete Pavement Which is under Asphalt Pavement Group,Hot mix AC (Bituminous),0.2,0.0,0.0,78.0,463.2,8.7,1363.9,58,Thin Overlay
49713.0,1619.0,8225.0,59347.0,165.5,13.0,0.0,8.0,Interstate,urban,Jointed Plain Concrete Pavement which is under Jointed Concrete Pavement Group,Aggregate,0.0,0.0,0.0,79.0,516.1,8.1,1394.0,28,Thick Overlay
63040.0,2408.0,933.0,69974.0,97.0,7.0,9.0,7.0,Principal Arterial – Other,urban,AC Overlay over Existing Jointed Concrete Pavement Which is under Asphalt Pavement Group,Aggregate,0.1,31.3,0.0,77.4,181.5,11.5,1387.7,86,No Maintenance
11271.0,460.0,217.0,15779.0,57.1,0.0,8.0,18.9,Principal Arterial – Other,rural,Asphalt-Concrete (AC) Overlay over Existing AC Pavement Which is under Asphalt Pavement Group,Aggregate,0.1,0.0,0.0,69.7,269.2,8.3,666.7,54,No Maintenance
4684.0,234.0,116.0,5483.0,60.0,0.0,4.5,6.0,Principal Arterial – Other,rural,Bituminous surface under Asphalt Pavement Group,Hot mix AC (Bituminous),0.2,0.0,0.0,77.6,459.1,8.7,1412.2,45,No Maintenance
6153.0,325.0,325.0,6400.0,155.5,5.0,5.0,4.0,Minor Arterial,urban,AC Overlay over Existing Jointed Concrete Pavement Which is under Asphalt Pavement Group,Asphalt or cement stabilized,0.1,85.0,0.0,74.6,340.0,11.3,1100.3,52,No Maintenance
2900.0,102.0,12.0,3275.0,171.0,0.0,18.0,10.0,Major Collector,rural,Bituminous surface under Asphalt Pavement Group,Aggregate,0.1,5.0,0.0,81.4,462.0,8.1,1373.9,11,Thin Overlay
50000.0,1400.0,1200.0,55500.0,115.0,5.5,5.5,4.0,Principal Arterial – Other Freeways and Expressways,urban,AC Overlay over Existing Jointed Concrete Pavement Which is under Asphalt Pavement Group,Asphalt or cement stabilized,0.1,0.0,0.0,75.8,525.0,9.4,1081.6,55,No Maintenance
198738.0,4836.0,4320.0,234729.0,149.0,10.0,1.5,16.0,Interstate,urban,AC Overlay over Existing Jointed Concrete Pavement Which is under Asphalt Pavement Group,Asphalt or cement stabilized,0.2,0.0,0.0,77.4,183.7,11.8,1369.8,58,Thin Overlay
13896.0,559.0,221.0,17100.0,127.0,5.5,5.5,4.0,Minor Arterial,urban,AC Overlay over Existing Jointed Concrete Pavement Which is under Asphalt Pavement Group,Asphalt or cement stabilized,0.1,10.0,0.0,74.9,333.5,11.3,1121.7,91,Thin Overlay
16189.0,545.0,99.0,17022.0,117.0,9.0,3.0,6.0,Principal Arterial – Other,urban,AC Overlay over Existing Jointed Concrete Pavement Which is under Asphalt Pavement Group,Aggregate,0.1,1.0,0.0,75.6,317.4,10.8,1179.5,87,No Maintenance
62053.0,3350.0,681.0,92211.0,55.0,0.0,9.0,36.0,Interstate,urban,Asphalt-Concrete (AC) Overlay over Existing AC Pavement Which is under Asphalt Pavement Group,Aggregate,0.1,0.0,0.0,79.2,482.5,8.5,1306.4,54,Thin Overlay
33367.0,3716.0,8199.0,38005.0,80.5,0.0,4.0,32.0,Interstate,urban,Bituminous surface under Asphalt Pavement Group,Hot mix AC (Bituminous),0.2,0.5,0.0,76.2,315.7,10.5,1319.7,4,No Maintenance
64000.0,3198.0,2148.0,71000.0,149.6,8.0,5.5,5.0,Principal Arterial – Other Freeways and Expressways,urban,AC Overlay over Existing Jointed Concrete Pavement Which is under Asphalt Pavement Group,Aggregate,0.1,1.0,0.0,73.6,939.2,7.3,956.1,52,Thick Overlay
1037.0,40.0,138.0,1343.0,86.1,0.0,5.4,8.5,Principal Arterial – Other,rural,Bituminous surface under Asphalt Pavement Group,Aggregate,0.2,1.6,0.0,57.2,437.0,9.1,502.6,17,No Maintenance
28285.0,933.0,1103.0,30660.0,166.0,0.0,10.0,24.0,Principal Arterial – Other Freeways and Expressways,small urban,Asphalt-Concrete (AC) Overlay over Existing AC Pavement Which is under Asphalt Pavement Group,Aggregate,0.4,2.0,0.0,81.2,622.0,7.4,1444.6,18,No Maintenance
728.0,99.0,10.0,756.0,171.2,0.0,8.0,6.0,Major Collector,rural,Bituminous surface under Asphalt Pavement Group,Aggregate,0.1,1.0,0.0,76.8,377.6,9.5,1302.6,65,No Maintenance
1500.0,180.0,477.0,1600.0,118.3,0.0,10.5,12.0,Principal Arterial – Other,rural,Asphalt-Concrete (AC) Overlay over Existing AC Pavement Which is under Asphalt Pavement Group,Aggregate,0.1,0.0,0.0,52.9,278.4,8.1,560.1,66,Thin Overlay
27480.0,2438.0,4178.0,33358.0,68.0,10.0,4.5,18.0,Interstate,rural,AC Overlay over Existing Jointed Concrete Pavement Which is under Asphalt Pavement Group,Hot mix AC (Bituminous),0.2,0.0,0.0,77.6,395.4,9.5,1362.7,60,Thin Overlay
63093.0,3521.0,16637.0,81869.0,137.0,10.0,4.5,18.0,Interstate,urban,AC Overlay over Existing Jointed Concrete Pavement Which is under Asphalt Pavement Group,Hot mix AC (Bituminous),0.1,1.0,0.0,76.2,292.1,10.6,1352.2,63,Thick Overlay
35923.0,1372.0,532.0,39875.0,99.0,0.0,5.0,7.0,Principal Arterial – Other,urban,AC Overlay over Existing Jointed Concrete Pavement Which is under Asphalt Pavement Group,Aggregate,0.1,2.0,0.0,77.5,246.4,10.9,1398.2,90,No Maintenance
22832.0,761.0,6592.0,25015.0,70.5,10.0,2.5,28.0,Interstate,rural,AC Overlay over Existing Jointed Concrete Pavement Which is under Asphalt Pavement Group,Hot mix AC (Bituminous),0.2,0.0,0.0,78.1,387.4,9.0,1321.0,66,Thin Overlay
15458.0,673.0,100.0,20191.0,101.5,0.0,8.0,4.0,Major Collector,urban,Bituminous surface under Asphalt Pavement Group,Aggregate,0.0,0.0,0.0,76.8,234.8,11.3,1352.4,125,Thick Overlay
50159.0,1540.0,522.0,70223.0,86.0,0.0,10.2,24.0,Principal Arterial – Other Freeways and Expressways,urban,Asphalt-Concrete (AC) Overlay over Existing AC Pavement Which is under Asphalt Pavement Group,Aggregate,0.1,0.0,0.0,84.6,61.5,8.3,2488.0,16,No Maintenance
119316.0,8089.0,5621.0,140924.0,99.5,10.0,4.0,16.0,Interstate,urban,AC Overlay over Existing Jointed Concrete Pavement Which is under Asphalt Pavement Group,Asphalt or cement stabilized,0.1,0.0,0.0,77.4,183.7,11.8,1369.8,60,Thin Overlay
19728.0,1262.0,7176.0,23468.0,42.0,0.0,3.5,33.0,Interstate,rural,Bituminous surface under Asphalt Pavement Group,Hot mix AC (Bituminous),0.1,2.5,0.0,78.2,402.4,9.1,1451.5,36,Thick Overlay
24491.0,2358.0,7494.0,28047.0,60.0,10.0,4.5,8.0,Interstate,rural,AC Overlay over Existing Jointed Concrete Pavement Which is under Asphalt Pavement Group,Aggregate,0.2,0.0,0.0,78.0,463.2,8.7,1363.9,62,Thin Overlay
22106.0,627.0,8882.0,25471.0,51.2,10.0,4.0,21.0,Interstate,rural,AC Overlay over Existing Jointed Concrete Pavement Which is under Asphalt Pavement Group,Hot mix AC (Bituminous),0.1,0.0,0.0,78.0,463.2,8.7,1363.9,58,Thin Overlay
6246.0,325.0,125.0,6995.0,146.0,0.0,8.0,22.0,Major Collector,urban,Asphalt-Concrete (AC) Overlay over Existing AC Pavement Which is under Asphalt Pavement Group,Aggregate,0.2,0.9,0.0,80.9,756.2,6.8,1362.0,17,Thin Overlay
23000.0,1136.0,650.0,26800.0,253.5,8.0,2.0,8.0,Principal Arterial – Other,urban,AC Overlay over Existing Jointed Concrete Pavement Which is under Asphalt Pavement Group,Aggregate,0.2,16.0,0.0,78.2,130.1,11.5,1379.0,86,Thin Overlay
18421.0,1202.0,459.0,18475.0,76.7,0.0,9.5,8.0,Principal Arterial – Other,small urban,Asphalt-Concrete (AC) Overlay over Existing AC Pavement Which is under Asphalt Pavement Group,Aggregate,0.1,6.3,0.0,75.9,199.1,11.8,1340.9,94,No Maintenance
32986.0,870.0,435.0,47129.0,189.8,0.0,5.0,12.0,Minor Arterial,urban,Bituminous surface under Asphalt Pavement Group,Aggregate,0.5,4.2,0.0,67.5,287.7,8.0,487.5,31,Thin Overlay
16356.0,883.0,179.0,24304.0,80.2,0.0,2.0,10.0,Principal Arterial – Other,urban,Asphalt-Concrete (AC) Overlay over Existing AC Pavement Which is under Asphalt Pavement Group,Aggregate,0.2,5.0,0.0,79.2,482.5,8.5,1306.4,21,Thin Overlay
610.0,26.0,47.0,1200.0,35.4,0.0,10.0,6.0,Principal Arterial – Other,rural,Asphalt-Concrete (AC) Overlay over Existing AC Pavement Which is under Asphalt Pavement Group,Aggregate,0.0,0.4,0.0,43.4,159.8,9.6,445.5,59,No Maintenance
265.0,5.0,20.0,280.0,116.8,0.0,3.0,1.5,Major Collector,rural,Asphalt-Concrete (AC) Overlay over Existing AC Pavement Which is under Asphalt Pavement Group,Hot mix AC (Bituminous),0.1,5.5,0.0,72.8,176.8,13.2,1006.8,56,No Maintenance
3600.0,61.0,36.0,4350.0,159.0,0.0,3.0,13.0,Minor Collector,small urban,Bituminous surface under Asphalt Pavement Group,Aggregate,0.0,0.0,0.0,34.9,3.2,16.2,250.8,21,Thick Overlay
5400.0,221.4,794.0,7015.0,118.2,0.0,8.0,6.0,Principal Arterial – Other,rural,Asphalt-Concrete (AC) Overlay over Existing AC Pavement Which is under Asphalt Pavement Group,Aggregate,0.2,18.2,0.0,74.4,53.9,15.3,1324.1,14,No Maintenance
27480.0,2438.0,4178.0,33358.0,68.0,10.0,4.5,18.0,Interstate,rural,AC Overlay over Existing Jointed Concrete Pavement Which is under Asphalt Pavement Group,Hot mix AC (Bituminous),0.2,0.0,0.0,77.6,395.4,9.5,1362.7,60,Thin Overlay
660.0,13.0,100.0,725.0,90.9,0.0,5.0,9.9,Minor Arterial,rural,Bituminous surface under Asphalt Pavement Group,Aggregate,0.1,1.8,0.0,65.9,691.2,8.5,688.4,31,Thin Overlay
24584.0,1690.0,3328.0,30265.0,112.0,10.0,5.0,22.0,Interstate,rural,AC Overlay over Existing Jointed Concrete Pavement Which is under Asphalt Pavement Group,Asphalt or cement stabilized,0.2,0.0,0.0,76.2,315.7,10.5,1319.7,44,No Maintenance
470.0,16.0,41.0,600.0,105.2,0.0,3.5,8.0,Minor Arterial,rural,Asphalt-Concrete (AC) Overlay over Existing AC Pavement Which is under Asphalt Pavement Group,Asphalt or cement stabilized,0.1,0.2,0.0,52.6,323.4,8.4,409.8,83,Thin Overlay
10559.0,443.0,74.0,19430.0,359.0,0.0,3.0,8.0,Principal Arterial – Other,urban,Bituminous surface under Asphalt Pavement Group,Asphalt or cement stabilized,0.1,1.0,0.0,62.8,0.0,23.0,534.0,45,Thin Overlay
3908.0,348.0,370.0,4250.0,61.5,9.0,0.0,4.0,Principal Arterial – Other Freeways and Expressways,small urban,Jointed Plain Concrete Pavement which is under Jointed Concrete Pavement Group,Aggregate,0.0,0.0,0.0,70.9,957.0,7.2,999.2,24,Resurfacing
13800.0,1166.0,295.0,15900.0,86.5,0.0,13.0,14.0,Principal Arterial – Other,urban,Asphalt-Concrete (AC) Overlay over Existing AC Pavement Which is under Asphalt Pavement Group,Aggregate,0.1,1.0,0.0,78.2,216.0,10.4,1435.3,95,No Maintenance
21000.0,1037.0,593.0,25000.0,146.0,0.0,12.0,20.0,Principal Arterial – Other,urban,Asphalt-Concrete (AC) Overlay over Existing AC Pavement Which is under Asphalt Pavement Group,Hot mix AC (Bituminous),0.2,11.0,0.0,77.6,254.6,10.4,1398.8,41,No Maintenance
9800.0,2114.0,510.0,11500.0,46.0,0.0,8.0,17.0,Principal Arterial – Other,rural,Asphalt-Concrete (AC) Overlay over Existing AC Pavement Which is under Asphalt Pavement Group,Aggregate,0.1,3.0,0.0,83.5,7.3,10.8,1007.2,60,No Maintenance
15299.0,1339.0,3113.0,16844.0,48.0,0.0,6.0,36.0,Interstate,rural,Bituminous surface under Asphalt Pavement Group,Hot mix AC (Bituminous),0.1,0.0,0.0,78.1,451.6,8.9,1382.0,21,Thin Overlay
13588.0,530.0,2631.0,19023.0,68.2,0.0,7.4,5.8,Interstate,rural,Asphalt-Concrete (AC) Overlay over Existing AC Pavement Which is under Asphalt Pavement Group,Asphalt or cement stabilized,0.3,4.4,0.0,64.8,185.7,9.3,496.9,53,Thin Overlay
18087.0,1571.0,4010.0,20178.0,41.0,10.0,6.5,18.0,Interstate,rural,AC Overlay over Existing Jointed Concrete Pavement Which is under Asphalt Pavement Group,Asphalt or cement stabilized,0.1,0.0,0.0,78.1,451.6,8.9,1382.0,57,Thin Overlay
1882.0,34.0,43.0,2098.0,267.0,0.0,10.0,6.0,Minor Collector,urban,Asphalt-Concrete (AC) Overlay over Existing AC Pavement Which is under Asphalt Pavement Group,Asphalt or cement stabilized,0.1,5.0,0.0,76.5,376.7,9.9,1235.4,75,Thin Overlay
14869.0,273.0,3593.0,18063.0,40.0,0.0,6.5,18.0,Interstate,rural,Bituminous surface under Asphalt Pavement Group,Aggregate,0.2,0.0,0.0,75.8,313.1,10.3,1283.1,65,No Maintenance
1950.0,325.0,100.0,2200.0,93.0,5.0,5.0,4.0,Minor Arterial,rural,AC Overlay over Existing Jointed Concrete Pavement Which is under Asphalt Pavement Group,Asphalt or cement stabilized,0.1,5.0,0.0,75.2,126.1,14.2,1309.5,90,Thin Overlay
2922.0,166.0,110.0,2930.0,88.4,6.5,8.5,2.0,Minor Arterial,rural,AC Overlay over Existing Jointed Concrete Pavement Which is under Asphalt Pavement Group,Aggregate,0.1,14.2,0.0,77.2,107.8,13.1,1338.5,65,No Maintenance
71700.0,1793.0,3083.0,102531.0,58.5,12.0,0.0,10.0,Interstate,urban,Jointed Plain Concrete Pavement which is under Jointed Concrete Pavement Group,Hot mix AC (Bituminous),0.0,0.0,0.0,74.8,41.0,14.4,1427.3,18,Thin Overlay
4010.0,304.0,57.0,5115.0,146.0,0.0,8.0,3.0,Major Collector,urban,Bituminous surface under Asphalt Pavement Group,Aggregate,0.0,3.0,0.0,77.6,352.9,9.7,1347.0,117,No Maintenance
63307.0,3119.0,7145.0,76728.0,60.3,0.0,7.5,12.0,Interstate,urban,Bituminous surface under Asphalt Pavement Group,Aggregate,0.1,0.0,0.0,77.7,393.9,9.3,1382.1,37,Thin Overlay
23700.0,2050.0,1025.0,23900.0,139.3,5.0,5.0,4.0,Minor Arterial,urban,AC Overlay over Existing Jointed Concrete Pavement Which is under Asphalt Pavement Group,Asphalt or cement stabilized,0.2,4.3,0.0,76.5,578.5,8.8,1054.9,80,No Maintenance
11000.0,277.0,40.0,14080.0,50.0,0.0,2.0,18.0,Principal Arterial – Other Freeways and Expressways,rural,Asphalt-Concrete (AC) Overlay over Existing AC Pavement Which is under Asphalt Pavement Group,Aggregate,0.1,0.0,0.0,78.2,216.0,10.4,1435.3,10,Thin Overlay
13493.0,818.0,1577.0,16672.0,51.5,10.0,4.0,20.0,Interstate,rural,AC Overlay over Existing Jointed Concrete Pavement Which is under Asphalt Pavement Group,Asphalt or cement stabilized,0.1,0.0,0.0,76.8,377.6,9.5,1302.6,41,No Maintenance
13000.0,616.0,380.0,17290.0,134.5,0.0,6.0,4.5,Minor Arterial,urban,Bituminous surface under Asphalt Pavement Group,Hot mix AC (Bituminous),0.2,1.0,0.0,73.1,25.0,15.8,1161.8,37,No Maintenance
12000.0,405.0,1008.0,17000.0,121.0,0.0,10.5,11.0,Minor Arterial,urban,Asphalt-Concrete (AC) Overlay over Existing AC Pavement Which is under Asphalt Pavement Group,Aggregate,0.0,0.0,0.0,55.2,175.0,8.7,426.6,64,Thin Overlay
5916.0,197.0,38.0,7170.0,86.0,0.0,1.5,5.0,Minor Arterial,urban,Bituminous surface under Asphalt Pavement Group,Asphalt or cement stabilized,0.0,0.0,0.0,77.7,393.9,9.3,1382.1,47,No Maintenance
11900.0,202.0,48.0,13208.0,117.0,0.0,8.0,22.0,Minor Arterial,small urban,Asphalt-Concrete (AC) Overlay over Existing AC Pavement Which is under Asphalt Pavement Group,Aggregate,0.2,0.5,0.0,81.2,846.6,6.4,1370.8,23,No Maintenance
3100.0,88.0,208.0,4526.0,116.3,0.0,4.0,8.0,Major Collector,rural,Bituminous surface under Asphalt Pavement Group,Aggregate,0.5,14.0,0.0,73.8,27.5,15.5,1206.3,7,No Maintenance
43134.0,2000.0,3400.0,50467.0,47.7,8.0,5.0,11.0,Interstate,rural,AC Overlay over Existing Jointed Concrete Pavement Which is under Asphalt Pavement Group,Hot mix AC (Bituminous),0.1,0.3,0.0,78.2,216.0,10.4,1435.3,15,Thin Overlay
13005.0,702.0,143.0,19325.0,44.7,0.0,5.5,37.0,Minor Arterial,urban,Asphalt-Concrete (AC) Overlay over Existing AC Pavement Which is under Asphalt Pavement Group,Asphalt or cement stabilized,0.1,0.0,0.0,79.5,622.1,7.5,1291.3,16,No Maintenance
1953.0,63.0,158.0,2178.0,193.5,0.0,10.0,6.0,Major Collector,urban,Asphalt-Concrete (AC) Overlay over Existing AC Pavement Which is under Asphalt Pavement Group,Asphalt or cement stabilized,0.1,1.0,0.0,76.5,393.3,9.8,1269.4,67,No Maintenance
32510.0,3552.0,10038.0,37029.0,62.0,13.0,5.0,21.0,Interstate,rural,AC Overlay over Existing Jointed Concrete Pavement Which is under Asphalt Pavement Group,Asphalt or cement stabilized,0.2,0.0,0.0,76.2,315.7,10.5,1319.7,36,Thick Overlay
15072.0,523.0,259.0,16730.0,123.3,0.0,4.0,7.0,Principal Arterial – Other,small urban,AC Overlay over Existing Jointed Concrete Pavement Which is under Asphalt Pavement Group,Aggregate,0.1,7.3,0.0,77.6,352.9,9.7,1347.0,87,No Maintenance
7884.0,149.0,368.0,10208.0,110.0,0.0,5.9,7.9,Principal Arterial – Other,rural,Bituminous surface under Asphalt Pavement Group,Aggregate,0.2,1.0,0.0,72.6,723.4,5.3,733.1,17,Thin Overlay
38800.0,1548.0,5052.0,47700.0,62.8,8.0,6.0,12.0,Interstate,urban,AC Overlay over Existing Jointed Concrete Pavement Which is under Asphalt Pavement Group,Aggregate,0.2,0.1,0.0,74.1,11.3,11.0,860.5,63,Thin Overlay
7708.0,293.0,131.0,8632.0,172.3,0.0,8.0,20.0,Minor Arterial,urban,Asphalt-Concrete (AC) Overlay over Existing AC Pavement Which is under Asphalt Pavement Group,Aggregate,0.2,7.3,0.0,80.9,756.2,6.8,1362.0,25,Thin Overlay
14800.0,1375.0,1250.0,18900.0,83.7,5.0,5.0,4.0,Minor Arterial,urban,AC Overlay over Existing Jointed Concrete Pavement Which is under Asphalt Pavement Group,Asphalt or cement stabilized,0.1,1.0,0.0,75.6,458.4,10.0,1082.1,84,No Maintenance
747.0,33.0,27.0,907.0,65.5,0.0,9.5,8.0,Major Collector,rural,Bituminous surface under Asphalt Pavement Group,Aggregate,0.0,0.0,0.0,75.8,313.1,10.3,1283.1,78,Thin Overlay
3800.0,245.0,62.0,5548.0,62.9,0.0,4.0,8.0,Major Collector,rural,Bituminous surface under Asphalt Pavement Group,Aggregate,0.3,0.1,0.0,73.9,11.6,17.0,1226.7,57,Thin Overlay
4336.0,140.0,351.0,4835.0,138.5,0.0,10.0,6.0,Minor Arterial,urban,Asphalt-Concrete (AC) Overlay over Existing AC Pavement Which is under Asphalt Pavement Group,Asphalt or cement stabilized,0.1,16.0,0.0,75.6,310.8,10.9,1231.6,67,No Maintenance
2962.0,827.0,224.0,3098.0,90.0,9.0,5.0,6.0,Principal Arterial – Other,rural,AC Overlay over Existing Jointed Concrete Pavement Which is under Asphalt Pavement Group,Aggregate,0.2,0.0,0.0,78.1,520.3,8.1,1384.8,57,Thick Overlay
12000.0,500.0,360.0,15360.0,52.0,0.0,2.0,18.0,Principal Arterial – Other Freeways and Expressways,rural,Asphalt-Concrete (AC) Overlay over Existing AC Pavement Which is under Asphalt Pavement Group,Aggregate,0.0,0.0,0.0,78.2,216.0,10.4,1435.3,10,Thin Overlay
2203.0,181.0,121.0,2355.0,67.5,0.0,9.0,24.0,Minor Arterial,rural,Asphalt-Concrete (AC) Overlay over Existing AC Pavement Which is under Asphalt Pavement Group,Aggregate,0.2,0.0,0.0,84.1,1442.7,3.1,1231.3,17,Thin Overlay
41500.0,1435.0,2757.0,41915.0,42.2,0.0,5.0,10.0,Interstate,urban,Bituminous surface under Asphalt Pavement Group,Aggregate,0.1,0.0,0.0,77.0,0.1,21.7,1191.9,9,Resurfacing
33894.0,1438.0,838.0,53214.0,60.8,0.0,15.0,6.0,Principal Arterial – Other,urban,AC Overlay over Existing Jointed Concrete Pavement Which is under Asphalt Pavement Group,Aggregate,0.2,2.6,0.0,75.2,91.8,13.5,1268.5,91,Thin Overlay
24354.0,1491.0,3106.0,25457.0,45.2,10.0,5.0,28.0,Interstate,rural,AC Overlay over Existing Jointed Concrete Pavement Which is under Asphalt Pavement Group,Asphalt or cement stabilized,0.2,0.0,0.0,77.6,395.4,9.5,1362.7,52,No Maintenance
1305.0,15.0,11.0,1686.0,147.0,0.0,6.5,8.0,Major Collector,rural,Bituminous surface under Asphalt Pavement Group,Aggregate,0.1,1.0,0.0,76.2,296.0,10.5,1308.9,75,No Maintenance
3102.0,138.0,60.0,3243.0,69.5,0.0,6.5,4.0,Major Collector,rural,Bituminous surface under Asphalt Pavement Group,Aggregate,0.0,0.0,0.0,77.6,395.4,9.5,1362.7,125,Thick Overlay
25022.0,1755.0,879.0,25091.0,79.7,0.0,11.0,14.0,Principal Arterial – Other,rural,Asphalt-Concrete (AC) Overlay over Existing AC Pavement Which is under Asphalt Pavement Group,Asphalt or cement stabilized,0.3,1.0,0.0,75.0,135.7,12.8,1354.6,56,No Maintenance
35374.0,2172.0,447.0,52564.0,51.8,0.0,3.0,24.0,Interstate,urban,Asphalt-Concrete (AC) Overlay over Existing AC Pavement Which is under Asphalt Pavement Group,Aggregate,0.2,3.6,0.0,79.5,622.1,7.5,1291.3,70,Thin Overlay
16157.0,291.0,226.0,32320.0,175.0,0.0,3.0,8.0,Principal Arterial – Other,urban,Bituminous surface under Asphalt Pavement Group,Asphalt or cement stabilized,0.2,0.0,0.0,67.1,3.7,19.6,933.1,65,No Maintenance
26900.0,1256.0,5673.0,27400.0,36.1,0.0,11.0,20.0,Interstate,rural,Asphalt-Concrete (AC) Overlay over Existing AC Pavement Which is under Asphalt Pavement Group,Aggregate,0.3,0.0,0.0,80.8,20.2,10.5,1335.9,57,No Maintenance
33900.0,1672.0,956.0,45800.0,75.0,8.0,4.0,10.0,Principal Arterial – Other,urban,AC Overlay over Existing Jointed Concrete Pavement Which is under Asphalt Pavement Group,Aggregate,0.1,0.0,0.0,77.6,254.6,10.4,1398.8,54,Thin Overlay
16600.0,332.0,166.0,20584.0,132.0,0.0,8.0,6.0,Principal Arterial – Other,urban,Bituminous surface under Asphalt Pavement Group,Hot mix AC (Bituminous),0.4,14.5,0.0,74.4,17.0,16.1,1271.0,59,Thin Overlay
8258.0,319.0,265.0,9275.0,73.0,9.0,11.5,9.0,Principal Arterial – Other,small urban,AC Overlay over Existing Jointed Concrete Pavement Which is under Asphalt Pavement Group,Asphalt or cement stabilized,0.2,0.0,0.0,78.2,418.6,9.2,1374.7,117,No Maintenance
27300.0,822.0,8026.0,28500.0,43.5,0.0,10.0,29.0,Interstate,rural,Asphalt-Concrete (AC) Overlay over Existing AC Pavement Which is under Asphalt Pavement Group,Aggregate,0.2,0.0,0.0,81.2,3.8,10.5,1222.3,59,No Maintenance
1900.0,150.0,20.0,2000.0,108.0,5.5,5.5,4.0,Major Collector,small urban,AC Overlay over Existing Jointed Concrete Pavement Which is under Asphalt Pavement Group,Asphalt or cement stabilized,0.0,0.0,0.0,75.8,281.8,11.8,1247.3,57,Thin Overlay
14907.0,672.0,319.0,18067.0,125.0,0.0,1.5,7.0,Principal Arterial – Other Freeways and Expressways,urban,Bituminous surface under Asphalt Pavement Group,Hot mix AC (Bituminous),0.0,0.0,0.0,77.7,393.9,9.3,1382.1,53,Thick Overlay
25500.0,1030.0,628.0,29610.0,149.0,0.0,5.0,6.0,Principal Arterial – Other,urban,Bituminous surface under Asphalt Pavement Group,Aggregate,0.1,1.0,0.0,77.0,0.1,21.7,1191.9,24,Resurfacing
48107.0,1954.0,1181.0,52802.0,51.0,10.0,3.5,20.0,Principal Arterial – Other Freeways and Expressways,urban,AC Overlay over Existing Jointed Concrete Pavement Which is under Asphalt Pavement Group,Asphalt or cement stabilized,0.1,0.0,0.0,76.3,330.1,10.3,1280.2,49,No Maintenance
43546.0,2362.0,9610.0,52778.0,116.0,13.0,0.0,12.0,Interstate,urban,Jointed Plain Concrete Pavement which is under Jointed Concrete Pavement Group,Aggregate,0.0,0.0,0.0,77.7,393.9,9.3,1382.1,28,Thick Overlay
17452.0,839.0,2909.0,20873.0,94.5,12.0,0.0,9.0,Principal Arterial – Other,rural,Jointed Plain Concrete Pavement which is under Jointed Concrete Pavement Group,Aggregate,0.0,0.0,0.0,76.2,326.2,10.1,1295.6,21,No Maintenance
17000.0,370.0,560.0,18500.0,100.0,8.0,4.0,10.0,Principal Arterial – Other,urban,AC Overlay over Existing Jointed Concrete Pavement Which is under Asphalt Pavement Group,Aggregate,0.1,8.0,0.0,78.9,489.4,8.6,1569.7,88,No Maintenance
10300.0,153.0,15.0,13100.0,129.0,0.0,12.0,10.0,Minor Arterial,urban,Asphalt-Concrete (AC) Overlay over Existing AC Pavement Which is under Asphalt Pavement Group,Hot mix AC (Bituminous),0.2,0.0,0.0,77.6,254.6,10.4,1398.8,33,Thin Overlay
2070.0,60.0,220.0,2484.0,57.4,0.0,5.0,7.0,Principal Arterial – Other,rural,Bituminous surface under Asphalt Pavement Group,Asphalt or cement stabilized,0.1,0.0,0.0,69.9,1237.6,5.7,720.5,64,No Maintenance
13531.0,528.0,150.0,16102.0,112.8,6.0,2.0,6.0,Principal Arterial – Other,urban,AC Overlay over Existing Jointed Concrete Pavement Which is under Asphalt Pavement Group,Aggregate,0.1,0.1,0.0,78.0,130.3,12.1,1368.6,88,No Maintenance
10046.0,363.0,85.0,11300.0,179.5,8.0,8.0,4.0,Minor Arterial,urban,AC Overlay over Existing Jointed Concrete Pavement Which is under Asphalt Pavement Group,Asphalt or cement stabilized,0.0,0.0,0.0,74.6,340.0,11.3,1100.3,48,No Maintenance
17143.0,594.0,197.0,27548.0,71.5,0.0,4.7,15.6,Principal Arterial – Other,rural,Bituminous surface under Asphalt Pavement Group,Aggregate,0.2,1.0,0.0,74.3,731.9,4.7,651.7,24,Thick Overlay
7730.0,710.0,1760.0,10049.0,54.0,9.0,3.0,8.0,Interstate,small urban,AC Overlay over Existing Jointed Concrete Pavement Which is under Asphalt Pavement Group,Asphalt or cement stabilized,0.1,0.0,0.0,62.8,691.9,7.3,553.5,25,Thin Overlay
33301.0,3121.0,4154.0,40424.0,73.0,10.0,4.0,18.0,Interstate,rural,AC Overlay over Existing Jointed Concrete Pavement Which is under Asphalt Pavement Group,Hot mix AC (Bituminous),0.2,0.0,0.0,77.6,395.4,9.5,1362.7,61,Thin Overlay
10964.0,220.0,637.0,10979.0,46.5,0.0,6.5,24.0,Major Collector,rural,Bituminous surface under Asphalt Pavement Group,Aggregate,0.1,0.0,0.0,78.2,662.7,7.0,977.8,4,No Maintenance
31700.0,894.0,9168.0,34200.0,45.1,0.0,11.0,11.0,Interstate,urban,Asphalt-Concrete (AC) Overlay over Existing AC Pavement Which is under Asphalt Pavement Group,Aggregate,0.3,0.1,0.0,75.8,5.9,10.6,1901.3,58,No Maintenance
1045.0,71.0,305.0,1254.0,49.1,0.0,6.0,18.0,Principal Arterial – Other,rural,Bituminous surface under Asphalt Pavement Group,Aggregate,0.2,0.0,0.0,60.2,589.4,7.9,554.8,17,No Maintenance
117000.0,3620.0,8590.0,156700.0,54.6,8.0,4.5,4.0,Interstate,urban,Jointed Plain Concrete Pavement which is under Jointed Concrete Pavement Group,Aggregate,0.0,0.0,0.0,73.9,36.5,15.2,1178.3,55,Thick Overlay
23261.0,1353.0,14574.0,26834.0,35.3,12.0,4.5,26.0,Interstate,rural,AC Overlay over Existing Jointed Concrete Pavement Which is under Asphalt Pavement Group,Hot mix AC (Bituminous),0.1,0.0,0.0,77.3,415.3,9.1,1356.6,24,No Maintenance
181000.0,4100.0,3900.0,289400.0,57.0,0.0,15.5,10.0,Interstate,urban,Bituminous surface under Asphalt Pavement Group,Aggregate,0.2,0.0,0.0,76.1,28.6,15.6,1328.6,46,No Maintenance
3074.0,328.0,102.0,3215.0,97.0,0.0,6.0,10.0,Minor Arterial,rural,Bituminous surface under Asphalt Pavement Group,Aggregate,0.2,44.0,0.0,78.1,520.3,8.1,1384.8,77,No Maintenance
20696.0,566.0,9369.0,24225.0,88.0,10.0,4.0,21.0,Interstate,rural,AC Overlay over Existing Jointed Concrete Pavement Which is under Asphalt Pavement Group,Hot mix AC (Bituminous),0.2,0.0,0.0,77.6,459.1,8.7,1412.2,57,Thick Overlay
1684.0,62.0,121.0,2224.0,69.3,0.0,5.4,16.0,Principal Arterial – Other,rural,Bituminous surface under Asphalt Pavement Group,Aggregate,0.1,0.0,0.0,74.4,1020.9,2.8,628.8,62,Thin Overlay
4216.0,173.0,19.0,5448.0,76.0,0.0,7.5,10.0,Major Collector,urban,Bituminous surface under Asphalt Pavement Group,Aggregate,0.1,0.0,0.0,76.2,296.0,10.5,1308.9,49,No Maintenance
4184.0,161.0,1.0,4665.0,312.0,0.0,10.0,6.0,Minor Arterial,urban,Asphalt-Concrete (AC) Overlay over Existing AC Pavement Which is under Asphalt Pavement Group,Asphalt or cement stabilized,0.1,11.0,0.0,75.3,227.2,12.2,1246.0,75,Thin Overlay
2900.0,820.0,502.0,6300.0,106.0,0.0,9.0,16.0,Principal Arterial – Other,small urban,Asphalt-Concrete (AC) Overlay over Existing AC Pavement Which is under Asphalt Pavement Group,Asphalt or cement stabilized,0.1,0.0,0.0,78.9,489.4,8.6,1569.7,79,No Maintenance
34571.0,124.0,1950.0,39376.0,62.0,13.0,5.0,21.0,Interstate,rural,AC Overlay over Existing Jointed Concrete Pavement Which is under Asphalt Pavement Group,Asphalt or cement stabilized,0.2,0.0,0.0,76.2,315.7,10.5,1319.7,36,Thick Overlay
46387.0,2505.0,510.0,68929.0,41.9,0.0,5.5,36.0,Interstate,small urban,Asphalt-Concrete (AC) Overlay over Existing AC Pavement Which is under Asphalt Pavement Group,Aggregate,0.2,1.3,0.0,81.9,776.7,6.5,1396.5,55,No Maintenance
80412.0,4126.0,16935.0,98907.0,46.0,0.0,13.0,18.0,Interstate,urban,Asphalt-Concrete (AC) Overlay over Existing AC Pavement Which is under Asphalt Pavement Group,Aggregate,0.1,0.0,0.0,75.5,224.4,11.6,1318.4,59,No Maintenance
7865.0,390.0,2220.0,9438.0,64.8,10.0,3.0,3.0,Interstate,rural,AC Overlay over Existing Jointed Concrete Pavement Which is under Asphalt Pavement Group,Aggregate,0.1,0.2,0.0,66.9,1043.4,6.1,612.6,66,Thin Overlay
350.0,32.0,13.0,800.0,108.3,0.0,10.0,7.0,Major Collector,rural,Asphalt-Concrete (AC) Overlay over Existing AC Pavement Which is under Asphalt Pavement Group,Asphalt or cement stabilized,0.1,0.0,0.0,77.6,254.6,10.4,1398.8,52,No Maintenance
23478.0,1437.0,5250.0,28028.0,96.0,13.0,0.0,24.0,Interstate,rural,Jointed Plain Concrete Pavement which is under Jointed Concrete Pavement Group,Aggregate,0.0,0.0,0.0,79.0,516.1,8.1,1394.0,31,Thick Overlay
9125.0,460.0,1425.0,10950.0,59.4,10.5,0.0,12.0,Interstate,rural,Jointed Plain Concrete Pavement which is under Jointed Concrete Pavement Group,Aggregate,0.0,0.0,0.0,62.8,691.9,7.3,553.5,17,Resurfacing
38832.0,1464.0,796.0,41162.0,148.0,0.0,8.0,18.0,Principal Arterial – Other Freeways and Expressways,urban,Bituminous surface under Asphalt Pavement Group,Aggregate,0.2,0.0,0.0,77.4,181.5,11.5,1387.7,46,No Maintenance
9421.0,500.0,462.0,9466.0,62.6,0.0,11.0,12.0,Principal Arterial – Other,urban,Asphalt-Concrete (AC) Overlay over Existing AC Pavement Which is under Asphalt Pavement Group,Aggregate,0.1,0.7,0.0,77.2,144.1,12.5,1372.0,60,No Maintenance
108820.0,5371.0,3397.0,128527.0,169.0,10.0,2.5,17.0,Interstate,urban,AC Overlay over Existing Jointed Concrete Pavement Which is under Asphalt Pavement Group,Asphalt or cement stabilized,0.1,0.0,0.0,77.4,183.7,11.8,1369.8,51,Thin Overlay
4432.0,187.0,108.0,4442.0,70.0,8.0,8.0,5.0,Principal Arterial – Other,urban,AC Overlay over Existing Jointed Concrete Pavement Which is under Asphalt Pavement Group,Aggregate,0.1,1.0,0.0,77.2,90.4,13.6,1329.9,42,No Maintenance
32385.0,1477.0,1005.0,35481.0,43.5,0.0,5.0,38.0,Interstate,urban,Bituminous surface under Asphalt Pavement Group,Hot mix AC (Bituminous),0.2,12.0,0.0,78.1,387.4,9.0,1321.0,15,No Maintenance
4684.0,234.0,116.0,5483.0,60.0,0.0,4.5,6.0,Principal Arterial – Other,rural,Bituminous surface under Asphalt Pavement Group,Hot mix AC (Bituminous),0.2,0.0,0.0,77.6,459.1,8.7,1412.2,45,No Maintenance
7181.0,574.0,359.0,9298.0,127.0,4.0,5.0,18.0,Principal Arterial – Other,urban,AC Overlay over Existing Jointed Concrete Pavement Which is under Asphalt Pavement Group,Aggregate,0.1,0.0,0.0,60.2,49.6,12.1,616.0,9,Thick Overlay
2892.0,143.0,36.0,3123.0,87.7,8.0,4.0,8.0,Minor Arterial,rural,AC Overlay over Existing Jointed Concrete Pavement Which is under Asphalt Pavement Group,Aggregate,0.2,2.4,0.0,78.8,44.6,13.3,1281.0,89,No Maintenance
6936.0,416.0,132.0,7745.0,116.1,0.0,6.0,22.0,Minor Arterial,rural,Asphalt-Concrete (AC) Overlay over Existing AC Pavement Which is under Asphalt Pavement Group,Aggregate,0.3,3.7,0.0,83.4,216.1,7.8,1441.1,35,Thin Overlay
4400.0,198.0,39.0,7600.0,109.0,0.0,5.5,10.0,Principal Arterial – Other,small urban,Asphalt-Concrete (AC) Overlay over Existing AC Pavement Which is under Asphalt Pavement Group,Aggregate,0.2,34.0,0.0,69.5,327.8,6.2,1159.2,87,Thin Overlay
43662.0,928.0,666.0,57079.0,65.9,0.0,5.5,4.0,Principal Arterial – Other Freeways and Expressways,urban,Bituminous surface under Asphalt Pavement Group,Hot mix AC (Bituminous),0.2,0.7,0.0,74.7,164.3,12.4,1300.1,29,Resurfacing
13539.0,76.0,805.0,15261.0,82.3,9.0,2.5,15.0,Principal Arterial – Other,urban,AC Overlay over Existing Jointed Concrete Pavement Which is under Asphalt Pavement Group,Asphalt or cement stabilized,0.1,0.0,0.0,77.2,390.2,9.5,1399.2,63,Thick Overlay
16904.0,984.0,238.0,23666.0,74.0,0.0,11.3,9.0,Principal Arterial – Other Freeways and Expressways,urban,Asphalt-Concrete (AC) Overlay over Existing AC Pavement Which is under Asphalt Pavement Group,Aggregate,0.3,11.0,0.0,80.8,20.2,10.5,1335.9,49,No Maintenance
1201.0,63.0,144.0,1495.0,77.8,0.0,6.7,8.5,Minor Arterial,rural,Bituminous surface under Asphalt Pavement Group,Aggregate,0.1,0.0,0.0,73.8,798.8,4.8,709.3,88,Thick Overlay
2900.0,820.0,502.0,6300.0,106.0,0.0,9.0,16.0,Principal Arterial – Other,small urban,Asphalt-Concrete (AC) Overlay over Existing AC Pavement Which is under Asphalt Pavement Group,Asphalt or cement stabilized,0.1,0.0,0.0,78.9,489.4,8.6,1569.7,79,No Maintenance
14869.0,273.0,3593.0,18063.0,47.0,0.0,6.5,18.0,Interstate,rural,Bituminous surface under Asphalt Pavement Group,Aggregate,0.2,0.0,0.0,75.8,313.1,10.3,1283.1,73,Thick Overlay
26800.0,523.0,1059.0,27604.0,93.5,0.0,6.0,4.5,Minor Arterial,urban,Bituminous surface under Asphalt Pavement Group,Hot mix AC (Bituminous),0.1,6.0,0.0,72.8,7.8,17.7,1215.3,20,Thin Overlay
17217.0,875.0,3700.0,17400.0,90.0,5.5,5.5,4.0,Interstate,small urban,AC Overlay over Existing Jointed Concrete Pavement Which is under Asphalt Pavement Group,Asphalt or cement stabilized,0.2,32.0,0.0,74.3,448.5,10.4,1071.7,52,No Maintenance
541.0,51.0,22.0,546.0,89.8,0.0,10.0,6.0,Minor Arterial,rural,Asphalt-Concrete (AC) Overlay over Existing AC Pavement Which is under Asphalt Pavement Group,Aggregate,0.1,3.2,0.0,75.8,307.3,10.8,1306.7,87,No Maintenance
1900.0,74.1,224.0,2018.0,189.5,0.0,8.0,6.0,Principal Arterial – Other,rural,Asphalt-Concrete (AC) Overlay over Existing AC Pavement Which is under Asphalt Pavement Group,Aggregate,0.6,2.8,0.0,72.9,36.5,17.0,1414.2,20,No Maintenance
6916.0,357.0,350.0,7500.0,88.0,0.0,5.5,5.0,Principal Arterial – Other,rural,Asphalt-Concrete (AC) Overlay over Existing AC Pavement Which is under Asphalt Pavement Group,Aggregate,0.1,0.0,0.0,72.9,1347.8,4.8,857.0,61,Thin Overlay
8258.0,479.0,140.0,8300.0,139.5,10.0,10.0,4.0,Principal Arterial – Other,small urban,AC Overlay over Existing Jointed Concrete Pavement Which is under Asphalt Pavement Group,Asphalt or cement stabilized,0.1,21.0,0.0,74.4,504.2,10.0,1049.5,50,No Maintenance
39246.0,1480.0,805.0,48273.0,60.0,0.0,8.0,8.0,Principal Arterial – Other Freeways and Expressways,small urban,Bituminous surface under Asphalt Pavement Group,Aggregate,0.1,7.1,0.0,78.0,130.3,12.1,1368.6,4,No Maintenance
86000.0,3721.0,4965.0,109820.0,42.8,12.0,0.0,17.0,Interstate,urban,Jointed Plain Concrete Pavement which is under Jointed Concrete Pavement Group,Asphalt or cement stabilized,0.0,3.4,0.0,76.7,0.0,22.3,1087.2,14,Resurfacing
3913.0,76.0,94.0,4696.0,67.7,0.0,4.0,6.0,Major Collector,rural,Bituminous surface under Asphalt Pavement Group,Aggregate,0.2,1.0,0.0,63.6,706.9,7.6,584.8,45,No Maintenance
13931.0,782.0,267.0,13984.0,100.0,0.0,7.5,12.0,Principal Arterial – Other,rural,Asphalt-Concrete (AC) Overlay over Existing AC Pavement Which is under Asphalt Pavement Group,Aggregate,0.2,22.3,0.0,75.0,135.7,12.8,1354.6,54,No Maintenance
1374.0,66.0,123.0,1851.0,82.3,0.0,3.6,15.0,Principal Arterial – Other,rural,Bituminous surface under Asphalt Pavement Group,Aggregate,0.2,0.1,0.0,77.8,935.5,3.8,740.0,23,Thick Overlay
3000.0,552.0,310.0,3007.0,54.7,0.0,9.0,9.0,Minor Arterial,rural,Asphalt-Concrete (AC) Overlay over Existing AC Pavement Which is under Asphalt Pavement Group,Aggregate,0.1,21.0,0.0,77.2,144.1,12.5,1372.0,68,Thin Overlay
1660.0,59.0,39.0,2028.0,93.0,0.0,10.0,6.0,Minor Arterial,urban,Asphalt-Concrete (AC) Overlay over Existing AC Pavement Which is under Asphalt Pavement Group,Aggregate,0.1,13.0,0.0,76.7,380.8,9.6,1347.3,87,No Maintenance
19981.0,1886.0,3330.0,22291.0,41.0,10.0,6.5,8.0,Interstate,rural,AC Overlay over Existing Jointed Concrete Pavement Which is under Asphalt Pavement Group,Aggregate,0.1,0.0,0.0,78.1,451.6,8.9,1382.0,58,Thin Overlay
44565.0,719.0,2792.0,48915.0,83.0,8.0,4.5,24.0,Interstate,urban,AC Overlay over Existing Jointed Concrete Pavement Which is under Asphalt Pavement Group,Asphalt or cement stabilized,0.2,0.0,0.0,76.3,330.1,10.3,1280.2,75,Thick Overlay
13534.0,257.0,135.0,15495.0,230.5,0.0,8.0,16.0,Major Collector,urban,Asphalt-Concrete (AC) Overlay over Existing AC Pavement Which is under Asphalt Pavement Group,Aggregate,0.4,1.0,0.0,81.8,815.0,6.3,1323.6,20,Thin Overlay
223292.0,11813.0,4824.0,265717.0,55.0,0.0,2.0,9.0,Interstate,urban,Bituminous surface under Asphalt Pavement Group,Aggregate,0.1,3.0,0.0,74.7,164.3,12.4,1300.1,45,No Maintenance
138000.0,3200.0,4180.0,174700.0,43.0,11.0,0.5,13.0,Interstate,urban,AC Overlay over Existing Jointed Concrete Pavement Which is under Asphalt Pavement Group,Asphalt or cement stabilized,0.1,0.0,0.0,75.1,39.5,15.1,1277.7,39,Thick Overlay
21379.0,1031.0,9556.0,24644.0,76.0,13.0,4.0,23.0,Interstate,rural,AC Overlay over Existing Jointed Concrete Pavement Which is under Asphalt Pavement Group,Asphalt or cement stabilized,0.1,0.0,0.0,78.8,496.7,8.4,1374.0,36,Thick Overlay
8146.0,200.0,1712.0,10283.0,49.0,0.0,11.0,7.5,Interstate,small urban,Bituminous surface under Asphalt Pavement Group,Hot mix AC (Bituminous),0.1,6.0,0.0,75.5,223.8,10.9,1303.7,6,No Maintenance
1100.0,31.9,398.0,1177.0,75.2,0.0,8.0,6.0,Principal Arterial – Other,rural,Asphalt-Concrete (AC) Overlay over Existing AC Pavement Which is under Asphalt Pavement Group,Aggregate,0.2,0.1,0.0,73.2,20.4,17.9,1373.2,12,No Maintenance
20457.0,2525.0,339.0,35595.0,79.4,0.0,6.0,8.0,Principal Arterial – Other,rural,Bituminous surface under Asphalt Pavement Group,Aggregate,0.3,5.0,0.0,77.1,0.1,20.0,1448.6,44,No Maintenance
52000.0,1052.0,612.0,63450.0,62.5,0.0,2.0,1.0,Principal Arterial – Other,urban,Asphalt-Concrete (AC) Overlay over Existing AC Pavement Which is under Asphalt Pavement Group,Asphalt or cement stabilized,0.1,0.0,0.0,77.1,0.0,22.8,1134.1,8,Thin Overlay
3452.0,162.0,13.0,3851.0,123.0,0.0,6.5,6.0,Major Collector,urban,Bituminous surface under Asphalt Pavement Group,Aggregate,0.1,5.0,0.0,78.1,451.6,8.9,1382.0,58,Thin Overlay
3800.0,204.0,462.0,5000.0,64.5,0.0,6.5,8.0,Principal Arterial – Other,rural,Asphalt-Concrete (AC) Overlay over Existing AC Pavement Which is under Asphalt Pavement Group,Aggregate,0.1,2.8,0.0,39.9,73.9,11.5,311.6,53,No Maintenance
93000.0,5100.0,6804.0,130031.0,42.2,0.0,2.0,8.0,Interstate,urban,Asphalt-Concrete (AC) Overlay over Existing AC Pavement Which is under Asphalt Pavement Group,Aggregate,0.1,1.0,0.0,77.8,0.0,23.3,1122.2,11,Thin Overlay
29283.0,1521.0,709.0,43513.0,86.2,8.0,8.0,19.0,Principal Arterial – Other,urban,AC Overlay over Existing Jointed Concrete Pavement Which is under Asphalt Pavement Group,Aggregate,0.2,0.0,0.0,86.7,10.3,10.0,1629.6,20,Thin Overlay
4000.0,140.0,348.0,4500.0,44.5,0.0,10.0,8.0,Principal Arterial – Other,rural,Asphalt-Concrete (AC) Overlay over Existing AC Pavement Which is under Asphalt Pavement Group,Asphalt or cement stabilized,0.0,0.0,0.0,41.1,34.9,13.2,246.5,32,No Maintenance
67200.0,1882.0,6794.0,117600.0,65.4,10.0,8.0,16.0,Interstate,rural,AC Overlay over Existing Jointed Concrete Pavement Which is under Asphalt Pavement Group,Aggregate,0.1,2.6,0.0,74.4,17.0,16.1,1271.0,32,Thick Overlay
18663.0,1008.0,206.0,23692.0,58.4,0.0,4.5,36.0,Interstate,rural,Asphalt-Concrete (AC) Overlay over Existing AC Pavement Which is under Asphalt Pavement Group,Aggregate,0.3,7.5,0.0,81.9,776.7,6.5,1396.5,50,No Maintenance
1850.0,125.0,365.0,2170.0,54.5,0.0,8.5,12.0,Principal Arterial – Other,rural,Asphalt-Concrete (AC) Overlay over Existing AC Pavement Which is under Asphalt Pavement Group,Aggregate,0.1,0.0,0.0,72.9,143.5,13.8,992.4,69,Thin Overlay
980.0,224.0,74.0,990.0,75.5,0.0,6.5,16.0,Principal Arterial – Other,rural,Asphalt-Concrete (AC) Overlay over Existing AC Pavement Which is under Asphalt Pavement Group,Aggregate,0.2,1.0,0.0,64.6,313.6,6.6,587.8,41,Thin Overlay
2000.0,60.0,60.0,2600.0,220.0,0.0,2.0,7.0,Major Collector,urban,Bituminous surface under Asphalt Pavement Group,Aggregate,0.1,1.0,0.0,77.8,330.7,9.9,1303.1,18,Thin Overlay
5031.0,249.0,62.0,5433.0,141.7,8.0,3.0,8.0,Minor Arterial,rural,AC Overlay over Existing Jointed Concrete Pavement Which is under Asphalt Pavement Group,Aggregate,0.1,5.7,0.0,78.8,44.6,13.3,1281.0,88,No Maintenance
14142.0,552.0,157.0,15698.0,96.0,0.0,2.0,9.0,Principal Arterial – Other,urban,Bituminous surface under Asphalt Pavement Group,Aggregate,0.0,0.0,0.0,77.5,246.4,10.9,1398.2,9,Thin Overlay
1000.0,114.0,41.0,1100.0,114.5,0.0,11.0,7.0,Major Collector,urban,Asphalt-Concrete (AC) Overlay over Existing AC Pavement Which is under Asphalt Pavement Group,Asphalt or cement stabilized,0.1,1.0,0.0,77.8,330.7,9.9,1303.1,55,No Maintenance
31020.0,2612.0,1158.0,37906.0,53.5,0.0,9.0,12.0,Principal Arterial – Other,small urban,Asphalt-Concrete (AC) Overlay over Existing AC Pavement Which is under Asphalt Pavement Group,Aggregate,0.1,6.0,0.0,76.0,109.1,13.2,1336.0,55,No Maintenance
34000.0,476.0,306.0,40460.0,176.0,0.0,8.0,6.0,Principal Arterial – Other,urban,Asphalt-Concrete (AC) Overlay over Existing AC Pavement Which is under Asphalt Pavement Group,Aggregate,0.7,0.0,0.0,75.7,34.0,16.3,1395.0,10,No Maintenance
1930.0,112.0,423.0,2355.0,63.0,0.0,4.7,13.0,Principal Arterial – Other,rural,Bituminous surface under Asphalt Pavement Group,Aggregate,0.1,0.0,0.0,64.6,689.2,5.3,532.8,6,No Maintenance
83708.0,5440.0,4394.0,96507.0,70.0,0.0,3.5,17.0,Interstate,urban,Bituminous surface under Asphalt Pavement Group,Hot mix AC (Bituminous),0.2,4.0,0.0,76.5,209.7,11.6,1454.3,26,No Maintenance
8519.0,288.0,53.0,11217.0,140.0,0.0,6.0,11.0,Minor Arterial,urban,Bituminous surface under Asphalt Pavement Group,Hot mix AC (Bituminous),0.1,2.0,0.0,77.3,280.3,10.6,1358.9,117,No Maintenance
17000.0,640.0,1700.0,15400.0,44.7,0.0,9.5,10.0,Interstate,rural,Bituminous surface under Asphalt Pavement Group,Aggregate,0.2,0.0,0.0,75.2,14.3,16.9,1306.1,17,Resurfacing
15256.0,366.0,183.0,17087.0,79.5,0.0,8.0,22.0,Principal Arterial – Other,urban,Asphalt-Concrete (AC) Overlay over Existing AC Pavement Which is under Asphalt Pavement Group,Aggregate,0.1,0.0,0.0,80.9,756.2,6.8,1362.0,23,Thin Overlay
23000.0,380.0,223.0,38000.0,45.3,0.0,5.0,6.0,Principal Arterial – Other,small urban,Asphalt-Concrete (AC) Overlay over Existing AC Pavement Which is under Asphalt Pavement Group,Asphalt or cement stabilized,0.0,0.0,0.0,39.9,73.9,11.5,311.6,26,No Maintenance
22000.0,1087.0,622.0,27200.0,111.0,9.0,2.0,9.0,Principal Arterial – Other,urban,AC Overlay over Existing Jointed Concrete Pavement Which is under Asphalt Pavement Group,Aggregate,0.1,0.0,0.0,77.8,330.7,9.9,1303.1,89,No Maintenance
28971.0,1216.0,8824.0,30500.0,63.7,5.5,5.5,4.0,Interstate,small urban,AC Overlay over Existing Jointed Concrete Pavement Which is under Asphalt Pavement Group,Asphalt or cement stabilized,0.2,0.1,0.0,75.4,481.3,9.9,1081.5,63,Thick Overlay
2000.0,245.0,215.0,2100.0,74.0,4.0,4.0,4.0,Principal Arterial – Other,rural,AC Overlay over Existing Jointed Concrete Pavement Which is under Asphalt Pavement Group,Asphalt or cement stabilized,0.1,0.0,0.0,73.4,379.1,11.2,1028.0,4,No Maintenance
16309.0,341.0,277.0,22833.0,98.0,7.0,6.8,4.0,Principal Arterial – Other,small urban,AC Overlay over Existing Jointed Concrete Pavement Which is under Asphalt Pavement Group,Aggregate,0.3,37.0,0.0,82.7,44.3,9.6,1629.7,86,No Maintenance
59469.0,3211.0,653.0,88368.0,55.0,0.0,3.0,25.0,Principal Arterial – Other Freeways and Expressways,urban,Asphalt-Concrete (AC) Overlay over Existing AC Pavement Which is under Asphalt Pavement Group,Aggregate,0.1,1.0,0.0,79.2,482.5,8.5,1306.4,66,No Maintenance
23036.0,802.0,332.0,24879.0,66.0,9.0,9.0,9.0,Principal Arterial – Other,small urban,AC Overlay over Existing Jointed Concrete Pavement Which is under Asphalt Pavement Group,Aggregate,0.0,0.0,0.0,77.5,246.4,10.9,1398.2,87,No Maintenance
1675.0,159.0,206.0,1800.0,100.9,0.0,17.5,10.0,Principal Arterial – Other,rural,Asphalt-Concrete (AC) Overlay over Existing AC Pavement Which is under Asphalt Pavement Group,Aggregate,0.1,0.0,0.0,68.1,882.3,7.6,893.1,53,Thin Overlay
68833.0,4059.0,2824.0,91396.0,86.0,13.0,0.0,8.0,Interstate,urban,Jointed Plain Concrete Pavement which is under Jointed Concrete Pavement Group,Aggregate,0.0,0.0,0.0,75.9,251.0,11.1,1287.3,20,No Maintenance
14662.0,507.0,3504.0,16666.0,53.9,0.0,14.0,6.0,Principal Arterial – Other,rural,Asphalt-Concrete (AC) Overlay over Existing AC Pavement Which is under Asphalt Pavement Group,Asphalt or cement stabilized,0.1,1.2,0.0,75.4,373.5,10.2,1169.5,40,Thin Overlay
3078.0,166.0,34.0,4850.0,45.8,0.0,3.0,32.0,Minor Arterial,rural,Asphalt-Concrete (AC) Overlay over Existing AC Pavement Which is under Asphalt Pavement Group,Aggregate,0.1,0.8,0.0,84.1,1098.9,4.4,1333.3,28,No Maintenance
2231.0,132.0,65.0,2303.0,135.1,0.0,6.0,22.0,Minor Arterial,rural,Asphalt-Concrete (AC) Overlay over Existing AC Pavement Which is under Asphalt Pavement Group,Aggregate,0.2,2.6,0.0,83.8,1144.1,4.4,1502.9,22,No Maintenance
740.0,12.0,7.0,1200.0,203.4,0.0,4.0,15.0,Minor Collector,urban,Bituminous surface under Asphalt Pavement Group,Aggregate,0.1,0.0,0.0,34.9,3.2,16.2,250.8,24,Thick Overlay
7600.0,230.0,221.0,9000.0,67.3,0.0,9.5,14.0,Minor Arterial,urban,Asphalt-Concrete (AC) Overlay over Existing AC Pavement Which is under Asphalt Pavement Group,Aggregate,0.1,0.0,0.0,73.4,1003.1,7.0,1171.6,67,No Maintenance
19500.0,706.0,423.0,23790.0,73.2,0.0,6.0,4.5,Minor Arterial,urban,Bituminous surface under Asphalt Pavement Group,Hot mix AC (Bituminous),0.3,0.0,0.0,75.3,4.3,18.5,1295.1,36,No Maintenance
6400.0,137.0,139.0,9200.0,145.0,0.0,7.0,5.0,Minor Arterial,urban,Asphalt-Concrete (AC) Overlay over Existing AC Pavement Which is under Asphalt Pavement Group,Asphalt or cement stabilized,0.2,5.0,0.0,77.6,254.6,10.4,1398.8,15,Thin Overlay
455.0,23.0,28.0,500.0,148.3,0.0,9.3,12.0,Minor Arterial,rural,Asphalt-Concrete (AC) Overlay over Existing AC Pavement Which is under Asphalt Pavement Group,Aggregate,0.1,0.0,0.0,73.9,1424.5,4.5,874.5,78,Thin Overlay
15058.0,586.0,398.0,21081.0,61.9,0.0,9.2,6.0,Principal Arterial – Other Freeways and Expressways,small urban,Asphalt-Concrete (AC) Overlay over Existing AC Pavement Which is under Asphalt Pavement Group,Aggregate,0.2,0.6,0.0,85.0,42.2,8.2,2543.6,51,Thin Overlay
9162.0,271.0,265.0,9400.0,69.3,5.5,5.5,4.0,Principal Arterial – Other,urban,AC Overlay over Existing Jointed Concrete Pavement Which is under Asphalt Pavement Group,Asphalt or cement stabilized,0.1,54.3,0.0,74.6,340.0,11.3,1100.3,95,Thin Overlay
28250.0,1834.0,4857.0,32177.0,85.0,9.0,3.5,15.0,Interstate,urban,AC Overlay over Existing Jointed Concrete Pavement Which is under Asphalt Pavement Group,Asphalt or cement stabilized,0.0,0.0,0.0,76.2,315.7,10.5,1319.7,77,Thick Overlay
5470.0,350.0,219.0,6262.0,84.2,0.0,9.0,16.0,Major Collector,rural,Asphalt-Concrete (AC) Overlay over Existing AC Pavement Which is under Asphalt Pavement Group,Aggregate,0.2,0.6,0.0,81.8,815.0,6.3,1323.6,26,No Maintenance
5459.0,180.0,10.0,8112.0,217.0,0.0,6.0,6.0,Major Collector,urban,Asphalt-Concrete (AC) Overlay over Existing AC Pavement Which is under Asphalt Pavement Group,Aggregate,0.2,0.0,0.0,83.1,56.9,8.5,2080.8,29,No Maintenance
20500.0,1252.0,1413.0,31535.0,63.6,0.0,2.0,8.0,Minor Arterial,rural,Bituminous surface under Asphalt Pavement Group,Aggregate,0.2,0.0,0.0,76.2,0.0,22.1,1129.0,1,No Maintenance
8692.0,896.0,935.0,12169.0,52.0,0.0,9.1,8.0,Principal Arterial – Other Freeways and Expressways,urban,Asphalt-Concrete (AC) Overlay over Existing AC Pavement Which is under Asphalt Pavement Group,Aggregate,0.3,4.5,0.0,67.5,287.7,8.0,487.5,64,No Maintenance
258.0,10.0,3.0,283.0,207.0,0.0,5.5,6.0,Major Collector,rural,Bituminous surface under Asphalt Pavement Group,Aggregate,0.1,9.0,0.0,78.1,387.4,9.0,1321.0,78,No Maintenance
59581.0,2276.0,882.0,66135.0,80.3,9.0,5.0,9.0,Principal Arterial – Other,urban,AC Overlay over Existing Jointed Concrete Pavement Which is under Asphalt Pavement Group,Aggregate,0.1,0.0,0.0,77.4,181.5,11.5,1387.7,85,No Maintenance
12100.0,914.0,391.0,12200.0,97.0,0.0,4.0,11.0,Principal Arterial – Other,small urban,Asphalt-Concrete (AC) Overlay over Existing AC Pavement Which is under Asphalt Pavement Group,Hot mix AC (Bituminous),0.1,2.0,0.0,84.3,5.4,10.7,1294.0,47,Thin Overlay
9300.0,573.0,147.0,9600.0,185.0,7.0,4.0,9.0,Principal Arterial – Other,urban,AC Overlay over Existing Jointed Concrete Pavement Which is under Asphalt Pavement Group,Aggregate,0.2,2.0,0.0,77.8,330.7,9.9,1303.1,63,Thin Overlay
310.0,11.0,27.0,360.0,54.8,0.0,6.0,11.0,Major Collector,rural,Asphalt-Concrete (AC) Overlay over Existing AC Pavement Which is under Asphalt Pavement Group,Hot mix AC (Bituminous),0.0,0.0,0.0,46.7,279.0,8.7,349.3,78,Thin Overlay
31000.0,1070.0,3160.0,35000.0,70.3,9.0,7.0,4.0,Interstate,rural,Bituminous surface under Asphalt Pavement Group,Aggregate,0.1,0.1,0.0,74.6,54.0,14.0,1345.0,55,No Maintenance
209198.0,3295.0,2878.0,214500.0,110.3,5.5,5.5,4.0,Interstate,urban,AC Overlay over Existing Jointed Concrete Pavement Which is under Asphalt Pavement Group,Asphalt or cement stabilized,0.2,19.8,0.0,75.8,525.0,9.4,1081.6,65,Thick Overlay
7237.0,246.0,159.0,8032.0,41.5,0.0,6.0,22.0,Minor Arterial,rural,Asphalt-Concrete (AC) Overlay over Existing AC Pavement Which is under Asphalt Pavement Group,Aggregate,0.2,0.0,0.0,81.2,846.6,6.4,1370.8,26,No Maintenance
1266.0,33.0,5.0,1667.0,215.7,0.0,3.5,5.0,Minor Arterial,urban,Bituminous surface under Asphalt Pavement Group,Asphalt or cement stabilized,0.1,8.0,0.0,77.3,280.3,10.6,1358.9,125,Thin Overlay
71715.0,652.0,20.0,80825.0,94.5,0.0,11.5,7.4,Interstate,urban,Bituminous surface under Asphalt Pavement Group,Hot mix AC (Bituminous),0.1,0.0,0.0,74.7,164.3,12.4,1300.1,10,Thin Overlay
34116.0,2461.0,9493.0,44194.0,79.7,10.0,4.5,16.0,Interstate,rural,AC Overlay over Existing Jointed Concrete Pavement Which is under Asphalt Pavement Group,Asphalt or cement stabilized,0.1,0.0,0.0,77.2,299.4,10.4,1358.6,62,No Maintenance
27000.0,438.0,199.0,30000.0,46.3,0.0,3.0,10.0,Principal Arterial – Other,small urban,Asphalt-Concrete (AC) Overlay over Existing AC Pavement Which is under Asphalt Pavement Group,Aggregate,0.1,0.0,0.0,74.2,1283.4,5.2,895.0,56,No Maintenance
14500.0,737.0,270.0,15900.0,229.0,7.0,3.0,8.0,Minor Arterial,urban,AC Overlay over Existing Jointed Concrete Pavement Which is under Asphalt Pavement Group,Aggregate,0.2,6.0,0.0,78.2,130.1,11.5,1379.0,77,No Maintenance
24491.0,2358.0,7494.0,28047.0,37.0,10.0,4.5,8.0,Interstate,rural,AC Overlay over Existing Jointed Concrete Pavement Which is under Asphalt Pavement Group,Aggregate,0.1,0.0,0.0,78.0,463.2,8.7,1363.9,54,No Maintenance
2037.0,240.0,24.0,2215.0,76.2,0.0,8.0,23.0,Major Collector,rural,Asphalt-Concrete (AC) Overlay over Existing AC Pavement Which is under Asphalt Pavement Group,Aggregate,0.1,0.0,0.0,81.2,603.0,7.1,1415.4,15,No Maintenance
41446.0,1202.0,506.0,45176.0,135.0,0.0,2.0,7.0,Principal Arterial – Other,urban,Bituminous surface under Asphalt Pavement Group,Aggregate,0.1,0.0,0.0,77.4,183.7,11.8,1369.8,93,Thin Overlay
7905.0,427.0,87.0,11518.0,39.2,0.0,2.5,48.0,Interstate,rural,Asphalt-Concrete (AC) Overlay over Existing AC Pavement Which is under Asphalt Pavement Group,Aggregate,0.1,0.0,0.0,83.6,978.5,5.1,1469.2,42,Thin Overlay
206481.0,0.0,0.0,235388.0,111.6,0.0,12.5,7.0,Interstate,urban,Bituminous surface under Asphalt Pavement Group,Aggregate,0.1,7.6,0.0,77.4,181.5,11.5,1387.7,13,Thin Overlay
617.0,29.0,8.0,688.0,146.5,0.0,10.0,6.0,Major Collector,rural,Asphalt-Concrete (AC) Overlay over Existing AC Pavement Which is under Asphalt Pavement Group,Asphalt or cement stabilized,0.1,35.2,0.0,75.6,310.8,10.9,1231.6,67,No Maintenance
5291.0,156.0,485.0,6056.0,90.3,0.0,8.3,4.0,Principal Arterial – Other,rural,Bituminous surface under Asphalt Pavement Group,Hot mix AC (Bituminous),0.2,11.7,0.0,75.5,66.6,14.2,1246.1,26,Thin Overlay
79202.0,4729.0,17599.0,97418.0,61.0,0.0,12.5,13.0,Interstate,urban,Asphalt-Concrete (AC) Overlay over Existing AC Pavement Which is under Asphalt Pavement Group,Asphalt or cement stabilized,0.3,0.0,0.0,75.5,224.4,11.6,1318.4,59,Thin Overlay
534.0,14.0,19.0,719.0,99.2,0.0,3.5,12.0,Minor Arterial,rural,Bituminous surface under Asphalt Pavement Group,Aggregate,0.1,3.0,0.0,72.0,1111.6,2.3,728.9,64,Thin Overlay
1500.0,247.0,152.0,1600.0,65.9,0.0,8.5,9.0,Principal Arterial – Other,rural,Asphalt-Concrete (AC) Overlay over Existing AC Pavement Which is under Asphalt Pavement Group,Aggregate,0.2,0.0,0.0,65.0,158.0,8.0,574.3,86,Thick Overlay
1954.0,73.0,79.0,2150.0,89.7,0.0,9.7,6.2,Principal Arterial – Other,rural,Asphalt-Concrete (AC) Overlay over Existing AC Pavement Which is under Asphalt Pavement Group,Aggregate,0.2,0.0,0.0,71.3,1395.7,4.8,749.8,68,No Maintenance
34800.0,2353.0,1375.0,42526.0,45.0,0.0,11.5,12.0,Principal Arterial – Other,small urban,Asphalt-Concrete (AC) Overlay over Existing AC Pavement Which is under Asphalt Pavement Group,Aggregate,0.3,5.0,0.0,76.0,109.1,13.2,1336.0,56,No Maintenance
51508.0,1664.0,7278.0,53053.0,64.5,0.0,4.0,31.0,Interstate,rural,AC Overlay over Existing Jointed Concrete Pavement Which is under Asphalt Pavement Group,Aggregate,0.1,0.0,0.0,77.6,352.9,9.7,1347.0,49,No Maintenance
8900.0,232.0,61.0,10100.0,125.2,0.0,4.0,11.0,Minor Arterial,urban,Asphalt-Concrete (AC) Overlay over Existing AC Pavement Which is under Asphalt Pavement Group,Aggregate,0.1,0.8,0.0,78.2,130.1,11.5,1379.0,66,Thin Overlay
5400.0,291.0,59.0,8510.0,171.5,0.0,6.0,24.0,Principal Arterial – Other,small urban,Asphalt-Concrete (AC) Overlay over Existing AC Pavement Which is under Asphalt Pavement Group,Aggregate,0.4,4.5,0.0,84.1,1098.9,4.4,1333.3,43,Thin Overlay
348.0,57.0,15.0,498.0,66.8,0.0,3.0,12.0,Major Collector,small urban,Bituminous surface under Asphalt Pavement Group,Aggregate,0.2,0.0,0.0,57.9,769.8,5.5,553.1,17,Thin Overlay
4910.0,107.0,1039.0,6613.0,73.0,0.0,8.4,17.4,Interstate,rural,Bituminous surface under Asphalt Pavement Group,Aggregate,0.1,0.5,0.0,57.2,437.0,9.1,502.6,42,No Maintenance
51907.0,947.0,895.0,58384.0,97.5,0.0,13.7,3.0,Principal Arterial – Other,urban,Bituminous surface under Asphalt Pavement Group,Hot mix AC (Bituminous),0.1,1.0,0.0,73.8,142.0,12.4,1236.7,14,Thin Overlay
10400.0,425.0,300.0,18400.0,103.2,5.5,5.5,4.0,Principal Arterial – Other,urban,AC Overlay over Existing Jointed Concrete Pavement Which is under Asphalt Pavement Group,Asphalt or cement stabilized,0.1,0.5,0.0,75.8,525.0,9.4,1081.6,59,No Maintenance
7300.0,138.0,97.0,8300.0,90.0,8.0,4.0,10.0,Minor Arterial,urban,AC Overlay over Existing Jointed Concrete Pavement Which is under Asphalt Pavement Group,Aggregate,0.1,2.0,0.0,77.6,254.6,10.4,1398.8,89,Thin Overlay
20872.0,875.0,800.0,20972.0,74.0,0.0,13.0,11.0,Principal Arterial – Other Freeways and Expressways,urban,Asphalt-Concrete (AC) Overlay over Existing AC Pavement Which is under Asphalt Pavement Group,Asphalt or cement stabilized,0.1,27.0,0.0,75.5,224.4,11.6,1318.4,59,Thick Overlay
50928.0,3602.0,8451.0,67622.0,59.5,10.0,5.5,16.0,Interstate,small urban,AC Overlay over Existing Jointed Concrete Pavement Which is under Asphalt Pavement Group,Asphalt or cement stabilized,0.2,0.0,0.0,75.9,251.0,11.1,1287.3,67,Thin Overlay
27480.0,2438.0,4178.0,33358.0,51.0,10.0,4.5,18.0,Interstate,rural,AC Overlay over Existing Jointed Concrete Pavement Which is under Asphalt Pavement Group,Hot mix AC (Bituminous),0.2,0.0,0.0,77.6,395.4,9.5,1362.7,60,Thin Overlay
1950.0,82.0,98.0,2750.0,138.0,0.0,6.0,4.5,Minor Arterial,small urban,Bituminous surface under Asphalt Pavement Group,Hot mix AC (Bituminous),0.3,21.0,0.0,74.2,10.0,16.9,1221.7,62,Thin Overlay
47262.0,792.0,2978.0,51875.0,55.0,10.0,4.0,16.0,Interstate,urban,AC Overlay over Existing Jointed Concrete Pavement Which is under Asphalt Pavement Group,Hot mix AC (Bituminous),0.1,0.0,0.0,76.3,330.1,10.3,1280.2,55,No Maintenance
2365.0,161.0,21.0,2707.0,234.5,0.0,6.0,22.0,Major Collector,urban,Asphalt-Concrete (AC) Overlay over Existing AC Pavement Which is under Asphalt Pavement Group,Aggregate,0.2,0.5,0.0,81.8,815.0,6.3,1323.6,29,Thin Overlay
60062.0,3497.0,8721.0,71702.0,235.0,14.0,0.0,7.0,Interstate,urban,Jointed Plain Concrete Pavement which is under Jointed Concrete Pavement Group,Aggregate,0.0,0.0,0.1,79.0,516.1,8.1,1394.0,18,No Maintenance
26074.0,1048.0,6994.0,28567.0,67.0,10.0,3.5,25.0,Interstate,rural,AC Overlay over Existing Jointed Concrete Pavement Which is under Asphalt Pavement Group,Hot mix AC (Bituminous),0.2,0.0,0.0,78.1,387.4,9.0,1321.0,58,No Maintenance
13900.0,483.0,1202.0,15000.0,63.5,0.0,4.5,9.0,Principal Arterial – Other,rural,Asphalt-Concrete (AC) Overlay over Existing AC Pavement Which is under Asphalt Pavement Group,Asphalt or cement stabilized,0.3,1.0,0.0,44.6,76.5,10.9,231.4,47,No Maintenance
2552.0,153.0,56.0,2635.0,170.2,0.0,10.0,21.0,Minor Arterial,rural,Bituminous surface under Asphalt Pavement Group,Aggregate,0.3,5.6,0.0,83.8,1144.1,4.4,1502.9,5,No Maintenance
60377.0,1567.0,2535.0,71100.0,92.3,5.5,5.5,4.0,Principal Arterial – Other,urban,AC Overlay over Existing Jointed Concrete Pavement Which is under Asphalt Pavement Group,Asphalt or cement stabilized,0.1,0.7,0.0,76.5,578.5,8.8,1054.9,65,No Maintenance
3960.0,436.0,107.0,4475.0,55.0,0.0,6.0,17.0,Major Collector,rural,Asphalt-Concrete (AC) Overlay over Existing AC Pavement Which is under Asphalt Pavement Group,Aggregate,0.1,0.0,0.0,81.4,462.0,8.1,1373.9,24,No Maintenance
2300.0,138.0,191.0,2914.0,69.8,0.0,2.0,8.0,Principal Arterial – Other,rural,Asphalt-Concrete (AC) Overlay over Existing AC Pavement Which is under Asphalt Pavement Group,Aggregate,0.0,0.0,0.0,76.3,0.0,23.8,1171.7,3,No Maintenance
1400.0,85.0,15.0,1800.0,298.5,0.0,4.0,11.0,Minor Collector,urban,Asphalt-Concrete (AC) Overlay over Existing AC Pavement Which is under Asphalt Pavement Group,Aggregate,0.1,1.5,0.0,78.2,130.1,11.5,1379.0,58,No Maintenance
17418.0,582.0,341.0,24385.0,59.2,0.0,6.6,8.4,Principal Arterial – Other,small urban,Asphalt-Concrete (AC) Overlay over Existing AC Pavement Which is under Asphalt Pavement Group,Aggregate,0.2,1.8,0.0,82.2,10.5,10.3,1177.5,10,No Maintenance
25676.0,1153.0,3107.0,35946.0,75.5,0.0,8.1,10.4,Principal Arterial – Other Freeways and Expressways,rural,Asphalt-Concrete (AC) Overlay over Existing AC Pavement Which is under Asphalt Pavement Group,Aggregate,0.3,3.5,0.0,83.1,56.9,8.5,2080.8,52,No Maintenance
20100.0,945.0,175.0,23600.0,96.0,0.0,9.5,19.0,Principal Arterial – Other,urban,Asphalt-Concrete (AC) Overlay over Existing AC Pavement Which is under Asphalt Pavement Group,Aggregate,0.2,14.0,0.0,84.3,5.4,10.7,1294.0,38,No Maintenance
20900.0,1117.0,837.0,21800.0,61.0,8.0,4.0,10.0,Principal Arterial – Other Freeways and Expressways,urban,AC Overlay over Existing Jointed Concrete Pavement Which is under Asphalt Pavement Group,Aggregate,0.1,0.0,0.0,77.8,330.7,9.9,1303.1,53,Thick Overlay
32500.0,1869.0,2070.0,43225.0,78.7,0.0,6.0,4.5,Minor Arterial,urban,Bituminous surface under Asphalt Pavement Group,Hot mix AC (Bituminous),0.2,1.3,0.0,73.1,25.0,15.8,1161.8,19,No Maintenance
3490.0,91.0,91.0,5186.0,331.0,4.0,3.0,6.0,Principal Arterial – Other,urban,AC Overlay over Existing Jointed Concrete Pavement Which is under Asphalt Pavement Group,Aggregate,0.2,1.0,0.0,84.0,25.0,9.4,1628.8,100,Thin Overlay
2150.0,160.0,80.0,2300.0,171.0,5.0,5.0,4.0,Minor Arterial,rural,AC Overlay over Existing Jointed Concrete Pavement Which is under Asphalt Pavement Group,Asphalt or cement stabilized,0.2,72.0,0.0,73.5,292.3,12.0,1127.2,87,No Maintenance
18800.0,1692.0,564.0,29516.0,78.4,0.0,8.0,6.0,Principal Arterial – Other,urban,Bituminous surface under Asphalt Pavement Group,Hot mix AC (Bituminous),0.5,31.5,0.0,73.6,10.7,17.2,1224.0,39,Thin Overlay
4715.0,269.0,155.0,6159.0,176.0,0.0,6.5,13.0,Minor Arterial,rural,Bituminous surface under Asphalt Pavement Group,Hot mix AC (Bituminous),0.6,0.0,0.0,76.8,234.8,11.3,1352.4,110,No Maintenance
14102.0,460.0,189.0,19743.0,97.0,0.0,11.8,13.1,Principal Arterial – Other,rural,Asphalt-Concrete (AC) Overlay over Existing AC Pavement Which is under Asphalt Pavement Group,Aggregate,0.6,0.0,0.0,69.3,185.2,9.0,813.7,65,No Maintenance
8200.0,536.0,251.0,10409.0,68.1,0.0,2.0,8.0,Minor Arterial,urban,Bituminous surface under Asphalt Pavement Group,Aggregate,0.3,0.0,0.0,76.2,0.0,22.1,1129.0,1,No Maintenance
3350.0,130.0,130.0,3800.0,103.0,5.0,5.0,4.0,Minor Arterial,rural,AC Overlay over Existing Jointed Concrete Pavement Which is under Asphalt Pavement Group,Asphalt or cement stabilized,0.2,0.0,0.0,73.7,245.5,12.5,1221.6,93,Thin Overlay
1831.0,151.0,32.0,2262.0,139.0,0.0,9.0,6.0,Major Collector,rural,Bituminous surface under Asphalt Pavement Group,Hot mix AC (Bituminous),0.1,3.0,0.0,76.8,377.6,9.5,1302.6,92,Thin Overlay
4350.0,233.0,242.0,4800.0,50.5,0.0,6.8,12.2,Principal Arterial – Other,rural,Asphalt-Concrete (AC) Overlay over Existing AC Pavement Which is under Asphalt Pavement Group,Aggregate,0.1,0.0,0.0,70.1,1021.8,6.8,816.5,26,No Maintenance
24491.0,2358.0,7494.0,28047.0,47.0,10.0,5.0,31.0,Interstate,rural,AC Overlay over Existing Jointed Concrete Pavement Which is under Asphalt Pavement Group,Asphalt or cement stabilized,0.1,0.0,0.0,78.0,463.2,8.7,1363.9,51,No Maintenance
1542.0,71.0,136.0,1721.0,76.5,0.0,4.0,14.0,Major Collector,rural,Asphalt-Concrete (AC) Overlay over Existing AC Pavement Which is under Asphalt Pavement Group,Aggregate,0.1,0.0,0.0,83.2,1013.5,5.0,1441.9,28,No Maintenance
27801.0,1368.0,2569.0,27934.0,51.0,0.0,12.5,12.0,Principal Arterial – Other Freeways and Expressways,small urban,Asphalt-Concrete (AC) Overlay over Existing AC Pavement Which is under Asphalt Pavement Group,Aggregate,0.1,0.0,0.0,75.5,224.4,11.6,1318.4,62,No Maintenance
16964.0,616.0,63.0,19558.0,220.0,8.0,3.5,8.0,Principal Arterial – Other,urban,AC Overlay over Existing Jointed Concrete Pavement Which is under Asphalt Pavement Group,Asphalt or cement stabilized,0.2,2.0,0.0,76.5,209.7,11.6,1454.3,98,Thin Overlay
98432.0,2786.0,5650.0,107291.0,36.0,0.0,6.0,30.0,Interstate,urban,Bituminous surface under Asphalt Pavement Group,Aggregate,0.1,0.0,0.0,77.4,181.5,11.5,1387.7,53,No Maintenance
14800.0,517.0,268.0,16900.0,228.0,0.0,8.0,6.0,Principal Arterial – Other,urban,Asphalt-Concrete (AC) Overlay over Existing AC Pavement Which is under Asphalt Pavement Group,Asphalt or cement stabilized,0.1,22.0,0.0,77.8,330.7,9.9,1303.1,63,Thin Overlay
26774.0,1090.0,843.0,27042.0,108.5,0.0,8.0,6.0,Principal Arterial – Other,urban,Bituminous surface under Asphalt Pavement Group,Hot mix AC (Bituminous),0.3,0.0,0.0,73.3,10.8,17.4,1213.1,44,No Maintenance
5528.0,150.0,16.0,6296.0,242.0,0.0,9.0,8.0,Major Collector,urban,Bituminous surface under Asphalt Pavement Group,Aggregate,0.1,4.0,0.0,76.2,315.7,10.5,1319.7,64,Thin Overlay
1800.0,125.0,50.0,1900.0,117.8,5.5,5.5,4.0,Major Collector,rural,AC Overlay over Existing Jointed Concrete Pavement Which is under Asphalt Pavement Group,Asphalt or cement stabilized,0.1,57.0,0.0,74.8,425.2,10.5,1059.4,70,Thin Overlay
2600.0,173.0,178.0,2850.0,56.2,9.0,7.0,7.6,Principal Arterial – Other,small urban,Jointed Plain Concrete Pavement which is under Jointed Concrete Pavement Group,Aggregate,0.2,10.4,0.0,69.9,1327.9,5.3,707.8,26,Resurfacing
770.0,55.0,140.0,924.0,162.5,0.0,2.0,7.0,Minor Arterial,rural,Bituminous surface under Asphalt Pavement Group,Asphalt or cement stabilized,0.1,0.2,0.0,63.5,730.7,7.2,561.6,48,No Maintenance
3560.0,245.0,313.0,3570.0,99.3,0.0,12.5,3.0,Minor Arterial,rural,Asphalt-Concrete (AC) Overlay over Existing AC Pavement Which is under Asphalt Pavement Group,Asphalt or cement stabilized,0.1,0.0,0.0,77.2,107.8,13.1,1338.5,61,Thin Overlay
34000.0,993.0,605.0,48008.0,65.0,0.0,4.0,10.0,Principal Arterial – Other,urban,Bituminous surface under Asphalt Pavement Group,Aggregate,0.0,0.0,0.0,76.8,0.0,22.3,1219.3,18,No Maintenance
2406.0,208.0,5.0,2650.0,52.0,0.0,9.0,23.0,Principal Arterial – Other,rural,Asphalt-Concrete (AC) Overlay over Existing AC Pavement Which is under Asphalt Pavement Group,Aggregate,0.1,0.0,0.0,72.9,1178.2,5.7,830.0,65,Thin Overlay
35000.0,826.0,504.0,49420.0,76.0,0.0,3.0,10.0,Principal Arterial – Other,urban,Bituminous surface under Asphalt Pavement Group,Aggregate,0.1,0.0,0.0,76.8,0.0,22.3,1219.3,22,No Maintenance
1751.0,138.0,82.0,1928.0,93.0,5.0,9.0,5.0,Minor Arterial,rural,AC Overlay over Existing Jointed Concrete Pavement Which is under Asphalt Pavement Group,Asphalt or cement stabilized,0.2,1.0,0.0,78.1,451.6,8.9,1382.0,76,No Maintenance
39640.0,3957.0,9066.0,45150.0,67.0,10.0,10.0,16.0,Interstate,rural,AC Overlay over Existing Jointed Concrete Pavement Which is under Asphalt Pavement Group,Asphalt or cement stabilized,0.1,0.0,0.0,76.2,315.7,10.5,1319.7,56,No Maintenance
51300.0,5643.0,513.0,120555.0,104.5,0.0,10.0,12.0,Principal Arterial – Other Freeways and Expressways,urban,Bituminous surface under Asphalt Pavement Group,Aggregate,0.3,1.0,0.0,73.6,10.7,17.2,1224.0,46,Thin Overlay
1100.0,5.0,10.0,1600.0,174.5,0.0,3.0,1.0,Minor Collector,urban,Bituminous surface under Asphalt Pavement Group,Hot mix AC (Bituminous),0.2,6.5,0.0,78.2,130.1,11.5,1379.0,5,No Maintenance
2900.0,173.0,29.0,3100.0,200.0,0.0,6.0,2.0,Major Collector,urban,Bituminous surface under Asphalt Pavement Group,Hot mix AC (Bituminous),0.1,0.3,0.0,78.2,130.1,11.5,1379.0,19,Resurfacing
9440.0,560.0,1980.0,11328.0,42.6,11.0,0.0,8.0,Interstate,rural,Jointed Plain Concrete Pavement which is under Jointed Concrete Pavement Group,Aggregate,0.0,0.0,0.0,64.6,814.8,7.2,593.8,21,Resurfacing
4154.0,258.0,70.0,4927.0,137.0,0.0,3.5,11.0,Principal Arterial – Other,rural,Bituminous surface under Asphalt Pavement Group,Hot mix AC (Bituminous),0.2,7.0,0.0,77.4,183.7,11.8,1369.8,125,Thin Overlay
497.0,30.0,2.0,739.0,157.2,0.0,3.0,6.0,Major Collector,urban,Asphalt-Concrete (AC) Overlay over Existing AC Pavement Which is under Asphalt Pavement Group,Aggregate,0.2,4.0,0.0,84.6,61.5,8.3,2488.0,24,No Maintenance
21571.0,1165.0,238.0,27383.0,72.0,0.0,3.0,33.0,Principal Arterial – Other,small urban,Asphalt-Concrete (AC) Overlay over Existing AC Pavement Which is under Asphalt Pavement Group,Aggregate,0.2,0.0,0.0,80.2,695.0,7.0,1299.6,58,No Maintenance
14900.0,315.0,192.0,17302.0,80.0,0.0,3.0,8.0,Principal Arterial – Other,urban,Bituminous surface under Asphalt Pavement Group,Aggregate,0.2,8.0,0.0,77.0,0.1,21.7,1191.9,11,No Maintenance
2791.0,0.0,0.0,4147.0,92.2,0.0,2.0,1.0,Minor Collector,small urban,Bituminous surface under Asphalt Pavement Group,Aggregate,0.1,1.0,0.0,82.4,9.5,10.6,888.4,26,No Maintenance
12301.0,450.0,219.0,20157.0,88.3,0.0,4.8,16.0,Principal Arterial – Other,rural,Bituminous surface under Asphalt Pavement Group,Aggregate,0.6,3.1,0.0,73.8,798.8,4.8,709.3,50,Thin Overlay
5143.0,309.0,103.0,7642.0,176.2,0.0,9.0,3.0,Principal Arterial – Other,urban,Bituminous surface under Asphalt Pavement Group,Aggregate,0.3,5.2,0.0,80.8,20.2,10.5,1335.9,12,No Maintenance
20948.0,922.0,7177.0,22951.0,64.0,10.0,6.5,26.0,Interstate,rural,AC Overlay over Existing Jointed Concrete Pavement Which is under Asphalt Pavement Group,Hot mix AC (Bituminous),0.1,0.0,0.0,78.1,387.4,9.0,1321.0,58,No Maintenance
2165.0,130.0,93.0,2403.0,62.8,0.0,6.0,14.0,Minor Arterial,rural,Asphalt-Concrete (AC) Overlay over Existing AC Pavement Which is under Asphalt Pavement Group,Aggregate,0.2,0.0,0.0,81.2,622.0,7.4,1444.6,25,No Maintenance
8544.0,809.0,783.0,9053.0,142.0,0.0,3.5,15.0,Principal Arterial – Other,rural,Bituminous surface under Asphalt Pavement Group,Hot mix AC (Bituminous),0.3,17.5,0.0,77.1,514.6,8.3,1027.2,39,Thin Overlay
11500.0,460.0,276.0,17500.0,117.0,0.0,3.0,8.0,Minor Arterial,urban,Bituminous surface under Asphalt Pavement Group,Aggregate,0.1,0.0,0.0,72.0,1072.3,6.4,848.6,30,No Maintenance
28098.0,1774.0,10614.0,31346.0,51.5,13.0,6.0,43.0,Interstate,rural,AC Overlay over Existing Jointed Concrete Pavement Which is under Asphalt Pavement Group,Asphalt or cement stabilized,0.1,0.5,0.0,78.1,451.6,8.9,1382.0,26,Thick Overlay
340.0,12.0,45.0,375.0,64.9,0.0,7.0,8.0,Major Collector,rural,Asphalt-Concrete (AC) Overlay over Existing AC Pavement Which is under Asphalt Pavement Group,Aggregate,0.1,1.1,0.0,70.1,1021.8,6.8,816.5,53,No Maintenance
73074.0,1414.0,1801.0,80206.0,56.0,10.0,5.0,16.0,Interstate,urban,AC Overlay over Existing Jointed Concrete Pavement Which is under Asphalt Pavement Group,Hot mix AC (Bituminous),0.1,0.0,0.0,76.3,330.1,10.3,1280.2,67,No Maintenance
22067.0,1774.0,311.0,32790.0,52.0,0.0,3.0,24.0,Principal Arterial – Other,urban,Asphalt-Concrete (AC) Overlay over Existing AC Pavement Which is under Asphalt Pavement Group,Aggregate,0.1,0.0,0.0,79.5,622.1,7.5,1291.3,14,No Maintenance
2535.0,271.0,60.0,3600.0,194.0,3.5,3.5,4.0,Major Collector,small urban,AC Overlay over Existing Jointed Concrete Pavement Which is under Asphalt Pavement Group,Asphalt or cement stabilized,0.4,51.0,0.0,74.4,504.2,10.0,1049.5,29,Thin Overlay
65144.0,1655.0,16665.0,84531.0,55.7,9.0,6.0,18.0,Interstate,urban,AC Overlay over Existing Jointed Concrete Pavement Which is under Asphalt Pavement Group,Asphalt or cement stabilized,0.2,0.0,0.0,76.2,292.1,10.6,1352.2,48,No Maintenance
13493.0,818.0,1577.0,16672.0,53.0,10.0,4.0,20.0,Interstate,rural,AC Overlay over Existing Jointed Concrete Pavement Which is under Asphalt Pavement Group,Hot mix AC (Bituminous),0.2,0.0,0.0,76.8,377.6,9.5,1302.6,48,Thick Overlay
84500.0,2968.0,3961.0,93550.0,40.0,0.0,2.0,8.0,Interstate,urban,Asphalt-Concrete (AC) Overlay over Existing AC Pavement Which is under Asphalt Pavement Group,Aggregate,0.1,0.0,0.0,76.6,0.0,22.8,1105.9,10,Thin Overlay
45981.0,1545.0,272.0,46130.0,116.0,0.0,8.0,13.0,Principal Arterial – Other,urban,Asphalt-Concrete (AC) Overlay over Existing AC Pavement Which is under Asphalt Pavement Group,Asphalt or cement stabilized,0.2,1.0,0.0,75.5,224.4,11.6,1318.4,56,Thin Overlay
5348.0,183.0,31.0,6354.0,128.0,8.0,6.0,8.0,Minor Arterial,urban,AC Overlay over Existing Jointed Concrete Pavement Which is under Asphalt Pavement Group,Asphalt or cement stabilized,0.2,4.5,0.0,76.3,364.6,9.7,1122.7,95,Thin Overlay
6800.0,161.0,63.0,8092.0,92.5,0.0,12.0,11.0,Principal Arterial – Other Freeways and Expressways,urban,Asphalt-Concrete (AC) Overlay over Existing AC Pavement Which is under Asphalt Pavement Group,Asphalt or cement stabilized,0.4,0.5,0.0,75.7,34.0,16.3,1395.0,47,Thin Overlay
19118.0,521.0,2079.0,25749.0,82.0,0.0,8.4,16.2,Interstate,small urban,Bituminous surface under Asphalt Pavement Group,Aggregate,0.1,8.0,0.0,67.7,832.0,3.6,546.0,10,Thick Overlay
92716.0,4920.0,3069.0,101765.0,34.0,0.0,4.5,25.0,Interstate,urban,Bituminous surface under Asphalt Pavement Group,Hot mix AC (Bituminous),0.1,0.0,0.0,76.3,330.1,10.3,1280.2,12,No Maintenance
5031.0,249.0,62.0,5433.0,141.7,8.0,3.0,8.0,Minor Arterial,rural,AC Overlay over Existing Jointed Concrete Pavement Which is under Asphalt Pavement Group,Aggregate,0.1,5.7,0.0,78.8,44.6,13.3,1281.0,88,No Maintenance
149400.0,2812.0,5075.0,164800.0,61.0,9.0,5.0,9.0,Interstate,urban,AC Overlay over Existing Jointed Concrete Pavement Which is under Asphalt Pavement Group,Aggregate,0.1,15.0,0.0,77.6,254.6,10.4,1398.8,47,Thin Overlay
5054.0,264.0,34.0,6400.0,179.0,5.0,5.0,4.0,Minor Arterial,urban,AC Overlay over Existing Jointed Concrete Pavement Which is under Asphalt Pavement Group,Asphalt or cement stabilized,0.1,15.0,0.0,73.9,506.2,10.1,1061.3,14,No Maintenance
7200.0,180.0,87.0,8800.0,177.0,0.0,12.0,10.0,Principal Arterial – Other,urban,Asphalt-Concrete (AC) Overlay over Existing AC Pavement Which is under Asphalt Pavement Group,Asphalt or cement stabilized,0.2,32.0,0.0,77.6,254.6,10.4,1398.8,103,Thin Overlay
41948.0,1847.0,7879.0,45958.0,61.0,13.0,4.5,31.0,Interstate,rural,AC Overlay over Existing Jointed Concrete Pavement Which is under Asphalt Pavement Group,Asphalt or cement stabilized,0.1,0.0,0.0,78.1,387.4,9.0,1321.0,30,No Maintenance
4680.0,160.0,330.0,6950.0,69.2,8.5,0.0,4.0,Principal Arterial – Other Freeways and Expressways,rural,Jointed Plain Concrete Pavement which is under Jointed Concrete Pavement Group,Aggregate,0.0,1.0,0.0,73.2,212.6,12.8,1078.5,15,Resurfacing
8200.0,205.0,353.0,11726.0,94.0,0.0,13.0,10.0,Interstate,urban,Bituminous surface under Asphalt Pavement Group,Hot mix AC (Bituminous),0.1,9.0,0.0,74.8,41.0,14.4,1427.3,14,Thin Overlay
25000.0,2500.0,1000.0,39000.0,106.9,0.0,8.0,6.0,Principal Arterial – Other,small urban,Bituminous surface under Asphalt Pavement Group,Hot mix AC (Bituminous),0.4,13.0,0.0,73.3,10.8,17.4,1213.1,17,Thin Overlay
44938.0,987.0,4075.0,52173.0,55.4,0.0,10.9,5.5,Interstate,urban,Bituminous surface under Asphalt Pavement Group,Hot mix AC (Bituminous),0.1,0.0,0.0,75.5,223.8,10.9,1303.7,6,No Maintenance
250.0,30.0,1.0,500.0,175.3,0.0,3.0,11.0,Minor Collector,small urban,Bituminous surface under Asphalt Pavement Group,Aggregate,0.1,0.0,0.0,78.9,489.4,8.6,1569.7,52,No Maintenance
850.0,34.0,6.0,1100.0,171.0,0.0,4.0,11.0,Major Collector,urban,Bituminous surface under Asphalt Pavement Group,Aggregate,0.2,4.0,0.0,78.2,216.0,10.4,1435.3,13,Thin Overlay
53500.0,1604.0,750.0,74217.0,129.5,0.0,4.0,12.0,Minor Arterial,urban,Bituminous surface under Asphalt Pavement Group,Aggregate,0.2,8.0,0.0,76.4,0.0,22.1,1216.0,31,No Maintenance
108079.0,5880.0,2594.0,128614.0,146.0,0.0,13.5,9.0,Interstate,urban,Asphalt-Concrete (AC) Overlay over Existing AC Pavement Which is under Asphalt Pavement Group,Aggregate,0.3,9.0,0.0,74.7,164.3,12.4,1300.1,28,Thick Overlay
555.0,22.0,21.0,810.0,54.6,0.0,4.0,8.0,Major Collector,rural,Bituminous surface under Asphalt Pavement Group,Aggregate,0.1,0.0,0.0,75.4,10.8,17.3,1243.9,16,No Maintenance
7317.0,517.0,50.0,8551.0,123.0,0.0,7.0,6.0,Minor Arterial,urban,Bituminous surface under Asphalt Pavement Group,Hot mix AC (Bituminous),0.0,11.0,0.0,76.5,209.7,11.6,1454.3,90,No Maintenance
3340.0,160.0,410.0,4500.0,91.5,0.0,5.0,3.0,Principal Arterial – Other Freeways and Expressways,rural,Asphalt-Concrete (AC) Overlay over Existing AC Pavement Which is under Asphalt Pavement Group,Hot mix AC (Bituminous),0.4,1.6,0.0,70.0,323.5,11.6,933.7,91,Thin Overlay
5200.0,117.0,112.0,6650.0,127.0,0.0,8.0,6.0,Principal Arterial – Other,urban,Asphalt-Concrete (AC) Overlay over Existing AC Pavement Which is under Asphalt Pavement Group,Aggregate,0.2,6.0,0.0,73.3,33.0,17.0,1368.2,23,No Maintenance
3600.0,483.0,1083.0,4320.0,48.0,0.0,7.5,20.0,Minor Arterial,rural,Bituminous surface under Asphalt Pavement Group,Aggregate,0.3,0.0,0.0,62.0,755.5,7.3,505.9,4,No Maintenance
9400.0,158.0,93.0,10100.0,198.0,0.0,3.0,13.0,Minor Arterial,urban,Bituminous surface under Asphalt Pavement Group,Aggregate,0.2,0.0,0.0,34.9,3.2,16.2,250.8,21,Thick Overlay
4495.0,54.0,0.0,6679.0,127.2,0.0,8.0,6.0,Major Collector,urban,Bituminous surface under Asphalt Pavement Group,Aggregate,0.1,0.5,0.0,84.6,61.5,8.3,2488.0,3,No Maintenance
11900.0,595.0,357.0,27965.0,57.7,0.0,10.0,12.0,Principal Arterial – Other Freeways and Expressways,urban,Bituminous surface under Asphalt Pavement Group,Aggregate,0.4,25.0,0.0,73.6,10.7,17.2,1224.0,14,Thin Overlay
300.0,65.0,78.0,400.0,202.0,0.0,10.0,8.0,Major Collector,rural,Asphalt-Concrete (AC) Overlay over Existing AC Pavement Which is under Asphalt Pavement Group,Asphalt or cement stabilized,0.1,0.0,0.0,78.2,216.0,10.4,1435.3,55,No Maintenance
9576.0,518.0,106.0,13953.0,53.5,0.0,5.5,36.0,Interstate,rural,Asphalt-Concrete (AC) Overlay over Existing AC Pavement Which is under Asphalt Pavement Group,Aggregate,0.1,2.0,0.0,83.6,978.5,5.1,1469.2,58,No Maintenance
24743.0,1039.0,4478.0,26820.0,58.0,0.0,9.0,28.0,Interstate,rural,Asphalt-Concrete (AC) Overlay over Existing AC Pavement Which is under Asphalt Pavement Group,Aggregate,0.4,0.0,0.0,81.2,622.0,7.4,1444.6,16,Thin Overlay
4200.0,874.0,986.0,6461.0,99.9,0.0,2.0,8.0,Minor Arterial,rural,Asphalt-Concrete (AC) Overlay over Existing AC Pavement Which is under Asphalt Pavement Group,Aggregate,0.4,8.0,0.0,76.2,0.0,22.1,1129.0,9,Thin Overlay
28700.0,1318.0,754.0,28800.0,120.0,7.0,1.0,10.0,Principal Arterial – Other,urban,AC Overlay over Existing Jointed Concrete Pavement Which is under Asphalt Pavement Group,Aggregate,0.2,2.0,0.0,78.2,130.1,11.5,1379.0,8,No Maintenance
63307.0,3119.0,7145.0,76728.0,72.0,0.0,9.5,18.0,Interstate,urban,Bituminous surface under Asphalt Pavement Group,Aggregate,0.1,0.0,0.0,77.7,393.9,9.3,1382.1,59,Thin Overlay
32790.0,2257.0,4580.0,36961.0,75.0,0.0,7.5,18.0,Interstate,urban,Bituminous surface under Asphalt Pavement Group,Aggregate,0.2,1.0,0.0,77.2,390.2,9.5,1399.2,54,No Maintenance
