IRI_mean_y,AADT_mean_x,AADT_Single_Unit_mean_x,AADT_Combination_mean_x,IRI_mean_x,Thickness_Rigid_mean_x,Thickness_Flexible_mean_x,Base_Thickness_mean_x,F_System_mode,Urban_Type,Surface_Type_mode,Base_Type_mode_x,Rutting_mean_x,Cracking_Percent_mean_x,Faulting_mean_x,Last_Overlay_Thickness_mean_x,RHU_AV_x,FRZ_IDX_x,TEMP_AVG_x,PRECIPITATION_x,Age_x
89.0,22429.0,767.0,4163.0,101.0,10.0,0.0,6.0,1,rural,3,2,0.0,0.0,0.0,3.5,76.0,896.3,7.3,979.6,8
123.0,22429.0,767.0,4163.0,128.0,10.0,0.0,6.0,1,small urban,3,2,0.0,0.0,0.0,3.5,76.0,896.3,7.3,979.6,8
176.0,1964.0,92.0,6.0,287.0,0.0,3.0,8.0,3,urban,2,3,0.1,0.0,0.0,1.5,67.6,1.1,20.3,894.7,72
222.0,1222.0,33.0,2.0,271.0,0.0,3.0,8.0,3,urban,2,3,0.1,0.0,0.0,1.5,67.6,1.1,20.3,894.7,73
154.0,2182.0,175.0,242.0,245.5,0.0,3.0,8.0,3,urban,2,3,0.3,0.0,0.0,1.5,68.6,9.0,18.7,1015.6,73
183.3,19601.0,568.0,196.0,196.5,0.0,3.0,8.0,3,urban,2,3,0.2,0.5,0.0,1.5,68.6,9.0,18.7,1015.6,73
208.5,14674.0,264.0,205.0,219.8,0.0,3.0,8.0,3,urban,2,3,0.2,4.8,0.0,1.5,62.8,0.0,23.0,534.0,20
196.8,35793.0,1432.0,107.0,209.9,0.0,3.0,6.0,3,urban,2,3,0.2,0.8,0.0,1.5,62.8,0.0,23.0,534.0,18
145.0,10559.0,443.0,74.0,359.0,0.0,3.0,8.0,3,urban,2,3,0.1,1.0,0.0,1.5,62.8,0.0,23.0,534.0,45
92.0,7007.0,126.0,98.0,127.0,0.0,3.0,6.0,3,urban,2,3,0.0,0.0,0.0,1.5,39.5,3.1,17.3,240.0,19
195.0,4735.0,118.0,52.0,204.0,0.0,3.0,6.0,3,urban,2,3,0.1,3.0,0.0,1.5,39.5,3.1,17.3,240.0,70
150.8,3581.0,79.0,43.0,183.0,0.0,3.0,8.0,3,urban,2,3,0.1,3.5,0.0,1.5,68.6,9.0,18.7,1015.6,73
104.5,3138.0,31.0,38.0,128.3,0.0,3.0,8.0,3,urban,2,3,0.2,0.0,0.0,1.5,68.6,9.0,18.7,1015.6,73
75.0,4867.0,58.0,10.0,79.0,0.0,3.0,6.0,4,urban,2,3,0.0,0.0,0.0,1.5,77.0,0.8,20.3,1196.0,43
105.7,25756.0,489.0,1418.0,114.7,8.0,0.0,16.0,2,urban,3,2,0.0,83.3,0.1,0.0,76.2,535.4,8.5,1068.6,27
81.3,40355.0,1129.0,6254.0,105.6,10.0,0.0,16.0,1,urban,3,2,0.0,2.6,0.1,0.0,76.8,494.6,8.6,1109.3,24
60.4,17437.0,191.0,331.0,81.2,0.0,5.5,24.0,4,urban,2,2,0.1,6.4,0.0,0.0,76.8,494.6,8.6,1109.3,8
87.0,47292.0,947.0,3357.0,115.0,10.5,0.0,14.0,2,urban,3,2,0.0,13.0,0.2,0.0,76.8,494.6,8.6,1109.3,24
65.5,46586.0,932.0,2657.0,175.0,9.5,0.0,16.0,1,urban,3,2,0.0,67.0,0.2,0.0,76.4,504.3,8.3,963.7,8
114.8,11469.0,171.0,113.0,116.2,0.0,6.0,5.0,4,urban,2,2,0.1,20.6,0.0,3.0,78.8,295.2,9.0,1060.7,70
152.5,18347.0,238.0,146.0,173.0,0.0,5.0,5.0,4,urban,2,2,0.4,0.0,0.0,5.0,78.8,295.2,9.0,1060.7,44
85.0,21020.0,273.0,168.0,97.5,0.0,6.0,5.0,4,urban,2,2,0.1,0.0,0.0,6.0,78.8,295.2,9.0,1060.7,17
66.0,11887.0,309.0,429.0,89.9,0.0,4.0,5.0,4,urban,2,2,0.1,0.0,0.0,2.0,78.8,295.2,9.0,1060.7,26
90.5,16876.0,355.0,524.0,99.5,0.0,5.0,6.0,4,urban,2,2,0.1,0.0,0.0,2.0,78.8,295.2,9.0,1060.7,54
117.0,4628.0,111.0,66.0,189.5,0.0,6.0,6.0,4,urban,2,2,0.1,0.0,0.0,1.5,78.8,295.2,9.0,1060.7,13
185.0,11524.0,300.0,426.0,192.0,0.0,6.0,6.0,3,urban,2,2,0.2,0.0,0.0,0.0,78.8,295.2,9.0,1060.7,9
73.0,46586.0,932.0,2657.0,75.8,10.0,0.0,16.0,1,urban,3,2,0.0,0.0,0.0,0.0,76.4,504.3,8.3,963.7,12
140.0,39119.0,665.0,1956.0,162.0,8.0,0.0,16.0,2,urban,3,2,0.0,0.0,0.0,0.0,76.4,504.3,8.3,963.7,29
72.5,3190.0,51.0,48.0,145.6,0.0,6.0,18.0,5,urban,2,2,0.2,32.6,0.0,2.0,76.8,451.3,9.1,1145.8,64
111.0,3190.0,51.0,48.0,112.0,0.0,7.0,18.0,4,urban,2,2,0.1,0.0,0.0,3.0,76.8,451.3,9.1,1145.8,64
62.8,17560.0,439.0,4384.0,64.3,10.5,0.0,16.0,1,urban,3,2,0.0,0.0,0.0,0.0,76.8,451.3,9.1,1145.8,13
78.2,17560.0,439.0,4384.0,83.0,11.0,0.0,16.0,1,urban,3,2,0.0,0.0,0.0,0.0,76.8,451.3,9.1,1145.8,11
70.1,17560.0,439.0,4384.0,74.2,11.0,0.0,16.0,1,urban,3,2,0.0,0.0,0.1,0.0,76.8,451.3,9.1,1145.8,11
68.7,27942.0,1342.0,4249.0,70.6,11.0,0.0,16.0,1,urban,3,2,0.0,0.0,0.1,0.0,76.8,451.3,9.1,1145.8,11
35.9,22589.0,520.0,5286.0,97.1,9.5,0.0,16.0,1,rural,3,2,0.0,3.3,0.1,0.0,76.4,476.1,9.1,1098.0,25
53.2,20834.0,505.0,4933.0,77.4,9.5,0.0,16.0,1,rural,3,2,0.0,0.0,0.1,0.0,76.4,476.1,9.1,1098.0,25
74.0,18195.0,634.0,6558.0,88.0,9.5,0.0,16.0,1,rural,3,2,0.0,0.0,0.1,0.0,76.4,476.1,9.1,1098.0,25
84.0,18195.0,634.0,6558.0,95.0,9.5,0.0,16.0,1,small urban,3,2,0.0,0.0,0.1,0.0,76.4,476.1,9.1,1098.0,23
70.5,25188.0,453.0,5793.0,83.7,9.5,0.0,16.0,1,small urban,3,2,0.0,0.0,0.1,0.0,76.4,476.1,9.1,1098.0,23
81.2,25188.0,453.0,5793.0,83.7,9.5,0.0,16.0,1,small urban,3,2,0.0,0.0,0.1,0.0,76.4,476.1,9.1,1098.0,24
65.9,25645.0,462.0,5848.0,73.2,9.5,0.0,16.0,1,rural,3,2,0.0,0.0,0.1,0.0,76.4,476.1,9.1,1098.0,22
55.5,14058.0,408.0,2263.0,56.3,10.0,0.0,26.0,1,rural,3,2,0.0,0.0,0.1,0.0,76.8,469.4,8.6,963.7,10
30.0,16050.0,433.0,2424.0,48.7,10.0,0.0,26.0,1,rural,3,2,0.0,0.0,0.1,0.0,76.8,469.4,8.6,963.7,10
73.0,36338.0,618.0,4252.0,78.0,11.0,0.0,26.0,1,urban,3,2,0.0,0.0,0.0,0.0,76.8,469.4,8.6,963.7,16
81.4,36338.0,618.0,4252.0,83.9,11.0,0.0,26.0,1,rural,3,2,0.0,0.0,0.0,0.0,76.8,469.4,8.6,963.7,16
36.5,21074.0,239.0,1666.0,112.5,0.0,5.5,24.0,2,rural,2,2,0.1,33.2,0.0,0.0,76.9,536.8,8.4,1077.2,8
41.3,44147.0,795.0,10022.0,44.5,0.0,3.5,24.0,1,urban,2,2,0.1,0.0,0.0,0.0,77.3,328.5,9.7,1104.3,9
73.4,44223.0,1149.0,6190.0,75.2,12.0,0.0,16.0,1,small urban,3,2,0.0,0.0,0.0,0.0,77.3,328.5,9.7,1104.3,16
99.0,28463.0,654.0,1849.0,112.0,9.0,0.0,16.0,2,urban,3,2,0.0,0.0,0.1,0.0,76.0,433.6,9.5,1045.2,25
69.0,79356.0,1586.0,4443.0,69.2,9.0,0.0,16.0,1,urban,3,2,0.0,0.0,0.1,0.0,75.9,543.9,8.5,1020.0,22
93.2,63967.0,1144.0,3287.0,94.8,9.0,0.0,16.0,1,rural,3,2,0.0,0.0,0.1,0.0,75.9,543.9,8.5,1020.0,18
77.0,25439.0,305.0,738.0,77.8,9.0,0.0,16.0,1,urban,3,2,0.0,0.0,0.0,0.0,75.9,543.9,8.5,1020.0,15
105.8,108679.0,2825.0,15432.0,114.0,11.0,0.0,16.0,1,urban,3,2,0.0,46.0,0.0,0.0,76.3,457.0,9.1,1050.3,20
53.2,5378.0,70.0,70.0,55.3,0.0,8.0,5.0,5,urban,2,2,0.1,0.0,0.0,3.0,78.8,295.2,9.0,1060.7,42
82.0,25906.0,518.0,1502.0,89.0,0.0,7.5,24.0,3,urban,2,2,0.2,0.0,0.0,0.0,76.0,433.6,9.5,1045.2,12
89.0,17368.0,434.0,1267.0,94.0,0.0,7.5,24.0,3,urban,2,2,0.1,0.0,0.0,0.0,76.0,433.6,9.5,1045.2,12
232.0,2367.0,87.0,3.0,244.0,0.0,20.0,12.0,5,urban,2,2,0.4,31.0,0.0,2.0,79.3,565.8,7.8,1297.0,20
38.0,84000.0,2130.0,5780.0,51.0,9.0,3.2,4.0,1,urban,7,2,0.1,0.5,0.0,3.2,76.3,98.4,12.4,1468.6,58
48.0,26000.0,690.0,860.0,51.7,0.0,11.0,12.0,1,urban,2,2,0.1,0.0,0.0,1.5,76.2,134.4,12.0,1478.0,51
39.0,46000.0,1710.0,5740.0,45.0,0.0,11.5,11.0,1,rural,2,2,0.1,0.0,0.0,4.0,,,,,53
40.9,57000.0,830.0,2860.0,42.9,8.0,7.0,4.0,1,urban,2,2,0.1,0.0,0.0,7.0,73.6,37.4,14.9,1257.3,50
49.0,72000.0,2200.0,8060.0,52.6,8.0,7.0,4.0,1,urban,2,2,0.1,0.0,0.0,7.0,73.6,37.4,14.9,1257.3,50
40.7,72000.0,2180.0,7990.0,42.3,8.0,7.0,4.0,1,urban,2,2,0.1,0.0,0.0,7.0,73.6,37.4,14.9,1257.3,50
42.6,64000.0,1950.0,7160.0,48.7,8.0,7.0,4.0,1,urban,2,2,0.1,0.0,0.0,7.0,73.6,37.4,14.9,1257.3,50
53.1,36000.0,1250.0,3220.0,55.3,8.0,6.0,4.0,1,urban,2,2,0.1,0.0,0.0,6.0,73.6,51.1,14.4,1233.2,55
50.6,24000.0,1340.0,1490.0,52.7,0.0,7.0,16.0,1,rural,2,3,0.2,0.2,0.0,3.0,78.3,22.7,16.2,1434.9,34
47.9,27000.0,1490.0,1650.0,52.6,0.0,7.0,16.0,1,rural,2,3,0.2,0.4,0.0,3.0,78.3,22.7,16.2,1434.9,34
40.9,26000.0,1480.0,1640.0,47.7,0.0,12.5,7.0,1,rural,6,3,0.1,0.0,0.0,2.5,78.3,22.7,16.2,1434.9,35
49.0,22000.0,670.0,830.0,53.0,0.0,8.0,8.0,1,rural,6,2,0.1,0.0,0.0,2.5,78.3,22.7,16.2,1434.9,35
50.6,23000.0,710.0,880.0,58.8,0.0,7.0,8.0,1,rural,6,2,0.1,0.0,0.0,2.5,78.3,22.7,16.2,1434.9,39
45.1,126000.0,2920.0,3820.0,47.1,11.0,0.5,13.0,1,urban,7,3,0.1,0.0,0.0,3.5,75.1,39.5,15.1,1277.7,38
48.5,132000.0,3060.0,4000.0,50.2,11.0,0.5,13.0,1,urban,7,3,0.1,0.0,0.0,3.5,75.1,39.5,15.1,1277.7,38
40.0,138000.0,3200.0,4180.0,43.0,11.0,0.5,13.0,1,urban,7,3,0.1,0.0,0.0,3.5,75.1,39.5,15.1,1277.7,39
81.0,103000.0,1850.0,3290.0,107.0,11.5,0.0,12.0,1,urban,3,3,0.0,0.0,0.0,0.0,74.2,49.8,14.6,1219.1,32
41.0,95000.0,3420.0,5930.0,47.0,11.5,1.5,10.0,1,urban,2,2,0.2,0.0,0.0,1.5,74.2,49.8,14.6,1219.1,33
82.8,59000.0,2130.0,3690.0,88.4,11.0,0.0,12.0,1,urban,3,3,0.0,0.0,0.0,0.0,74.2,49.8,14.6,1219.1,33
67.0,64000.0,2290.0,3970.0,87.0,11.0,0.0,12.0,1,rural,3,3,0.0,0.0,0.0,0.0,74.2,49.8,14.6,1219.1,33
53.5,140000.0,3740.0,8300.0,56.5,0.0,21.0,9.0,1,urban,2,2,0.2,0.5,0.0,2.0,74.2,49.8,14.6,1219.1,57
60.8,70000.0,2260.0,4430.0,66.1,0.0,13.0,12.0,1,urban,2,2,0.2,0.6,0.0,2.0,74.2,49.8,14.6,1219.1,65
39.6,77000.0,2490.0,4880.0,46.8,0.0,13.0,12.0,1,urban,2,2,0.1,0.2,0.0,2.0,74.2,49.8,14.6,1219.1,65
39.5,128000.0,3450.0,10140.0,85.5,0.0,15.5,12.0,1,urban,2,2,0.3,1.5,0.0,2.5,74.2,49.8,14.6,1219.1,65
35.1,128000.0,3430.0,10100.0,49.4,0.0,13.5,12.0,1,urban,2,2,0.2,0.1,0.0,2.0,74.2,49.8,14.6,1219.1,65
38.8,126000.0,3390.0,9990.0,62.0,0.0,13.0,12.0,1,urban,2,2,0.2,1.2,0.0,2.4,74.2,49.8,14.6,1219.1,65
41.1,57000.0,1580.0,6740.0,52.9,0.0,10.4,15.0,1,urban,2,2,0.2,0.1,0.0,2.0,76.9,123.0,11.9,1492.5,62
37.2,58000.0,1600.0,6800.0,40.1,0.0,10.5,15.0,1,urban,2,2,0.2,0.0,0.0,2.0,76.9,123.0,11.9,1492.5,62
40.8,57000.0,1590.0,6760.0,43.3,0.0,9.0,15.0,1,urban,2,2,0.2,0.0,0.0,2.0,76.9,123.0,11.9,1492.5,62
52.0,48000.0,1460.0,5340.0,53.8,9.0,9.5,4.0,1,rural,2,2,0.1,0.0,0.0,2.5,73.6,51.1,14.4,1233.2,66
80.0,29000.0,1000.0,2950.0,80.9,9.0,6.5,4.0,1,small urban,2,2,0.2,0.1,0.0,4.0,74.6,54.0,14.0,1345.0,63
39.7,36000.0,1130.0,1390.0,43.0,0.0,3.5,15.0,1,urban,2,2,0.1,0.0,0.0,0.0,77.6,13.6,17.0,1484.3,39
45.2,35000.0,670.0,490.0,48.3,0.0,3.8,15.0,1,urban,2,2,0.1,0.0,0.0,0.0,77.6,13.6,17.0,1484.3,39
35.9,118000.0,2610.0,8250.0,37.2,0.0,13.5,12.0,1,rural,2,2,0.1,0.2,0.0,3.5,74.8,45.9,14.8,1236.9,64
50.3,23000.0,710.0,880.0,56.2,0.0,6.5,8.0,1,rural,6,2,0.1,0.8,0.0,2.5,77.6,13.6,17.0,1484.3,39
42.7,21000.0,690.0,1820.0,48.2,0.0,7.2,16.0,1,rural,2,3,0.1,0.4,0.0,3.0,78.3,22.7,16.2,1434.9,35
41.7,20000.0,670.0,1760.0,47.4,0.0,7.6,16.0,1,rural,2,3,0.1,0.7,0.0,4.1,78.3,22.7,16.2,1434.9,35
44.6,156000.0,3530.0,3350.0,49.6,0.0,13.5,10.0,1,urban,2,2,0.2,0.0,0.0,4.0,76.1,28.6,15.6,1328.6,54
37.2,30000.0,810.0,1900.0,39.0,0.0,9.0,8.0,1,urban,2,2,0.1,0.0,0.0,1.5,74.2,49.8,14.6,1219.1,43
41.7,35000.0,950.0,2210.0,44.0,0.0,9.0,8.0,1,urban,2,2,0.1,0.0,0.0,1.5,74.2,49.8,14.6,1219.1,43
102.3,50000.0,1330.0,2450.0,103.7,11.0,0.0,11.0,1,urban,3,3,0.0,0.0,0.0,0.0,74.2,49.8,14.6,1219.1,18
51.0,55000.0,800.0,1290.0,111.5,11.0,0.0,11.0,1,urban,3,3,0.0,0.5,0.0,0.0,74.2,49.8,14.6,1219.1,18
38.5,42000.0,610.0,980.0,76.0,11.0,0.0,11.0,1,urban,3,3,0.0,0.0,0.0,0.0,74.2,49.8,14.6,1219.1,18
42.3,8300.0,310.0,1550.0,45.7,0.0,8.5,8.0,1,rural,2,2,0.2,0.3,0.0,0.0,73.9,32.8,15.4,1242.1,17
43.3,13000.0,430.0,2190.0,43.6,0.0,11.5,7.0,1,rural,2,3,0.2,0.1,0.0,1.5,73.9,32.8,15.4,1242.1,29
46.2,42000.0,1280.0,2420.0,51.2,0.0,6.5,11.0,1,small urban,2,2,0.1,0.0,0.0,1.5,73.9,32.8,15.4,1242.1,52
36.3,31000.0,850.0,1100.0,45.0,0.0,11.3,12.0,1,urban,6,2,0.1,0.0,0.0,4.7,74.2,49.8,14.6,1219.1,42
56.0,46000.0,1250.0,1440.0,59.0,0.0,10.0,15.0,1,urban,2,3,0.1,13.0,0.0,0.0,74.2,49.8,14.6,1219.1,21
30.0,21000.0,560.0,640.0,34.5,0.0,12.5,15.0,1,urban,2,3,0.2,0.0,0.0,5.0,74.2,49.8,14.6,1219.1,21
50.0,25000.0,580.0,1060.0,50.5,0.0,10.0,16.0,1,urban,2,3,0.1,0.0,0.0,0.0,74.2,49.8,14.6,1219.1,21
46.0,25000.0,580.0,1060.0,61.0,0.0,10.0,17.0,1,urban,2,3,0.1,0.0,0.0,0.0,74.2,49.8,14.6,1219.1,14
36.0,15000.0,470.0,1150.0,37.0,0.0,9.0,15.0,1,small urban,2,3,0.2,0.0,0.0,0.0,73.9,32.8,15.4,1242.1,12
43.0,15000.0,470.0,1150.0,52.0,0.0,9.0,15.0,1,small urban,2,3,0.1,0.5,0.0,0.0,73.9,32.8,15.4,1242.1,12
40.7,12000.0,310.0,1270.0,44.5,0.0,9.5,10.0,1,rural,2,2,0.3,0.0,0.0,0.0,75.2,14.3,16.9,1306.1,16
41.0,17000.0,640.0,1700.0,44.7,0.0,9.5,10.0,1,rural,2,2,0.2,0.0,0.0,0.0,75.2,14.3,16.9,1306.1,17
39.0,17000.0,640.0,1700.0,44.0,0.0,9.5,10.0,1,rural,2,2,0.4,0.0,0.0,0.0,75.2,14.3,16.9,1306.1,17
66.1,18000.0,610.0,3320.0,68.9,0.0,10.0,15.0,1,rural,2,3,0.1,0.1,0.0,2.0,74.8,100.1,12.8,1362.4,27
47.5,18000.0,620.0,3360.0,81.0,0.0,10.0,15.0,1,rural,2,3,0.3,8.7,0.0,0.0,74.8,100.1,12.8,1362.4,26
44.4,17000.0,570.0,3100.0,75.6,0.0,10.0,15.0,1,rural,2,3,0.3,2.8,0.0,0.0,74.8,100.1,12.8,1362.4,26
67.2,72000.0,1950.0,5960.0,106.9,0.0,13.5,8.0,1,urban,2,2,0.1,0.0,0.0,2.0,73.6,51.1,14.4,1233.2,55
61.0,28000.0,960.0,7990.0,96.3,12.0,0.0,10.0,1,rural,3,3,0.0,0.0,0.0,0.0,74.8,100.1,12.8,1362.4,24
38.1,132000.0,4100.0,9730.0,39.8,8.0,4.8,4.0,1,urban,3,2,0.0,0.0,0.0,4.4,73.9,36.5,15.2,1178.3,55
42.8,117000.0,3620.0,8590.0,54.6,8.0,4.5,4.0,1,urban,3,2,0.0,0.0,0.0,4.5,73.9,36.5,15.2,1178.3,55
36.0,84000.0,2610.0,6190.0,64.6,8.0,6.5,4.0,1,urban,2,2,0.1,0.0,0.0,4.5,73.9,36.5,15.2,1178.3,55
58.5,84000.0,2800.0,7470.0,171.0,8.0,6.5,4.0,1,urban,2,2,0.1,1.7,0.0,2.0,73.9,36.5,15.2,1178.3,56
90.0,81000.0,3160.0,9160.0,92.0,14.0,0.0,11.0,1,urban,3,3,0.0,0.0,0.0,0.0,74.2,49.8,14.6,1219.1,12
47.8,60000.0,1830.0,6460.0,48.7,11.0,5.5,5.0,1,urban,7,5,0.2,4.3,0.0,1.5,74.2,49.8,14.6,1219.1,42
54.0,38000.0,1040.0,2740.0,70.0,9.0,5.0,4.0,1,urban,2,3,0.1,0.0,0.0,1.7,75.1,39.5,15.1,1277.7,64
46.5,98000.0,2530.0,4070.0,82.0,13.0,0.0,11.0,1,urban,3,3,0.0,0.0,0.0,0.0,75.1,39.5,15.1,1277.7,19
40.3,100000.0,2560.0,4120.0,96.0,13.0,0.0,11.0,1,urban,3,3,0.0,0.0,0.0,0.0,75.1,39.5,15.1,1277.7,19
57.0,53000.0,1910.0,4230.0,59.0,9.0,3.3,4.0,1,urban,6,2,0.1,0.0,0.0,2.7,75.1,39.5,15.1,1277.7,68
46.0,136000.0,3840.0,11340.0,63.3,9.0,5.0,4.0,1,urban,2,2,0.2,0.3,0.0,2.5,73.6,37.4,14.9,1257.3,63
109.0,50000.0,1800.0,3990.0,111.0,9.0,0.5,4.0,1,rural,6,2,0.1,0.0,0.0,2.5,75.1,56.1,14.5,1225.7,56
111.0,129000.0,3950.0,6790.0,144.0,14.0,0.0,5.0,1,urban,3,5,0.0,0.0,0.0,0.0,73.9,25.5,15.9,1204.9,30
109.5,129000.0,3950.0,6790.0,125.7,14.0,0.0,5.0,1,urban,3,5,0.0,0.0,0.0,0.0,73.9,25.5,15.9,1204.9,29
45.0,55000.0,1500.0,3950.0,57.0,9.0,4.0,4.0,1,urban,2,3,0.1,0.0,0.0,1.5,74.8,45.9,14.8,1236.9,64
61.0,91000.0,3280.0,8630.0,72.0,14.0,0.0,13.0,1,urban,3,3,0.0,0.0,0.0,0.0,73.9,36.5,15.2,1178.3,21
36.8,47000.0,1590.0,5720.0,37.0,9.0,7.5,4.0,1,rural,7,2,0.1,0.0,0.0,4.0,76.1,37.6,15.3,1328.6,57
32.1,20000.0,900.0,1090.0,60.5,0.0,6.0,8.0,1,urban,2,2,0.3,8.2,0.0,0.0,77.6,13.6,17.0,1484.3,19
35.4,22000.0,990.0,1200.0,60.2,0.0,5.0,8.0,1,urban,2,2,0.2,0.4,0.0,0.0,77.6,13.6,17.0,1484.3,20
36.5,132000.0,2800.0,1270.0,83.0,9.0,5.5,4.0,1,urban,2,2,0.2,10.0,0.0,2.0,76.1,28.6,15.6,1328.6,62
51.7,18000.0,440.0,410.0,82.3,0.0,9.7,17.3,1,urban,2,3,0.2,0.3,0.0,3.0,74.2,49.8,14.6,1219.1,22
37.0,16000.0,550.0,930.0,45.0,0.0,8.1,8.0,1,urban,2,2,0.3,1.6,0.0,0.0,76.6,28.5,15.8,1382.6,20
45.3,15000.0,540.0,970.0,61.0,0.0,6.0,8.0,3,rural,2,2,0.2,2.0,0.0,0.0,74.4,29.9,15.5,1271.0,20
44.5,34000.0,1280.0,1480.0,46.5,8.0,8.5,4.0,2,urban,2,2,0.2,0.2,0.0,1.5,76.1,28.6,15.6,1328.6,61
34.0,57000.0,2230.0,1680.0,41.5,8.0,8.5,4.0,2,urban,2,2,0.1,0.0,0.0,1.5,76.1,28.6,15.6,1328.6,63
62.3,126000.0,3320.0,2060.0,67.3,11.0,0.0,10.0,2,urban,3,2,0.0,0.0,0.0,0.0,76.1,28.6,15.6,1328.6,19
43.0,23000.0,1080.0,710.0,107.0,0.0,8.0,12.0,2,urban,2,2,0.2,13.0,0.0,1.5,76.6,28.5,15.8,1382.6,51
47.0,28000.0,760.0,1010.0,79.0,0.0,6.8,12.0,2,urban,2,2,0.2,6.0,0.0,1.5,76.6,28.5,15.8,1382.6,51
45.2,40000.0,1080.0,1430.0,69.3,0.0,9.0,8.0,2,urban,2,2,0.1,13.0,0.0,1.5,76.6,28.5,15.8,1382.6,51
61.0,27000.0,740.0,980.0,95.0,0.0,8.0,8.0,2,urban,2,2,0.1,16.0,0.0,1.5,76.6,28.5,15.8,1382.6,51
84.0,16000.0,630.0,790.0,99.0,0.0,9.0,8.0,4,small urban,2,2,0.2,2.0,0.0,1.5,74.4,29.9,15.5,1271.0,61
83.0,25000.0,550.0,230.0,132.5,0.0,9.5,7.0,3,urban,2,3,0.1,0.0,0.0,1.5,74.8,45.9,14.8,1236.9,22
43.0,6200.0,290.0,500.0,63.7,0.0,6.5,10.0,2,rural,2,2,0.2,0.0,0.0,0.0,78.5,18.3,16.4,1441.8,15
82.7,80000.0,2260.0,2120.0,89.3,0.0,5.5,8.0,2,urban,2,2,0.3,7.7,0.0,1.5,78.7,3.3,18.3,1576.4,50
75.3,72000.0,2630.0,2540.0,77.0,0.0,7.0,2.0,2,urban,2,2,0.1,0.0,0.0,1.2,78.7,3.3,18.3,1576.4,47
43.5,6300.0,300.0,160.0,66.5,0.0,5.5,11.0,3,small urban,2,2,0.2,20.0,0.0,4.0,77.1,23.2,15.7,1383.6,41
43.9,59000.0,1420.0,1430.0,49.4,0.0,8.0,12.0,2,urban,2,2,0.1,0.0,0.0,1.5,76.3,98.4,12.4,1468.6,59
39.0,37000.0,660.0,1080.0,40.2,0.0,9.5,12.0,2,urban,2,2,0.1,0.0,0.0,1.5,76.3,98.4,12.4,1468.6,59
46.3,19000.0,600.0,400.0,52.2,0.0,10.0,14.0,3,rural,2,2,0.1,0.0,0.0,1.5,75.7,68.4,14.0,1488.8,54
81.5,18000.0,530.0,360.0,84.0,0.0,6.5,12.0,3,rural,2,2,0.2,8.5,0.0,4.5,75.7,68.4,14.0,1488.8,46
37.3,9800.0,370.0,270.0,79.4,0.0,7.0,12.0,3,rural,2,2,0.3,14.4,0.0,4.5,75.7,68.4,14.0,1488.8,46
37.0,26000.0,920.0,780.0,115.0,0.0,5.0,14.0,2,small urban,2,2,0.1,10.0,0.0,1.0,76.2,62.3,13.3,1638.1,52
45.6,22000.0,1030.0,2160.0,48.8,8.0,10.0,4.0,2,small urban,7,2,0.2,6.4,0.0,7.5,74.2,73.9,13.6,1256.0,52
34.5,14000.0,610.0,1630.0,57.7,8.0,10.0,4.0,2,rural,7,2,0.3,1.7,0.0,7.5,74.2,73.9,13.6,1256.0,52
65.0,8900.0,350.0,350.0,67.0,0.0,10.0,7.0,4,rural,2,3,0.1,0.0,0.0,2.0,74.0,65.2,13.6,1310.7,29
71.0,16000.0,720.0,800.0,71.6,0.0,8.0,8.0,2,rural,2,2,0.3,6.1,0.0,0.0,74.4,29.9,15.5,1271.0,24
42.5,41000.0,1620.0,2380.0,53.0,0.0,12.0,8.0,2,urban,2,2,0.2,35.2,0.0,1.0,77.2,35.2,15.4,1361.1,41
48.5,24000.0,1090.0,1920.0,55.8,0.0,11.5,8.0,2,urban,2,2,0.2,34.0,0.0,1.0,77.2,35.2,15.4,1361.1,36
46.6,24000.0,1090.0,1920.0,57.8,0.0,11.8,8.0,2,rural,2,2,0.2,38.0,0.0,1.1,77.2,35.2,15.4,1361.1,36
50.3,24000.0,950.0,1960.0,55.7,0.0,13.0,8.0,3,rural,2,2,0.2,5.7,0.0,2.5,76.1,37.6,15.3,1328.6,49
65.0,38000.0,1040.0,330.0,68.0,0.0,9.0,14.0,3,urban,2,2,0.1,0.0,0.0,4.0,76.3,98.4,12.4,1468.6,59
46.0,41000.0,1150.0,1890.0,50.5,0.0,10.0,8.0,2,urban,2,2,0.2,15.0,0.0,2.0,76.1,37.6,15.3,1328.6,41
36.5,37000.0,1360.0,2320.0,50.7,0.0,10.2,8.0,2,urban,2,2,0.2,29.0,0.0,2.0,76.1,37.6,15.3,1328.6,41
40.5,34000.0,1040.0,1760.0,45.7,0.0,10.5,8.0,2,urban,2,2,0.2,37.7,0.0,2.0,76.1,37.6,15.3,1328.6,41
39.0,38000.0,1100.0,1900.0,47.2,0.0,10.5,8.0,2,urban,2,2,0.2,32.8,0.0,2.0,76.1,37.6,15.3,1328.6,41
52.2,11000.0,430.0,89.0,53.4,0.0,8.0,10.0,3,small urban,2,2,0.1,0.0,0.0,4.0,74.8,41.0,14.4,1427.3,45
54.3,5500.0,310.0,290.0,65.7,0.0,5.5,8.0,2,rural,2,2,0.3,0.7,0.0,0.0,78.5,6.1,17.4,1464.5,21
61.0,5500.0,310.0,290.0,82.0,0.0,5.5,8.0,2,rural,2,2,0.4,0.0,0.0,0.0,78.5,6.1,17.4,1464.5,20
45.3,5700.0,340.0,250.0,51.0,0.0,5.5,8.0,2,rural,2,2,0.4,0.2,0.0,0.0,78.5,6.1,17.4,1464.5,20
54.2,5500.0,300.0,290.0,58.5,0.0,5.5,8.0,2,rural,2,2,0.3,5.7,0.0,0.0,77.8,17.3,16.2,1406.7,21
39.8,32000.0,1450.0,1590.0,60.5,0.0,10.1,17.0,2,urban,2,3,0.2,18.2,0.0,0.0,76.6,28.5,15.8,1382.6,17
55.6,10000.0,520.0,950.0,56.1,0.0,8.0,8.0,2,rural,2,2,0.2,1.5,0.0,1.5,78.1,18.3,16.6,1509.4,47
47.0,17000.0,740.0,790.0,52.0,0.0,9.0,8.0,2,urban,2,2,0.2,0.0,0.0,1.5,76.6,28.5,15.8,1382.6,51
68.0,25000.0,1030.0,1850.0,136.7,0.0,9.5,11.0,3,rural,2,2,0.3,6.0,0.0,1.5,78.7,3.3,18.3,1576.4,56
60.0,19000.0,810.0,1450.0,126.8,0.0,9.2,11.0,3,rural,2,2,0.3,6.7,0.0,1.5,78.7,3.3,18.3,1576.4,56
64.3,21000.0,920.0,1160.0,121.4,0.0,9.8,11.0,3,rural,2,2,0.2,9.1,0.0,1.5,78.7,3.3,18.3,1576.4,56
105.3,30000.0,1300.0,1640.0,109.0,0.0,6.5,8.0,2,urban,2,2,0.3,4.5,0.0,1.5,78.7,3.3,18.3,1576.4,49
44.0,31000.0,1480.0,3140.0,69.0,0.0,8.5,15.0,3,small urban,2,2,0.2,1.0,0.0,1.5,73.6,37.4,14.9,1257.3,61
39.5,9800.0,580.0,1410.0,40.8,0.0,12.0,16.0,2,small urban,2,3,0.2,0.0,0.0,1.5,73.2,20.9,16.3,1268.0,24
38.0,22000.0,1090.0,3050.0,39.5,0.0,10.5,8.0,2,rural,2,2,0.1,0.0,0.0,1.5,74.2,21.3,16.2,1323.6,56
44.7,18000.0,890.0,2510.0,45.1,0.0,10.0,8.0,2,small urban,2,2,0.1,3.4,0.0,1.5,74.2,21.3,16.2,1323.6,56
35.5,17000.0,740.0,2000.0,41.4,0.0,5.5,8.0,2,small urban,2,2,0.2,0.0,0.0,1.5,74.2,21.3,16.2,1323.6,41
81.8,15000.0,630.0,1760.0,85.5,0.0,9.2,8.0,3,rural,2,2,0.3,12.8,0.0,1.5,73.9,25.5,15.9,1204.9,56
79.5,13000.0,650.0,1000.0,81.5,0.0,6.5,13.0,2,small urban,2,2,0.4,4.0,0.0,2.5,76.6,28.5,15.8,1382.6,35
65.2,15000.0,630.0,960.0,67.0,0.0,5.5,15.0,3,urban,2,3,0.3,20.0,0.0,2.5,76.6,28.5,15.8,1382.6,37
45.5,14000.0,680.0,2210.0,77.5,0.0,14.0,10.0,3,small urban,2,2,0.2,0.5,0.0,1.5,73.2,20.9,16.3,1268.0,54
54.4,29000.0,1230.0,3080.0,54.6,0.0,7.0,8.0,2,rural,2,2,0.1,0.1,0.0,1.5,73.6,37.4,14.9,1257.3,27
45.3,38000.0,1800.0,3490.0,46.8,0.0,13.0,8.0,2,rural,2,2,0.1,0.0,0.0,5.0,73.6,37.4,14.9,1257.3,35
44.0,38000.0,1800.0,3490.0,45.5,0.0,13.0,8.0,2,small urban,2,2,0.1,0.0,0.0,5.0,73.6,37.4,14.9,1257.3,35
57.0,22000.0,870.0,1090.0,66.0,0.0,5.9,12.0,2,small urban,2,2,0.1,0.0,0.0,1.5,74.0,65.2,13.6,1310.7,57
76.3,26000.0,790.0,890.0,80.3,0.0,13.2,14.0,2,rural,2,2,0.2,17.6,0.0,1.5,73.6,51.1,14.4,1233.2,64
74.0,17000.0,730.0,1010.0,78.5,0.0,9.5,18.0,2,rural,2,3,0.2,3.0,0.0,0.0,73.6,51.1,14.4,1233.2,22
37.0,19000.0,550.0,450.0,86.0,0.0,7.0,6.0,3,urban,2,2,0.1,22.0,0.0,1.5,75.1,39.5,15.1,1277.7,57
45.0,15000.0,780.0,2270.0,47.2,0.0,9.5,8.0,3,rural,2,2,0.3,0.0,0.0,0.0,73.9,25.5,15.9,1204.9,16
57.2,22000.0,540.0,520.0,73.0,0.0,9.0,8.0,3,small urban,2,2,0.1,7.0,0.0,1.5,74.6,54.0,14.0,1345.0,55
79.0,9800.0,430.0,220.0,142.0,0.0,9.5,14.0,3,rural,2,2,0.2,20.0,0.0,1.5,,,,,65
65.3,15000.0,710.0,320.0,65.7,0.0,7.0,11.0,3,rural,2,2,0.1,0.0,0.0,1.5,76.2,134.4,12.0,1478.0,54
53.5,17000.0,800.0,360.0,63.0,0.0,6.5,11.0,3,rural,2,2,0.1,0.0,0.0,1.5,76.2,134.4,12.0,1478.0,54
136.5,30000.0,490.0,110.0,143.0,0.0,7.0,8.0,3,urban,2,2,0.2,25.5,0.0,0.0,78.3,8.3,17.4,1538.4,66
135.0,23000.0,670.0,220.0,147.5,0.0,6.5,10.0,4,urban,2,2,0.2,8.5,0.0,1.5,73.9,36.5,15.2,1178.3,52
68.0,15000.0,670.0,1020.0,91.0,0.0,6.5,15.0,3,urban,2,3,0.2,9.5,0.0,0.0,73.6,37.4,14.9,1257.3,19
68.7,33000.0,1800.0,1660.0,103.7,0.0,8.5,16.0,3,rural,2,3,0.2,30.6,0.0,1.5,73.6,37.4,14.9,1257.3,35
60.0,35000.0,1300.0,580.0,71.0,0.0,9.5,8.0,2,urban,2,2,0.1,0.0,0.0,0.0,77.0,3.6,18.3,1557.4,20
90.0,22000.0,1090.0,690.0,109.5,0.0,4.5,8.0,3,small urban,2,2,0.0,0.0,0.0,1.5,77.0,3.6,18.3,1557.4,48
63.0,8800.0,500.0,190.0,81.0,0.0,5.5,8.0,4,small urban,2,2,0.1,0.0,0.0,1.5,78.1,0.5,18.8,1514.2,54
54.0,24000.0,870.0,830.0,63.3,0.0,6.0,8.0,2,urban,2,2,0.2,2.0,0.0,1.5,76.0,20.8,16.3,1339.9,44
60.0,19000.0,640.0,200.0,90.0,0.0,7.0,10.0,4,urban,2,2,0.1,15.0,0.0,1.5,73.6,37.4,14.9,1257.3,56
59.5,17000.0,870.0,360.0,71.5,0.0,8.0,12.0,4,urban,2,2,0.1,0.0,0.0,1.5,78.7,3.3,18.3,1576.4,47
168.2,120.0,9.0,2.0,175.0,0.0,0.5,8.0,5,rural,2,2,0.2,2.0,0.0,0.0,74.8,41.0,14.4,1427.3,17
124.0,33000.0,1240.0,340.0,129.0,13.0,0.0,11.0,2,urban,3,3,0.0,0.0,0.0,0.0,76.1,28.6,15.6,1328.6,18
113.0,33000.0,1240.0,340.0,123.0,13.0,0.0,11.0,2,urban,3,3,0.0,0.0,0.0,0.0,76.1,28.6,15.6,1328.6,18
45.3,33336.0,1257.0,683.0,112.7,8.0,3.0,8.0,2,urban,2,2,0.1,13.7,0.0,3.0,77.5,246.4,10.9,1398.2,87
49.0,114113.0,4359.0,1689.0,64.0,9.0,4.0,8.0,3,urban,7,2,0.1,2.0,0.0,4.0,77.5,246.4,10.9,1398.2,87
48.5,107804.0,4118.0,1595.0,97.0,9.0,5.0,9.0,3,urban,7,2,0.1,8.0,0.0,2.0,77.5,246.4,10.9,1398.2,87
49.0,94969.0,3628.0,1406.0,55.0,9.0,4.0,9.0,3,urban,7,2,0.2,0.0,0.0,3.5,77.5,246.4,10.9,1398.2,87
112.0,86643.0,3310.0,1282.0,377.0,8.0,4.0,7.0,3,urban,7,2,0.2,20.0,0.0,2.0,77.5,246.4,10.9,1398.2,67
44.0,85927.0,3282.0,1272.0,91.5,9.0,4.0,9.0,3,urban,7,2,0.1,20.5,0.0,2.0,77.4,181.5,11.5,1387.7,67
39.0,58848.0,2248.0,871.0,121.0,9.0,5.0,9.0,3,urban,7,2,0.1,13.0,0.0,4.0,77.4,181.5,11.5,1387.7,89
124.5,74572.0,2849.0,1104.0,145.5,7.0,2.0,9.0,3,urban,7,2,0.1,0.0,0.0,3.0,77.4,181.5,11.5,1387.7,95
65.3,98374.0,3492.0,1269.0,71.0,8.0,4.0,8.0,2,urban,7,2,0.1,8.0,0.0,4.0,77.5,309.4,10.2,1470.4,95
58.0,124701.0,4427.0,1609.0,64.0,9.0,4.0,9.0,2,urban,7,2,0.1,11.0,0.0,4.0,77.5,309.4,10.2,1470.4,95
65.0,87130.0,3093.0,1124.0,74.0,10.0,7.0,10.0,2,urban,7,2,0.1,2.0,0.0,2.0,77.5,309.4,10.2,1470.4,95
104.0,5130.0,212.0,33.0,173.3,0.0,5.0,12.0,4,urban,2,2,0.1,0.0,0.0,2.0,78.9,73.1,12.7,1323.9,22
244.0,25396.0,744.0,135.0,269.0,0.0,10.0,14.0,4,urban,2,2,0.1,0.0,0.0,2.0,77.5,309.4,10.2,1470.4,13
55.3,20738.0,720.0,357.0,58.0,0.0,6.0,19.0,3,urban,2,2,0.1,2.7,0.0,2.0,77.6,352.9,9.7,1347.0,51
60.0,25889.0,1248.0,753.0,66.0,0.0,8.0,16.0,3,rural,2,2,0.1,20.0,0.0,2.0,77.6,352.9,9.7,1347.0,21
48.4,137377.0,4877.0,1772.0,63.0,0.0,4.0,14.0,2,urban,7,2,0.1,0.0,0.0,2.0,77.5,309.4,10.2,1470.4,55
50.0,42260.0,1593.0,866.0,54.0,0.0,11.0,12.0,2,urban,2,2,0.0,4.0,0.0,2.0,77.4,181.5,11.5,1387.7,60
71.3,41343.0,1559.0,848.0,107.3,0.0,11.0,9.0,2,urban,2,2,0.1,1.7,0.0,2.0,77.4,181.5,11.5,1387.7,60
121.0,70767.0,2279.0,892.0,206.0,9.0,2.0,9.0,2,urban,7,2,0.1,0.0,0.0,2.0,77.5,309.4,10.2,1470.4,63
70.0,27925.0,972.0,402.0,74.0,7.0,6.0,7.0,3,urban,7,2,0.0,0.0,0.0,2.0,77.5,246.4,10.9,1398.2,101
97.2,37570.0,1398.0,477.0,112.0,10.0,7.0,10.0,3,urban,7,2,0.1,1.8,0.0,2.0,77.4,181.5,11.5,1387.7,84
98.0,33263.0,1158.0,479.0,99.0,7.0,2.0,7.0,3,urban,7,2,0.1,7.0,0.0,2.0,77.4,181.5,11.5,1387.7,96
66.5,77074.0,3091.0,794.0,74.0,8.0,3.0,8.0,3,urban,7,2,0.0,0.0,0.0,3.0,77.4,181.5,11.5,1387.7,97
95.5,64098.0,2570.0,660.0,138.8,9.0,6.0,9.0,3,urban,7,2,0.1,0.3,0.0,3.0,77.5,309.4,10.2,1470.4,92
73.7,38295.0,1536.0,394.0,76.0,7.0,2.0,8.0,3,urban,7,2,0.0,5.0,0.0,2.0,77.5,309.4,10.2,1470.4,98
52.0,117384.0,4167.0,1514.0,88.0,8.0,2.0,8.0,2,urban,7,2,0.1,25.0,0.0,3.0,77.4,181.5,11.5,1387.7,98
49.0,71433.0,2693.0,1464.0,52.0,0.0,9.0,12.0,2,urban,2,5,0.1,0.0,0.0,2.0,77.5,246.4,10.9,1398.2,18
114.0,18070.0,681.0,370.0,127.0,5.0,4.0,7.0,2,urban,7,2,0.1,0.0,0.0,2.0,77.5,246.4,10.9,1398.2,69
54.0,19252.0,726.0,395.0,56.5,9.0,5.0,9.0,2,urban,7,2,0.1,8.0,0.0,2.0,77.5,246.4,10.9,1398.2,97
85.0,14142.0,552.0,157.0,96.0,0.0,2.0,9.0,3,urban,2,2,0.0,0.0,0.0,2.0,77.5,246.4,10.9,1398.2,9
58.5,10728.0,418.0,119.0,128.0,0.0,2.0,9.0,3,urban,2,2,0.1,0.0,0.0,2.0,77.5,246.4,10.9,1398.2,15
59.8,2589.0,114.0,14.0,116.3,0.0,6.0,6.0,4,rural,2,5,0.2,0.0,0.0,2.0,77.5,246.4,10.9,1398.2,65
51.8,2138.0,94.0,12.0,152.0,0.0,5.0,3.0,4,rural,2,2,0.2,0.0,0.0,2.0,77.5,246.4,10.9,1398.2,70
72.0,47534.0,2025.0,428.0,73.0,6.0,6.0,4.0,3,rural,2,2,0.0,1.0,0.0,2.0,78.9,73.1,12.7,1323.9,75
81.3,47534.0,2025.0,428.0,84.0,0.0,3.0,4.0,3,rural,2,2,0.0,5.7,0.0,2.0,78.9,73.1,12.7,1323.9,75
254.0,7878.0,307.0,87.0,291.0,0.0,9.0,12.0,3,urban,2,2,0.0,0.0,0.0,3.0,77.5,246.4,10.9,1398.2,67
71.0,22967.0,2065.0,315.0,82.0,8.0,5.0,8.0,3,rural,7,2,0.1,0.0,0.0,2.0,77.5,246.4,10.9,1398.2,52
88.4,10909.0,392.0,227.0,90.0,0.0,3.0,16.0,3,small urban,7,5,0.0,1.0,0.0,2.0,77.6,352.9,9.7,1347.0,72
47.2,32424.0,1119.0,383.0,191.2,6.0,4.0,6.0,3,urban,7,2,0.2,16.6,0.0,2.0,77.4,181.5,11.5,1387.7,98
71.0,26303.0,992.0,539.0,71.7,0.0,4.0,9.0,2,urban,7,2,0.1,0.0,0.0,4.0,77.4,181.5,11.5,1387.7,98
86.0,45423.0,1735.0,672.0,151.2,7.0,5.0,7.0,3,urban,7,2,0.2,0.0,0.0,2.5,77.4,181.5,11.5,1387.7,90
96.0,25546.0,881.0,301.0,141.0,7.0,5.0,7.0,3,urban,7,2,0.1,0.0,0.0,2.5,77.4,181.5,11.5,1387.7,90
60.0,34671.0,1196.0,409.0,60.5,9.0,6.0,9.0,3,urban,7,2,0.1,0.5,0.0,2.0,77.4,181.5,11.5,1387.7,90
90.6,31477.0,1086.0,371.0,92.9,9.0,6.0,9.0,3,urban,7,2,0.1,8.0,0.0,2.0,77.4,181.5,11.5,1387.7,90
60.5,42281.0,1226.0,516.0,91.0,7.0,5.0,7.0,3,urban,7,2,0.0,15.0,0.0,3.0,77.4,183.7,11.8,1369.8,94
54.0,32634.0,1145.0,535.0,62.0,7.0,5.0,7.0,3,urban,7,2,0.0,0.0,0.0,3.0,77.4,183.7,11.8,1369.8,94
68.0,12319.0,443.0,235.0,75.0,6.0,4.0,6.0,3,urban,7,2,0.1,0.0,0.0,3.0,77.4,138.2,12.4,1389.2,103
123.8,28514.0,1135.0,382.0,139.2,5.0,3.0,5.0,3,urban,7,2,0.2,0.0,0.0,2.0,78.9,73.1,12.7,1323.9,105
110.0,21984.0,807.0,248.0,120.0,0.0,9.0,12.0,4,urban,2,2,0.1,1.5,0.0,2.0,77.4,138.2,12.4,1389.2,22
43.0,112977.0,3853.0,2576.0,59.0,9.0,4.0,8.0,2,urban,7,2,0.1,0.0,0.0,3.0,77.4,138.2,12.4,1389.2,68
77.8,8040.0,437.0,182.0,78.0,9.0,5.0,9.0,3,rural,7,2,0.0,3.0,0.0,2.0,77.6,352.9,9.7,1347.0,72
87.2,7687.0,417.0,174.0,104.0,9.0,5.0,9.0,3,rural,7,2,0.1,1.8,0.0,2.0,77.6,352.9,9.7,1347.0,72
80.0,8002.0,423.0,108.0,88.0,8.0,5.0,8.0,4,rural,7,2,0.0,24.0,0.0,3.0,77.6,352.9,9.7,1347.0,98
110.0,118519.0,4753.0,1221.0,132.0,0.0,3.0,8.0,3,urban,2,2,0.1,0.0,0.0,2.0,77.5,309.4,10.2,1470.4,50
92.0,22151.0,917.0,151.0,136.0,0.0,10.0,16.0,4,urban,7,2,0.2,0.0,0.0,2.0,78.8,44.6,13.3,1281.0,100
112.0,24785.0,1026.0,169.0,212.0,0.0,10.0,14.0,4,urban,2,2,0.2,0.0,0.0,2.0,78.8,44.6,13.3,1281.0,20
160.0,28853.0,1195.0,196.0,295.0,8.0,4.0,8.0,4,urban,7,2,0.2,0.5,0.0,2.0,77.4,138.2,12.4,1389.2,96
83.0,23780.0,984.0,162.0,197.0,6.0,2.0,6.0,4,urban,7,2,0.3,0.0,0.0,2.0,77.4,138.2,12.4,1389.2,99
58.0,19389.0,803.0,132.0,224.0,6.0,2.0,6.0,4,urban,7,2,0.5,1.3,0.0,2.0,77.4,138.2,12.4,1389.2,99
68.0,15076.0,529.0,247.0,69.5,8.0,2.0,8.0,3,urban,7,2,0.1,3.0,0.0,2.0,77.2,144.1,12.5,1372.0,103
66.0,11661.0,672.0,477.0,163.7,8.0,2.0,8.0,3,rural,7,2,0.3,6.0,0.0,2.0,77.2,144.1,12.5,1372.0,103
47.3,6419.0,370.0,263.0,69.0,8.0,2.0,8.0,3,rural,7,2,0.1,9.0,0.0,2.0,77.2,144.1,12.5,1372.0,103
51.0,3437.0,198.0,141.0,56.5,8.0,3.0,8.0,3,rural,7,2,0.1,12.5,0.0,2.0,77.2,144.1,12.5,1372.0,49
46.0,3437.0,198.0,141.0,53.0,8.0,3.0,6.0,3,rural,7,2,0.1,1.0,0.0,2.0,77.2,144.1,12.5,1372.0,27
63.5,3437.0,198.0,141.0,65.0,8.0,3.0,6.0,3,rural,7,2,0.1,8.0,0.0,2.0,77.2,144.1,12.5,1372.0,27
62.0,7262.0,371.0,141.0,102.0,8.0,2.0,8.0,3,rural,7,2,0.1,0.0,0.0,2.0,77.4,138.2,12.4,1389.2,103
58.7,7052.0,286.0,92.0,129.2,8.0,2.0,8.0,3,small urban,7,2,0.2,3.7,0.0,2.0,77.4,138.2,12.4,1389.2,103
121.4,7852.0,319.0,102.0,151.7,8.0,2.0,8.0,3,small urban,7,2,0.2,3.6,0.0,2.0,77.4,138.2,12.4,1389.2,103
170.7,15838.0,630.0,212.0,218.3,8.0,11.0,8.0,3,small urban,7,2,0.2,4.7,0.0,2.0,77.4,138.2,12.4,1389.2,16
62.0,10298.0,418.0,134.0,177.2,8.0,3.0,8.0,3,urban,7,2,0.3,0.0,0.0,2.0,77.4,138.2,12.4,1389.2,96
44.8,7491.0,370.0,92.0,126.0,8.0,3.0,8.0,4,rural,7,2,0.2,3.4,0.0,2.0,77.4,138.2,12.4,1389.2,96
56.4,5186.0,256.0,64.0,133.4,8.0,3.0,8.0,4,rural,7,2,0.2,1.4,0.0,2.0,78.9,73.1,12.7,1323.9,96
120.0,8652.0,427.0,106.0,123.0,8.0,3.0,8.0,4,rural,7,2,0.2,7.0,0.0,2.0,78.8,44.6,13.3,1281.0,96
107.0,10165.0,455.0,102.0,107.5,0.0,8.0,8.0,4,rural,2,2,0.0,1.0,0.0,2.0,78.9,73.1,12.7,1323.9,99
66.5,8037.0,397.0,99.0,67.0,8.0,8.0,8.0,4,rural,7,2,0.0,0.0,0.0,2.0,78.9,73.1,12.7,1323.9,99
69.7,41514.0,2242.0,1536.0,74.3,0.0,7.0,18.0,2,urban,2,2,0.1,7.7,0.0,2.0,77.4,138.2,12.4,1389.2,54
57.0,38882.0,1303.0,949.0,72.5,0.0,4.0,18.0,2,urban,2,2,0.1,12.5,0.0,2.0,77.4,138.2,12.4,1389.2,27
52.3,52027.0,1743.0,1269.0,70.7,0.0,5.0,18.0,2,urban,2,2,0.1,2.3,0.0,2.0,77.4,138.2,12.4,1389.2,36
48.5,64287.0,2154.0,1569.0,63.0,0.0,5.0,18.0,2,urban,2,2,0.1,0.0,0.0,2.0,77.4,138.2,12.4,1389.2,36
173.5,9398.0,337.0,195.0,186.5,6.0,5.0,6.0,3,urban,7,2,0.3,0.0,0.0,2.0,77.6,352.9,9.7,1347.0,101
131.5,11390.0,618.0,257.0,142.5,0.0,3.0,7.0,3,rural,7,2,0.1,1.5,0.0,2.0,77.6,352.9,9.7,1347.0,101
70.3,10391.0,373.0,216.0,109.3,6.0,3.0,6.0,3,urban,7,2,0.1,7.0,0.0,3.0,77.6,352.9,9.7,1347.0,101
135.0,52823.0,1532.0,644.0,243.2,7.0,2.0,7.0,3,urban,7,2,0.3,0.0,0.0,2.0,77.4,183.7,11.8,1369.8,93
71.3,26538.0,931.0,435.0,106.7,9.0,4.0,9.0,3,urban,7,2,0.1,3.3,0.0,2.0,77.4,183.7,11.8,1369.8,93
67.5,11538.0,665.0,472.0,168.0,0.0,4.0,8.0,3,rural,7,2,0.2,0.0,0.0,3.0,77.4,183.7,11.8,1369.8,94
49.2,11538.0,665.0,472.0,231.0,0.0,4.0,8.0,3,rural,7,2,0.3,0.0,0.0,3.0,77.4,183.7,11.8,1369.8,94
58.0,12715.0,458.0,243.0,67.7,0.0,8.0,6.0,3,urban,2,2,0.1,1.7,0.0,2.0,77.4,183.7,11.8,1369.8,58
67.5,51037.0,1480.0,623.0,96.5,0.0,4.0,9.0,3,urban,2,2,0.2,0.0,0.0,3.0,77.4,183.7,11.8,1369.8,95
126.0,16042.0,664.0,109.0,133.0,6.0,3.0,6.0,4,small urban,7,2,0.1,1.3,0.0,3.0,77.4,138.2,12.4,1389.2,105
63.7,92296.0,2981.0,13041.0,92.5,0.0,7.0,7.0,1,urban,2,2,0.1,0.0,0.0,2.0,77.6,352.9,9.7,1347.0,36
62.0,98841.0,3143.0,14273.0,64.0,0.0,5.0,7.0,1,rural,2,2,0.1,0.0,0.0,2.0,77.5,246.4,10.9,1398.2,36
40.5,100461.0,3195.0,14507.0,68.5,8.0,6.0,8.0,1,rural,7,2,0.1,0.0,0.0,1.0,77.5,246.4,10.9,1398.2,99
76.3,113709.0,3218.0,6527.0,105.0,9.0,8.0,21.0,1,urban,7,2,0.3,1.7,0.0,4.0,77.5,246.4,10.9,1398.2,61
47.5,109649.0,3487.0,15833.0,68.0,0.0,8.0,21.0,1,rural,7,2,0.1,0.5,0.0,4.0,77.5,246.4,10.9,1398.2,61
44.0,121663.0,3869.0,17568.0,76.0,9.0,8.0,21.0,1,rural,7,2,0.1,0.0,0.0,4.0,77.4,181.5,11.5,1387.7,61
45.2,106678.0,3392.0,15404.0,59.6,0.0,8.0,21.0,1,rural,2,2,0.2,1.0,0.0,4.0,77.4,181.5,11.5,1387.7,61
37.6,106678.0,3392.0,15404.0,59.6,9.0,8.0,21.0,1,rural,7,2,0.1,7.0,0.0,4.0,77.4,181.5,11.5,1387.7,61
44.0,106678.0,3392.0,15404.0,52.0,9.0,8.0,21.0,1,rural,2,2,0.1,0.0,0.0,4.0,77.4,181.5,11.5,1387.7,61
58.0,106678.0,3392.0,15404.0,61.0,0.0,8.0,30.0,1,rural,2,2,0.1,0.0,0.0,4.0,77.4,181.5,11.5,1387.7,61
35.0,98432.0,2786.0,5650.0,36.0,0.0,6.0,30.0,1,urban,2,2,0.1,0.0,0.0,2.0,77.4,181.5,11.5,1387.7,61
70.0,59999.0,0.0,0.0,118.0,0.0,5.0,3.0,1,urban,7,2,0.1,0.0,0.0,2.0,77.6,352.9,9.7,1347.0,49
65.5,53685.0,0.0,0.0,78.0,0.0,5.0,3.0,1,urban,7,2,0.2,0.0,0.0,2.0,77.6,352.9,9.7,1347.0,49
72.7,53685.0,0.0,0.0,119.7,0.0,3.0,12.0,1,urban,7,2,0.2,0.0,0.0,2.0,77.6,352.9,9.7,1347.0,49
70.0,51508.0,1664.0,7278.0,78.0,0.0,4.0,31.0,1,rural,7,2,0.1,0.0,0.0,2.0,77.6,352.9,9.7,1347.0,57
48.3,59054.0,1907.0,8344.0,55.7,0.0,15.0,18.0,1,rural,2,2,0.2,0.7,0.0,1.0,77.6,352.9,9.7,1347.0,55
58.0,60695.0,0.0,0.0,59.0,0.0,15.0,18.0,1,urban,2,2,0.1,0.0,0.0,1.0,77.6,352.9,9.7,1347.0,55
68.7,113139.0,3202.0,6494.0,70.2,0.0,16.0,20.0,1,urban,2,2,0.1,0.0,0.0,1.0,77.5,309.4,10.2,1470.4,67
64.0,106944.0,3027.0,6139.0,73.0,0.0,7.0,12.0,1,urban,7,2,0.1,0.0,0.0,2.0,77.5,309.4,10.2,1470.4,55
165.0,17090.0,680.0,229.0,171.0,0.0,8.0,8.0,3,urban,7,2,0.1,1.0,0.0,3.0,78.9,73.1,12.7,1323.9,55
88.1,40195.0,1093.0,1753.0,90.1,0.0,12.5,7.0,1,urban,2,2,0.1,1.1,0.0,2.0,77.4,183.7,11.8,1369.8,51
79.0,132251.0,3518.0,5687.0,96.7,0.0,12.5,7.0,1,urban,2,2,0.0,0.0,0.0,2.5,77.4,183.7,11.8,1369.8,11
77.0,150190.0,4025.0,6458.0,80.5,0.0,12.5,7.0,1,urban,2,2,0.0,0.0,0.0,5.0,77.5,246.4,10.9,1398.2,11
79.3,150190.0,0.0,0.0,97.0,0.0,12.5,7.0,1,rural,2,2,0.0,10.0,0.0,2.5,77.5,246.4,10.9,1398.2,11
62.0,150190.0,4025.0,6458.0,75.3,0.0,12.5,7.0,1,urban,2,2,0.0,6.3,0.0,2.5,77.5,246.4,10.9,1398.2,11
97.0,150190.0,4025.0,6458.0,121.0,0.0,12.5,7.0,1,urban,2,2,0.0,0.0,0.0,5.0,77.5,246.4,10.9,1398.2,11
103.0,155638.0,4171.0,6692.0,159.0,0.0,12.5,7.0,1,urban,2,2,0.0,0.0,0.0,5.0,77.5,246.4,10.9,1398.2,11
63.5,155638.0,0.0,0.0,80.0,0.0,12.5,7.0,1,rural,2,2,0.0,4.5,0.0,2.5,77.4,181.5,11.5,1387.7,11
69.3,155638.0,4171.0,6692.0,73.0,0.0,12.5,7.0,1,urban,2,2,0.1,0.0,0.0,5.0,77.4,181.5,11.5,1387.7,26
70.0,175695.0,0.0,0.0,95.0,0.0,12.5,7.0,1,urban,2,2,0.0,0.0,0.0,5.0,77.4,181.5,11.5,1387.7,14
57.7,175695.0,0.0,0.0,61.3,0.0,12.5,7.0,1,urban,2,2,0.0,0.0,0.0,5.0,77.4,181.5,11.5,1387.7,9
83.1,175695.0,0.0,0.0,86.8,0.0,12.5,7.0,1,urban,2,2,0.0,0.0,0.0,2.5,77.4,181.5,11.5,1387.7,9
76.0,206481.0,0.0,0.0,111.6,0.0,12.5,7.0,1,urban,2,2,0.1,7.6,0.0,2.5,77.4,181.5,11.5,1387.7,13
79.8,193396.0,0.0,0.0,117.0,0.0,12.5,7.0,1,urban,2,2,0.1,0.0,0.0,5.0,77.4,181.5,11.5,1387.7,9
70.2,231585.0,0.0,0.0,125.1,0.0,12.5,7.0,1,urban,2,2,0.1,15.4,0.0,5.0,77.4,181.5,11.5,1387.7,13
125.0,269457.0,0.0,0.0,255.0,0.0,12.5,7.0,1,urban,2,2,0.3,18.0,0.0,2.5,77.4,181.5,11.5,1387.7,57
153.3,249316.0,0.0,0.0,157.7,0.0,12.5,7.0,1,urban,2,2,0.2,0.0,0.0,4.0,77.5,309.4,10.2,1470.4,57
80.7,127898.0,3696.0,7648.0,110.7,0.0,12.5,7.0,1,urban,2,2,0.2,5.0,0.0,4.0,,,,,57
65.5,257361.0,0.0,0.0,100.0,0.0,12.5,7.0,1,urban,2,2,0.2,8.0,0.0,5.0,77.5,309.4,10.2,1470.4,8
89.0,257361.0,0.0,0.0,103.0,0.0,12.5,7.0,1,urban,2,2,0.2,43.0,0.0,5.0,77.5,309.4,10.2,1470.4,11
91.1,61680.0,1789.0,752.0,137.9,9.0,4.0,9.0,3,urban,7,2,0.2,1.3,0.0,3.0,77.4,183.7,11.8,1369.8,100
151.5,50341.0,1460.0,614.0,172.5,8.0,5.0,12.0,3,urban,7,2,0.2,1.5,0.0,3.0,77.4,183.7,11.8,1369.8,75
170.2,13401.0,482.0,256.0,170.8,10.0,5.0,12.0,3,urban,7,2,0.2,1.5,0.0,3.0,77.4,183.7,11.8,1369.8,75
58.5,31834.0,1098.0,376.0,136.2,10.0,3.0,9.0,3,urban,7,2,0.2,4.8,0.0,2.0,77.5,246.4,10.9,1398.2,90
59.0,31750.0,1095.0,375.0,99.5,10.0,3.0,9.0,3,urban,7,2,0.1,0.0,0.0,2.0,77.5,246.4,10.9,1398.2,90
91.0,35713.0,1364.0,529.0,122.0,10.0,2.0,10.0,3,urban,7,2,0.1,0.0,0.0,2.0,77.4,181.5,11.5,1387.7,85
214.0,20927.0,735.0,343.0,388.0,7.0,2.0,7.0,3,urban,7,2,0.2,0.0,0.0,2.0,77.4,183.7,11.8,1369.8,90
71.0,91133.0,2442.0,3919.0,84.0,0.0,9.0,12.0,1,urban,2,2,0.1,16.0,0.0,2.0,77.5,246.4,10.9,1398.2,38
40.2,61355.0,1822.0,2473.0,42.8,0.0,12.0,10.0,1,urban,2,2,0.1,0.0,0.0,1.0,77.5,246.4,10.9,1398.2,53
43.0,52741.0,1566.0,2125.0,43.7,0.0,9.0,12.0,1,urban,2,2,0.1,8.3,0.0,1.0,78.0,130.3,12.1,1368.6,56
87.2,39432.0,1467.0,501.0,88.5,9.0,6.0,9.0,3,urban,7,2,0.2,0.0,0.0,2.5,77.4,181.5,11.5,1387.7,92
59.0,9461.0,545.0,387.0,223.0,6.0,4.0,6.0,3,rural,7,2,0.2,0.0,0.0,2.0,77.4,183.7,11.8,1369.8,96
162.0,31495.0,1105.0,517.0,167.5,8.0,8.0,12.0,3,urban,7,2,0.1,0.0,0.0,3.0,77.4,183.7,11.8,1369.8,83
70.7,21821.0,1962.0,299.0,84.0,7.0,2.0,7.0,3,rural,7,2,0.0,0.0,0.0,2.0,77.5,309.4,10.2,1470.4,96
101.5,12115.0,435.0,252.0,113.0,0.0,5.0,7.0,3,small urban,2,2,0.0,0.0,0.0,4.0,77.6,352.9,9.7,1347.0,63
48.0,19768.0,686.0,340.0,49.0,0.0,5.0,7.0,3,small urban,2,2,0.0,0.0,0.0,4.0,77.6,352.9,9.7,1347.0,63
58.0,30592.0,875.0,1912.0,61.0,0.0,8.0,24.0,1,urban,2,2,0.1,4.0,0.0,3.0,77.4,181.5,11.5,1387.7,53
48.5,50721.0,1420.0,2577.0,53.5,0.0,8.0,22.0,1,urban,2,2,0.1,3.0,0.0,2.0,77.5,309.4,10.2,1470.4,54
64.8,74093.0,2075.0,3764.0,65.8,0.0,8.0,22.0,1,urban,2,2,0.1,7.2,0.0,2.0,77.5,309.4,10.2,1470.4,54
62.3,69371.0,1942.0,3524.0,96.8,0.0,14.0,14.0,1,urban,2,2,0.1,2.0,0.0,2.0,77.4,181.5,11.5,1387.7,27
83.3,80191.0,2269.0,4603.0,107.7,0.0,12.0,16.0,1,urban,2,2,0.1,2.0,0.0,2.0,77.5,309.4,10.2,1470.4,31
115.7,25271.0,687.0,1102.0,153.0,7.0,3.0,15.0,1,urban,7,2,0.1,0.0,0.0,1.0,77.2,144.1,12.5,1372.0,60
76.0,49217.0,1339.0,2146.0,80.0,0.0,20.0,18.0,1,urban,2,2,0.4,15.0,0.0,2.0,77.4,138.2,12.4,1389.2,16
79.0,53246.0,1448.0,2322.0,84.2,0.0,20.0,18.0,1,urban,2,2,0.3,10.8,0.0,2.0,77.4,138.2,12.4,1389.2,16
46.0,71833.0,1954.0,3132.0,52.0,9.0,2.0,11.0,1,urban,7,5,0.1,2.0,0.0,1.0,77.4,138.2,12.4,1389.2,9
34.0,130996.0,3484.0,5633.0,51.0,0.0,7.0,18.0,1,urban,2,2,0.1,0.5,0.0,2.0,77.4,183.7,11.8,1369.8,46
55.9,107751.0,2866.0,4633.0,58.1,0.0,13.0,12.0,1,urban,2,2,0.1,0.1,0.0,2.0,77.4,183.7,11.8,1369.8,20
61.2,128125.0,3408.0,5509.0,70.4,0.0,13.0,12.0,1,urban,2,2,0.2,0.0,0.0,2.0,77.4,183.7,11.8,1369.8,20
45.0,112516.0,2993.0,4838.0,55.5,9.0,4.0,12.0,1,urban,7,2,0.1,0.0,0.0,2.0,77.4,183.7,11.8,1369.8,61
40.5,112516.0,2993.0,4838.0,57.2,9.0,4.0,12.0,1,urban,7,2,0.1,0.0,0.0,2.0,77.4,183.7,11.8,1369.8,61
65.2,85023.0,2262.0,3656.0,80.2,0.0,8.0,12.0,1,urban,2,2,0.2,1.0,0.0,2.0,77.4,183.7,11.8,1369.8,14
71.9,12601.0,454.0,241.0,219.7,0.0,10.0,18.0,3,urban,2,2,0.2,0.0,0.0,2.0,77.4,138.2,12.4,1389.2,49
73.5,11579.0,417.0,221.0,250.2,0.0,10.0,18.0,3,urban,2,2,0.3,0.0,0.0,2.0,77.4,138.2,12.4,1389.2,49
107.5,21045.0,739.0,345.0,111.0,0.0,0.0,8.0,3,urban,7,2,0.1,0.0,0.0,2.0,77.4,138.2,12.4,1389.2,14
123.2,29733.0,1231.0,202.0,187.8,8.0,6.0,8.0,4,urban,7,2,0.4,0.0,0.0,2.0,78.9,73.1,12.7,1323.9,95
121.0,31187.0,1291.0,212.0,238.0,8.0,3.0,8.0,4,urban,2,2,0.5,0.0,0.0,2.0,78.9,73.1,12.7,1323.9,67
71.0,7971.0,430.0,295.0,77.0,0.0,8.0,8.0,2,urban,2,2,0.1,0.0,0.0,5.0,78.8,44.6,13.3,1281.0,20
84.8,7971.0,430.0,295.0,88.0,0.0,8.0,8.0,2,urban,2,2,0.1,0.0,0.0,5.0,78.8,44.6,13.3,1281.0,21
49.0,27652.0,1446.0,362.0,95.0,0.0,8.0,8.0,2,rural,2,2,0.1,7.0,0.0,2.5,78.8,44.6,13.3,1281.0,12
47.0,27652.0,1446.0,362.0,93.5,0.0,8.0,8.0,2,rural,2,2,0.1,7.5,0.0,2.5,78.8,44.6,13.3,1281.0,12
58.0,25819.0,1350.0,338.0,90.0,0.0,8.0,8.0,2,rural,2,2,0.1,17.5,0.0,2.5,78.8,44.6,13.3,1281.0,12
69.0,25819.0,1350.0,338.0,90.0,0.0,8.0,8.0,2,rural,2,2,0.1,8.0,0.0,2.5,78.8,44.6,13.3,1281.0,13
55.0,25819.0,1350.0,338.0,95.0,0.0,8.0,8.0,2,rural,2,2,0.1,38.7,0.0,2.5,78.8,44.6,13.3,1281.0,13
51.5,32296.0,1744.0,1195.0,86.0,0.0,8.0,8.0,2,urban,2,2,0.1,43.0,0.0,2.5,78.8,44.6,13.3,1281.0,15
55.4,27659.0,1494.0,1023.0,73.7,0.0,8.0,8.0,2,urban,2,2,0.1,43.0,0.0,5.0,78.8,44.6,13.3,1281.0,18
77.6,26599.0,1436.0,984.0,132.6,0.0,8.0,8.0,2,urban,2,2,0.2,34.6,0.0,5.0,78.9,73.1,12.7,1323.9,20
58.8,60385.0,3261.0,2234.0,125.6,0.0,8.0,8.0,2,urban,2,2,0.2,8.2,0.0,2.5,78.9,73.1,12.7,1323.9,13
55.2,36876.0,1991.0,1364.0,109.2,0.0,8.0,8.0,2,urban,2,2,0.2,0.0,0.0,2.5,78.9,73.1,12.7,1323.9,13
70.0,36876.0,1991.0,1364.0,160.5,0.0,8.0,8.0,2,urban,2,2,0.2,0.0,0.0,2.5,78.9,73.1,12.7,1323.9,13
59.2,46727.0,2523.0,1729.0,71.0,0.0,8.0,8.0,2,urban,2,2,0.2,0.0,0.0,2.5,78.9,73.1,12.7,1323.9,13
41.3,40197.0,1712.0,362.0,43.6,0.0,8.0,8.0,2,rural,2,2,0.1,0.0,0.0,2.5,78.9,73.1,12.7,1323.9,13
53.5,40197.0,1712.0,362.0,58.0,0.0,8.0,8.0,2,rural,2,2,0.1,0.0,0.0,2.5,78.9,73.1,12.7,1323.9,10
58.2,39332.0,1357.0,460.0,59.7,0.0,8.0,8.0,2,rural,2,2,0.1,0.8,0.0,2.5,77.4,183.7,11.8,1369.8,11
57.8,39246.0,1480.0,805.0,60.0,0.0,8.0,8.0,2,small urban,2,2,0.1,7.1,0.0,5.0,78.0,130.3,12.1,1368.6,12
71.5,160105.0,5860.0,3170.0,89.0,0.0,8.0,8.0,2,urban,2,2,0.1,0.0,0.0,2.5,77.4,181.5,11.5,1387.7,10
46.3,160105.0,5860.0,3170.0,52.7,0.0,8.0,8.0,2,urban,2,2,0.1,0.0,0.0,5.0,77.4,181.5,11.5,1387.7,22
46.0,151984.0,5563.0,3009.0,55.0,0.0,8.0,8.0,2,urban,2,2,0.1,0.0,0.0,5.0,77.4,181.5,11.5,1387.7,22
108.8,3596.0,147.0,29.0,187.0,0.0,6.0,25.0,5,urban,6,2,0.2,3.2,0.0,1.5,81.4,462.0,8.1,1373.9,36
137.7,8678.0,373.0,69.0,157.7,0.0,6.0,22.0,4,small urban,6,2,0.3,1.3,0.0,2.0,83.4,216.1,7.8,1441.1,30
110.0,12900.0,310.0,129.0,180.0,0.0,6.0,23.0,3,urban,6,2,0.5,3.0,0.0,1.5,81.8,815.0,6.3,1323.6,33
133.3,9340.0,262.0,93.0,134.1,0.0,8.0,20.0,3,urban,6,2,0.1,0.1,0.0,1.5,81.8,815.0,6.3,1323.6,22
79.0,22388.0,1858.0,963.0,88.0,0.0,8.0,21.0,3,urban,2,2,0.2,0.0,0.0,1.2,81.8,815.0,6.3,1323.6,11
96.5,1837.0,257.0,219.0,151.1,0.0,7.0,21.0,4,rural,6,2,0.3,6.7,0.0,2.0,84.1,1442.7,3.1,1231.3,36
60.2,1630.0,236.0,124.0,224.0,0.0,7.0,21.0,4,rural,6,2,0.4,13.0,0.0,1.2,84.1,1442.7,3.1,1231.3,36
144.0,15293.0,551.0,382.0,186.8,0.0,5.0,22.0,4,urban,2,2,0.5,1.8,0.0,1.2,81.4,462.0,8.1,1373.9,19
56.0,6230.0,293.0,62.0,62.0,0.0,7.0,21.0,4,rural,6,2,0.1,0.0,0.0,1.0,81.4,462.0,8.1,1373.9,43
54.3,10533.0,474.0,95.0,57.7,0.0,6.0,22.0,4,urban,6,2,0.1,0.0,0.0,2.0,81.4,462.0,8.1,1373.9,21
119.5,23180.0,695.0,93.0,126.2,0.0,6.0,26.0,4,urban,6,2,0.2,0.2,0.0,2.0,81.4,462.0,8.1,1373.9,36
63.0,21518.0,796.0,194.0,78.0,0.0,6.0,26.0,4,urban,6,2,0.2,1.0,0.0,1.0,81.4,462.0,8.1,1373.9,36
91.1,17519.0,1174.0,701.0,117.4,0.0,10.0,24.0,4,urban,2,2,0.2,2.4,0.0,3.0,80.9,756.2,6.8,1362.0,13
104.0,26452.0,1137.0,661.0,111.0,0.0,6.0,26.0,4,urban,6,2,0.2,0.0,0.0,3.0,80.9,756.2,6.8,1362.0,36
130.3,26272.0,1103.0,657.0,137.3,0.0,6.0,27.0,4,urban,6,2,0.2,0.0,0.0,3.0,80.9,756.2,6.8,1362.0,36
73.3,12980.0,1116.0,143.0,126.7,0.0,6.0,25.0,4,urban,6,2,0.2,3.0,0.0,1.5,80.9,756.2,6.8,1362.0,36
89.5,8465.0,119.0,25.0,95.3,0.0,6.0,25.0,4,urban,6,2,0.1,0.7,0.0,1.0,80.9,756.2,6.8,1362.0,36
66.0,15621.0,515.0,625.0,111.5,0.0,6.0,17.0,5,urban,6,2,0.5,0.0,0.0,1.0,80.9,756.2,6.8,1362.0,22
54.0,13630.0,95.0,136.0,139.0,0.0,6.0,27.0,3,small urban,6,2,0.3,1.0,0.0,3.0,80.9,756.2,6.8,1362.0,36
125.0,24117.0,506.0,217.0,196.0,0.0,8.0,21.0,3,small urban,6,2,0.8,3.0,0.0,2.0,80.9,756.2,6.8,1362.0,36
148.0,16675.0,700.0,500.0,149.0,0.0,10.0,24.0,3,rural,6,2,0.4,2.0,0.0,2.0,82.4,382.8,7.8,1447.5,26
97.0,9126.0,584.0,374.0,108.2,0.0,10.0,24.0,3,rural,6,2,0.2,6.2,0.0,2.0,82.4,382.8,7.8,1447.5,26
131.0,12493.0,550.0,700.0,143.5,0.0,10.0,24.0,3,rural,6,2,0.2,2.5,0.0,2.0,82.4,382.8,7.8,1447.5,26
80.2,12997.0,806.0,429.0,137.4,0.0,9.0,20.0,3,rural,6,2,0.4,6.2,0.0,2.0,82.4,382.8,7.8,1447.5,22
51.1,11308.0,701.0,373.0,117.0,0.0,9.0,21.0,3,rural,6,2,0.4,8.6,0.0,2.0,82.4,382.8,7.8,1447.5,22
176.0,11882.0,535.0,190.0,181.8,0.0,6.0,27.0,3,small urban,6,2,0.3,5.2,0.0,1.5,83.4,216.1,7.8,1441.1,36
82.0,11998.0,408.0,180.0,91.0,0.0,6.0,26.0,3,small urban,6,2,0.4,0.0,0.0,2.0,83.4,216.1,7.8,1441.1,36
48.6,8917.0,490.0,161.0,96.5,0.0,7.0,21.0,4,rural,6,2,0.3,1.5,0.0,1.2,81.2,603.0,7.1,1415.4,17
84.8,4998.0,300.0,170.0,96.7,0.0,7.0,21.0,4,rural,2,2,0.2,1.3,0.0,1.2,83.1,670.6,6.5,1484.0,15
165.7,7615.0,487.0,145.0,170.1,0.0,6.0,22.0,4,rural,2,2,0.3,3.2,0.0,1.2,83.1,670.6,6.5,1484.0,18
68.1,1341.0,115.0,263.0,185.1,0.0,6.0,16.0,5,rural,6,2,0.4,11.9,0.0,1.5,83.1,670.6,6.5,1484.0,23
91.2,5205.0,312.0,312.0,140.9,0.0,8.0,20.0,3,rural,2,2,0.6,0.5,0.0,1.5,84.1,1442.7,3.1,1231.3,17
75.5,14588.0,408.0,204.0,89.5,0.0,11.0,17.0,3,small urban,6,2,0.2,0.0,0.0,3.0,84.1,1442.7,3.1,1231.3,17
64.6,6930.0,284.0,492.0,72.4,0.0,12.0,22.0,3,rural,6,2,0.2,0.6,0.0,1.2,84.0,1194.9,3.9,1448.3,15
243.0,9612.0,365.0,433.0,307.0,0.0,9.0,16.0,4,urban,6,2,0.3,2.0,0.0,1.5,81.8,815.0,6.3,1323.6,34
117.0,22294.0,1471.0,312.0,155.0,0.0,6.0,22.0,4,rural,6,2,0.2,0.0,0.0,1.5,81.2,603.0,7.1,1415.4,43
49.9,6099.0,421.0,311.0,69.7,0.0,6.0,22.0,3,rural,6,2,0.2,0.0,0.0,1.5,81.2,846.6,6.4,1370.8,43
49.1,5148.0,237.0,221.0,66.7,0.0,6.0,22.0,3,rural,6,2,0.2,1.1,0.0,1.0,81.3,761.1,6.7,1428.5,43
51.8,6790.0,319.0,258.0,175.4,0.0,6.0,22.0,3,rural,6,2,0.4,7.3,0.0,1.5,81.3,761.1,6.7,1428.5,43
46.8,6466.0,304.0,246.0,114.0,0.0,6.0,22.0,3,rural,6,2,0.4,1.6,0.0,1.5,81.3,761.1,6.7,1428.5,43
51.1,6909.0,960.0,152.0,81.4,0.0,6.0,22.0,3,rural,6,2,0.3,0.4,0.0,1.5,81.3,761.1,6.7,1428.5,43
171.5,17345.0,694.0,173.0,208.5,0.0,8.0,20.0,3,small urban,6,2,0.3,8.3,0.0,1.5,81.4,462.0,8.1,1373.9,37
88.5,20219.0,809.0,950.0,98.1,0.0,8.0,20.0,3,urban,6,2,0.4,5.7,0.0,1.0,81.2,622.0,7.4,1444.6,34
79.8,13311.0,612.0,719.0,117.9,0.0,8.0,20.0,3,rural,6,2,0.7,3.9,0.0,1.0,81.2,622.0,7.4,1444.6,34
59.2,11880.0,546.0,642.0,136.5,0.0,8.0,20.0,3,rural,6,2,0.4,10.0,0.0,1.0,81.2,622.0,7.4,1444.6,34
49.0,11531.0,415.0,946.0,127.0,0.0,8.0,20.0,3,rural,6,2,0.4,6.0,0.0,1.0,81.2,622.0,7.4,1444.6,34
48.5,10761.0,441.0,936.0,124.0,0.0,8.0,20.0,3,rural,6,2,0.4,16.5,0.0,1.0,81.2,622.0,7.4,1444.6,25
57.0,7853.0,322.0,613.0,91.0,0.0,8.0,21.0,3,rural,6,2,0.3,4.0,0.0,1.5,81.2,622.0,7.4,1444.6,25
76.0,7173.0,294.0,559.0,81.0,0.0,8.0,20.0,3,rural,6,2,0.4,0.0,0.0,1.5,81.2,622.0,7.4,1444.6,25
73.7,7307.0,314.0,599.0,74.9,0.0,8.0,20.0,3,rural,2,2,0.1,0.0,0.0,1.2,84.0,1194.9,3.9,1448.3,8
90.7,6315.0,316.0,404.0,123.8,0.0,10.0,21.0,3,rural,6,2,0.3,1.0,0.0,1.5,84.0,1194.9,3.9,1448.3,26
55.0,2032.0,158.0,112.0,67.0,0.0,6.0,22.0,4,rural,6,2,0.3,1.0,0.0,1.2,84.0,1194.9,3.9,1448.3,18
76.0,1976.0,99.0,81.0,211.0,0.0,6.0,22.0,4,rural,6,2,0.2,7.0,0.0,1.2,84.0,1194.9,3.9,1448.3,18
159.0,1463.0,92.0,73.0,162.4,0.0,6.0,22.0,4,rural,6,2,0.2,7.3,0.0,1.0,84.0,1194.9,3.9,1448.3,18
135.0,3128.0,197.0,106.0,141.3,0.0,11.0,21.0,4,rural,6,2,0.2,1.0,0.0,1.5,84.0,1194.9,3.9,1448.3,25
75.5,8261.0,215.0,149.0,90.5,0.0,10.0,22.0,4,rural,6,2,0.1,0.2,0.0,2.0,81.4,462.0,8.1,1373.9,21
61.0,3566.0,210.0,150.0,168.1,0.0,6.0,16.0,5,rural,6,2,0.3,2.1,0.0,1.0,80.9,756.2,6.8,1362.0,32
47.0,4399.0,273.0,167.0,71.8,0.0,6.0,16.0,5,rural,6,2,0.1,2.8,0.0,1.0,80.9,756.2,6.8,1362.0,32
131.0,394.0,64.0,53.0,261.2,0.0,6.0,16.0,5,rural,6,2,0.3,14.9,0.0,1.5,83.2,1072.5,4.8,1527.0,37
118.5,2648.0,154.0,209.0,176.3,0.0,6.0,22.0,5,rural,6,2,0.2,6.0,0.0,1.0,81.8,815.0,6.3,1323.6,30
69.0,1771.0,97.0,101.0,261.6,0.0,6.0,22.0,5,rural,6,2,0.3,18.7,0.0,1.5,81.8,815.0,6.3,1323.6,30
69.5,11271.0,349.0,169.0,107.7,0.0,6.0,18.0,4,small urban,6,2,0.2,6.3,0.0,1.5,81.2,846.6,6.4,1370.8,28
47.5,11426.0,537.0,240.0,82.3,0.0,6.0,16.0,4,small urban,6,2,0.2,1.3,0.0,1.0,81.2,846.6,6.4,1370.8,28
121.0,8503.0,179.0,128.0,133.0,0.0,6.0,18.0,5,small urban,2,2,0.2,0.0,0.0,6.0,81.4,462.0,8.1,1373.9,9
69.3,8076.0,412.0,113.0,103.7,0.0,8.0,20.0,4,urban,6,2,0.1,5.3,0.0,2.0,81.4,462.0,8.1,1373.9,27
74.4,8021.0,409.0,112.0,138.1,0.0,8.0,20.0,4,rural,6,2,0.2,5.3,0.0,2.0,81.4,462.0,8.1,1373.9,27
75.3,5462.0,279.0,76.0,108.0,0.0,8.0,20.0,4,rural,6,2,0.1,0.0,0.0,2.0,81.4,462.0,8.1,1373.9,27
86.7,6883.0,392.0,110.0,157.8,0.0,8.0,21.0,4,rural,6,2,0.2,5.8,0.0,1.5,81.4,462.0,8.1,1373.9,27
56.7,4765.0,262.0,62.0,57.9,0.0,8.0,20.0,5,rural,2,2,0.1,0.0,0.0,1.0,81.4,462.0,8.1,1373.9,22
76.5,5147.0,283.0,67.0,78.0,0.0,8.0,20.0,5,small urban,2,2,0.1,0.0,0.0,1.0,81.4,462.0,8.1,1373.9,22
117.0,2900.0,102.0,12.0,171.0,0.0,18.0,10.0,5,rural,2,2,0.1,5.0,0.0,1.5,81.4,462.0,8.1,1373.9,11
128.0,3812.0,133.0,15.0,159.0,0.0,18.0,10.0,5,small urban,2,2,0.1,2.0,0.0,1.5,81.4,462.0,8.1,1373.9,11
139.0,6246.0,325.0,125.0,146.0,0.0,8.0,22.0,5,urban,6,2,0.2,0.9,0.0,1.0,80.9,756.2,6.8,1362.0,17
132.7,12864.0,360.0,450.0,133.5,0.0,6.0,22.0,4,urban,6,2,0.2,0.0,0.0,6.0,80.9,756.2,6.8,1362.0,17
98.0,25093.0,427.0,502.0,108.0,0.0,10.0,24.0,3,urban,6,2,0.2,0.0,0.0,1.0,80.9,756.2,6.8,1362.0,23
103.7,16090.0,241.0,48.0,204.0,0.0,8.0,20.0,3,urban,6,2,0.5,4.3,0.0,2.0,81.2,622.0,7.4,1444.6,23
72.6,7349.0,367.0,96.0,160.0,0.0,6.0,22.0,4,urban,2,2,0.2,0.0,0.0,1.0,81.2,622.0,7.4,1444.6,8
72.7,2020.0,117.0,30.0,106.4,0.0,7.0,22.0,4,rural,6,2,0.2,4.1,0.0,1.2,81.2,846.6,6.4,1370.8,15
65.1,3147.0,173.0,53.0,66.0,0.0,7.0,22.0,4,rural,6,2,0.2,0.8,0.0,1.5,81.2,846.6,6.4,1370.8,15
71.0,10666.0,288.0,117.0,95.7,0.0,7.0,21.0,5,small urban,6,2,0.3,0.0,0.0,1.5,81.2,846.6,6.4,1370.8,32
82.0,14094.0,296.0,564.0,91.0,0.0,6.0,16.0,5,small urban,6,2,0.2,0.0,0.0,1.0,81.2,846.6,6.4,1370.8,18
46.3,3328.0,143.0,273.0,118.9,0.0,8.0,20.0,3,rural,6,2,0.3,2.8,0.0,1.2,81.2,603.0,7.1,1415.4,22
56.2,2873.0,121.0,391.0,82.6,0.0,9.0,22.0,3,rural,6,2,0.1,2.8,0.0,1.3,83.1,670.6,6.5,1484.0,18
75.8,5559.0,449.0,315.0,81.8,3.0,3.0,4.0,3,small urban,7,3,0.1,21.2,0.0,2.0,72.7,330.5,11.7,1049.9,103
187.8,6552.0,677.0,809.0,203.2,3.5,3.5,4.0,3,small urban,7,3,0.5,8.8,0.0,2.0,72.7,330.5,11.7,1049.9,95
68.0,43100.0,1720.0,5612.0,70.0,0.0,15.0,11.0,1,urban,2,2,0.2,7.0,0.0,0.0,74.1,11.3,11.0,860.5,16
46.2,53200.0,1362.0,4549.0,46.3,8.0,6.0,12.0,1,urban,7,2,0.2,0.0,0.0,2.0,74.1,11.3,11.0,860.5,63
52.5,42700.0,1704.0,5560.0,58.5,8.0,6.0,12.0,1,urban,7,2,0.2,0.0,0.0,2.0,74.1,11.3,11.0,860.5,63
62.0,38800.0,1548.0,5052.0,62.8,8.0,6.0,12.0,1,urban,7,2,0.2,0.1,0.0,2.0,74.1,11.3,11.0,860.5,63
55.3,40000.0,1596.0,5208.0,56.0,8.0,6.0,12.0,1,urban,7,2,0.1,0.0,0.0,2.5,74.1,11.3,11.0,860.5,64
48.0,21900.0,618.0,6333.0,54.0,0.0,11.0,11.0,1,rural,6,2,0.2,0.0,0.0,2.0,75.8,5.9,10.6,1901.3,66
79.5,28100.0,846.0,8261.0,81.3,0.0,10.5,14.0,1,rural,6,2,0.3,0.0,0.0,4.0,81.2,3.8,10.5,1222.3,59
85.0,30000.0,1287.0,7404.0,88.0,0.0,10.5,28.0,1,small urban,6,2,0.2,0.0,0.0,4.0,81.2,3.8,10.5,1222.3,70
96.0,24900.0,2084.0,7077.0,99.0,0.0,11.5,16.0,1,rural,6,2,0.2,0.0,0.0,2.5,81.2,3.8,10.5,1222.3,71
38.0,24900.0,2084.0,7077.0,62.5,0.0,11.5,16.0,1,rural,6,2,0.2,0.5,0.0,2.5,81.2,3.8,10.5,1222.3,71
45.2,24000.0,2009.0,6821.0,58.5,0.0,13.5,12.0,1,rural,6,2,0.3,0.0,0.0,2.5,81.2,3.8,10.5,1222.3,70
41.6,22900.0,1917.0,6508.0,62.7,0.0,13.5,12.0,1,rural,6,2,0.3,0.0,0.0,2.5,81.2,3.8,10.5,1222.3,70
53.7,25700.0,1097.0,8345.0,62.5,0.0,14.0,19.0,1,rural,6,2,0.2,0.2,0.0,4.0,85.8,1.7,10.6,1670.2,62
67.0,25700.0,1097.0,8345.0,69.0,0.0,14.0,19.0,1,small urban,6,2,0.2,0.0,0.0,4.0,85.8,1.7,10.6,1670.2,62
52.0,61000.0,2098.0,8333.0,66.0,0.0,9.5,12.0,1,urban,6,2,0.2,0.0,0.0,3.0,85.8,1.7,10.6,1670.2,74
57.0,67700.0,2742.0,9762.0,115.0,8.0,10.0,4.0,1,urban,7,2,0.4,0.0,0.0,8.0,84.3,5.4,10.7,1294.0,80
44.0,66100.0,2677.0,9532.0,94.0,8.0,10.0,4.0,1,urban,7,2,0.4,0.0,0.0,8.0,84.3,5.4,10.7,1294.0,80
35.0,66600.0,2697.0,9604.0,84.0,8.0,10.0,4.0,1,urban,7,2,0.4,0.0,0.0,8.0,84.3,5.4,10.7,1294.0,80
63.5,68100.0,2758.0,9820.0,65.2,0.0,8.0,19.0,1,rural,6,3,0.2,0.0,0.0,3.0,83.5,7.3,10.8,1007.2,43
62.0,67800.0,2746.0,9777.0,65.0,0.0,8.0,19.0,1,urban,6,3,0.2,0.0,0.0,3.0,83.5,7.3,10.8,1007.2,43
45.0,67800.0,2746.0,9777.0,52.0,0.0,8.0,19.0,1,urban,6,3,0.2,0.0,0.0,3.0,83.5,7.3,10.8,1007.2,43
68.3,11133.0,390.0,390.0,68.8,0.0,6.0,16.0,4,small urban,6,2,0.1,0.0,0.0,2.0,81.4,462.0,8.1,1373.9,22
77.7,4071.0,285.0,199.0,107.4,0.0,6.0,16.0,5,rural,6,2,0.2,0.4,0.0,1.0,80.9,756.2,6.8,1362.0,22
60.8,5408.0,270.0,297.0,98.5,0.0,6.0,18.0,5,rural,6,2,0.2,1.5,0.0,1.0,80.9,756.2,6.8,1362.0,22
79.4,5774.0,300.0,179.0,80.3,0.0,6.0,22.0,4,rural,6,2,0.1,0.0,0.0,1.5,80.9,756.2,6.8,1362.0,29
136.0,13353.0,628.0,374.0,194.0,0.0,11.0,23.0,4,urban,2,2,0.2,0.0,0.0,1.3,81.2,622.0,7.4,1444.6,16
84.3,13445.0,202.0,215.0,106.7,0.0,11.0,22.0,4,small urban,2,2,0.3,0.0,0.0,1.2,81.2,846.6,6.4,1370.8,16
262.0,22464.0,202.0,225.0,298.0,0.0,8.0,23.0,4,small urban,2,2,0.5,3.0,0.0,1.2,81.2,846.6,6.4,1370.8,16
89.0,10799.0,378.0,205.0,90.0,0.0,6.0,22.0,4,small urban,6,2,0.3,1.0,0.0,1.5,81.2,846.6,6.4,1370.8,29
90.9,2223.0,109.0,36.0,100.0,0.0,6.0,23.0,5,rural,6,2,0.2,3.5,0.0,2.0,81.2,846.6,6.4,1370.8,19
90.0,4213.0,223.0,135.0,92.0,0.0,6.0,16.0,4,rural,6,2,0.3,1.0,0.0,1.0,81.8,815.0,6.3,1323.6,36
67.0,6820.0,505.0,402.0,71.7,0.0,6.0,16.0,4,rural,6,2,0.2,0.0,0.0,3.0,81.8,815.0,6.3,1323.6,36
134.0,12187.0,439.0,158.0,152.0,0.0,6.0,17.0,3,urban,6,2,0.4,1.0,0.0,1.5,81.8,815.0,6.3,1323.6,29
179.0,11536.0,242.0,46.0,204.2,0.0,6.0,16.0,3,urban,6,2,0.2,5.8,0.0,1.5,81.8,815.0,6.3,1323.6,29
52.0,14650.0,1949.0,3459.9,77.2,0.0,7.0,18.0,1,rural,2,2,0.2,6.6,0.0,1.5,44.2,157.4,10.5,273.1,13
39.8,14650.0,1949.0,3459.9,61.5,0.0,7.0,18.0,1,rural,2,2,0.2,4.2,0.0,1.5,44.2,157.4,10.5,273.1,13
42.1,14650.0,1949.0,3459.9,65.0,0.0,7.0,18.0,1,rural,2,2,0.2,2.6,0.0,1.5,44.2,157.4,10.5,273.1,13
137.2,25552.0,588.0,281.0,278.5,0.0,10.0,20.0,4,urban,6,2,0.4,1.2,0.0,1.2,81.8,815.0,6.3,1323.6,16
89.3,17409.0,609.0,279.0,94.0,0.0,10.0,20.0,4,urban,6,2,0.2,0.0,0.0,1.2,81.8,815.0,6.3,1323.6,16
287.5,3132.0,147.0,91.0,305.0,0.0,13.0,22.0,4,rural,2,2,0.3,7.7,0.0,1.0,81.8,815.0,6.3,1323.6,18
55.7,1689.0,120.0,15.0,124.2,0.0,14.0,22.0,5,urban,6,2,0.2,0.0,0.0,1.0,81.8,815.0,6.3,1323.6,16
96.4,1695.0,107.0,22.0,100.8,0.0,14.0,22.0,5,urban,6,2,0.1,0.5,0.0,1.0,81.8,815.0,6.3,1323.6,16
128.7,2111.0,59.0,13.0,136.0,0.0,6.0,16.0,5,urban,6,2,0.2,0.0,0.0,1.0,81.8,815.0,6.3,1323.6,18
47.0,9023.0,451.0,144.0,91.0,0.0,6.0,16.0,4,small urban,6,2,0.2,0.0,0.0,2.0,83.4,216.1,7.8,1441.1,35
63.2,8891.0,445.0,142.0,117.7,0.0,6.0,16.0,4,rural,6,2,0.3,1.0,0.0,2.0,83.4,216.1,7.8,1441.1,35
52.5,9248.0,499.0,157.0,79.4,0.0,6.0,16.0,4,rural,6,2,0.3,0.5,0.0,2.0,83.4,216.1,7.8,1441.1,35
45.5,6930.0,416.0,132.0,65.8,0.0,6.0,16.0,4,rural,6,2,0.2,0.5,0.0,2.0,83.4,216.1,7.8,1441.1,35
54.8,6777.0,373.0,115.0,90.0,0.0,6.0,16.0,4,rural,6,2,0.3,0.3,0.0,1.5,83.4,216.1,7.8,1441.1,35
55.7,4706.0,499.0,235.0,64.1,0.0,6.0,21.0,4,rural,6,2,0.1,0.5,0.0,1.2,83.4,216.1,7.8,1441.1,21
74.1,10457.0,303.0,115.0,84.1,0.0,6.0,22.0,4,small urban,6,2,0.2,0.4,0.0,2.0,81.2,846.6,6.4,1370.8,20
97.0,741.0,31.0,64.0,149.7,0.0,5.0,17.0,5,rural,2,2,0.2,0.0,0.0,1.0,83.2,1013.5,5.0,1441.9,8
39.6,920.0,30.0,175.0,58.6,0.0,7.0,11.0,4,rural,6,5,0.1,17.8,0.0,1.5,73.8,179.2,13.2,1042.2,63
98.0,3750.0,625.0,1050.0,130.0,4.0,4.0,4.0,3,rural,7,3,0.2,5.0,0.0,2.0,74.7,117.2,14.4,1258.9,65
165.0,2100.0,125.0,21.0,166.0,0.0,4.0,7.0,5,urban,2,2,0.1,1.0,0.0,2.0,77.8,330.7,9.9,1303.1,15
69.0,56200.0,1635.0,3777.0,72.0,0.0,10.5,14.0,1,urban,6,2,0.2,0.0,0.0,2.0,80.8,20.2,10.5,1335.9,71
38.2,30300.0,1197.0,5263.0,64.0,0.0,13.0,14.0,1,urban,6,2,0.5,1.0,0.0,2.0,80.8,20.2,10.5,1335.9,76
44.8,30300.0,1197.0,5263.0,68.3,0.0,13.0,14.0,1,rural,6,2,0.3,0.0,0.0,2.0,80.8,20.2,10.5,1335.9,76
42.1,28200.0,1114.0,4898.0,94.2,0.0,12.1,14.0,1,rural,6,2,0.4,0.2,0.0,2.0,80.8,20.2,10.5,1335.9,65
41.9,28100.0,1110.0,4881.0,81.4,0.0,12.0,14.0,1,rural,6,2,0.4,0.0,0.0,2.0,80.8,20.2,10.5,1335.9,65
42.9,27400.0,1280.0,5779.0,88.7,0.0,12.0,14.0,1,rural,6,2,0.4,0.0,0.0,2.0,80.8,20.2,10.5,1335.9,65
50.1,22700.0,1060.0,4787.0,104.7,0.0,13.0,9.0,1,rural,6,2,0.3,0.0,0.0,2.5,81.9,74.6,8.4,1367.4,58
56.1,23100.0,1079.0,4872.0,105.2,0.0,13.0,9.0,1,rural,6,2,0.4,0.0,0.0,2.5,81.9,74.6,8.4,1367.4,58
57.7,23100.0,1079.0,4872.0,97.0,0.0,13.0,9.0,1,rural,6,2,0.4,0.3,0.0,2.5,81.9,74.6,8.4,1367.4,58
56.8,23200.0,1083.0,4893.0,97.3,0.0,13.0,9.0,1,rural,6,2,0.4,0.2,0.0,2.5,81.9,74.6,8.4,1367.4,58
58.7,23300.0,1088.0,4914.0,100.3,0.0,13.0,14.0,1,rural,6,2,0.3,0.2,0.0,2.5,81.9,74.6,8.4,1367.4,61
53.8,23300.0,1088.0,4914.0,96.5,0.0,13.0,14.0,1,small urban,6,2,0.4,3.5,0.0,2.5,81.9,74.6,8.4,1367.4,61
59.5,24600.0,1149.0,5188.0,104.9,0.0,13.0,14.0,1,small urban,6,2,0.4,3.0,0.0,2.5,81.9,74.6,8.4,1367.4,61
57.0,24500.0,1191.0,5091.0,107.0,0.0,11.5,15.0,1,small urban,6,2,0.4,12.0,0.0,4.0,81.9,74.6,8.4,1367.4,72
35.9,24500.0,1191.0,5091.0,75.2,0.0,11.5,15.0,1,rural,6,2,0.4,0.5,0.0,4.0,81.9,74.6,8.4,1367.4,72
37.9,24500.0,1191.0,5091.0,82.7,0.0,11.5,15.0,1,rural,6,2,0.4,1.3,0.0,4.0,74.8,98.6,8.2,537.0,72
39.2,23400.0,1137.0,4863.0,61.5,0.0,13.4,12.1,1,rural,6,2,0.6,0.1,0.0,2.1,74.8,98.6,8.2,537.0,72
47.6,23500.0,1142.0,4883.0,82.1,0.0,9.0,12.0,1,rural,6,2,0.6,0.1,0.0,7.0,74.8,98.6,8.2,537.0,66
38.2,23500.0,1142.0,4883.0,83.2,0.0,9.0,12.0,1,small urban,6,2,0.5,0.0,0.0,7.0,74.8,98.6,8.2,537.0,66
44.2,22300.0,1084.0,4634.0,87.0,0.0,9.0,12.0,1,small urban,6,2,0.4,0.0,0.0,7.0,74.8,98.6,8.2,537.0,66
51.0,22500.0,1094.0,4676.0,103.0,0.0,9.0,12.0,1,small urban,6,2,0.4,0.0,0.0,7.0,74.8,98.6,8.2,537.0,66
36.0,16700.0,820.0,4925.0,39.0,0.0,11.0,12.0,1,rural,6,2,0.1,0.0,0.0,2.0,74.8,98.6,8.2,537.0,66
43.5,15500.0,851.0,5391.0,43.8,0.0,11.5,9.0,1,rural,6,2,0.1,0.0,0.0,2.0,74.8,98.6,8.2,537.0,59
44.0,15500.0,851.0,5391.0,44.6,0.0,11.5,9.0,1,rural,6,2,0.1,0.0,0.0,2.0,70.0,77.6,9.9,442.0,59
47.4,12500.0,686.0,4348.0,49.7,0.0,11.5,9.0,1,rural,6,2,0.1,0.0,0.0,2.0,70.0,77.6,9.9,442.0,59
35.0,12500.0,686.0,4348.0,35.5,0.0,11.5,9.0,1,rural,6,2,0.1,0.0,0.0,2.0,70.0,77.6,9.9,442.0,59
52.5,12400.0,681.0,4313.0,53.5,0.0,7.5,14.0,1,rural,6,2,0.2,0.0,0.0,3.0,67.9,113.5,8.5,810.9,55
52.2,12400.0,681.0,4313.0,52.7,0.0,7.5,14.0,1,rural,6,2,0.2,0.0,0.0,3.0,67.9,113.5,8.5,810.9,55
40.8,12500.0,254.0,3089.0,41.0,0.0,12.0,29.0,1,rural,6,2,0.1,0.0,0.0,2.5,67.9,113.5,8.5,810.9,61
33.2,12600.0,256.0,3113.0,34.0,0.0,12.0,17.0,1,rural,6,2,0.1,0.0,0.0,2.5,61.5,53.9,11.4,322.8,61
65.0,2800.0,154.0,1210.0,67.0,0.0,7.0,18.0,4,rural,6,2,0.2,0.0,0.0,2.0,69.5,327.8,6.2,1159.2,71
91.9,2169.0,191.0,154.0,139.5,0.0,6.0,16.0,5,rural,6,2,0.3,2.8,0.0,1.0,83.2,1072.5,4.8,1527.0,28
140.1,1678.0,159.0,40.0,208.1,0.0,6.0,22.0,5,rural,6,2,0.3,18.5,0.0,1.5,83.2,1072.5,4.8,1527.0,35
98.0,2577.0,134.0,49.0,101.0,0.0,10.0,21.0,5,rural,2,2,0.2,0.0,0.0,1.5,83.8,1144.1,4.4,1502.9,13
129.7,3421.0,79.0,34.0,346.9,0.0,8.0,22.0,5,small urban,6,2,0.3,27.0,0.0,1.0,81.2,846.6,6.4,1370.8,34
171.0,16337.0,376.0,490.0,189.0,0.0,6.0,23.0,4,urban,6,2,0.2,3.0,0.0,1.5,80.9,756.2,6.8,1362.0,36
199.2,14874.0,461.0,74.0,201.3,0.0,6.0,22.0,4,urban,6,2,0.2,0.8,0.0,1.5,80.9,756.2,6.8,1362.0,36
125.0,8238.0,255.0,41.0,154.0,0.0,6.0,22.0,4,urban,6,2,0.2,0.0,0.0,1.5,80.9,756.2,6.8,1362.0,36
108.5,11876.0,689.0,309.0,112.0,0.0,8.0,20.0,3,urban,6,2,0.2,1.5,0.0,1.5,80.9,756.2,6.8,1362.0,36
38.0,15509.0,713.0,512.0,105.0,0.0,6.0,22.0,4,rural,6,2,0.2,0.0,0.0,1.5,80.9,756.2,6.8,1362.0,36
42.0,12141.0,558.0,401.0,114.1,0.0,6.0,22.0,4,rural,6,2,0.3,1.2,0.0,1.5,80.9,756.2,6.8,1362.0,36
67.6,11149.0,569.0,836.0,186.7,0.0,6.0,17.0,3,rural,6,2,0.3,9.5,0.0,1.0,80.9,756.2,6.8,1362.0,19
55.5,7225.0,701.0,520.0,56.5,0.0,6.0,16.0,3,rural,6,2,0.2,0.0,0.0,1.2,80.9,756.2,6.8,1362.0,19
182.2,6606.0,297.0,495.0,199.3,0.0,8.0,21.0,3,rural,6,2,0.3,12.3,0.0,1.0,83.2,1013.5,5.0,1441.9,27
118.7,4713.0,236.0,269.0,151.0,0.0,6.0,21.0,3,rural,6,2,0.4,6.0,0.0,1.0,83.2,1013.5,5.0,1441.9,24
44.5,5412.0,271.0,308.0,78.9,0.0,6.0,21.0,3,rural,6,2,0.3,0.1,0.0,1.0,83.2,1013.5,5.0,1441.9,24
65.4,680.0,10.0,219.0,129.7,0.0,6.0,16.0,5,rural,6,2,0.2,7.8,0.0,1.0,84.0,1194.9,3.9,1448.3,19
64.9,495.0,20.0,30.0,78.5,0.0,5.0,3.5,5,rural,6,5,0.0,18.5,0.0,1.5,73.2,212.6,12.8,1078.5,70
53.5,495.0,20.0,30.0,79.6,0.0,5.0,3.5,5,rural,6,5,0.1,23.5,0.0,1.5,73.2,212.6,12.8,1078.5,92
48.0,2710.0,50.0,30.0,90.0,0.0,5.0,3.5,5,rural,6,5,0.3,60.0,0.0,1.5,73.2,212.6,12.8,1078.5,73
59.1,1000.0,40.0,185.0,90.9,0.0,7.0,6.0,4,rural,6,5,0.1,2.1,0.0,1.5,73.2,212.6,12.8,1078.5,63
51.2,29411.0,1265.0,668.0,80.0,0.0,4.8,9.0,2,urban,6,2,0.3,7.0,0.0,1.8,84.6,61.5,8.3,2488.0,42
73.8,4971.0,261.0,295.0,77.9,0.0,8.2,16.4,2,rural,6,3,0.3,0.6,0.0,2.6,63.8,202.9,9.5,542.0,66
42.8,21499.0,679.0,267.0,87.5,0.0,13.1,8.6,2,urban,6,2,0.5,0.3,0.0,3.4,69.7,269.2,8.3,666.7,73
38.8,18254.0,678.0,288.0,51.5,0.0,8.4,13.8,2,rural,6,2,0.4,1.3,0.0,2.4,69.7,269.2,8.3,666.7,33
35.8,14851.0,601.0,264.0,50.8,0.0,8.4,13.8,2,rural,6,2,0.5,2.8,0.0,2.4,69.7,269.2,8.3,666.7,33
38.0,14147.0,573.0,252.0,49.0,0.0,8.4,13.8,2,rural,6,2,0.2,2.0,0.0,2.4,69.7,269.2,8.3,666.7,33
97.0,1100.0,19.0,19.0,122.0,4.0,4.0,4.0,5,small urban,7,3,0.2,0.0,0.0,2.0,74.7,249.6,12.4,1249.9,104
123.0,5347.0,315.0,80.0,127.7,0.0,6.0,17.0,5,small urban,2,2,0.2,0.3,0.0,1.0,81.4,462.0,8.1,1373.9,22
67.5,10092.0,575.0,202.0,75.0,0.0,19.0,23.0,5,urban,6,2,0.1,0.0,0.0,1.0,80.9,756.2,6.8,1362.0,25
78.0,1790.0,116.0,20.0,98.0,0.0,19.0,22.0,5,rural,6,2,0.1,0.0,0.0,1.0,83.2,1013.5,5.0,1441.9,29
69.0,8420.0,30.0,260.0,192.0,9.0,2.5,4.0,3,small urban,7,2,0.1,34.0,0.0,2.0,72.4,286.6,12.1,1059.6,55
124.0,10900.0,20.0,270.0,192.0,9.0,2.0,4.0,3,small urban,7,2,0.1,18.0,0.0,2.0,72.4,286.6,12.1,1059.6,55
74.2,13906.0,659.0,318.0,78.2,0.0,7.6,6.4,3,rural,6,2,0.4,0.0,0.0,1.8,85.0,42.2,8.2,2543.6,88
71.2,16528.0,616.0,322.0,75.9,0.0,7.8,14.3,2,urban,6,2,0.2,0.1,0.0,1.8,82.4,9.5,10.6,888.4,89
48.4,45324.0,1314.0,893.0,63.7,0.0,7.8,6.0,2,urban,6,2,0.4,0.6,0.0,1.8,82.4,9.5,10.6,888.4,43
92.7,16299.0,1224.0,722.0,93.5,0.0,7.5,6.0,3,rural,6,2,0.2,0.0,0.0,2.4,82.4,9.5,10.6,888.4,93
111.0,16019.0,1177.0,968.0,120.3,0.0,6.7,7.0,3,rural,6,2,0.2,0.0,0.0,2.4,82.4,9.5,10.6,888.4,93
79.0,12137.0,436.0,535.0,86.0,3.0,3.0,4.0,3,urban,7,5,0.2,1.0,0.0,2.0,76.6,649.7,8.5,1087.4,86
92.3,3800.0,511.0,461.0,95.5,0.0,9.0,16.0,3,rural,6,2,0.4,0.0,0.0,5.0,69.4,89.1,8.7,491.1,67
88.8,10200.0,1566.0,1125.0,111.9,0.0,10.4,12.0,3,rural,6,2,0.4,0.2,0.0,4.8,69.4,89.1,8.7,491.1,78
87.0,17400.0,3089.0,1502.0,90.0,0.0,5.0,9.0,3,small urban,6,5,0.5,0.0,0.0,4.0,70.3,169.2,7.3,532.3,34
61.9,4600.0,235.0,1443.0,97.3,0.0,16.5,10.1,3,rural,6,2,0.2,6.6,0.0,4.9,70.9,196.8,7.4,898.9,69
63.7,5900.0,183.0,1220.0,66.7,0.0,9.5,17.0,3,small urban,6,2,0.3,0.0,0.0,5.0,70.9,196.8,7.4,898.9,66
52.0,6200.0,192.0,1282.0,62.0,0.0,11.5,16.0,3,small urban,6,2,0.4,0.0,0.0,5.0,70.9,196.8,7.4,898.9,56
63.2,4400.0,583.0,1341.0,63.8,0.0,15.0,13.0,3,rural,6,2,0.3,0.6,0.0,4.0,70.9,196.8,7.4,898.9,91
209.4,1001.0,53.0,17.0,314.0,0.0,6.0,17.0,5,rural,6,2,0.6,19.8,0.0,1.5,81.8,815.0,6.3,1323.6,25
148.0,1270.0,57.0,18.0,274.5,0.0,6.0,16.0,5,rural,6,2,0.4,32.5,0.0,1.0,81.8,815.0,6.3,1323.6,17
124.9,1277.0,57.0,14.0,191.2,0.0,6.0,16.0,5,rural,6,2,0.4,1.2,0.0,2.0,81.8,815.0,6.3,1323.6,25
91.2,3977.0,390.0,151.0,235.0,0.0,6.0,16.0,5,urban,6,2,0.2,10.2,0.0,2.0,81.8,815.0,6.3,1323.6,25
89.5,2231.0,172.0,149.0,91.0,0.0,8.2,11.0,3,rural,6,2,0.3,1.9,0.0,1.8,88.3,5.3,9.7,2024.6,60
112.5,1440.0,119.0,100.0,116.0,0.0,5.8,6.0,3,rural,6,2,0.2,1.0,0.0,1.8,87.2,12.4,9.6,1637.3,87
80.0,14331.0,499.0,82.0,102.0,0.0,9.7,28.2,3,urban,6,2,0.2,1.0,0.0,1.8,82.9,36.1,9.4,2206.8,40
70.9,23400.0,1560.0,802.0,76.9,0.0,11.4,10.0,3,urban,2,2,0.3,4.8,0.0,0.0,75.8,0.2,21.7,1127.8,14
73.5,980.0,224.0,74.0,75.5,0.0,6.5,16.0,3,rural,6,2,0.2,1.0,0.0,2.5,64.6,313.6,6.6,587.8,41
92.1,950.0,217.0,72.0,92.4,0.0,6.5,14.0,3,rural,6,2,0.2,0.5,0.0,2.2,64.6,313.6,6.6,587.8,61
106.7,1100.0,251.0,83.0,113.1,0.0,5.0,12.0,3,rural,6,2,0.1,0.1,0.0,2.0,64.6,313.6,6.6,587.8,71
84.4,1200.0,207.0,118.0,85.8,0.0,5.0,12.0,3,rural,6,2,0.2,0.0,0.0,2.0,64.6,313.6,6.6,587.8,71
94.8,740.0,121.0,85.0,96.7,0.0,6.0,14.0,3,rural,6,2,0.1,0.0,0.0,2.0,64.6,313.6,6.6,587.8,36
74.5,280.0,65.0,36.0,76.7,0.0,6.0,9.0,3,rural,6,2,0.1,0.0,0.0,4.0,64.8,393.4,6.7,468.4,87
98.1,330.0,77.0,42.0,99.6,0.0,5.4,11.1,3,rural,6,2,0.1,0.1,0.0,2.5,64.8,393.4,6.7,468.4,79
96.1,270.0,43.0,46.0,99.9,0.0,4.0,13.0,3,rural,2,2,0.2,0.0,0.0,0.0,52.9,278.4,8.1,560.1,32
98.9,300.0,47.0,51.0,103.2,0.0,4.0,12.0,3,rural,6,3,0.2,3.9,0.0,2.5,52.9,278.4,8.1,560.1,46
85.0,460.0,73.0,78.0,90.0,0.0,5.5,14.0,3,rural,6,2,0.2,0.0,0.0,2.5,52.9,278.4,8.1,560.1,45
79.8,450.0,71.0,76.0,84.0,0.0,6.0,8.0,3,rural,6,2,0.2,0.0,0.0,2.5,52.9,278.4,8.1,560.1,55
79.4,550.0,77.0,57.0,84.9,0.0,6.0,8.0,3,rural,6,2,0.2,0.0,0.0,2.5,52.9,278.4,8.1,560.1,55
126.2,980.0,137.0,102.0,128.4,0.0,5.0,8.0,3,rural,6,2,0.2,0.2,0.0,2.0,52.9,278.4,8.1,560.1,51
125.5,1900.0,292.0,137.0,126.7,0.0,5.0,8.0,3,rural,6,2,0.2,1.0,0.0,2.0,52.9,278.4,8.1,560.1,51
55.2,71026.0,1733.0,3296.0,60.2,6.1,11.2,6.9,1,urban,7,2,0.5,0.0,0.0,8.7,80.8,20.2,10.5,1335.9,63
60.0,74529.0,3405.0,7416.0,61.5,9.0,5.8,9.0,1,urban,7,2,0.3,0.0,0.0,1.8,80.8,20.2,10.5,1335.9,70
50.9,68116.0,2813.0,8787.0,51.5,0.0,9.3,9.7,1,rural,6,2,0.3,0.6,0.0,1.8,82.9,36.1,9.4,2206.8,53
35.7,52005.0,3135.0,7953.0,66.1,9.0,10.9,5.2,1,urban,6,3,0.4,2.6,0.0,1.8,82.9,36.1,9.4,2206.8,44
50.5,56463.0,3546.0,8814.0,60.4,0.0,7.6,7.8,1,urban,6,3,0.4,4.8,0.0,1.8,82.9,36.1,9.4,2206.8,49
66.6,56798.0,3567.0,8866.0,69.4,9.0,5.8,4.6,1,rural,7,3,0.3,1.4,0.0,4.2,82.9,36.1,9.4,2206.8,49
63.0,52396.0,3290.0,8179.0,66.4,9.0,4.8,4.8,1,rural,7,3,0.2,1.2,0.0,4.8,82.9,36.1,9.4,2206.8,49
60.7,66858.0,4199.0,10437.0,70.3,9.0,5.4,7.4,1,small urban,7,2,0.3,0.0,0.0,1.8,87.2,12.4,9.6,1637.3,69
50.8,65399.0,3563.0,9690.0,52.6,9.0,10.7,6.9,1,small urban,6,2,0.2,1.2,0.0,1.8,87.2,12.4,9.6,1637.3,52
39.7,60603.0,2079.0,7812.0,42.3,0.0,11.2,7.2,1,small urban,6,2,0.2,0.0,0.0,8.8,86.7,10.3,10.0,1629.6,14
42.2,65799.0,2223.0,8137.0,43.5,0.0,10.7,7.4,1,rural,6,2,0.2,0.0,0.0,10.3,86.7,10.3,10.0,1629.6,14
52.2,72869.0,2376.0,8125.0,56.7,0.0,7.8,9.9,1,urban,6,3,0.1,0.0,0.0,1.8,86.7,10.3,10.0,1629.6,70
52.8,80914.0,2889.0,7600.0,58.0,0.0,6.7,9.0,1,urban,6,3,0.1,0.0,0.0,1.8,86.7,10.3,10.0,1629.6,70
51.5,125170.0,3367.0,8925.0,52.2,0.0,4.7,9.0,1,rural,6,3,0.2,0.0,0.0,1.8,84.0,25.0,9.4,1628.8,68
53.6,122831.0,3646.0,9861.0,54.5,0.0,4.6,9.1,1,urban,6,3,0.3,0.1,0.0,1.8,84.0,25.0,9.4,1628.8,68
47.7,129100.0,3815.0,9635.0,48.8,0.0,11.8,7.7,1,urban,6,3,0.2,1.7,0.0,1.8,84.0,25.0,9.4,1628.8,66
38.5,106529.0,3217.0,5412.0,99.0,0.0,12.8,3.6,1,urban,6,2,0.8,11.7,0.0,1.8,84.6,61.5,8.3,2488.0,54
43.9,47080.0,1050.0,2090.0,46.2,9.0,8.1,7.0,1,rural,7,2,0.1,0.0,0.0,8.1,84.0,148.9,6.9,3145.3,59
46.3,40539.0,1073.0,2385.0,49.2,0.0,11.4,4.6,1,urban,6,2,0.1,0.0,0.0,1.8,82.7,44.3,9.6,1629.7,61
48.7,31077.0,870.0,1992.0,54.3,0.0,11.4,4.6,1,urban,6,2,0.1,0.0,0.0,1.8,82.7,44.3,9.6,1629.7,61
42.5,31014.0,868.0,1988.0,45.8,0.0,11.4,4.6,1,rural,6,2,0.1,0.0,0.0,1.8,82.7,44.3,9.6,1629.7,61
99.0,3150.0,225.0,90.0,102.0,4.0,4.0,4.0,4,small urban,7,3,0.2,28.5,0.0,2.0,74.8,499.5,9.9,1060.9,90
35.0,13900.0,467.0,3952.0,85.0,0.0,7.0,19.0,1,rural,6,3,0.3,0.0,0.0,1.5,69.5,327.8,6.2,1159.2,54
39.6,15200.0,511.0,4321.0,72.6,0.0,7.0,19.0,1,rural,6,3,0.3,1.0,0.0,1.5,69.5,327.8,6.2,1159.2,54
48.0,11300.0,380.0,3213.0,88.0,0.0,7.0,19.0,1,rural,6,3,0.3,1.0,0.0,1.5,69.5,327.8,6.2,1159.2,54
60.0,11000.0,370.0,3127.0,80.0,0.0,9.5,11.0,1,rural,6,2,0.2,0.0,0.0,2.0,69.5,327.8,6.2,1159.2,66
37.6,9900.0,365.0,3990.0,59.2,0.0,11.0,29.0,1,rural,6,2,0.3,0.1,0.0,6.0,64.8,393.4,6.7,468.4,63
44.0,10000.0,369.0,4030.0,76.7,0.0,11.0,29.0,1,rural,6,2,0.3,0.0,0.0,6.0,64.8,393.4,6.7,468.4,63
53.0,10000.0,369.0,4030.0,150.0,0.0,13.0,22.0,1,rural,6,2,0.3,0.0,0.0,2.0,64.8,393.4,6.7,468.4,53
44.8,10000.0,369.0,4030.0,48.1,0.0,13.0,22.0,1,rural,6,2,0.1,0.0,0.0,2.0,64.8,393.4,6.7,468.4,53
37.9,10000.0,499.0,3915.0,50.3,0.0,13.0,22.0,1,rural,6,2,0.1,0.0,0.0,2.0,64.8,393.4,6.7,468.4,54
37.9,10000.0,369.0,4030.0,47.3,0.0,13.0,22.0,1,rural,6,2,0.1,0.0,0.0,2.0,64.8,393.4,6.7,468.4,54
40.3,10000.0,369.0,4030.0,40.6,0.0,13.0,22.0,1,rural,6,2,0.1,0.0,0.0,2.0,64.8,393.4,6.7,468.4,54
85.7,9900.0,365.0,3990.0,86.0,0.0,14.0,11.0,1,rural,6,2,0.2,0.0,0.0,2.0,64.8,393.4,6.7,468.4,22
58.7,10700.0,319.0,4391.0,59.2,0.0,11.0,24.0,1,rural,6,2,0.3,0.1,0.0,4.0,52.9,278.4,8.1,560.1,67
37.5,15700.0,579.0,6327.0,40.2,0.0,10.0,29.0,1,small urban,6,2,0.1,0.0,0.0,2.0,52.9,278.4,8.1,560.1,65
35.2,20300.0,822.0,4553.0,36.3,0.0,10.0,29.0,1,small urban,6,2,0.1,0.0,0.0,2.0,52.9,278.4,8.1,560.1,65
55.0,7650.0,550.0,930.0,58.0,0.0,13.0,11.5,2,rural,6,5,0.2,0.7,0.0,1.5,73.8,179.2,13.2,1042.2,29
75.9,6250.0,190.0,980.0,82.0,10.0,0.0,4.0,2,rural,3,3,0.0,0.6,0.0,0.0,73.8,179.2,13.2,1042.2,19
56.5,10510.0,459.0,289.0,56.6,0.0,7.0,10.2,4,rural,6,3,0.1,0.8,0.0,1.8,87.2,12.4,9.6,1637.3,63
51.7,575.0,40.0,60.0,54.0,4.0,4.0,4.0,4,rural,7,3,0.0,0.0,0.0,2.0,73.4,244.2,12.6,1153.5,87
65.6,2900.0,525.0,292.0,68.7,0.0,7.5,12.0,3,rural,6,2,0.2,0.5,0.0,4.0,70.3,169.2,7.3,532.3,61
77.4,1700.0,40.0,248.0,77.8,0.0,11.9,6.0,3,rural,6,2,0.2,0.0,0.0,4.1,70.3,169.2,7.3,532.3,73
84.1,1700.0,40.0,248.0,84.5,0.0,10.6,6.0,3,rural,6,2,0.1,0.0,0.0,4.2,68.6,264.3,6.8,551.6,73
67.6,1500.0,35.0,218.0,70.4,0.0,13.5,6.0,3,rural,6,2,0.1,0.1,0.0,4.5,56.8,162.7,8.7,418.2,73
79.2,1800.0,246.0,392.0,80.6,0.0,10.5,7.1,3,rural,6,2,0.2,0.0,0.0,2.5,56.8,162.7,8.7,418.2,65
90.0,1300.0,147.0,447.0,91.4,0.0,10.0,8.0,3,rural,6,2,0.2,0.0,0.0,2.5,56.8,162.7,8.7,418.2,47
113.6,1500.0,180.0,477.0,118.3,0.0,10.5,12.0,3,rural,6,2,0.1,0.0,0.0,2.5,52.9,278.4,8.1,560.1,66
102.5,1700.0,265.0,487.0,112.5,0.0,8.0,12.0,3,rural,6,2,0.2,4.6,0.0,2.5,52.9,278.4,8.1,560.1,62
79.9,2200.0,341.0,382.0,83.7,0.0,8.0,12.0,3,rural,6,2,0.2,0.6,0.0,4.0,52.9,278.4,8.1,560.1,69
204.0,2000.0,119.0,20.0,211.0,0.0,2.0,2.0,5,urban,2,5,0.1,1.0,0.0,2.0,77.6,254.6,10.4,1398.8,15
232.7,12668.0,317.0,127.0,362.0,0.0,8.0,20.0,4,urban,6,2,0.6,1.5,0.0,2.0,80.9,756.2,6.8,1362.0,29
73.3,11800.0,234.0,284.0,73.7,0.0,11.0,8.0,3,urban,6,2,0.4,0.3,0.0,2.0,69.5,327.8,6.2,1159.2,50
37.8,15800.0,620.0,1240.0,38.5,9.0,9.5,4.0,2,rural,7,2,0.1,0.2,0.0,1.5,69.2,144.1,13.8,892.1,70
111.4,4760.0,210.0,195.0,113.0,0.0,14.5,12.5,3,small urban,6,5,0.1,11.0,0.0,2.0,69.2,144.1,13.8,892.1,51
73.0,18628.0,747.0,943.0,75.0,0.0,5.5,10.4,2,small urban,6,3,0.3,0.0,0.0,1.8,87.6,4.0,10.0,1914.9,63
70.2,18519.0,743.0,937.0,71.2,0.0,5.5,9.6,2,rural,6,3,0.3,0.4,0.0,1.8,87.6,4.0,10.0,1914.9,63
83.5,18855.0,1459.0,832.0,85.5,0.0,6.3,12.2,2,rural,6,3,0.2,0.0,0.0,1.8,86.7,10.3,10.0,1629.6,65
153.5,6617.0,412.0,505.0,168.5,5.5,5.5,4.0,3,small urban,7,3,0.2,37.0,0.0,2.0,73.2,328.8,11.7,1043.4,70
97.0,21200.0,655.0,681.0,115.7,0.0,5.5,8.0,3,small urban,6,2,0.5,0.3,0.0,2.0,87.0,3.1,10.0,1610.0,61
56.0,15700.0,485.0,504.0,65.0,0.0,10.0,8.0,3,rural,6,2,0.2,5.0,0.0,3.0,87.0,3.1,10.0,1610.0,46
62.0,16000.0,494.0,514.0,63.5,0.0,10.0,8.0,3,small urban,6,2,0.2,1.0,0.0,3.0,87.0,3.1,10.0,1610.0,46
183.2,17100.0,787.0,498.0,185.0,0.0,7.0,8.0,3,small urban,6,2,0.3,9.2,0.0,3.0,87.0,3.1,10.0,1610.0,81
77.0,12600.0,795.0,418.0,79.0,0.0,8.5,19.0,3,small urban,6,2,0.1,0.0,0.0,3.0,86.7,4.6,9.9,2102.4,62
155.0,10400.0,684.0,316.0,158.0,0.0,7.5,10.0,3,rural,6,2,0.3,18.0,0.0,4.0,87.1,3.1,10.3,1712.1,68
92.7,9000.0,592.0,274.0,103.0,0.0,7.5,17.0,3,rural,6,2,0.1,0.0,0.0,2.0,87.1,3.1,10.3,1712.1,77
62.0,2700.0,262.0,170.0,73.7,0.0,9.0,12.0,3,rural,6,2,0.1,0.0,0.0,4.0,85.8,1.7,10.6,1670.2,56
74.7,2900.0,281.0,183.0,79.4,0.0,9.0,12.0,3,rural,6,2,0.1,0.2,0.0,3.0,85.8,1.7,10.6,1670.2,43
57.8,3100.0,348.0,204.0,137.5,0.0,9.2,8.0,3,rural,6,2,0.2,3.4,0.0,2.6,83.7,0.0,11.4,1337.9,65
73.5,3800.0,416.0,288.0,74.0,0.0,7.0,10.0,3,rural,6,2,0.2,0.5,0.0,4.0,82.1,0.0,11.1,2031.8,68
65.2,4000.0,462.0,348.0,65.4,0.0,8.7,29.0,3,rural,6,2,0.1,0.0,0.0,3.1,82.1,0.0,11.1,2031.8,63
64.0,16800.0,780.0,249.0,65.0,0.0,10.0,7.0,3,small urban,6,2,0.1,0.0,0.0,2.5,82.1,0.0,11.1,2031.8,53
55.7,5575.0,335.0,106.0,140.7,0.0,6.0,22.0,4,rural,6,2,0.3,18.3,0.0,2.0,83.4,216.1,7.8,1441.1,35
92.9,6936.0,416.0,132.0,116.1,0.0,6.0,22.0,4,rural,6,2,0.3,3.7,0.0,2.0,83.4,216.1,7.8,1441.1,35
148.0,6538.0,418.0,118.0,163.0,0.0,6.0,22.0,4,rural,6,2,0.4,6.0,0.0,1.5,83.4,216.1,7.8,1441.1,30
43.0,50600.0,2125.0,10171.0,45.0,0.0,9.0,28.0,1,rural,2,2,0.2,0.0,0.0,1.7,81.4,462.0,8.1,1373.9,17
56.7,50600.0,2125.0,10069.0,57.7,0.0,13.0,20.0,1,rural,2,2,0.2,0.0,0.0,1.7,81.4,462.0,8.1,1373.9,20
53.9,50565.0,2124.0,10012.0,56.0,0.0,13.0,20.0,1,rural,2,2,0.2,0.0,0.0,1.7,81.4,462.0,8.1,1373.9,20
32.6,51679.0,2067.0,9922.0,37.9,0.0,17.0,21.0,1,small urban,2,2,0.1,0.0,0.0,1.7,81.4,462.0,8.1,1373.9,20
42.4,18657.0,1866.0,1101.0,90.1,0.0,9.0,28.0,1,urban,6,2,0.3,0.6,0.0,1.2,81.2,622.0,7.4,1444.6,35
49.3,13867.0,1761.0,2191.0,110.5,0.0,9.0,28.0,1,urban,6,2,0.2,3.2,0.0,1.2,81.2,622.0,7.4,1444.6,35
51.0,12573.0,1836.0,2841.0,123.2,0.0,9.0,28.0,1,urban,6,2,0.4,0.6,0.0,1.2,81.2,622.0,7.4,1444.6,35
49.0,9265.0,1353.0,2094.0,110.5,0.0,9.0,29.0,1,urban,6,2,0.3,1.0,0.0,1.2,81.2,622.0,7.4,1444.6,35
57.3,10406.0,905.0,3403.0,94.2,0.0,9.0,28.0,1,urban,6,2,0.3,1.2,0.0,1.2,81.2,622.0,7.4,1444.6,35
58.4,10506.0,904.0,3362.0,61.2,0.0,9.0,28.0,1,rural,6,2,0.2,0.2,0.0,1.2,81.2,846.6,6.4,1370.8,35
57.0,9847.0,985.0,3565.0,89.6,0.0,9.0,28.0,1,rural,6,2,0.2,1.6,0.0,1.2,81.2,846.6,6.4,1370.8,35
68.5,9360.0,534.0,2237.0,70.5,0.0,13.0,22.0,1,rural,2,2,0.6,0.0,0.0,1.7,81.8,815.0,6.3,1323.6,19
66.0,4483.0,247.0,395.0,71.0,0.0,14.0,22.0,1,rural,2,2,0.4,0.0,0.0,1.7,81.8,815.0,6.3,1323.6,17
46.0,4735.0,374.0,748.0,85.3,0.0,9.0,28.0,1,rural,6,2,0.2,0.0,0.0,2.0,84.1,1442.7,3.1,1231.3,35
43.0,4742.0,351.0,616.0,44.0,0.0,9.0,28.0,1,rural,2,2,0.2,0.0,0.0,2.0,84.1,1442.7,3.1,1231.3,12
66.1,5814.0,314.0,35.0,175.7,0.0,6.0,16.0,5,urban,6,2,0.2,6.7,0.0,1.0,81.4,462.0,8.1,1373.9,22
84.9,1243.0,46.0,97.0,86.9,0.0,5.0,12.0,3,rural,2,2,0.1,0.3,0.0,4.5,68.3,953.8,7.1,759.3,18
44.2,26000.0,1250.0,7000.0,93.0,5.5,5.5,4.0,1,urban,7,3,0.1,0.0,0.0,4.0,74.9,333.5,11.3,1121.7,62
54.0,33778.0,1567.0,6722.0,58.0,3.0,3.0,4.0,1,urban,7,3,0.1,0.0,0.0,4.0,74.9,333.5,11.3,1121.7,61
115.0,11000.0,325.0,275.0,144.0,5.5,5.5,4.0,3,urban,7,3,0.2,0.0,0.0,2.0,74.9,333.5,11.3,1121.7,100
115.5,21050.0,489.0,136.0,136.0,5.5,5.5,4.0,3,urban,7,3,0.1,0.0,0.0,2.0,74.9,333.5,11.3,1121.7,110
104.3,13896.0,559.0,221.0,127.0,5.5,5.5,4.0,4,urban,7,3,0.1,10.0,0.0,2.0,74.9,333.5,11.3,1121.7,91
96.0,6360.0,475.0,350.0,97.0,5.0,5.0,4.0,3,urban,7,3,0.1,5.0,0.0,2.0,74.9,333.5,11.3,1121.7,85
84.2,6360.0,445.0,320.0,97.0,5.0,5.0,4.0,3,urban,7,3,0.1,5.0,0.0,2.0,74.9,333.5,11.3,1121.7,85
86.0,11600.0,200.0,60.0,96.0,6.0,6.0,4.0,4,urban,7,3,0.2,5.0,0.0,2.0,74.9,333.5,11.3,1121.7,34
91.0,11600.0,200.0,60.0,96.0,8.0,8.0,4.0,4,urban,7,3,0.2,5.0,0.0,2.0,74.9,333.5,11.3,1121.7,34
64.2,21100.0,713.0,4082.0,67.2,11.5,0.0,6.0,1,rural,3,2,0.0,0.2,0.0,3.5,74.8,897.9,7.3,1042.5,16
94.0,24024.0,1093.0,3128.0,118.3,11.5,0.0,8.0,1,small urban,3,2,0.0,0.0,0.0,3.5,74.8,897.9,7.3,1042.5,15
63.2,35000.0,820.0,4154.0,63.3,11.1,0.0,6.4,1,small urban,3,2,0.0,0.5,0.0,3.5,74.8,897.9,7.3,1042.5,10
62.5,106000.0,2872.0,6289.0,77.0,11.5,0.0,7.0,1,urban,3,2,0.0,0.0,0.0,0.0,73.6,939.2,7.3,956.1,30
74.0,37500.0,485.0,1455.0,112.0,0.0,14.3,12.0,1,small urban,6,2,0.3,0.0,0.0,6.0,73.3,1091.4,6.4,926.5,56
34.0,13882.0,361.0,910.0,38.2,0.0,6.0,8.0,1,rural,2,3,0.1,0.0,0.0,0.0,75.1,1181.7,5.7,930.1,8
33.5,16337.0,414.0,593.0,37.0,0.0,6.0,8.0,1,rural,2,3,0.2,0.0,0.0,0.0,75.1,1181.7,5.7,930.1,8
52.5,27062.0,517.0,656.0,68.0,0.0,10.8,16.0,1,small urban,6,2,0.1,0.0,0.0,3.5,76.6,1242.9,5.0,925.9,58
58.0,19545.0,503.0,632.0,62.0,0.0,10.8,16.0,1,small urban,6,2,0.1,0.0,0.0,3.5,76.6,1242.9,5.0,925.9,58
96.5,41010.0,830.0,1748.0,132.7,10.0,0.0,8.0,1,urban,3,2,0.0,0.0,0.0,2.0,76.6,1368.6,4.3,909.5,13
113.0,42939.0,649.0,427.0,148.5,10.0,0.0,8.0,1,urban,3,2,0.0,0.0,0.0,2.0,76.6,1368.6,4.3,909.5,13
117.8,31378.0,366.0,297.0,149.2,8.0,0.0,4.0,1,urban,3,2,0.0,11.7,0.0,0.0,76.6,1368.6,4.3,909.5,34
97.0,197000.0,4310.0,3326.0,99.0,10.5,0.0,3.0,1,urban,3,2,0.0,0.0,0.0,0.0,73.4,1003.1,7.0,1171.6,33
147.8,43000.0,866.0,1767.0,152.6,17.5,4.0,6.0,1,urban,7,2,0.1,0.0,0.0,3.0,73.4,1003.1,7.0,1171.6,26
83.0,8620.0,360.0,899.0,117.3,9.0,4.5,6.0,1,rural,7,2,0.4,0.0,0.0,3.2,71.5,784.0,8.0,972.1,51
104.1,9021.0,587.6,2215.7,115.9,9.0,3.0,6.0,1,small urban,7,2,0.3,0.0,0.0,3.0,71.5,775.5,8.2,986.8,50
86.8,18879.0,504.0,3241.0,87.8,9.0,7.5,12.9,1,small urban,7,2,0.2,0.0,0.0,4.5,71.0,1148.6,6.0,795.7,58
66.6,28500.0,763.0,3982.0,70.2,0.0,13.0,17.0,1,rural,6,2,0.2,0.0,0.0,4.0,72.0,1072.3,6.4,848.6,67
53.2,27818.0,1721.0,2328.0,55.2,0.0,14.3,17.0,1,rural,6,2,0.1,0.0,0.0,4.0,72.0,1072.3,6.4,848.6,69
40.0,27500.0,1706.0,2290.0,50.2,0.0,14.0,13.0,1,rural,6,2,0.1,0.0,0.0,3.0,72.0,1072.3,6.4,848.6,47
41.8,34500.0,2126.0,2575.0,45.4,0.0,14.0,13.0,1,rural,6,2,0.1,0.0,0.0,3.0,72.0,1072.3,6.4,848.6,47
40.5,42000.0,2577.0,2879.0,45.6,0.0,14.0,13.0,1,rural,6,2,0.1,0.0,0.0,3.0,72.0,1072.3,6.4,848.6,47
38.0,45500.0,2147.0,2492.0,41.0,0.0,14.0,13.0,1,urban,6,2,0.1,0.0,0.0,3.0,72.0,1072.3,6.4,848.6,47
48.0,46000.0,1049.0,5924.0,54.2,12.0,0.0,4.0,1,small urban,3,2,0.0,1.8,0.0,0.0,72.9,996.8,7.0,1113.8,11
54.3,31572.0,488.0,4942.0,61.0,12.0,0.0,4.0,1,small urban,3,2,0.0,0.0,0.0,0.0,72.9,996.8,7.0,1113.8,11
41.4,60000.0,1185.0,5260.0,43.1,10.5,17.0,15.8,1,rural,6,2,0.1,0.3,0.0,3.0,72.9,996.8,7.0,1113.8,69
65.0,115000.0,2029.0,4579.0,69.3,13.0,0.0,4.0,1,urban,3,2,0.0,1.0,0.0,0.0,72.9,996.8,7.0,1113.8,21
38.0,128000.0,2347.0,4725.0,76.5,10.0,2.6,3.0,1,urban,7,2,0.1,0.0,0.0,2.6,72.9,996.8,7.0,1113.8,36
121.5,126000.0,2243.0,952.0,137.0,10.0,0.0,3.0,1,urban,3,2,0.0,0.0,0.0,0.0,72.9,996.8,7.0,1113.8,10
74.0,33000.0,5.0,5.0,121.0,9.0,0.0,3.0,1,urban,3,2,0.0,0.0,0.0,0.0,72.9,996.8,7.0,1113.8,34
100.8,111925.0,3661.0,3634.0,105.5,8.5,0.0,6.0,1,urban,3,2,0.0,0.0,0.0,0.0,72.9,996.8,7.0,1113.8,19
114.2,6600.0,198.0,73.0,119.0,0.0,2.0,1.0,5,urban,2,3,0.1,8.0,0.0,1.0,77.1,0.0,22.8,1134.1,14
55.9,5500.0,1004.0,446.0,56.5,0.0,9.3,15.3,3,rural,6,2,0.3,0.0,0.0,6.0,69.0,428.0,6.0,611.9,59
55.4,4400.0,803.0,356.0,57.2,0.0,10.0,8.0,3,rural,6,2,0.4,0.0,0.0,6.0,69.0,428.0,6.0,611.9,56
73.4,1300.0,276.0,127.0,74.0,0.0,6.0,12.0,3,rural,6,3,0.2,0.0,0.0,2.0,69.0,428.0,6.0,611.9,44
72.8,1300.0,276.0,127.0,72.9,0.0,10.5,12.0,3,rural,6,2,0.2,0.0,0.0,3.0,69.7,363.8,6.6,720.7,39
87.2,2900.0,566.0,182.0,87.4,0.0,11.5,12.2,3,rural,6,2,0.2,0.0,0.0,2.0,69.7,363.8,6.6,720.7,55
73.7,23462.0,1127.0,3154.0,74.7,0.0,15.5,4.0,1,urban,6,2,0.1,1.0,0.0,2.0,75.1,291.4,10.5,1137.7,52
55.0,30622.0,1415.0,3452.0,81.0,0.0,16.5,4.0,1,urban,6,2,0.2,0.0,0.0,1.5,75.1,291.4,10.5,1137.7,53
62.0,23412.0,1269.0,3330.0,65.0,0.0,9.0,20.0,1,urban,6,3,0.2,1.0,0.0,1.5,75.1,291.4,10.5,1137.7,35
77.0,19560.0,935.0,2604.0,84.0,0.0,6.5,20.0,1,rural,6,3,0.2,0.5,0.0,2.0,75.1,291.4,10.5,1137.7,34
72.6,19560.0,935.0,2604.0,74.1,0.0,9.5,20.0,1,rural,6,3,0.2,2.7,0.0,3.0,75.1,291.4,10.5,1137.7,34
52.2,4232.0,357.0,37.0,77.4,0.0,9.5,12.0,4,rural,6,3,0.2,24.0,0.0,1.5,75.1,291.4,10.5,1137.7,64
96.6,15616.0,562.0,312.0,263.6,0.0,6.0,17.0,4,urban,6,2,0.3,1.4,0.0,3.0,80.9,756.2,6.8,1362.0,25
70.9,17582.0,978.0,569.0,72.1,0.0,2.0,1.0,3,urban,6,3,0.1,8.0,0.0,1.0,77.1,0.0,22.8,1134.1,20
65.0,15000.0,654.0,381.0,73.0,0.0,2.0,1.0,3,urban,6,3,0.1,19.0,0.0,1.0,77.1,0.0,22.8,1134.1,11
46.0,45000.0,1195.0,695.0,81.0,0.0,2.0,1.0,3,urban,6,3,0.1,0.0,0.0,1.0,77.1,0.0,22.8,1134.1,8
50.3,45000.0,1195.0,695.0,71.7,0.0,2.0,1.0,3,urban,6,3,0.1,0.0,0.0,1.0,77.1,0.0,22.8,1134.1,8
45.0,52000.0,1052.0,612.0,62.5,0.0,2.0,1.0,3,urban,6,3,0.1,0.0,0.0,1.0,77.1,0.0,22.8,1134.1,8
52.0,50000.0,1075.0,625.0,75.0,0.0,2.0,1.0,3,urban,6,3,0.1,0.0,0.0,1.0,77.1,0.0,22.8,1134.1,8
43.5,50000.0,1075.0,625.0,52.5,0.0,2.0,1.0,3,urban,6,3,0.1,0.0,0.0,1.0,77.1,0.0,22.8,1134.1,8
56.5,4600.0,103.0,256.0,60.4,0.0,6.0,8.0,3,rural,2,2,0.4,1.5,0.0,2.0,74.2,10.0,16.9,1221.7,57
83.7,22000.0,2101.0,1221.0,85.0,0.0,2.0,1.0,3,urban,6,3,0.1,1.0,0.0,1.0,77.1,0.0,22.8,1134.1,11
40.2,17300.0,1531.0,891.0,121.0,0.0,2.0,1.0,3,urban,6,3,0.4,19.0,0.0,1.0,77.1,0.0,22.8,1134.1,14
105.3,2900.0,119.0,200.0,109.2,0.0,4.0,8.0,4,rural,2,2,0.5,19.1,0.0,2.0,74.2,10.0,16.9,1221.7,39
126.0,550.0,28.0,17.0,130.8,0.0,4.0,8.0,5,rural,2,2,0.4,4.9,0.0,2.0,74.2,10.0,16.9,1221.7,24
120.0,10669.0,458.0,856.0,129.4,0.0,8.0,6.0,3,small urban,2,5,0.2,4.0,0.0,2.0,74.2,10.0,16.9,1221.7,17
98.2,8595.0,414.0,452.0,151.2,0.0,8.0,6.0,3,small urban,2,5,0.2,4.8,0.0,2.0,74.2,10.0,16.9,1221.7,20
80.0,1950.0,82.0,98.0,138.0,0.0,6.0,4.5,4,small urban,2,5,0.3,21.0,0.0,2.0,74.2,10.0,16.9,1221.7,62
59.4,1850.0,16.0,6.0,189.1,0.0,4.0,8.0,5,rural,2,2,0.1,0.0,0.0,2.0,74.2,10.0,16.9,1221.7,62
105.0,12000.0,379.0,221.0,115.0,0.0,2.0,1.0,3,urban,6,3,0.3,8.0,0.0,1.0,77.1,0.0,22.8,1134.1,20
111.5,10500.0,266.0,154.0,129.5,0.0,2.0,1.0,3,urban,6,3,0.3,8.0,0.0,1.0,77.1,0.0,22.8,1134.1,20
110.0,3300.0,172.0,46.0,128.0,0.0,6.0,22.0,5,rural,6,2,0.2,16.0,0.0,2.0,81.2,846.6,6.4,1370.8,29
56.1,400.0,16.0,6.0,121.6,0.0,4.0,8.0,5,rural,2,2,0.1,25.0,0.0,2.0,74.2,10.0,16.9,1221.7,76
40.9,45500.0,1755.0,5525.0,47.8,0.0,2.0,8.0,1,rural,6,2,0.1,0.0,0.0,1.5,77.1,0.0,22.8,1134.1,8
40.5,60120.0,2227.0,5648.0,66.0,0.0,2.0,8.0,1,urban,6,2,0.2,8.0,0.0,1.5,77.1,0.0,22.8,1134.1,20
47.7,55000.0,2442.0,6193.0,51.1,0.0,2.0,8.0,1,urban,6,2,0.2,0.0,0.0,1.5,77.1,0.0,22.8,1134.1,8
39.2,51000.0,2293.0,5816.0,50.0,0.0,2.0,8.0,1,urban,6,2,0.0,0.0,0.0,1.5,77.1,0.0,22.8,1134.1,8
110.4,4004.0,76.0,44.0,117.3,0.0,5.7,6.0,3,urban,2,3,0.4,3.5,0.0,2.3,68.4,700.0,8.6,908.5,62
105.0,13376.0,329.0,435.0,108.0,5.5,5.5,4.0,3,small urban,7,3,0.2,43.0,0.0,2.0,74.2,292.6,11.9,1144.3,87
108.7,3521.0,196.0,80.0,111.0,6.0,6.0,4.0,3,small urban,7,3,0.1,14.7,0.0,2.0,74.2,292.6,11.9,1144.3,92
73.4,2815.0,120.0,425.0,75.6,5.5,5.5,4.0,4,small urban,7,3,0.1,4.6,0.0,2.0,74.2,292.6,11.9,1144.3,93
118.0,2650.0,275.0,325.0,142.3,5.5,5.5,4.0,4,small urban,7,3,0.1,17.0,0.0,2.0,74.2,292.6,11.9,1144.3,93
154.0,4900.0,274.0,20.0,194.0,0.0,5.0,19.0,6,urban,2,2,0.2,22.7,0.0,0.0,77.6,254.6,10.4,1398.8,30
104.0,9144.0,338.0,73.0,175.0,0.0,6.0,16.0,5,urban,6,2,0.3,6.0,0.0,1.0,81.2,622.0,7.4,1444.6,36
73.0,22943.0,619.0,367.0,76.7,0.0,6.0,22.0,4,urban,6,2,0.1,0.3,0.0,1.2,81.4,462.0,8.1,1373.9,21
83.3,12654.0,569.0,342.0,84.0,0.0,17.0,21.0,3,rural,6,2,0.2,2.5,0.0,2.0,81.4,462.0,8.1,1373.9,25
51.2,3740.0,183.0,153.0,68.2,0.0,10.0,24.0,5,rural,6,2,0.2,2.2,0.0,1.0,80.9,756.2,6.8,1362.0,26
75.9,7226.0,361.0,108.0,103.8,0.0,6.0,16.0,5,urban,6,2,0.3,4.8,0.0,1.0,80.9,756.2,6.8,1362.0,18
47.6,6064.0,327.0,49.0,107.7,0.0,6.0,16.0,5,rural,6,2,0.3,1.0,0.0,1.0,80.9,756.2,6.8,1362.0,18
45.0,5428.0,380.0,445.0,47.5,0.0,4.0,16.0,4,rural,6,2,0.1,0.0,0.0,1.0,81.8,815.0,6.3,1323.6,26
58.7,5703.0,262.0,701.0,65.1,0.0,6.0,16.0,5,rural,6,2,0.1,0.3,0.0,1.0,81.4,462.0,8.1,1373.9,23
67.0,9980.0,175.0,255.0,112.0,0.0,6.5,9.0,4,rural,6,5,0.2,15.0,0.0,1.5,73.2,123.9,14.3,1027.8,60
129.0,11900.0,190.0,290.0,163.0,0.0,6.0,14.0,4,rural,6,2,0.1,10.0,0.0,1.5,73.2,123.9,14.3,1027.8,62
60.1,941.0,26.0,211.0,146.9,0.0,7.0,7.0,3,rural,2,2,0.2,15.6,0.0,4.0,61.6,588.3,8.2,570.0,75
91.5,850.0,36.0,162.0,124.0,0.0,4.0,13.0,3,rural,2,3,0.2,13.8,0.0,4.0,61.6,588.3,8.2,570.0,22
97.7,436.0,21.0,114.0,100.2,0.0,5.0,11.0,3,rural,2,2,0.1,3.7,0.0,4.0,62.2,618.1,8.3,569.6,60
54.3,1391.0,63.0,321.0,55.1,0.0,4.0,15.0,3,rural,2,2,0.1,0.0,0.0,2.0,66.0,789.9,7.7,612.4,62
51.1,1516.0,39.0,297.0,55.7,0.0,4.0,15.0,3,rural,2,2,0.1,0.0,0.0,2.0,66.0,789.9,7.7,612.4,62
162.0,5756.0,345.0,495.0,202.5,0.0,6.0,8.0,2,rural,2,3,0.2,15.5,0.0,6.0,66.9,891.6,7.5,666.6,20
127.0,1800.0,65.0,11.0,164.0,0.0,4.5,9.0,6,urban,6,2,0.1,2.0,0.0,2.0,77.8,397.1,9.3,1337.7,14
86.2,14664.0,264.0,15.0,96.7,0.0,8.0,20.0,3,urban,6,2,0.2,0.0,0.0,1.0,81.2,622.0,7.4,1444.6,28
123.0,6169.0,247.0,12.0,217.0,0.0,6.0,16.0,4,urban,2,2,0.2,9.0,0.0,1.2,81.2,622.0,7.4,1444.6,16
135.5,8469.0,525.0,881.0,160.0,0.0,6.0,24.0,4,urban,2,2,0.3,15.0,0.0,1.3,81.2,622.0,7.4,1444.6,27
83.8,3893.0,265.0,202.0,92.6,0.0,6.0,17.0,5,urban,2,2,0.1,0.0,0.0,6.0,81.2,622.0,7.4,1444.6,11
60.3,6761.0,379.0,68.0,109.4,0.0,6.0,17.0,5,rural,6,2,0.2,4.1,0.0,1.5,82.4,382.8,7.8,1447.5,28
84.0,28192.0,1018.0,733.0,100.0,7.0,5.3,9.0,3,small urban,7,2,0.4,0.0,0.0,1.8,87.6,4.0,10.0,1914.9,91
52.0,20676.0,746.0,538.0,75.0,0.0,10.4,5.0,3,small urban,6,2,0.3,1.0,0.0,1.8,87.6,4.0,10.0,1914.9,57
55.0,20653.0,746.0,537.0,56.0,0.0,10.4,5.0,3,rural,6,2,0.2,0.0,0.0,1.8,87.6,4.0,10.0,1914.9,57
49.4,21621.0,905.0,886.0,50.8,0.0,10.5,3.7,2,small urban,6,2,0.2,0.0,0.0,1.7,87.6,4.0,10.0,1914.9,56
48.4,22933.0,970.0,965.0,50.1,0.0,10.2,2.9,2,rural,6,2,0.3,0.3,0.0,1.4,87.6,4.0,10.0,1914.9,56
53.5,21435.0,928.0,1056.0,55.5,0.0,5.2,7.1,2,small urban,6,3,0.3,1.0,0.0,1.4,87.6,4.0,10.0,1914.9,60
67.7,6887.0,499.0,527.0,69.0,0.0,8.6,18.0,3,small urban,6,2,0.3,2.7,0.0,1.4,87.6,4.0,10.0,1914.9,89
59.7,13524.0,665.0,705.0,61.7,6.5,6.8,6.0,3,rural,7,2,0.2,0.0,0.0,1.8,86.7,10.3,10.0,1629.6,96
64.5,4536.0,348.0,699.0,68.3,0.0,8.1,11.0,2,rural,6,2,0.3,5.1,0.0,1.8,87.2,12.4,9.6,1637.3,57
61.1,2084.0,126.0,315.0,88.4,0.0,9.1,11.8,3,rural,6,2,0.1,4.3,0.0,1.8,79.3,351.1,5.4,1016.7,86
79.0,7976.0,360.0,435.0,83.0,0.0,8.0,6.5,3,urban,6,2,0.2,29.0,0.0,1.8,79.3,351.1,5.4,1016.7,90
64.2,11340.0,511.0,618.0,67.3,0.0,9.7,6.6,2,urban,6,2,0.2,21.3,0.0,1.8,79.3,351.1,5.4,1016.7,55
112.0,4699.0,363.0,334.0,130.0,0.0,10.1,4.8,2,urban,6,2,0.2,1.0,0.0,1.8,60.2,49.6,12.1,616.0,52
71.3,2150.0,325.0,500.0,75.0,4.0,4.0,4.0,3,rural,7,3,0.0,0.0,0.0,2.0,74.8,250.6,12.3,1256.9,35
85.3,1614.0,186.0,60.0,103.6,0.0,6.0,16.0,5,urban,2,2,0.2,1.0,0.0,1.0,81.2,622.0,7.4,1444.6,10
120.0,3021.0,245.0,248.0,146.0,0.0,12.0,21.0,4,rural,2,2,0.3,12.8,0.0,1.2,81.2,622.0,7.4,1444.6,10
91.7,3490.0,161.0,213.0,114.1,0.0,6.0,16.0,5,rural,6,2,0.2,0.2,0.0,1.0,84.0,1194.9,3.9,1448.3,23
101.9,2817.0,135.0,85.0,105.1,0.0,6.0,16.0,5,rural,6,2,0.2,0.3,0.0,1.0,84.0,1194.9,3.9,1448.3,23
111.0,5836.0,198.0,117.0,112.2,0.0,6.0,16.0,5,urban,2,2,0.1,1.4,0.0,1.0,81.2,622.0,7.4,1444.6,10
73.0,16588.0,697.0,332.0,119.0,0.0,8.0,21.0,3,urban,6,2,0.2,0.0,0.0,2.0,81.2,622.0,7.4,1444.6,35
53.0,2864.0,180.0,89.0,98.9,0.0,10.0,22.0,5,rural,6,2,0.2,1.9,0.0,1.0,81.3,761.1,6.7,1428.5,21
48.5,2286.0,187.0,94.0,91.8,0.0,10.0,22.0,5,rural,6,2,0.2,8.8,0.0,1.0,81.2,846.6,6.4,1370.8,21
61.7,2852.0,183.0,91.0,128.8,0.0,10.0,22.0,5,rural,6,2,0.2,8.6,0.0,1.0,81.2,846.6,6.4,1370.8,21
79.0,1798.0,40.0,131.0,80.0,0.0,7.0,18.0,3,rural,2,2,0.1,0.0,0.0,3.0,59.8,395.7,10.0,573.9,70
68.6,785.0,21.0,97.0,72.5,0.0,5.0,14.0,3,rural,2,3,0.2,0.9,0.0,2.0,59.8,395.7,10.0,573.9,30
80.7,744.0,23.0,89.0,85.2,0.0,6.4,10.7,3,rural,2,3,0.2,1.5,0.0,2.5,59.8,395.7,10.0,573.9,30
55.2,1564.0,38.0,177.0,114.3,0.0,5.0,17.8,3,rural,2,2,0.2,9.8,0.0,3.6,63.4,534.5,9.4,572.4,29
108.0,1368.0,40.0,228.0,120.0,0.0,9.0,5.0,3,rural,2,3,0.1,0.0,0.0,2.0,69.0,875.3,7.3,765.4,28
50.4,5100.0,475.0,325.0,71.0,5.0,5.0,4.0,4,rural,7,3,0.1,0.0,0.0,2.0,74.5,206.0,13.0,1282.7,88
63.2,9915.0,139.0,436.0,69.5,0.0,8.0,5.0,3,small urban,2,2,0.2,0.0,0.0,7.3,64.3,596.4,9.0,593.4,65
136.3,4854.0,44.0,180.0,145.7,0.0,6.0,26.0,3,small urban,2,2,0.1,4.0,0.0,2.0,64.3,596.4,9.0,593.4,64
70.5,5040.0,121.0,423.0,87.5,0.0,7.0,12.0,3,small urban,2,2,0.1,0.0,0.0,5.9,64.3,596.4,9.0,593.4,11
349.0,1000.0,57.0,9.0,357.0,0.0,5.0,11.0,5,urban,6,2,0.2,11.0,0.0,1.5,77.8,330.7,9.9,1303.1,32
195.0,3400.0,87.0,25.0,197.0,0.0,5.0,11.0,6,urban,6,2,0.3,0.0,0.0,1.5,77.8,330.7,9.9,1303.1,44
78.7,1166.0,84.0,45.0,136.6,0.0,6.0,16.0,5,rural,6,2,0.2,1.1,0.0,1.0,83.2,1013.5,5.0,1441.9,22
176.5,557.0,63.0,31.0,203.7,0.0,6.0,16.0,5,rural,6,2,0.2,12.1,0.0,2.5,84.0,1194.9,3.9,1448.3,27
98.8,728.0,56.0,28.0,108.7,0.0,6.0,16.0,5,rural,6,2,0.1,0.8,0.0,1.0,84.0,1194.9,3.9,1448.3,22
110.8,616.0,55.0,28.0,139.6,0.0,6.0,16.0,5,rural,6,2,0.2,3.0,0.0,1.0,84.0,1194.9,3.9,1448.3,22
114.2,826.0,116.0,28.0,130.0,0.0,6.0,16.0,5,rural,6,2,0.2,4.6,0.0,1.0,84.0,1194.9,3.9,1448.3,22
111.2,1219.0,98.0,24.0,139.3,0.0,6.0,16.0,5,rural,6,2,0.2,5.4,0.0,1.0,84.0,1194.9,3.9,1448.3,22
88.8,1206.0,80.0,48.0,122.1,0.0,6.0,16.0,5,rural,6,2,0.2,6.0,0.0,1.0,84.0,1194.9,3.9,1448.3,16
110.6,6425.0,199.0,418.0,115.2,0.0,6.0,6.0,3,rural,2,2,0.4,1.0,0.0,1.8,59.5,468.3,8.1,636.3,72
72.6,5006.0,245.0,385.0,74.9,0.0,5.0,12.0,3,rural,2,3,0.2,2.2,0.0,1.3,59.5,468.3,8.1,636.3,25
99.0,5827.0,233.0,402.0,104.0,0.0,6.0,8.0,3,small urban,2,2,0.2,0.0,0.0,6.0,58.7,385.1,9.6,529.0,29
58.4,67225.0,1553.0,1768.0,60.6,8.0,6.4,6.2,2,urban,7,2,0.2,0.0,0.0,1.8,80.8,20.2,10.5,1335.9,61
278.8,7350.0,225.0,300.0,280.8,5.5,5.5,4.0,3,small urban,7,3,0.4,68.0,0.0,2.0,74.5,294.9,11.8,1225.5,93
124.3,19300.0,1098.0,730.0,125.7,0.0,8.5,18.0,3,urban,6,2,0.2,4.3,0.0,2.0,85.8,1.7,10.6,1670.2,58
81.5,22800.0,1297.0,862.0,87.5,0.0,8.5,18.0,3,urban,6,2,0.2,8.5,0.0,2.0,85.8,1.7,10.6,1670.2,58
62.3,8100.0,461.0,306.0,63.3,0.0,10.0,10.0,3,rural,6,2,0.3,2.7,0.0,3.0,85.8,1.7,10.6,1670.2,65
77.8,4300.0,568.0,445.0,84.4,0.0,8.2,10.0,3,rural,6,2,0.3,3.4,0.0,3.5,85.8,1.7,10.6,1670.2,64
150.0,2300.0,120.0,22.0,186.0,0.0,4.0,13.0,4,urban,6,2,0.1,0.0,0.0,2.0,78.2,130.1,11.5,1379.0,107
232.0,6200.0,273.0,85.0,266.0,0.0,6.0,13.0,4,urban,6,2,0.2,4.0,0.0,2.0,78.2,130.1,11.5,1379.0,125
159.5,750.0,43.0,7.0,187.0,0.0,4.0,13.0,5,urban,6,2,0.1,4.0,0.0,2.0,78.2,130.1,11.5,1379.0,155
227.5,3300.0,167.0,31.0,238.5,0.0,4.0,13.0,4,urban,6,2,0.2,9.5,0.0,2.0,78.2,130.1,11.5,1379.0,87
202.8,2071.0,70.0,213.0,210.8,0.0,6.0,16.0,5,rural,6,2,0.3,9.5,0.0,6.0,83.2,1072.5,4.8,1527.0,20
167.0,2419.0,27.0,39.0,204.0,0.0,6.0,18.0,5,rural,6,2,0.4,7.0,0.0,1.0,83.2,1072.5,4.8,1527.0,25
170.2,463.0,68.0,42.0,311.0,0.0,6.0,18.0,5,rural,6,2,0.4,21.6,0.0,1.0,83.2,1072.5,4.8,1527.0,26
128.6,371.0,37.0,46.0,217.9,0.0,6.0,16.0,5,rural,6,2,0.3,15.1,0.0,1.0,83.2,1072.5,4.8,1527.0,26
43.0,4554.0,64.0,50.0,57.5,0.0,10.0,23.0,4,rural,6,2,0.1,0.0,0.0,1.2,81.8,815.0,6.3,1323.6,22
294.8,1291.0,61.0,35.0,297.3,0.0,6.0,16.0,5,rural,6,2,0.4,10.3,0.0,1.5,84.1,1442.7,3.1,1231.3,21
95.9,897.0,75.0,43.0,227.4,0.0,6.0,16.0,5,rural,6,2,0.3,17.5,0.0,1.0,84.1,1442.7,3.1,1231.3,20
76.4,209198.0,3295.0,2878.0,110.3,5.5,5.5,4.0,1,urban,7,3,0.2,19.8,0.0,4.0,75.8,525.0,9.4,1081.6,65
86.3,9050.0,275.0,150.0,165.0,5.5,5.5,4.0,3,urban,7,3,0.2,10.0,0.0,2.0,75.8,525.0,9.4,1081.6,97
102.7,19319.0,513.0,381.0,183.0,5.5,5.5,4.0,3,urban,7,3,0.1,5.0,0.0,2.0,75.8,525.0,9.4,1081.6,89
96.0,50000.0,1400.0,1200.0,115.0,5.5,5.5,4.0,2,urban,7,3,0.1,0.0,0.0,4.0,75.8,525.0,9.4,1081.6,63
41.0,70300.0,825.0,2450.0,73.0,4.0,4.0,4.0,3,urban,7,3,0.1,0.0,0.0,2.0,75.8,525.0,9.4,1081.6,45
112.0,29600.0,1100.0,550.0,164.0,10.0,10.0,4.0,3,urban,7,3,0.2,0.0,0.0,2.0,75.8,525.0,9.4,1081.6,99
115.0,13700.0,587.0,129.0,122.0,5.5,5.5,4.0,4,urban,7,3,0.1,0.0,0.0,2.0,75.8,525.0,9.4,1081.6,97
135.0,6600.0,375.0,80.0,202.0,5.0,5.0,4.0,4,urban,7,3,0.1,0.0,0.0,2.0,75.8,525.0,9.4,1081.6,41
130.7,12300.0,300.0,375.0,146.0,6.0,6.0,4.0,4,urban,7,3,0.1,0.0,0.0,2.0,75.8,525.0,9.4,1081.6,23
124.2,5648.0,189.0,28.0,191.0,4.0,4.0,4.0,5,urban,7,3,0.1,0.0,0.0,2.0,75.8,525.0,9.4,1081.6,63
172.0,13900.0,525.0,130.0,218.0,5.0,5.0,4.0,5,urban,7,3,0.2,0.0,0.0,2.0,75.8,525.0,9.4,1081.6,77
267.0,6550.0,475.0,100.0,338.0,4.0,4.0,4.0,5,urban,7,3,0.1,0.0,0.0,2.0,75.8,525.0,9.4,1081.6,29
142.0,20400.0,1550.0,750.0,210.0,5.0,5.0,4.0,4,urban,7,3,0.1,0.0,0.0,2.0,75.8,525.0,9.4,1081.6,81
213.4,23642.0,2024.0,577.0,215.7,4.0,4.0,4.0,5,urban,7,3,0.1,13.0,0.0,2.0,75.8,525.0,9.4,1081.6,69
63.0,14354.0,258.0,273.0,63.7,0.0,7.0,11.0,2,urban,2,2,0.1,2.7,0.0,1.8,61.7,584.8,6.5,683.8,62
78.3,11344.0,125.0,170.0,81.7,0.0,6.1,9.3,3,urban,2,2,0.2,2.4,0.0,1.8,61.7,584.8,6.5,683.8,61
91.0,20100.0,945.0,175.0,96.0,0.0,9.5,19.0,3,urban,6,2,0.2,14.0,0.0,4.0,84.3,5.4,10.7,1294.0,46
78.3,16500.0,776.0,144.0,80.0,0.0,9.5,19.0,3,urban,6,2,0.2,13.7,0.0,4.0,84.3,5.4,10.7,1294.0,46
93.0,12100.0,914.0,391.0,97.0,0.0,4.0,11.0,3,small urban,6,5,0.1,2.0,0.0,2.0,84.3,5.4,10.7,1294.0,47
72.0,6600.0,614.0,245.0,76.0,0.0,6.0,17.0,3,small urban,6,2,0.3,41.0,0.0,7.0,84.3,5.4,10.7,1294.0,58
76.5,1600.0,149.0,59.0,92.3,0.0,7.5,12.0,3,rural,6,2,0.1,2.9,0.0,2.0,84.3,5.4,10.7,1294.0,43
77.0,960.0,89.0,36.0,108.4,0.0,7.5,12.0,3,rural,6,2,0.2,32.3,0.0,2.0,84.3,5.4,10.7,1294.0,43
71.5,2320.0,172.0,121.0,75.4,0.0,9.0,23.0,4,rural,6,2,0.3,0.0,0.0,1.5,84.1,1442.7,3.1,1231.3,17
57.3,2203.0,181.0,121.0,67.5,0.0,9.0,24.0,4,rural,6,2,0.2,0.0,0.0,1.2,84.1,1442.7,3.1,1231.3,17
71.3,2017.0,171.0,149.0,101.2,0.0,9.0,23.0,4,rural,6,2,0.3,0.2,0.0,1.0,84.1,1442.7,3.1,1231.3,17
80.0,6487.0,279.0,136.0,217.8,0.0,6.0,22.0,4,small urban,6,2,0.8,4.6,0.0,2.0,84.1,1442.7,3.1,1231.3,30
134.0,2756.0,193.0,50.0,216.0,0.0,6.0,22.0,4,small urban,6,2,0.6,4.0,0.0,3.0,84.1,1442.7,3.1,1231.3,35
46.8,2808.0,143.0,42.0,91.7,0.0,6.0,22.0,4,rural,6,2,0.2,1.3,0.0,1.5,84.1,1442.7,3.1,1231.3,31
85.0,6000.0,346.0,108.0,171.0,0.0,4.0,4.0,5,urban,6,2,0.1,13.0,0.0,2.0,77.6,254.6,10.4,1398.8,53
39.9,8400.0,1098.0,460.0,106.5,0.0,7.5,10.0,3,rural,6,2,0.5,0.2,0.0,6.0,70.3,169.2,7.3,532.3,55
46.0,10900.0,1425.0,597.0,86.0,0.0,8.5,9.0,3,rural,6,2,0.4,0.0,0.0,5.0,70.3,169.2,7.3,532.3,56
70.0,13900.0,1817.0,762.0,73.0,0.0,7.0,12.0,3,urban,6,2,0.4,1.5,0.0,2.0,70.3,169.2,7.3,532.3,73
82.0,23300.0,655.0,429.0,90.0,0.0,4.5,12.0,3,urban,6,2,0.3,2.0,0.0,2.0,70.3,169.2,7.3,532.3,63
134.0,10400.0,531.0,194.0,225.0,0.0,4.0,5.0,4,urban,6,2,0.2,18.0,0.0,2.0,77.6,254.6,10.4,1398.8,36
98.0,1900.0,113.0,19.0,294.0,0.0,4.0,5.0,5,urban,6,2,0.3,15.0,0.0,2.0,77.6,254.6,10.4,1398.8,51
141.0,15500.0,783.0,287.0,145.0,0.0,5.0,3.0,4,urban,6,2,0.2,16.0,0.0,2.0,77.6,254.6,10.4,1398.8,55
56.3,7911.0,394.0,838.0,83.0,0.0,5.8,4.2,2,rural,6,2,0.2,42.0,0.0,1.8,64.8,185.7,9.3,496.9,37
49.0,11170.0,603.0,814.0,77.0,0.0,9.0,7.4,2,rural,6,2,0.2,40.0,0.0,1.8,64.8,185.7,9.3,496.9,70
102.0,12166.0,610.0,895.0,111.0,0.0,9.2,7.4,2,small urban,6,2,0.1,46.0,0.0,1.8,64.8,185.7,9.3,496.9,70
100.0,17982.0,737.0,1352.0,108.0,0.0,10.2,9.0,2,small urban,6,2,0.1,11.0,0.0,1.8,64.8,185.7,9.3,496.9,67
70.0,15351.0,599.0,832.0,71.8,0.0,8.0,7.0,2,small urban,6,2,0.2,13.8,0.0,4.5,64.8,185.7,9.3,496.9,56
68.0,16558.0,623.0,576.0,76.5,0.0,8.4,8.4,2,small urban,6,2,0.2,9.0,0.0,8.4,64.8,185.7,9.3,496.9,18
65.2,673.0,7.0,55.0,95.4,0.0,4.0,18.0,3,rural,2,2,0.2,3.0,0.0,3.5,55.8,281.8,10.0,556.8,26
61.8,673.0,7.0,55.0,94.0,0.0,4.0,18.0,3,rural,2,2,0.2,3.1,0.0,3.5,55.8,281.8,10.0,556.8,26
64.2,678.0,8.0,52.0,99.5,0.0,4.0,22.0,3,rural,2,2,0.3,13.6,0.0,3.5,57.7,345.3,9.8,651.9,27
57.9,929.0,22.0,75.0,66.1,0.0,4.0,12.0,3,rural,2,2,0.2,3.2,0.0,8.0,58.8,381.0,9.6,685.1,22
65.8,954.0,35.0,237.0,164.6,0.0,5.1,13.6,3,rural,2,2,0.2,14.7,0.0,6.4,63.8,450.2,9.7,753.4,25
93.6,1100.0,43.0,230.0,186.4,0.0,9.0,11.0,3,rural,2,2,0.2,10.9,0.0,3.0,65.3,511.1,9.8,817.2,70
109.2,1270.0,23.0,150.0,121.2,0.0,5.0,12.0,3,rural,2,3,0.2,1.6,0.0,4.3,65.3,511.1,9.8,817.2,19
85.1,697.0,27.0,134.0,88.6,0.0,4.7,9.1,3,rural,2,2,0.2,3.8,0.0,2.7,67.2,646.1,8.9,852.4,76
130.0,1280.0,40.0,188.0,139.1,0.0,5.1,13.8,3,rural,2,2,0.4,11.3,0.0,3.9,68.4,700.0,8.6,908.5,75
215.0,2000.0,119.0,20.0,336.0,0.0,3.0,1.0,5,urban,6,5,0.1,3.0,0.0,1.5,78.2,130.1,11.5,1379.0,45
73.0,15100.0,1691.0,252.0,74.5,0.0,9.0,14.0,3,urban,2,2,0.3,0.0,0.0,0.0,85.8,1.7,10.6,1670.2,24
92.0,15100.0,1691.0,252.0,96.7,0.0,9.0,14.0,3,rural,2,2,0.2,0.0,0.0,0.0,85.8,1.7,10.6,1670.2,24
55.6,6800.0,741.0,1063.0,80.4,0.0,10.0,21.0,3,rural,6,2,0.3,0.0,0.0,2.0,85.8,1.7,10.6,1670.2,73
105.4,1585.0,173.0,32.0,106.3,0.0,6.0,16.0,5,rural,2,2,0.2,0.5,0.0,1.0,81.2,603.0,7.1,1415.4,11
47.4,510.0,45.0,40.0,64.1,0.0,7.0,5.5,4,rural,6,5,0.1,12.0,0.0,1.5,68.7,112.4,14.5,894.6,83
66.0,36171.0,1440.0,3096.0,68.7,0.0,9.6,4.2,2,rural,6,2,0.2,0.0,0.0,9.6,83.1,56.9,8.5,2080.8,18
70.3,31926.0,1371.0,3431.0,72.8,0.0,9.3,4.9,2,rural,6,2,0.3,0.0,0.0,9.1,83.1,56.9,8.5,2080.8,18
51.1,23112.0,1000.0,4700.0,73.5,4.0,4.0,4.0,1,rural,7,5,0.0,0.0,0.0,3.0,76.1,565.4,9.1,1075.7,53
74.0,23112.0,1000.0,4700.0,149.0,5.7,5.7,4.0,1,urban,7,3,0.1,0.0,0.0,4.0,76.1,565.4,9.1,1075.7,53
55.0,36380.0,1100.0,2600.0,63.0,5.0,5.0,4.0,1,urban,7,3,0.0,0.0,0.0,4.0,76.1,565.4,9.1,1075.7,53
42.1,36380.0,1100.0,2600.0,60.0,4.0,4.0,4.0,1,urban,7,3,0.0,0.0,0.0,4.0,76.1,565.4,9.1,1075.7,53
67.0,18000.0,350.0,120.0,177.0,5.0,5.0,4.0,3,urban,7,3,0.2,69.0,0.0,2.0,76.1,565.4,9.1,1075.7,84
51.0,1100.0,173.0,85.0,152.0,0.0,9.0,6.0,4,rural,6,2,0.3,1.0,0.0,2.0,70.9,196.8,7.4,898.9,58
216.0,920.0,144.0,71.0,217.0,0.0,6.0,6.0,4,rural,6,2,0.3,5.0,0.0,2.0,68.6,264.3,6.8,551.6,53
131.0,810.0,23.0,60.0,148.0,0.0,4.9,5.6,4,rural,6,2,0.3,6.0,0.0,1.7,68.6,264.3,6.8,551.6,85
72.0,18572.0,873.0,167.0,75.0,0.0,8.0,20.0,3,small urban,6,2,0.2,5.0,0.0,2.0,81.2,622.0,7.4,1444.6,28
78.4,12604.0,592.0,176.0,82.6,0.0,8.0,20.0,3,urban,6,2,0.2,4.7,0.0,2.0,81.2,622.0,7.4,1444.6,27
151.0,5333.0,165.0,53.0,219.0,0.0,8.0,28.0,4,urban,6,2,0.1,1.0,0.0,1.0,81.2,622.0,7.4,1444.6,28
103.0,3371.0,158.0,24.0,255.0,0.0,6.0,16.0,5,rural,6,2,0.3,6.0,0.0,1.5,81.2,603.0,7.1,1415.4,43
50.5,560.0,15.0,40.0,95.4,0.0,3.5,2.5,5,rural,6,5,0.1,13.6,0.0,1.0,73.4,150.3,13.7,1021.3,98
109.0,4197.0,208.0,150.0,163.0,5.5,5.5,4.0,4,small urban,7,3,0.1,0.0,0.0,2.0,74.6,340.0,11.3,1100.3,87
81.0,13405.0,580.0,553.0,158.0,18.5,0.0,20.0,3,urban,3,2,0.0,16.0,0.0,10.5,69.9,1327.9,5.3,707.8,23
64.5,6200.0,402.0,576.0,75.5,8.0,5.5,24.0,3,small urban,7,2,0.2,0.0,0.0,3.5,69.9,1327.9,5.3,707.8,69
89.0,5000.0,231.0,205.0,106.3,9.0,0.0,5.0,3,small urban,3,2,0.0,24.7,0.0,0.0,69.9,1327.9,5.3,707.8,26
34.3,5003.0,173.0,201.0,77.4,0.0,12.3,12.0,2,small urban,6,2,0.2,0.0,0.0,3.0,73.1,1405.6,4.5,839.9,44
35.0,16110.0,445.0,326.0,68.2,0.0,12.3,12.0,2,small urban,6,2,0.2,0.0,0.0,3.0,73.1,1405.6,4.5,839.9,44
35.4,10406.0,306.0,262.0,85.8,0.0,12.3,12.0,2,small urban,6,2,0.2,0.0,0.0,3.0,73.1,1405.6,4.5,839.9,44
36.4,5703.0,190.0,209.0,73.7,0.0,12.3,12.0,2,small urban,6,2,0.2,0.0,0.0,3.0,73.1,1405.6,4.5,839.9,44
32.0,9506.0,283.0,252.0,94.0,0.0,12.3,12.0,2,rural,6,2,0.2,0.0,0.0,3.0,73.1,1405.6,4.5,839.9,44
82.5,9800.0,258.0,373.0,95.7,0.0,7.4,13.5,3,small urban,6,2,0.2,1.2,0.0,3.5,73.9,1424.5,4.5,874.5,56
112.3,3900.0,196.0,277.0,132.0,0.0,13.8,18.0,3,rural,6,2,0.1,0.0,0.0,6.5,76.6,1368.6,4.3,909.5,89
111.9,5500.0,604.0,585.0,125.6,0.0,7.0,17.0,3,urban,6,2,0.2,7.8,0.0,3.5,76.6,1368.6,4.3,909.5,65
141.5,6200.0,621.0,593.0,145.1,0.0,7.2,15.0,3,urban,6,2,0.2,16.2,0.0,3.5,76.6,1368.6,4.3,909.5,65
102.2,10100.0,687.0,624.0,106.3,10.0,7.6,15.4,3,urban,3,2,0.2,5.4,0.0,3.5,76.6,1368.6,4.3,909.5,12
97.8,2349.0,49.0,67.0,125.6,9.0,6.5,3.0,4,urban,7,2,0.1,0.0,0.0,1.5,69.9,1327.9,5.3,707.8,94
107.7,21900.0,514.0,540.0,128.0,8.0,1.5,16.0,3,small urban,7,2,0.1,0.0,0.0,2.0,73.4,1003.1,7.0,1171.6,56
62.0,11500.0,1099.0,1010.0,63.7,8.0,4.0,5.0,3,rural,7,2,0.1,0.0,0.0,4.0,70.8,1248.2,5.6,779.6,60
83.0,9800.0,454.0,570.0,109.5,0.0,6.5,7.0,3,rural,6,2,0.2,0.0,0.0,2.0,73.2,1178.0,5.8,856.0,33
61.5,41209.0,655.0,990.0,123.0,0.0,13.5,8.0,3,urban,6,2,0.2,0.0,0.0,3.0,73.4,1003.1,7.0,1171.6,87
151.0,5212.0,157.0,321.0,247.0,9.0,3.0,2.0,3,rural,7,2,0.2,13.0,0.0,3.0,68.7,963.4,7.2,822.1,70
50.3,2450.0,119.0,165.0,56.0,0.0,7.5,13.0,3,rural,6,2,0.1,0.0,0.0,4.0,70.1,1021.8,6.8,816.5,51
143.0,7300.0,303.0,468.0,159.0,8.5,0.0,6.0,3,rural,3,2,0.0,2.5,0.1,0.0,72.2,981.8,7.0,1039.9,29
150.7,2456.0,166.0,162.0,157.0,9.0,9.5,3.0,3,rural,7,2,0.1,23.5,0.0,3.0,69.2,876.0,7.4,843.9,72
53.4,1353.0,99.0,117.0,55.4,0.0,4.5,8.0,3,rural,2,2,0.2,0.0,0.0,0.0,69.3,850.9,7.8,857.5,11
65.0,1101.0,84.0,107.0,71.5,0.0,4.5,8.0,3,rural,2,2,0.1,0.0,0.0,0.0,69.3,850.9,7.8,857.5,11
38.3,1800.0,126.0,315.0,114.4,8.6,3.0,3.7,3,rural,7,2,0.2,0.0,0.0,3.0,69.8,859.6,7.8,884.1,92
57.1,1750.0,123.0,313.0,79.8,9.0,3.1,3.1,3,rural,7,2,0.1,0.0,0.0,2.1,69.8,859.6,7.8,884.1,92
38.0,33000.0,578.0,730.0,173.0,8.5,5.0,5.0,2,urban,7,2,0.4,0.0,0.0,5.0,72.6,855.2,7.7,1008.6,47
38.0,11083.0,491.0,784.0,53.1,9.0,15.5,12.0,2,small urban,6,2,0.1,0.0,0.0,3.0,74.8,897.9,7.3,1042.5,53
114.0,59885.0,1436.0,2206.0,144.0,12.5,0.0,6.0,2,urban,3,2,0.0,0.0,0.0,0.0,75.7,906.1,7.1,1007.5,20
93.0,51000.0,2128.0,4806.0,101.0,12.5,0.0,6.0,2,urban,3,2,0.0,0.0,0.0,0.0,75.7,906.1,7.1,1007.5,20
86.3,33495.0,789.0,1910.0,91.6,12.1,4.5,6.9,2,urban,3,2,0.2,0.0,0.0,4.5,75.7,906.1,7.1,1007.5,20
39.7,33495.0,789.0,1910.0,105.8,8.0,4.5,16.0,2,rural,7,2,0.2,0.0,0.0,4.5,75.7,906.1,7.1,1007.5,64
59.0,30000.0,811.8,1883.6,62.6,10.3,4.5,6.9,2,rural,3,2,0.2,0.0,0.0,4.5,75.7,906.1,7.1,1007.5,18
40.0,28500.0,1796.0,1910.0,78.7,8.0,4.5,16.0,2,rural,7,2,0.2,0.0,0.0,4.5,75.7,906.1,7.1,1007.5,64
32.8,29435.0,670.0,1848.0,87.2,8.0,4.5,15.2,3,rural,7,2,0.2,0.1,0.0,4.5,75.2,955.6,7.1,960.4,64
33.4,26000.0,463.0,1709.0,133.5,8.0,4.5,6.0,3,rural,7,2,0.3,0.0,0.0,4.5,75.2,955.6,7.1,960.4,64
35.2,30000.0,1295.0,1879.0,111.8,8.0,4.5,6.0,2,rural,7,2,0.3,0.0,0.0,4.5,75.2,955.6,7.1,960.4,64
50.0,22394.0,837.0,1570.0,141.0,8.0,4.5,6.0,2,rural,7,2,0.3,0.0,0.0,4.5,75.2,955.6,7.1,960.4,64
111.0,22900.0,507.0,344.0,150.0,9.0,0.0,8.0,3,urban,3,2,0.0,12.5,0.1,0.0,76.6,1368.6,4.3,909.5,21
61.7,18100.0,323.0,201.0,68.2,0.0,8.7,6.2,3,urban,2,2,0.1,0.0,0.0,3.0,76.6,1368.6,4.3,909.5,15
103.1,8300.0,262.0,487.0,128.6,0.0,6.7,36.7,3,rural,6,2,0.2,0.0,0.0,1.5,76.6,1368.6,4.3,909.5,28
84.0,2100.0,142.0,129.0,130.8,0.0,15.0,4.0,3,rural,6,2,0.2,0.9,0.0,3.5,76.6,1368.6,4.3,909.5,91
251.0,8105.0,239.0,129.0,349.0,0.0,6.0,10.0,3,small urban,2,2,0.1,0.0,0.0,0.0,73.5,1463.6,4.4,869.8,26
198.0,10606.0,196.0,214.0,228.0,0.0,6.0,6.0,4,small urban,2,2,0.1,0.0,0.0,0.0,69.3,850.9,7.8,857.5,10
96.8,5203.0,204.0,206.0,106.3,0.0,5.7,15.0,4,small urban,6,2,0.1,0.0,0.0,3.0,69.3,850.9,7.8,857.5,66
67.2,1390.0,56.0,162.0,79.1,6.8,0.0,6.0,3,rural,3,2,0.0,1.2,0.0,4.5,68.9,1054.1,6.8,770.5,22
44.0,18643.0,308.0,257.0,85.0,9.0,6.0,6.0,3,urban,7,2,0.1,7.0,0.0,1.5,76.1,838.2,7.6,1085.5,73
40.3,17741.0,286.0,246.0,74.3,9.0,6.0,6.0,3,urban,7,2,0.1,5.8,0.0,1.5,76.1,838.2,7.6,1085.5,73
68.2,31000.0,728.0,681.0,79.0,0.0,6.0,12.0,3,small urban,2,2,0.1,0.0,0.0,0.0,73.4,1003.1,7.0,1171.6,12
67.5,7308.0,202.0,499.0,90.5,0.0,10.5,36.0,3,small urban,6,2,0.1,0.0,0.0,3.0,70.9,957.0,7.2,999.2,28
74.8,7468.0,625.0,788.0,80.1,9.0,0.0,4.0,2,small urban,3,2,0.0,2.4,0.0,0.0,70.9,957.0,7.2,999.2,24
34.4,6090.0,411.0,446.0,146.0,0.0,6.4,7.7,3,rural,6,2,0.2,5.3,0.0,1.5,70.9,957.0,7.2,999.2,61
54.5,4210.0,316.0,74.0,66.0,0.0,7.0,13.7,3,rural,2,2,0.1,0.0,0.0,3.0,72.9,1178.2,5.7,830.0,11
46.0,2406.0,208.0,5.0,52.0,0.0,9.0,23.0,3,rural,6,2,0.1,0.0,0.0,3.0,72.9,1178.2,5.7,830.0,65
77.7,6916.0,357.0,350.0,88.0,0.0,5.5,5.0,3,rural,6,2,0.1,0.0,0.0,2.0,72.9,1347.8,4.8,857.0,61
86.0,4360.0,203.0,246.0,94.5,0.0,5.8,10.0,3,rural,6,2,0.2,0.0,0.0,1.8,72.9,1347.8,4.8,857.0,71
47.4,2000.0,67.0,154.0,116.8,0.0,6.0,15.0,3,rural,6,2,0.3,0.0,0.0,1.5,72.9,1347.8,4.8,857.0,71
46.5,1754.0,31.0,80.0,48.4,9.0,5.0,3.0,3,rural,7,2,0.1,0.0,0.0,5.0,68.7,963.4,7.2,822.1,70
110.0,6715.0,205.0,255.0,155.5,8.0,3.0,5.0,3,small urban,7,2,0.1,6.5,0.0,1.5,70.5,1173.3,6.0,789.0,50
70.0,33026.0,858.0,397.0,119.0,6.5,0.0,4.0,3,urban,3,2,0.0,22.0,0.0,0.0,70.8,1248.2,5.6,779.6,9
51.7,4000.0,242.2,177.4,59.6,9.0,10.0,2.0,4,urban,7,2,0.2,0.0,0.0,2.0,70.8,1248.2,5.6,779.6,72
95.8,45.0,2.0,3.0,99.0,9.0,6.0,9.0,4,rural,7,2,0.2,9.5,0.0,2.0,71.8,1540.0,4.2,721.1,69
118.5,2850.0,304.0,239.0,154.0,7.5,0.0,5.0,3,rural,3,2,0.0,7.0,0.0,0.0,73.3,809.8,7.9,1050.6,34
128.2,21500.0,841.0,1011.0,138.7,0.0,22.0,35.0,2,urban,6,2,0.2,1.5,0.0,5.0,70.8,880.3,7.7,911.0,64
82.8,21600.0,548.0,1237.0,115.0,0.0,22.0,35.0,3,urban,6,2,0.2,0.0,0.0,5.0,70.8,880.3,7.7,911.0,64
59.0,90558.0,3023.0,1953.0,73.5,9.5,0.0,6.0,2,urban,3,2,0.0,28.0,0.0,0.0,72.9,996.8,7.0,1113.8,8
69.0,87505.0,3294.0,2177.0,107.0,8.0,4.0,6.0,2,urban,7,2,0.2,0.0,0.0,4.0,72.9,996.8,7.0,1113.8,54
54.0,47609.0,1373.0,1355.0,69.0,0.0,8.0,18.0,3,urban,6,2,0.2,0.0,0.0,3.0,72.2,1084.2,6.5,883.5,56
44.0,45605.0,1324.0,1332.0,51.5,0.0,8.0,18.0,3,urban,6,2,0.2,0.0,0.0,3.0,72.2,1084.2,6.5,883.5,56
51.0,37586.0,1128.0,1242.0,58.5,0.0,8.0,18.0,3,urban,6,2,0.2,0.0,0.0,3.0,72.2,1084.2,6.5,883.5,56
43.5,1472.0,147.0,198.0,99.4,0.0,17.5,10.0,3,rural,6,2,0.1,0.0,0.0,1.5,68.1,882.3,7.6,893.1,53
46.8,1675.0,159.0,206.0,100.9,0.0,17.5,10.0,3,rural,6,2,0.1,0.0,0.0,1.5,68.1,882.3,7.6,893.1,53
42.3,2600.0,202.0,246.0,77.8,9.0,7.9,4.5,3,small urban,7,2,0.2,0.0,0.0,1.5,69.3,912.2,7.5,965.5,90
79.5,6900.0,295.0,741.0,123.0,10.5,0.0,3.0,3,rural,3,2,0.0,7.3,0.0,0.0,69.8,859.6,7.8,884.1,23
99.0,5700.0,308.0,662.0,104.6,9.5,0.0,6.0,3,small urban,3,2,0.0,1.2,0.0,0.0,70.8,880.3,7.7,911.0,21
62.3,19740.0,803.0,1107.0,64.0,0.0,9.0,6.0,2,urban,2,2,0.2,0.0,0.0,0.0,72.5,911.0,7.5,935.8,17
53.2,1200.0,206.0,87.0,68.8,0.0,6.0,14.0,3,rural,2,2,0.1,0.0,0.0,0.0,70.9,196.8,7.4,898.9,9
74.9,690.0,130.0,52.0,76.1,0.0,6.0,11.0,3,rural,2,2,0.2,1.3,0.0,0.0,68.6,264.3,6.8,551.6,29
62.2,2100.0,396.0,159.0,63.5,0.0,4.0,12.0,3,rural,6,2,0.3,0.0,0.0,3.0,68.6,264.3,6.8,551.6,49
61.0,93382.0,6313.0,3054.0,68.0,0.0,10.5,4.0,1,urban,6,2,0.2,2.0,0.0,2.0,75.0,135.7,12.8,1354.6,37
43.0,127312.0,6964.0,3807.0,48.5,0.0,15.5,6.0,1,urban,6,3,0.1,1.5,0.0,2.5,75.0,135.7,12.8,1354.6,35
115.0,39450.0,3515.0,16.0,117.0,10.0,5.5,12.0,1,urban,7,2,0.2,4.0,0.0,2.0,75.0,135.7,12.8,1354.6,74
60.0,90190.0,1678.0,4077.0,64.9,0.0,14.5,4.0,1,urban,6,2,0.2,1.7,0.0,2.0,75.0,135.7,12.8,1354.6,31
79.0,155126.0,10456.0,5182.0,80.3,9.0,4.0,15.0,1,urban,7,2,0.2,7.3,0.0,2.0,75.0,135.7,12.8,1354.6,58
51.5,4990.0,218.0,34.0,100.5,9.0,5.0,15.0,2,urban,7,2,0.2,2.5,0.0,2.0,75.0,135.7,12.8,1354.6,68
61.0,62640.0,2656.0,652.0,63.0,7.0,12.5,12.0,3,urban,7,2,0.1,2.0,0.0,2.0,75.0,135.7,12.8,1354.6,29
105.0,41580.0,1593.0,375.0,123.0,0.0,15.5,12.0,3,urban,6,2,0.4,11.0,0.0,5.0,75.0,135.7,12.8,1354.6,57
43.0,69432.0,3986.0,1653.0,50.0,7.0,12.5,3.0,3,urban,7,3,0.2,0.0,0.0,2.0,75.0,135.7,12.8,1354.6,99
100.1,45071.0,2448.0,492.0,104.5,0.0,8.5,6.0,3,urban,6,2,0.3,10.5,0.0,20.5,75.0,135.7,12.8,1354.6,34
39.0,53262.0,2238.0,448.0,58.5,0.0,14.5,6.0,2,urban,6,3,0.2,1.5,0.0,1.5,75.0,135.7,12.8,1354.6,48
49.5,56692.0,2246.0,426.0,121.0,0.0,14.5,6.0,2,urban,6,3,0.2,17.5,0.0,1.5,75.0,135.7,12.8,1354.6,48
63.7,29111.0,1214.0,172.0,67.3,0.0,14.0,6.0,2,urban,6,2,0.2,4.7,0.0,1.5,75.0,135.7,12.8,1354.6,54
59.0,108752.0,2708.0,686.0,65.0,10.0,3.0,16.0,2,urban,7,2,0.2,0.0,0.0,2.0,75.0,135.7,12.8,1354.6,23
58.5,61864.0,2110.0,372.0,59.0,0.0,9.5,4.0,2,urban,6,2,0.2,6.8,0.0,2.0,75.0,135.7,12.8,1354.6,34
75.0,71711.0,5809.0,4941.0,102.5,9.0,4.0,15.0,2,urban,7,2,0.2,4.0,0.0,2.0,75.0,135.7,12.8,1354.6,54
50.0,71711.0,5809.0,4941.0,86.0,9.0,8.0,15.0,2,urban,7,2,0.3,5.0,0.0,2.0,75.0,135.7,12.8,1354.6,54
71.0,99971.0,9648.0,5899.0,124.0,9.0,8.0,17.0,2,urban,7,2,0.2,17.0,0.0,2.0,75.0,135.7,12.8,1354.6,24
100.0,126211.0,5743.0,4784.0,102.3,0.0,12.0,12.0,2,urban,6,2,0.1,0.3,0.0,2.0,75.0,135.7,12.8,1354.6,72
79.4,1584.0,193.0,81.0,268.3,0.0,11.0,22.0,5,rural,6,2,0.5,30.5,0.0,1.0,83.2,1072.5,4.8,1527.0,18
78.0,11300.0,475.0,158.0,80.0,0.0,6.0,22.0,5,small urban,6,2,0.2,1.0,0.0,1.0,81.2,622.0,7.4,1444.6,26
69.0,8283.0,530.0,936.0,82.5,0.0,8.0,24.0,3,rural,6,2,0.2,0.5,0.0,2.0,83.2,1072.5,4.8,1527.0,31
69.0,7277.0,327.0,597.0,75.0,0.0,8.0,22.0,3,rural,6,2,0.2,0.0,0.0,2.0,83.2,1072.5,4.8,1527.0,31
53.3,8153.0,481.0,432.0,56.3,0.0,8.0,20.0,3,rural,6,2,0.1,0.0,0.0,1.5,81.4,462.0,8.1,1373.9,25
113.0,7623.0,366.0,335.0,169.0,0.0,8.0,20.0,3,small urban,6,2,0.2,0.7,0.0,2.0,81.4,462.0,8.1,1373.9,22
100.0,8993.0,369.0,333.0,107.0,0.0,8.0,20.0,3,rural,6,2,0.2,8.0,0.0,1.5,81.4,462.0,8.1,1373.9,22
106.0,16054.0,498.0,706.0,180.0,0.0,6.0,22.0,4,urban,6,2,0.3,5.0,0.0,1.0,81.2,622.0,7.4,1444.6,26
78.8,12224.0,354.0,147.0,83.9,0.0,6.0,22.0,4,urban,2,2,0.1,0.1,0.0,1.2,81.2,622.0,7.4,1444.6,8
85.0,22509.0,180.0,45.0,92.0,0.0,6.0,22.0,4,small urban,6,2,0.5,0.0,0.0,1.5,81.2,846.6,6.4,1370.8,34
44.8,9004.0,351.0,234.0,57.1,0.0,6.0,16.0,3,rural,6,2,0.2,0.0,0.0,2.0,81.2,846.6,6.4,1370.8,34
41.0,7690.0,569.0,385.0,46.0,0.0,6.0,16.0,3,rural,6,2,0.1,0.0,0.0,2.0,81.2,846.6,6.4,1370.8,34
48.8,8843.0,610.0,407.0,59.6,0.0,6.0,16.0,3,rural,6,2,0.2,0.1,0.0,2.0,81.2,846.6,6.4,1370.8,34
63.0,8983.0,584.0,782.0,111.0,0.0,6.0,16.0,3,rural,6,2,0.2,0.0,0.0,2.0,81.2,846.6,6.4,1370.8,34
62.7,3115.0,196.0,115.0,78.6,0.0,6.0,16.0,5,rural,6,2,0.2,2.3,0.0,1.5,81.8,815.0,6.3,1323.6,34
46.4,2567.0,139.0,26.0,217.7,0.0,6.0,16.0,5,rural,6,2,0.3,6.4,0.0,1.0,81.8,815.0,6.3,1323.6,34
50.0,7632.0,244.0,153.0,350.0,0.0,6.0,16.0,5,urban,6,2,0.6,18.0,0.0,2.0,81.8,815.0,6.3,1323.6,34
46.0,10000.0,200.0,200.0,49.0,0.0,6.0,16.0,3,urban,6,2,0.1,0.0,0.0,2.0,81.8,815.0,6.3,1323.6,34
52.8,20588.0,937.0,937.0,55.8,0.0,13.0,9.0,3,small urban,6,3,0.1,1.0,0.0,4.0,77.1,0.1,21.3,1122.8,18
51.5,20588.0,1185.0,689.0,59.0,0.0,13.0,9.0,3,urban,6,3,0.1,19.0,0.0,4.0,77.1,0.1,21.3,1122.8,18
107.4,4072.0,220.0,45.0,113.5,0.0,4.0,14.0,5,rural,6,2,0.2,3.7,0.0,1.0,81.2,622.0,7.4,1444.6,19
49.7,25579.0,992.0,320.0,103.6,0.0,6.2,16.0,2,small urban,6,2,0.5,11.4,0.0,1.4,84.0,148.9,6.9,3145.3,58
59.5,5436.0,254.0,196.0,76.0,6.5,5.7,7.0,3,rural,7,2,0.1,0.9,0.0,1.7,85.1,0.8,10.3,2452.7,95
71.9,12984.0,549.0,188.0,72.6,0.0,8.8,5.5,3,rural,6,2,0.2,4.7,0.0,3.7,82.2,10.5,10.3,1177.5,76
110.0,14251.0,603.0,207.0,118.3,0.0,7.7,5.4,3,rural,6,2,0.2,8.0,0.0,3.8,82.2,10.5,10.3,1177.5,76
115.7,33175.0,1324.0,650.0,118.0,0.0,7.0,14.6,2,small urban,6,3,0.2,0.0,0.0,1.8,84.0,148.9,6.9,3145.3,61
53.0,25252.0,1048.0,922.0,54.3,0.0,10.2,6.0,3,rural,6,2,0.2,0.0,0.0,10.2,84.0,148.9,6.9,3145.3,17
51.4,27120.0,1125.0,990.0,54.2,0.0,10.2,6.0,3,rural,6,2,0.2,0.0,0.0,10.2,84.0,148.9,6.9,3145.3,17
68.5,13428.0,411.0,153.0,96.0,0.0,7.8,6.6,3,urban,6,2,0.3,6.0,0.0,1.8,84.0,148.9,6.9,3145.3,55
86.0,17698.0,542.0,202.0,89.2,0.0,6.6,6.0,3,urban,6,2,0.3,14.0,0.0,1.8,84.0,148.9,6.9,3145.3,72
110.0,20715.0,628.0,186.0,138.0,0.0,8.0,10.1,3,urban,6,2,0.2,29.0,0.0,2.4,84.0,148.9,6.9,3145.3,72
72.3,2649.0,184.0,306.0,100.0,4.0,4.0,4.0,3,rural,7,3,0.1,0.0,0.0,2.0,74.9,333.5,11.3,1121.7,95
133.8,1879.0,115.0,83.0,157.0,0.0,6.0,16.0,5,rural,6,2,0.3,4.7,0.0,1.0,83.2,1013.5,5.0,1441.9,22
96.0,1415.0,127.0,91.0,208.5,0.0,6.0,14.0,5,rural,6,2,0.4,7.2,0.0,1.5,83.2,1013.5,5.0,1441.9,33
127.7,17700.0,1040.0,2650.0,138.2,12.0,0.0,6.0,1,rural,3,2,0.0,8.7,0.0,0.0,68.1,229.3,12.8,954.0,66
113.0,18200.0,900.0,2820.0,122.7,12.0,0.0,6.0,1,rural,3,2,0.0,1.8,0.0,0.0,68.1,229.3,12.8,954.0,66
145.6,1606.0,71.0,16.0,230.0,0.0,6.0,16.0,5,rural,2,2,0.3,28.2,0.0,1.0,83.2,1072.5,4.8,1527.0,15
93.0,14236.0,356.0,142.0,251.0,0.0,9.0,22.0,4,urban,6,2,0.4,7.0,0.0,1.2,81.8,815.0,6.3,1323.6,22
90.3,6157.0,456.0,74.0,92.3,0.0,6.0,16.0,5,rural,6,2,0.2,0.0,0.0,2.0,81.4,462.0,8.1,1373.9,25
122.2,290.0,10.0,9.0,221.3,0.0,6.0,24.0,5,rural,6,2,0.4,7.6,0.0,1.0,84.1,1442.7,3.1,1231.3,26
123.0,4950.0,425.0,215.0,137.0,5.5,5.5,4.0,4,small urban,7,3,0.2,0.0,0.0,2.0,75.8,281.8,11.8,1247.3,95
69.0,3433.0,163.0,300.0,89.0,5.5,5.5,4.0,4,small urban,7,3,0.2,0.0,0.0,2.0,75.8,281.8,11.8,1247.3,84
105.7,1900.0,150.0,20.0,108.0,5.5,5.5,4.0,5,small urban,7,3,0.0,0.0,0.0,2.0,75.8,281.8,11.8,1247.3,57
187.8,1500.0,75.0,13.0,189.2,0.0,3.0,8.0,6,urban,2,2,0.3,0.0,0.0,3.0,77.6,254.6,10.4,1398.8,85
112.4,4999.0,325.0,5.0,187.5,0.0,4.0,14.0,5,rural,6,2,0.3,2.0,0.0,1.0,81.2,603.0,7.1,1415.4,36
65.0,17450.0,977.0,471.0,241.0,0.0,6.0,25.0,4,rural,6,2,0.3,15.0,0.0,1.5,81.4,462.0,8.1,1373.9,32
91.5,15496.0,883.0,806.0,98.0,0.0,6.0,24.0,4,rural,6,2,0.2,0.5,0.0,1.5,81.4,462.0,8.1,1373.9,32
63.8,15437.0,926.0,432.0,95.6,0.0,6.0,24.0,4,rural,2,2,0.2,3.4,0.0,1.2,81.4,462.0,8.1,1373.9,19
53.0,12945.0,621.0,272.0,111.0,0.0,6.0,24.0,4,rural,6,2,0.3,4.0,0.0,1.5,81.4,462.0,8.1,1373.9,32
30.7,29400.0,910.0,770.0,35.0,0.0,15.5,14.0,2,small urban,6,5,0.1,0.6,0.0,1.5,71.3,239.3,12.6,1045.7,51
113.3,24900.0,210.0,620.0,113.5,0.0,13.5,11.5,3,urban,6,5,0.1,1.0,0.0,2.0,71.3,239.3,12.6,1045.7,50
40.5,12600.0,220.0,410.0,42.5,0.0,16.0,14.5,2,urban,2,5,0.1,0.0,0.0,1.0,71.3,239.3,12.6,1045.7,13
54.8,700.0,115.0,140.0,83.7,0.0,5.0,3.5,4,rural,6,5,0.1,4.3,0.0,1.5,61.6,147.0,13.4,629.1,90
183.0,15383.0,350.0,603.0,184.0,5.5,5.5,4.0,3,small urban,7,3,0.1,26.0,0.0,2.0,74.8,250.6,12.3,1256.9,73
88.0,9800.0,790.0,922.0,100.0,0.0,10.4,9.7,3,rural,2,2,0.5,27.0,0.0,0.0,78.2,2.8,19.2,1338.6,58
200.0,2400.0,17.0,20.0,207.0,0.0,3.5,11.0,4,urban,2,2,0.1,5.0,0.0,2.0,77.8,330.7,9.9,1303.1,33
106.3,4400.0,230.0,42.0,183.7,0.0,3.5,11.0,4,urban,2,2,0.2,2.7,0.0,2.0,77.8,330.7,9.9,1303.1,21
115.0,3000.0,20.0,25.0,121.0,0.0,3.5,11.0,5,urban,2,2,0.2,8.0,0.0,2.0,77.8,330.7,9.9,1303.1,26
179.0,600.0,34.0,6.0,202.0,0.0,3.5,11.0,5,urban,2,2,0.2,1.0,0.0,2.0,77.8,330.7,9.9,1303.1,17
245.0,1600.0,96.0,16.0,252.0,0.0,3.5,11.0,5,urban,2,2,0.1,0.0,0.0,2.0,77.8,330.7,9.9,1303.1,36
148.5,4600.0,375.0,475.0,180.5,5.5,5.5,4.0,3,small urban,7,3,0.3,53.5,0.0,2.0,74.8,250.6,12.3,1256.9,60
255.0,200.0,11.0,2.0,286.0,0.0,1.5,7.0,5,urban,2,2,0.8,0.0,0.0,1.5,77.6,254.6,10.4,1398.8,19
196.0,350.0,20.0,3.0,221.0,0.0,1.5,7.0,5,urban,2,2,0.8,0.0,0.0,1.5,77.6,254.6,10.4,1398.8,23
217.0,300.0,17.0,3.0,273.0,0.0,1.5,7.0,5,urban,2,2,0.1,0.0,0.0,1.5,77.6,254.6,10.4,1398.8,19
146.0,800.0,45.0,7.0,185.0,0.0,1.5,7.0,5,urban,2,2,0.1,0.0,0.0,1.5,77.6,254.6,10.4,1398.8,17
192.5,650.0,37.0,6.0,200.5,0.0,1.5,7.0,5,urban,2,2,0.1,0.5,0.0,3.0,77.6,254.6,10.4,1398.8,13
182.0,300.0,17.0,3.0,209.5,0.0,1.5,7.0,5,urban,2,2,0.1,0.0,0.0,1.5,77.6,254.6,10.4,1398.8,19
47.6,15000.0,1460.0,2650.0,47.8,0.0,23.5,22.0,1,rural,6,5,0.1,0.9,0.0,1.5,60.8,184.7,12.9,667.8,60
41.6,15600.0,1460.0,2760.0,56.6,0.0,22.0,20.5,1,small urban,6,5,0.1,0.3,0.0,1.5,60.8,184.7,12.9,667.8,61
38.6,16100.0,1150.0,2950.0,48.0,0.0,22.0,20.5,1,rural,6,5,0.0,0.4,0.0,1.5,60.8,184.7,12.9,667.8,60
39.1,15100.0,1200.0,2770.0,42.7,0.0,22.0,20.5,1,rural,6,5,0.1,0.2,0.0,1.5,60.8,184.7,12.9,667.8,60
72.0,5848.0,233.0,789.0,75.2,0.0,10.6,7.9,2,small urban,2,2,0.3,0.0,0.0,3.4,61.8,112.6,10.8,521.2,69
58.5,5300.0,240.0,613.0,60.0,0.0,9.1,9.0,2,small urban,6,2,0.2,2.5,0.0,3.6,61.8,112.6,10.8,521.2,71
90.4,6450.0,170.0,100.0,99.0,4.0,4.0,4.0,4,rural,7,3,0.1,0.0,0.0,2.0,74.8,177.4,13.4,1251.7,103
59.6,4900.0,761.0,287.0,61.4,0.0,7.0,14.0,3,small urban,6,2,0.3,0.0,0.0,3.0,69.5,327.8,6.2,1159.2,68
59.0,4000.0,621.0,234.0,74.0,0.0,7.0,14.0,3,small urban,6,2,0.4,0.0,0.0,3.0,69.5,327.8,6.2,1159.2,68
81.8,570.0,154.0,66.0,83.6,0.0,5.0,9.0,3,rural,6,2,0.2,0.0,0.0,2.5,69.5,327.8,6.2,1159.2,50
60.4,460.0,108.0,85.0,63.2,0.0,5.0,8.0,3,rural,6,2,0.1,0.0,0.0,3.0,69.5,327.8,6.2,1159.2,59
80.9,440.0,103.0,82.0,82.0,0.0,7.5,14.0,3,rural,6,2,0.1,0.0,0.0,6.0,69.5,327.8,6.2,1159.2,64
91.3,420.0,98.0,78.0,94.6,0.0,7.5,14.0,3,rural,6,2,0.1,0.0,0.0,6.0,69.5,327.8,6.2,1159.2,64
72.1,310.0,66.0,52.0,74.4,0.0,6.5,8.0,3,rural,6,2,0.1,0.0,0.0,4.0,69.5,327.8,6.2,1159.2,88
109.3,380.0,81.0,75.0,109.9,0.0,5.0,10.0,3,rural,6,3,0.2,0.0,0.0,2.0,64.6,313.6,6.6,587.8,45
107.2,340.0,56.0,36.0,110.6,0.0,5.0,7.0,3,rural,2,2,0.1,0.1,0.0,0.0,64.6,313.6,6.6,587.8,34
110.2,340.0,58.0,37.0,136.2,0.0,5.0,7.0,3,rural,2,2,0.1,0.0,0.0,0.0,64.6,313.6,6.6,587.8,34
85.5,350.0,60.0,38.0,87.7,0.0,7.5,8.0,3,rural,6,2,0.1,0.0,0.0,2.0,64.6,313.6,6.6,587.8,83
73.2,400.0,68.0,43.0,74.5,0.0,5.0,12.0,3,rural,6,3,0.2,0.1,0.0,2.0,64.6,313.6,6.6,587.8,49
84.9,400.0,68.0,43.0,86.2,0.0,4.5,20.0,3,rural,6,2,0.2,0.1,0.0,2.0,64.6,313.6,6.6,587.8,57
45.0,8480.0,110.0,260.0,145.0,0.0,8.0,6.0,4,small urban,6,5,0.1,36.0,0.0,2.0,56.2,131.0,13.5,579.3,51
69.0,2908.0,115.0,116.0,76.0,0.0,10.6,5.0,4,rural,6,2,0.1,50.0,0.0,1.8,64.8,185.7,9.3,496.9,86
63.2,1100.0,50.0,40.0,75.0,5.0,5.0,4.0,4,rural,7,3,0.1,0.0,0.0,2.0,73.4,379.1,11.2,1028.0,93
67.3,11700.0,604.0,326.0,119.7,0.0,6.0,13.0,3,urban,6,3,0.2,17.7,0.0,4.0,84.5,13.2,10.1,1428.7,50
39.7,48733.0,2096.0,5897.0,55.5,0.0,9.0,28.0,1,rural,6,2,0.4,0.2,0.0,2.0,80.9,756.2,6.8,1362.0,23
36.0,24742.0,1039.0,4478.0,59.5,0.0,9.0,28.0,1,rural,6,2,0.4,0.0,0.0,1.7,81.2,622.0,7.4,1444.6,16
38.0,24747.0,1039.0,4479.0,53.5,0.0,9.0,28.0,1,rural,6,2,0.3,0.0,0.0,1.7,81.2,622.0,7.4,1444.6,16
34.0,24740.0,1039.0,4478.0,53.0,0.0,9.0,28.0,1,rural,6,2,0.3,0.0,0.0,1.7,81.2,622.0,7.4,1444.6,16
35.0,24737.0,1039.0,4477.0,56.0,0.0,9.0,28.0,1,rural,6,2,0.3,0.0,0.0,1.7,81.2,622.0,7.4,1444.6,16
40.0,24743.0,1039.0,4478.0,58.0,0.0,9.0,28.0,1,rural,6,2,0.4,0.0,0.0,1.7,81.2,622.0,7.4,1444.6,16
36.8,24745.0,1039.0,4479.0,48.5,0.0,9.0,28.0,1,rural,6,2,0.3,0.0,0.0,1.7,81.2,622.0,7.4,1444.6,16
34.0,24735.0,1039.0,4477.0,50.5,0.0,9.0,28.0,1,rural,6,2,0.4,0.0,0.0,1.7,81.2,622.0,7.4,1444.6,16
37.0,24740.0,1039.0,4478.0,49.7,0.0,9.0,28.0,1,rural,6,2,0.4,0.0,0.0,1.7,81.2,622.0,7.4,1444.6,16
39.7,23456.0,1173.0,4621.0,55.0,0.0,9.0,28.0,1,rural,6,2,0.4,0.0,0.0,1.7,81.2,622.0,7.4,1444.6,16
39.3,23764.0,1188.0,4682.0,57.2,0.0,9.0,28.0,1,rural,6,2,0.4,0.0,0.0,1.7,81.2,622.0,7.4,1444.6,16
40.2,24319.0,1216.0,4791.0,55.9,0.0,9.0,28.0,1,rural,6,2,0.4,0.0,0.0,1.7,81.2,622.0,7.4,1444.6,16
108.0,6370.0,175.0,440.0,146.0,0.0,15.5,13.5,3,small urban,6,5,0.1,8.0,0.0,2.0,58.5,119.2,13.8,593.2,73
41.4,3330.0,45.0,355.0,53.2,0.0,15.5,13.5,3,small urban,6,5,0.1,1.2,0.0,2.0,58.5,119.2,13.8,593.2,68
56.8,12755.0,325.0,207.0,210.0,0.0,8.0,20.0,4,urban,6,2,0.2,0.0,0.0,1.5,73.6,939.2,7.3,956.1,17
205.8,892.0,32.0,120.0,245.0,0.0,8.0,9.0,4,rural,6,2,0.2,30.0,0.0,3.0,71.5,775.5,8.2,986.8,73
46.6,10073.0,140.0,37.0,53.1,0.0,7.5,14.0,4,rural,2,2,0.1,0.0,0.0,4.0,72.5,911.0,7.5,935.8,10
99.7,36630.0,691.0,352.0,104.4,10.0,0.0,3.0,4,urban,3,2,0.0,0.0,0.0,0.0,72.9,996.8,7.0,1113.8,34
50.0,30525.0,452.0,71.0,113.1,8.0,4.6,5.6,3,urban,7,2,0.2,0.0,0.0,3.8,72.9,996.8,7.0,1113.8,56
213.5,5513.0,248.0,170.0,287.0,0.0,7.0,14.0,3,rural,2,2,0.2,13.0,0.0,0.0,72.4,1497.3,4.3,742.9,19
96.0,5698.0,115.0,28.0,105.0,0.0,6.3,5.0,5,urban,6,2,0.2,0.0,0.0,3.0,73.6,939.2,7.3,956.1,81
208.0,11827.0,338.0,196.0,265.0,8.0,4.0,6.0,4,small urban,7,2,0.4,16.0,0.0,3.0,71.5,775.5,8.2,986.8,51
45.7,2957.0,91.0,204.0,248.0,0.0,7.0,18.0,3,rural,6,2,0.3,0.0,0.0,2.3,70.4,816.6,7.9,936.4,56
281.5,3257.0,92.0,232.0,284.0,7.5,2.0,5.0,3,rural,7,2,0.2,0.0,0.0,2.0,70.8,880.3,7.7,911.0,40
32.0,32500.0,845.0,676.0,38.0,0.0,9.5,6.0,3,urban,6,2,0.1,0.0,0.0,3.0,72.0,1072.3,6.4,848.6,37
60.7,12689.0,360.0,455.0,64.8,9.5,5.5,5.0,3,urban,3,2,0.1,2.0,0.0,2.0,72.2,1084.2,6.5,883.5,30
88.6,2902.0,75.0,80.0,96.3,9.0,4.5,1.0,4,small urban,7,2,0.1,3.0,0.0,3.0,69.3,850.9,7.8,857.5,94
82.0,3652.0,129.0,217.0,135.0,0.0,4.0,11.0,3,small urban,2,2,0.2,0.0,0.0,0.0,69.3,850.9,7.8,857.5,17
54.0,9600.0,396.0,592.0,70.0,9.0,5.5,1.0,3,rural,7,2,0.2,0.0,0.0,3.0,69.8,859.6,7.8,884.1,94
111.0,8900.0,67.0,49.0,121.0,0.0,9.7,5.0,3,urban,2,2,0.2,0.0,0.0,0.0,72.6,855.2,7.7,1008.6,25
142.2,7483.0,32.0,33.0,184.0,0.0,10.0,5.0,3,rural,2,2,0.1,0.0,0.0,0.0,72.5,911.0,7.5,935.8,26
226.3,4250.0,133.0,61.0,244.0,0.0,6.0,14.0,4,small urban,2,2,0.2,3.0,0.0,0.0,70.8,880.3,7.7,911.0,35
37.0,4800.0,130.0,137.0,41.3,9.0,3.8,2.0,4,small urban,7,2,0.1,0.0,0.0,3.8,72.2,981.8,7.0,1039.9,71
61.9,5312.0,134.0,38.0,70.3,0.0,7.5,1.0,5,rural,2,2,0.2,0.0,0.0,4.0,72.9,996.8,7.0,1113.8,18
149.0,27563.0,679.0,253.0,158.5,0.0,5.0,6.0,3,small urban,6,2,0.2,1.0,0.0,3.0,72.9,996.8,7.0,1113.8,39
35.4,1954.0,65.0,136.0,37.0,0.0,4.5,12.0,3,rural,2,2,0.1,0.1,0.0,0.0,70.6,1427.5,4.8,701.2,10
185.0,5700.0,150.0,422.0,194.3,0.0,2.4,6.0,4,small urban,6,2,0.2,2.7,0.0,1.7,76.0,901.5,7.2,1014.2,37
203.2,2456.0,121.0,129.0,214.7,0.0,6.2,7.3,3,rural,6,2,0.2,0.0,0.0,1.5,68.9,1054.1,6.8,770.5,88
70.0,2952.0,116.0,89.0,70.6,0.0,4.5,15.0,5,rural,6,2,0.2,0.0,0.0,3.0,74.9,1192.9,5.6,910.2,72
138.5,23400.0,293.0,108.0,143.5,0.0,5.5,10.9,3,urban,6,2,0.3,0.4,0.0,4.0,76.6,1368.6,4.3,909.5,37
119.0,3700.0,135.0,253.0,121.0,9.0,6.0,3.0,3,small urban,7,2,0.2,0.0,0.0,3.0,70.5,1173.3,6.0,789.0,94
203.5,1353.0,79.0,174.0,221.0,0.0,4.0,15.0,5,small urban,6,2,0.2,0.0,0.0,3.5,76.6,1242.9,5.0,925.9,64
55.0,66000.0,1121.0,336.0,178.0,0.0,9.5,2.0,3,urban,6,2,0.1,0.0,0.0,2.0,72.9,996.8,7.0,1113.8,39
37.4,12300.0,428.0,369.0,48.1,0.0,6.0,7.0,2,small urban,2,2,0.2,0.0,0.0,0.0,73.2,1178.0,5.8,856.0,20
41.0,12100.0,322.0,406.0,54.0,0.0,6.0,7.0,2,small urban,2,2,0.2,0.0,0.0,0.0,73.2,1178.0,5.8,856.0,20
171.0,9000.0,409.0,289.0,188.0,0.0,6.5,19.0,3,rural,6,2,0.1,0.0,0.0,2.0,73.5,1265.7,5.3,884.6,67
58.2,33800.0,946.0,791.0,59.0,0.0,7.5,18.0,2,urban,6,2,0.3,0.0,0.0,5.0,83.5,7.3,10.8,1007.2,59
51.0,33800.0,946.0,791.0,57.0,0.0,7.0,32.0,2,urban,6,2,0.3,0.0,0.0,5.0,83.5,7.3,10.8,1007.2,62
68.0,61558.0,2180.0,4944.0,141.0,9.0,7.5,15.0,1,urban,7,2,0.3,1.0,0.0,2.0,75.9,199.1,11.8,1340.9,71
44.3,166392.0,11299.0,13029.0,52.7,0.0,11.0,8.0,1,urban,6,2,0.1,0.3,0.0,37.0,75.9,199.1,11.8,1340.9,11
75.0,51920.0,1532.0,888.0,88.0,0.0,11.5,11.0,1,urban,6,3,0.2,1.0,0.0,2.0,75.9,199.1,11.8,1340.9,52
60.5,200511.0,6297.0,6477.0,68.0,10.0,5.5,16.0,1,urban,7,2,0.2,2.5,0.0,2.0,75.9,199.1,11.8,1340.9,60
50.0,162921.0,9075.0,7039.0,56.5,9.0,5.5,15.0,1,urban,7,2,0.2,4.0,0.0,2.0,75.9,199.1,11.8,1340.9,58
89.0,25152.0,1291.0,634.0,106.0,10.0,5.0,16.0,1,urban,7,2,0.2,5.5,0.0,2.0,75.9,199.1,11.8,1340.9,68
60.6,3132.0,205.0,17.0,63.7,7.5,9.5,12.0,4,rural,7,3,0.1,0.1,0.0,2.0,75.9,199.1,11.8,1340.9,103
108.4,2231.0,232.0,57.0,113.4,7.0,8.5,3.0,4,rural,7,3,0.2,4.1,0.0,1.5,75.9,199.1,11.8,1340.9,107
54.0,46232.0,2761.0,1082.0,69.0,8.0,5.5,10.0,3,urban,7,2,0.2,36.0,0.0,2.0,75.9,199.1,11.8,1340.9,78
64.0,41017.0,2043.0,1026.0,207.0,8.0,5.0,10.0,3,rural,7,2,0.4,3.0,0.0,2.0,75.9,199.1,11.8,1340.9,78
72.5,31519.0,2572.0,1832.0,74.0,0.0,12.5,4.0,2,urban,6,2,0.3,4.5,0.0,3.5,75.9,199.1,11.8,1340.9,53
67.7,34881.0,1211.0,2292.0,69.0,0.0,12.5,4.0,2,urban,6,2,0.3,4.5,0.0,3.5,75.9,199.1,11.8,1340.9,53
71.0,6784.0,191.0,50.0,97.8,9.0,3.5,12.0,3,urban,7,2,0.1,5.5,0.0,2.0,75.9,199.1,11.8,1340.9,76
52.3,27641.0,736.0,119.0,60.0,0.0,7.5,10.0,3,rural,6,2,0.2,4.3,0.0,2.0,75.9,199.1,11.8,1340.9,33
91.0,35741.0,769.0,136.0,92.9,7.0,4.5,18.0,3,urban,7,2,0.2,0.0,0.0,2.0,75.9,199.1,11.8,1340.9,41
71.0,56500.0,1018.0,620.0,73.5,0.0,2.0,8.0,3,urban,6,2,0.2,8.0,0.0,1.5,76.3,0.0,23.8,1171.7,9
90.0,35000.0,674.0,411.0,163.0,0.0,2.0,8.0,3,urban,6,2,0.1,8.0,0.0,1.5,76.3,0.0,23.8,1171.7,11
54.5,32500.0,747.0,455.0,56.5,0.0,2.0,8.0,3,urban,6,2,0.1,8.0,0.0,1.5,76.3,0.0,23.8,1171.7,9
46.8,32500.0,747.0,455.0,51.6,0.0,2.0,8.0,3,urban,6,2,0.2,8.0,0.0,1.5,76.3,0.0,23.8,1171.7,9
44.5,15700.0,907.0,553.0,48.0,0.0,2.0,8.0,3,urban,6,2,0.1,0.0,0.0,1.5,76.3,0.0,23.8,1171.7,9
132.0,6800.0,1044.0,562.0,141.4,0.0,4.0,8.0,4,rural,2,2,0.5,67.0,0.0,2.0,75.2,5.6,18.1,1212.1,33
75.3,1693.0,146.0,477.0,77.7,0.0,6.0,8.0,3,rural,2,2,0.6,42.2,0.0,2.0,75.2,5.6,18.1,1212.1,56
44.0,1218.0,63.0,364.0,75.3,0.0,6.0,8.0,3,rural,2,2,0.3,0.0,0.0,2.0,75.2,5.6,18.1,1212.1,14
114.0,1200.0,65.0,373.0,158.7,0.0,6.0,8.0,3,rural,2,2,0.5,16.0,0.0,2.0,75.2,5.6,18.1,1212.1,56
93.0,2200.0,137.0,260.0,98.6,0.0,6.0,8.0,3,rural,2,2,0.5,44.0,0.0,2.0,75.2,5.6,18.1,1212.1,14
51.0,2700.0,89.0,558.0,95.0,0.0,6.0,8.0,3,rural,2,2,0.3,0.0,0.0,2.0,75.2,5.6,18.1,1212.1,45
109.5,3683.0,494.0,299.0,135.8,0.0,6.0,8.0,3,rural,2,2,0.5,0.0,0.0,2.0,75.2,5.6,18.1,1212.1,86
95.0,1708.0,112.0,298.0,109.2,0.0,6.0,8.0,3,rural,2,2,0.4,6.0,0.0,2.0,75.2,5.6,18.1,1212.1,89
176.0,19748.0,671.0,237.0,178.0,0.0,8.0,21.0,3,urban,6,2,0.4,2.0,0.0,2.0,80.9,756.2,6.8,1362.0,31
115.0,22972.0,643.0,230.0,297.0,0.0,8.0,20.0,3,urban,6,2,0.4,16.0,0.0,2.0,80.9,756.2,6.8,1362.0,31
45.8,14261.0,542.0,185.0,65.8,0.0,8.0,20.0,3,urban,6,2,0.3,0.0,0.0,1.2,80.9,756.2,6.8,1362.0,20
124.0,21975.0,703.0,989.0,138.0,0.0,8.0,20.0,3,urban,6,2,0.4,0.0,0.0,1.5,80.9,756.2,6.8,1362.0,31
80.7,23496.0,611.0,822.0,84.0,0.0,7.0,23.0,3,urban,6,2,0.1,0.2,0.0,2.0,80.9,756.2,6.8,1362.0,21
86.8,2300.0,138.0,191.0,88.2,0.0,2.0,8.0,3,rural,6,2,0.1,0.0,0.0,1.5,76.3,0.0,23.8,1171.7,9
90.5,1100.0,123.0,94.0,95.5,0.0,4.0,8.0,5,rural,2,2,0.3,17.0,0.0,2.0,75.2,5.6,18.1,1212.1,94
132.9,375.0,17.0,15.0,150.8,0.0,4.0,8.0,5,rural,2,2,0.4,43.6,0.0,2.0,75.2,5.6,18.1,1212.1,51
65.9,4680.0,160.0,330.0,69.2,8.5,0.0,4.0,2,rural,3,2,0.0,1.0,0.0,0.0,73.2,212.6,12.8,1078.5,15
64.4,7600.0,130.0,330.0,64.8,8.5,0.0,4.0,2,rural,3,2,0.0,1.2,0.0,0.0,73.2,212.6,12.8,1078.5,15
338.0,150.0,9.0,1.0,393.0,0.0,2.0,9.0,5,rural,6,2,0.2,2.0,0.0,2.0,78.9,489.4,8.6,1569.7,70
65.0,8800.0,725.0,154.0,73.0,0.0,4.0,11.0,3,urban,6,3,0.1,0.0,0.0,4.0,84.3,5.4,10.7,1294.0,41
60.8,16200.0,455.0,225.0,62.0,7.0,7.0,2.0,3,rural,7,2,0.1,0.0,0.0,4.0,84.3,5.4,10.7,1294.0,100
61.4,250.0,10.0,35.0,131.8,0.0,4.5,3.0,5,rural,6,5,0.1,4.5,0.0,1.5,68.1,229.3,12.8,954.0,69
108.8,871.0,76.0,28.0,109.2,0.0,7.3,9.0,4,rural,6,2,0.1,0.0,0.0,2.4,71.1,420.9,7.4,737.3,44
36.5,4900.0,1152.0,380.0,101.5,0.0,6.0,8.0,3,rural,6,3,0.3,21.5,0.0,2.0,84.3,5.4,10.7,1294.0,50
65.0,11600.0,550.0,375.0,100.0,4.0,4.0,4.0,3,rural,7,3,0.1,34.0,0.0,2.0,73.0,383.7,11.2,1063.6,39
265.0,1300.0,56.0,13.0,291.0,0.0,3.0,5.0,4,urban,6,2,0.2,1.0,0.0,1.5,78.2,130.1,11.5,1379.0,45
132.0,10800.0,383.0,164.0,148.0,0.0,3.0,5.0,5,urban,6,2,0.2,1.0,0.0,3.0,78.2,130.1,11.5,1379.0,45
134.0,3000.0,179.0,30.0,137.0,0.0,3.0,5.0,5,urban,6,2,0.2,1.0,0.0,3.0,78.2,130.1,11.5,1379.0,45
92.8,1721.0,152.0,399.0,100.0,4.0,4.0,4.0,4,rural,7,3,0.1,10.0,0.0,2.0,75.3,151.7,13.8,1286.0,40
60.7,2500.0,412.0,586.0,102.5,0.0,6.9,20.7,3,rural,6,2,0.3,0.0,0.0,2.5,83.7,0.0,11.4,1337.9,59
107.1,2500.0,412.0,586.0,109.2,0.0,6.0,17.5,3,rural,6,2,0.2,2.5,0.0,2.8,81.2,3.8,10.5,1222.3,59
198.0,372.0,13.0,4.0,226.0,0.0,6.0,18.0,5,small urban,2,2,0.2,4.7,0.0,1.0,84.1,1442.7,3.1,1231.3,16
49.0,6100.0,376.0,118.0,50.0,0.0,2.0,8.0,5,urban,2,2,0.2,0.0,0.0,1.5,76.3,0.0,23.8,1171.7,13
49.0,2580.0,88.0,250.0,63.0,0.0,7.0,13.0,2,rural,2,2,0.1,0.0,0.0,2.5,66.3,652.0,8.9,774.5,22
42.5,21300.0,1500.0,5600.0,43.5,5.5,5.5,4.0,1,rural,7,3,0.1,0.0,0.0,4.0,74.4,504.2,10.0,1049.5,63
44.5,20200.0,1100.0,7800.0,53.0,5.5,5.5,4.0,1,rural,7,3,0.1,0.0,0.0,4.0,74.4,504.2,10.0,1049.5,63
51.0,20200.0,1100.0,7800.0,74.0,5.5,5.5,4.0,1,small urban,7,3,0.1,0.0,0.0,4.0,74.4,504.2,10.0,1049.5,64
76.0,2535.0,271.0,60.0,194.0,3.5,3.5,4.0,5,small urban,7,3,0.4,51.0,0.0,2.0,74.4,504.2,10.0,1049.5,29
63.0,2620.0,52.0,278.0,82.0,0.0,7.0,13.0,2,rural,2,2,0.1,0.0,0.0,2.5,66.3,652.0,8.9,774.5,22
54.3,1120.0,185.0,465.0,76.0,0.0,10.0,8.5,4,rural,6,5,0.0,0.4,0.0,1.5,53.2,116.2,13.4,503.5,64
38.7,2550.0,80.0,325.0,40.0,4.0,4.0,4.0,3,rural,7,3,0.1,0.0,0.0,2.0,75.0,146.6,13.7,1254.8,92
103.0,18362.0,588.0,409.0,124.0,5.5,5.5,4.0,3,urban,7,3,0.2,10.0,0.0,2.0,75.0,146.6,13.7,1254.8,54
54.0,15100.0,631.0,513.0,57.8,0.0,11.5,16.0,3,rural,2,2,0.2,0.0,0.0,0.0,83.5,7.3,10.8,1007.2,16
97.5,15300.0,594.0,617.0,116.4,0.0,12.0,15.0,3,small urban,6,2,0.2,10.7,0.0,6.5,87.5,4.7,9.9,1941.0,68
61.0,1450.0,131.0,95.0,90.6,0.0,2.0,1.0,5,small urban,2,3,0.1,8.0,0.0,1.0,77.1,0.0,22.8,1134.1,25
126.0,10300.0,412.0,247.0,133.0,0.0,5.0,6.5,4,urban,2,2,0.3,0.0,0.0,1.5,73.4,1003.1,7.0,1171.6,70
121.0,1700.0,107.0,114.0,181.0,0.0,6.0,20.0,4,rural,2,2,0.1,0.0,0.0,0.0,72.5,911.0,7.5,935.8,12
120.0,13400.0,536.0,322.0,249.0,0.0,8.5,2.0,5,urban,2,2,0.2,0.0,0.0,1.5,73.6,939.2,7.3,956.1,32
52.0,8047.0,507.0,539.0,107.0,0.0,6.5,13.0,4,rural,2,2,0.1,0.0,0.0,1.5,73.6,939.2,7.3,956.1,59
257.0,3950.0,158.0,95.0,266.0,0.0,5.0,14.0,5,urban,2,2,0.2,0.0,0.0,0.0,76.1,838.2,7.6,1085.5,37
79.0,2009.0,80.0,48.0,216.0,0.0,5.5,3.0,6,small urban,2,2,0.1,0.0,0.0,1.5,73.3,1091.4,6.4,926.5,61
151.0,377.0,24.0,25.0,195.0,0.0,5.0,12.0,5,rural,2,2,0.1,0.0,0.0,0.0,69.3,850.9,7.8,857.5,31
161.0,3750.0,150.0,90.0,190.0,0.0,10.0,4.0,5,small urban,2,2,0.1,0.0,0.0,10.0,70.8,880.3,7.7,911.0,42
66.0,475.0,30.0,32.0,76.0,0.0,7.0,12.0,4,rural,2,2,0.1,0.0,0.0,2.0,70.9,1310.8,5.2,759.3,28
118.0,1500.0,60.0,36.0,275.0,0.0,5.5,18.0,6,small urban,2,2,0.1,0.0,0.0,1.0,70.5,1173.3,6.0,789.0,56
58.0,370.0,23.0,25.0,58.7,0.0,5.5,7.0,5,rural,2,2,0.1,0.0,0.0,1.5,70.5,1173.3,6.0,789.0,73
58.0,689.0,28.0,17.0,127.0,0.0,4.0,32.0,6,small urban,2,2,0.1,0.0,0.0,0.0,71.3,1395.7,4.8,749.8,23
187.0,440.0,18.0,11.0,193.0,0.0,5.0,8.0,5,urban,2,2,0.2,0.0,0.0,0.0,69.9,1327.9,5.3,707.8,18
141.0,1550.0,62.0,37.0,143.0,0.0,11.0,6.0,5,urban,2,3,0.2,0.0,0.0,3.5,69.9,1327.9,5.3,707.8,62
162.0,800.0,32.0,19.0,283.0,0.0,6.0,10.0,6,small urban,2,2,0.1,0.0,0.0,0.0,69.9,1327.9,5.3,707.8,26
98.0,175.0,11.0,12.0,129.0,0.0,5.5,10.0,5,rural,2,2,0.2,0.0,0.0,0.0,69.9,1327.9,5.3,707.8,20
133.0,18700.0,748.0,449.0,135.0,8.0,0.0,12.0,3,urban,3,2,0.0,3.0,0.0,0.0,73.4,1003.1,7.0,1171.6,25
147.0,812.0,32.0,19.0,169.0,0.0,8.0,21.0,5,small urban,2,2,0.1,0.0,0.0,0.0,73.6,939.2,7.3,956.1,21
92.0,3200.0,128.0,77.0,130.0,0.0,6.5,4.0,4,urban,2,2,0.1,0.0,0.0,6.5,72.2,1084.2,6.5,883.5,75
113.0,6300.0,252.0,151.0,211.0,0.0,4.0,12.0,5,urban,2,2,0.2,0.0,0.0,0.0,72.0,1072.3,6.4,848.6,22
149.0,968.0,61.0,65.0,334.0,0.0,3.5,6.0,4,rural,2,2,0.2,0.0,0.0,1.5,73.4,1003.1,7.0,1171.6,64
84.0,24600.0,984.0,590.0,105.0,0.0,8.0,16.0,4,urban,2,2,0.1,0.0,0.0,3.5,73.4,1003.1,7.0,1171.6,34
132.0,10701.0,428.0,257.0,227.0,0.0,7.0,10.0,4,urban,2,2,0.1,0.0,0.0,7.0,76.6,1368.6,4.3,909.5,19
95.0,5801.0,232.0,139.0,107.0,0.0,6.0,22.5,5,urban,2,2,0.2,0.0,0.0,6.0,76.6,1368.6,4.3,909.5,21
50.7,28607.0,1465.0,195.0,61.1,0.0,6.0,1.0,3,urban,6,3,0.2,7.6,0.0,2.0,76.0,76.6,13.8,1287.2,39
52.7,26830.0,1554.0,306.0,53.4,0.0,6.0,1.0,3,small urban,6,3,0.2,4.7,0.0,2.0,76.0,76.6,13.8,1287.2,39
52.6,41891.0,2145.0,516.0,56.5,0.0,8.5,1.0,3,small urban,6,3,0.1,2.4,0.0,2.0,76.0,76.6,13.8,1287.2,54
54.7,29500.0,1160.0,331.0,71.0,0.0,12.0,6.0,3,small urban,6,3,0.2,6.7,0.0,1.5,76.0,76.6,13.8,1287.2,57
53.5,32020.0,894.0,337.0,70.0,0.0,12.0,2.5,3,small urban,6,3,0.2,16.0,0.0,1.5,76.0,76.6,13.8,1287.2,60
52.2,11900.0,597.0,218.0,60.7,0.0,10.0,9.0,3,rural,6,2,0.1,0.7,0.0,2.0,76.0,76.6,13.8,1287.2,100
39.2,60900.0,2010.0,7491.0,69.0,10.0,8.0,16.0,1,rural,7,2,0.1,8.5,0.0,4.0,74.4,17.0,16.1,1271.0,32
35.0,60900.0,2010.0,7491.0,56.0,13.0,13.0,10.0,1,urban,7,5,0.1,2.0,0.0,2.0,74.4,17.0,16.1,1271.0,64
33.8,67200.0,1882.0,6794.0,58.1,10.0,8.0,16.0,1,rural,7,2,0.1,3.0,0.0,4.0,74.4,17.0,16.1,1271.0,32
36.5,67200.0,1882.0,6794.0,65.4,10.0,8.0,16.0,1,rural,7,2,0.1,2.6,0.0,4.0,74.4,17.0,16.1,1271.0,32
49.4,80300.0,2008.0,3453.0,57.2,13.0,13.0,10.0,1,urban,7,5,0.1,0.0,0.0,2.0,74.4,17.0,16.1,1271.0,32
48.0,84800.0,2120.0,3646.0,59.2,13.0,13.0,10.0,1,urban,7,5,0.1,0.1,0.0,2.0,74.4,17.0,16.1,1271.0,30
124.0,16600.0,332.0,166.0,132.0,0.0,8.0,6.0,3,urban,2,5,0.4,14.5,0.0,2.0,74.4,17.0,16.1,1271.0,59
65.8,16900.0,434.0,603.0,70.7,0.0,8.0,6.0,3,urban,2,5,0.2,8.8,0.0,2.0,74.4,17.0,16.1,1271.0,61
117.0,8500.0,935.0,255.0,152.2,0.0,8.0,6.0,3,urban,2,5,0.2,10.0,0.0,2.0,74.4,17.0,16.1,1271.0,61
46.0,4700.0,472.0,652.0,52.6,0.0,2.0,8.0,3,rural,6,2,0.3,1.0,0.0,1.0,77.1,0.0,22.8,1134.1,13
81.0,7200.0,231.0,285.0,108.7,0.0,6.0,4.5,4,urban,2,5,0.3,14.0,0.0,2.0,74.4,17.0,16.1,1271.0,14
78.5,23337.0,1671.0,781.0,97.4,0.0,8.0,6.0,3,urban,2,5,0.3,3.5,0.0,2.0,74.4,17.0,16.1,1271.0,90
87.5,20500.0,1933.0,3079.0,90.6,0.0,8.0,6.0,3,urban,2,5,0.3,5.7,0.0,2.0,74.4,17.0,16.1,1271.0,48
102.2,20100.0,1128.0,880.0,107.3,0.0,8.0,6.0,3,urban,2,5,0.2,4.8,0.0,2.0,74.4,17.0,16.1,1271.0,19
55.8,30800.0,1294.0,1540.0,61.9,0.0,6.0,4.5,4,urban,2,5,0.2,0.8,0.0,2.0,74.4,17.0,16.1,1271.0,27
174.7,6500.0,311.0,46.0,175.2,0.0,6.0,4.5,5,urban,2,5,0.3,8.0,0.0,2.0,74.4,17.0,16.1,1271.0,26
114.0,7100.0,152.0,65.0,177.0,0.0,6.0,4.5,4,urban,2,5,0.2,0.0,0.0,2.0,74.4,17.0,16.1,1271.0,70
124.0,3200.0,33.0,41.0,215.0,0.0,6.0,4.5,4,urban,2,5,0.2,3.0,0.0,2.0,74.4,17.0,16.1,1271.0,27
268.5,500.0,18.0,14.0,336.0,0.0,6.0,4.5,5,urban,2,5,0.6,19.3,0.0,2.0,74.4,17.0,16.1,1271.0,45
57.8,12290.0,479.0,737.0,59.5,0.0,8.0,6.0,3,urban,2,5,0.1,0.0,0.0,2.0,74.4,17.0,16.1,1271.0,15
74.0,17600.0,540.0,3640.0,109.0,12.5,0.0,4.0,1,small urban,3,3,0.0,10.0,0.0,0.0,67.2,163.6,13.4,847.0,24
77.1,14300.0,430.0,3220.0,79.8,12.0,0.0,4.0,1,rural,3,3,0.0,3.6,0.0,0.0,67.2,163.6,13.4,847.0,22
52.6,3500.0,608.0,194.0,54.1,0.0,10.0,11.0,3,rural,6,2,0.2,0.0,0.0,4.0,65.0,158.0,8.0,574.3,89
64.9,1500.0,247.0,152.0,65.9,0.0,8.5,9.0,3,rural,6,2,0.2,0.0,0.0,4.0,65.0,158.0,8.0,574.3,86
143.5,6995.0,133.0,378.0,182.0,0.0,10.0,14.0,3,urban,2,2,0.2,8.0,0.0,3.0,68.4,700.0,8.6,908.5,38
98.5,2200.0,190.0,36.0,124.0,4.0,4.0,4.0,4,rural,7,3,0.2,0.0,0.0,2.0,73.7,245.5,12.5,1221.6,98
96.0,6007.0,282.0,146.0,102.0,5.5,5.5,4.0,3,small urban,7,3,0.1,0.0,0.0,2.0,73.7,245.5,12.5,1221.6,91
211.0,5900.0,259.0,81.0,240.0,0.0,6.0,5.0,4,urban,2,2,0.1,8.0,0.0,2.0,77.6,254.6,10.4,1398.8,84
70.7,2600.0,374.0,793.0,72.5,0.0,8.5,28.0,3,rural,6,2,0.2,0.0,0.0,5.0,70.0,77.6,9.9,442.0,61
79.0,3000.0,432.0,915.0,83.5,0.0,8.5,16.0,3,rural,6,2,0.3,5.9,0.0,2.0,70.0,77.6,9.9,442.0,69
120.3,3551.0,159.0,64.0,127.7,5.5,5.5,4.0,3,urban,7,3,0.1,3.7,0.0,2.0,75.6,680.7,8.6,1035.4,94
58.0,395.0,40.0,20.0,71.5,0.0,6.5,5.0,5,rural,6,5,0.0,0.0,0.0,1.5,71.6,285.9,12.0,1047.7,94
122.5,2350.0,275.0,325.0,128.0,4.0,4.0,4.0,4,rural,7,3,0.2,5.0,0.0,2.0,75.0,151.0,13.8,1272.7,95
225.5,1500.0,90.0,15.0,226.0,0.0,3.0,6.0,5,urban,2,2,0.2,8.5,0.0,2.0,78.2,216.0,10.4,1435.3,34
92.5,7680.0,280.0,370.0,94.0,9.0,0.0,4.0,3,rural,3,2,0.0,0.0,0.0,0.0,71.6,285.9,12.0,1047.7,46
69.2,5050.0,365.0,400.0,103.0,5.2,5.2,4.0,4,urban,7,3,0.1,0.0,0.0,2.0,75.8,525.0,9.4,1081.6,101
63.8,5050.0,365.0,400.0,103.0,5.2,5.2,4.0,4,urban,7,3,0.1,0.0,0.0,2.0,75.8,525.0,9.4,1081.6,101
66.0,5050.0,365.0,400.0,103.0,5.2,5.2,4.0,4,urban,7,3,0.1,0.0,0.0,2.0,75.8,525.0,9.4,1081.6,81
157.0,4350.0,185.0,60.0,165.0,4.0,4.0,4.0,5,urban,7,3,0.1,3.0,0.0,2.0,75.8,525.0,9.4,1081.6,11
290.5,2000.0,119.0,20.0,294.0,0.0,4.5,12.0,5,urban,2,2,0.1,0.0,0.0,2.5,78.2,130.1,11.5,1379.0,12
94.0,12996.0,621.0,192.0,102.0,5.5,5.5,4.0,3,urban,7,3,0.1,0.3,0.0,2.0,75.1,410.8,10.5,1050.9,101
82.0,6949.0,311.0,196.0,82.5,5.5,5.5,4.0,4,rural,7,3,0.1,9.0,0.0,2.0,75.1,410.8,10.5,1050.9,95
123.2,18467.0,580.0,258.0,126.6,10.0,10.0,4.0,4,urban,7,3,0.2,1.0,0.0,2.0,75.1,410.8,10.5,1050.9,61
150.0,3400.0,203.0,34.0,153.0,0.0,6.0,3.0,5,urban,2,2,0.3,0.0,0.0,2.0,77.6,254.6,10.4,1398.8,85
83.5,139000.0,830.0,5400.0,134.0,12.0,0.0,4.0,1,urban,3,3,0.0,35.5,0.0,0.0,72.3,244.0,12.6,1065.9,9
87.0,30600.0,790.0,1000.0,88.5,9.0,0.0,4.0,3,urban,3,3,0.0,0.0,0.0,0.0,72.3,244.0,12.6,1065.9,30
82.0,21800.0,1350.0,630.0,88.5,10.0,0.0,4.0,2,urban,3,3,0.0,0.0,0.0,0.0,72.3,244.0,12.6,1065.9,14
57.0,88300.0,1870.0,1850.0,66.5,8.0,5.5,4.0,2,urban,7,2,0.1,2.5,0.0,1.5,72.3,244.0,12.6,1065.9,59
80.0,99600.0,1300.0,2060.0,88.5,13.5,0.0,4.0,2,urban,3,3,0.0,15.5,0.0,0.0,72.3,244.0,12.6,1065.9,14
105.4,7500.0,668.0,286.0,112.4,0.0,11.0,11.0,3,rural,6,2,0.2,7.4,0.0,2.5,87.0,3.1,10.0,1610.0,68
89.8,6800.0,435.0,260.0,91.6,0.0,7.4,11.1,3,rural,6,2,0.2,0.3,0.0,2.0,87.0,3.1,10.0,1610.0,62
74.7,6800.0,435.0,260.0,75.9,0.0,10.0,13.0,3,rural,6,2,0.1,0.0,0.0,2.0,87.0,3.1,10.0,1610.0,64
59.3,6800.0,435.0,260.0,60.0,0.0,10.0,13.0,3,rural,6,2,0.2,0.0,0.0,2.0,86.7,4.6,9.9,2102.4,64
49.1,7400.0,474.0,283.0,52.5,0.0,8.5,13.0,3,rural,6,2,0.1,0.0,0.0,2.0,84.5,13.2,10.1,1428.7,60
115.7,11300.0,1193.0,394.0,116.9,0.0,9.5,13.0,3,rural,6,2,0.3,16.1,0.0,2.0,84.5,13.2,10.1,1428.7,73
42.8,22300.0,312.0,560.0,94.1,0.0,6.0,16.0,3,rural,6,3,0.5,3.6,0.0,4.0,84.5,13.2,10.1,1428.7,54
42.0,23400.0,328.0,587.0,94.6,0.0,6.4,16.1,3,rural,6,3,0.5,1.1,0.0,3.9,84.5,13.2,10.1,1428.7,54
74.0,143200.0,3967.0,2177.0,78.0,0.0,11.0,24.0,2,urban,2,2,0.3,0.0,0.0,0.0,84.5,13.2,10.1,1428.7,19
62.3,161800.0,4272.0,2136.0,66.0,0.0,12.0,21.7,2,urban,6,2,0.2,0.0,0.0,2.0,80.8,20.2,10.5,1335.9,63
96.0,17217.0,875.0,3700.0,108.0,5.5,5.5,4.0,1,small urban,7,3,0.2,0.0,0.0,4.0,74.3,448.5,10.4,1071.7,60
65.0,1950.0,160.0,180.0,81.0,5.0,5.0,4.0,4,rural,7,3,0.1,0.0,0.0,3.0,74.3,448.5,10.4,1071.7,67
74.9,1600.0,110.0,60.0,81.0,4.5,4.5,4.0,5,rural,7,3,0.1,0.0,0.0,3.0,74.3,448.5,10.4,1071.7,97
124.2,510.0,121.0,64.0,129.2,0.0,5.0,12.0,3,rural,6,2,0.2,0.0,0.0,2.0,64.6,313.6,6.6,587.8,48
71.1,420.0,100.0,52.0,73.4,0.0,8.5,12.0,3,rural,6,2,0.1,0.0,0.0,4.0,56.8,162.7,8.7,418.2,48
79.3,420.0,100.0,52.0,80.7,0.0,8.5,12.0,3,rural,6,2,0.1,0.0,0.0,4.0,56.8,162.7,8.7,418.2,45
74.8,540.0,115.0,60.0,77.5,0.0,9.0,12.0,3,rural,6,2,0.1,0.0,0.0,4.0,56.8,162.7,8.7,418.2,45
98.2,7600.0,340.0,106.0,100.6,0.0,9.0,9.0,4,urban,6,2,0.1,2.6,0.0,1.0,77.6,254.6,10.4,1398.8,51
157.0,4500.0,235.0,43.0,163.0,0.0,6.0,9.0,4,urban,2,2,0.3,1.0,0.0,1.0,77.6,254.6,10.4,1398.8,50
62.0,12900.0,38.0,53.0,131.0,0.0,4.0,7.0,5,urban,6,2,0.1,0.0,0.0,1.0,77.6,254.6,10.4,1398.8,51
186.0,750.0,43.0,7.0,242.5,0.0,3.0,12.0,5,urban,2,2,0.1,0.0,0.0,3.0,77.6,254.6,10.4,1398.8,9
140.2,240.0,36.0,47.0,144.9,0.0,3.5,14.0,3,rural,6,2,0.3,0.8,0.0,2.0,56.8,162.7,8.7,418.2,50
58.9,1222.0,32.0,180.0,61.6,0.0,11.0,14.0,3,rural,2,2,0.1,0.0,0.0,2.0,65.3,511.1,9.8,817.2,64
85.9,32893.0,1722.0,11234.0,86.0,5.5,5.5,4.0,1,small urban,7,3,0.2,5.6,0.0,4.0,75.4,481.3,9.9,1081.5,63
94.0,12228.0,350.0,230.0,192.5,5.5,5.5,4.0,3,small urban,7,3,0.2,84.5,0.0,2.0,75.4,481.3,9.9,1081.5,46
71.7,7422.0,289.0,386.0,81.5,8.0,8.0,4.0,3,rural,7,3,0.1,28.4,0.0,2.0,75.4,481.3,9.9,1081.5,26
101.0,11946.0,482.0,384.0,107.0,5.5,5.5,4.0,3,small urban,7,3,0.2,28.0,0.0,2.0,75.4,481.3,9.9,1081.5,86
90.5,1520.0,82.0,53.0,97.0,5.5,5.5,4.0,4,small urban,7,3,0.1,36.5,0.0,3.0,75.4,481.3,9.9,1081.5,100
39.9,5100.0,250.0,375.0,119.1,5.0,5.0,4.0,4,small urban,7,5,0.2,95.3,0.0,2.0,75.4,481.3,9.9,1081.5,98
131.5,3782.0,130.0,92.0,221.0,5.5,5.5,4.0,3,small urban,7,5,0.1,28.0,0.0,2.0,75.4,481.3,9.9,1081.5,125
203.0,500.0,28.0,5.0,281.0,0.0,4.0,11.0,5,urban,2,2,0.1,1.0,0.0,1.5,78.2,130.1,11.5,1379.0,23
125.0,1600.0,64.0,38.0,236.0,0.0,6.0,8.0,5,urban,2,2,0.3,0.0,0.0,0.0,72.9,996.8,7.0,1113.8,18
281.0,2250.0,142.0,151.0,284.0,8.0,6.0,14.0,4,rural,6,2,0.1,0.0,0.0,1.5,76.6,1368.6,4.3,909.5,31
200.0,446.0,18.0,11.0,249.0,0.0,4.0,11.0,6,small urban,2,2,0.1,0.0,0.0,0.0,76.6,1242.9,5.0,925.9,12
160.0,5311.0,212.0,127.0,174.0,0.0,8.0,6.0,6,small urban,2,2,0.2,0.0,0.0,4.0,71.0,1148.6,6.0,795.7,37
98.0,1750.0,70.0,42.0,102.3,0.0,3.5,14.0,6,urban,2,3,0.2,0.0,0.0,3.5,76.6,1368.6,4.3,909.5,14
170.0,4750.0,190.0,114.0,177.0,0.0,2.3,12.0,4,urban,2,3,0.1,0.0,0.0,2.3,76.6,1368.6,4.3,909.5,91
186.0,13359.0,534.0,321.0,281.0,0.0,7.5,12.0,4,urban,2,2,0.1,0.0,0.0,0.0,76.6,1368.6,4.3,909.5,33
246.0,2250.0,90.0,54.0,349.0,0.0,8.0,6.0,6,urban,2,2,0.1,0.0,0.0,1.0,76.6,1368.6,4.3,909.5,52
119.0,5301.0,212.0,127.0,120.0,0.0,5.5,9.0,5,urban,2,2,0.1,0.0,0.0,5.5,76.6,1368.6,4.3,909.5,18
61.0,1650.0,66.0,40.0,83.0,0.0,3.5,7.0,5,urban,2,2,0.1,0.0,0.0,0.0,73.4,1003.1,7.0,1171.6,30
211.0,6800.0,272.0,163.0,272.0,0.0,7.0,18.0,5,urban,2,2,0.1,0.0,0.0,0.0,70.8,1248.2,5.6,779.6,14
234.0,1500.0,60.0,36.0,260.0,0.0,8.0,21.0,6,urban,2,2,0.1,0.0,0.0,0.0,70.8,1248.2,5.6,779.6,18
231.0,433.0,17.0,10.0,275.0,0.0,4.0,10.0,5,urban,2,2,0.1,0.0,0.0,0.0,76.1,838.2,7.6,1085.5,26
213.0,650.0,26.0,16.0,266.0,0.0,3.5,5.0,6,urban,2,2,0.1,0.0,0.0,0.0,73.4,1003.1,7.0,1171.6,25
196.0,1550.0,62.0,37.0,221.0,0.0,5.5,9.0,5,small urban,2,2,0.1,0.0,0.0,1.5,72.2,981.8,7.0,1039.9,63
163.0,11000.0,440.0,264.0,301.0,0.0,3.0,9.0,5,urban,2,5,0.2,0.0,0.0,2.0,72.6,855.2,7.7,1008.6,55
293.0,750.0,30.0,18.0,362.0,0.0,5.0,6.0,6,urban,2,2,0.1,0.0,0.0,0.0,72.6,855.2,7.7,1008.6,13
183.0,1228.0,49.0,29.0,192.0,0.0,6.0,8.0,4,urban,2,2,0.1,0.0,0.0,2.0,72.5,911.0,7.5,935.8,45
189.0,4100.0,164.0,98.0,239.0,0.0,4.0,8.0,5,small urban,2,2,0.1,0.0,0.0,1.5,75.2,955.6,7.1,960.4,63
135.0,5524.0,221.0,133.0,216.0,0.0,6.0,5.0,5,urban,6,2,0.1,0.0,0.0,1.5,75.7,906.1,7.1,1007.5,35
98.0,1707.0,68.0,41.0,158.0,0.0,4.0,12.0,5,urban,2,2,0.2,0.0,0.0,0.0,75.7,906.1,7.1,1007.5,25
120.0,6741.0,270.0,162.0,161.0,8.0,0.0,6.0,5,urban,3,2,0.0,6.0,0.1,0.0,75.7,906.1,7.1,1007.5,27
144.0,4909.0,196.0,118.0,162.0,0.0,6.0,6.0,5,urban,2,2,0.1,0.0,0.0,1.5,73.6,939.2,7.3,956.1,24
261.0,1500.0,60.0,36.0,343.0,0.0,5.5,6.0,6,urban,2,2,0.2,0.0,0.0,0.0,72.0,1072.3,6.4,848.6,28
57.0,7412.0,404.0,661.0,58.3,0.0,10.0,6.0,4,rural,6,2,0.1,0.0,0.0,3.0,77.2,107.8,13.1,1338.5,70
57.3,3560.0,245.0,313.0,99.3,0.0,12.5,3.0,4,rural,6,3,0.1,0.0,0.0,1.5,77.2,107.8,13.1,1338.5,61
45.8,22740.0,1217.0,1317.0,57.7,0.0,11.5,4.0,2,rural,6,3,0.2,1.7,0.0,3.0,77.2,107.8,13.1,1338.5,38
56.5,13170.0,764.0,824.0,91.5,6.5,9.5,2.0,3,rural,7,3,0.2,8.0,0.0,1.5,77.2,107.8,13.1,1338.5,91
129.0,3600.0,183.0,34.0,135.0,0.0,4.0,12.0,4,urban,2,2,0.1,0.0,0.0,1.5,78.2,130.1,11.5,1379.0,27
186.0,450.0,26.0,4.0,311.0,0.0,4.0,12.0,5,urban,2,2,0.2,2.0,0.0,2.0,78.2,130.1,11.5,1379.0,18
93.6,3400.0,244.0,339.0,109.2,0.0,6.0,8.0,3,rural,2,2,0.6,14.4,0.0,2.0,74.5,8.7,17.5,1227.2,20
93.6,5110.0,304.0,347.0,111.4,0.0,6.0,8.0,3,rural,2,2,0.5,37.2,0.0,2.0,74.5,8.7,17.5,1227.2,48
86.5,5200.0,351.0,292.0,97.8,0.0,6.0,8.0,3,rural,2,2,0.6,10.5,0.0,2.0,74.5,8.7,17.5,1227.2,48
81.3,2200.0,214.0,445.0,89.6,0.0,6.0,8.0,3,rural,2,2,0.4,0.0,0.0,2.0,74.5,8.7,17.5,1227.2,32
72.9,1751.0,95.0,421.0,74.2,0.0,6.0,8.0,3,rural,2,2,0.4,3.7,0.0,2.0,74.5,8.7,17.5,1227.2,51
72.8,2100.0,197.0,230.0,76.8,0.0,6.0,8.0,3,rural,2,2,0.4,21.6,0.0,2.0,74.5,8.7,17.5,1227.2,51
120.9,1700.0,129.0,193.0,123.6,0.0,6.0,8.0,3,rural,2,2,0.3,12.4,0.0,2.0,74.5,8.7,17.5,1227.2,55
102.4,850.0,26.0,83.0,113.3,0.0,4.0,8.0,4,rural,2,2,0.3,9.8,0.0,2.0,74.5,8.7,17.5,1227.2,15
110.2,750.0,50.0,60.0,117.2,5.0,5.0,4.0,4,rural,7,3,0.1,9.6,0.0,2.0,75.9,240.3,12.3,1296.8,91
85.0,18438.0,756.0,148.0,112.5,0.0,6.0,16.0,5,small urban,6,2,0.3,0.0,0.0,1.5,80.9,756.2,6.8,1362.0,34
75.0,1300.0,183.0,63.0,77.0,0.0,7.3,13.0,4,rural,6,2,0.2,0.0,0.0,2.3,61.5,53.9,11.4,322.8,53
117.2,1800.0,125.0,50.0,117.8,5.5,5.5,4.0,5,rural,7,3,0.1,57.0,0.0,2.0,74.8,425.2,10.5,1059.4,70
185.3,2000.0,119.0,20.0,189.0,0.0,6.0,14.0,5,urban,6,2,0.4,11.3,0.0,1.5,77.6,254.6,10.4,1398.8,244
59.3,4300.0,465.0,814.0,64.6,0.0,10.1,9.1,3,rural,6,2,0.3,4.2,0.0,2.4,74.8,98.6,8.2,537.0,56
119.5,9389.0,310.0,113.0,143.3,0.0,6.0,16.0,5,urban,6,2,0.2,0.7,0.0,6.0,80.9,756.2,6.8,1362.0,25
97.7,6683.0,221.0,80.0,141.9,0.0,6.0,16.0,5,rural,6,2,0.2,2.7,0.0,6.0,80.9,756.2,6.8,1362.0,25
71.9,100.0,30.0,5.0,76.6,0.0,2.5,1.0,5,rural,6,3,0.1,4.4,0.0,1.5,73.8,179.2,13.2,1042.2,68
75.9,5770.0,320.0,910.0,76.6,10.0,0.0,4.0,2,rural,3,3,0.0,2.2,0.0,0.0,73.8,179.2,13.2,1042.2,16
62.7,5690.0,270.0,900.0,65.0,10.0,0.0,4.0,2,rural,3,3,0.0,0.0,0.0,0.0,73.8,179.2,13.2,1042.2,16
48.6,6490.0,300.0,1030.0,76.6,10.0,0.0,4.0,2,rural,3,3,0.0,1.1,0.0,0.0,73.8,179.2,13.2,1042.2,19
99.8,2600.0,130.0,375.0,101.0,5.5,5.5,4.0,3,rural,7,3,0.2,0.0,0.0,2.0,73.3,383.7,11.1,1048.2,100
79.1,6362.0,280.0,6.0,109.8,0.0,8.0,22.0,5,urban,6,2,0.3,0.3,0.0,1.0,80.9,756.2,6.8,1362.0,22
134.0,2800.0,167.0,28.0,176.0,0.0,4.0,5.0,5,urban,2,2,0.3,1.0,0.0,2.0,77.6,254.6,10.4,1398.8,16
171.0,2800.0,167.0,28.0,212.0,0.0,4.0,5.0,5,urban,2,2,0.3,2.0,0.0,2.0,77.6,254.6,10.4,1398.8,15
85.6,2453.0,120.0,79.0,161.3,4.6,4.6,4.0,5,rural,7,3,0.1,82.8,0.0,2.0,76.5,578.5,8.8,1054.9,69
130.0,8365.0,452.0,25.0,271.0,0.0,6.0,18.0,4,urban,6,2,0.3,2.0,0.0,3.0,80.9,756.2,6.8,1362.0,47
133.0,5503.0,391.0,330.0,190.0,0.0,6.0,22.0,4,urban,6,2,0.2,1.0,0.0,1.5,80.9,756.2,6.8,1362.0,28
168.0,3700.0,164.0,427.0,171.0,9.0,4.0,7.0,5,urban,7,2,0.1,0.0,0.0,3.5,78.2,130.1,11.5,1379.0,34
171.5,8143.0,204.0,8.0,213.0,0.0,6.0,16.0,4,urban,2,2,0.3,1.0,0.0,1.2,80.9,756.2,6.8,1362.0,20
162.7,4913.0,295.0,123.0,191.8,0.0,8.0,22.0,5,urban,2,2,0.2,6.5,0.0,1.0,80.9,756.2,6.8,1362.0,24
67.0,11000.0,890.0,1620.0,82.3,10.0,0.0,4.0,3,small urban,3,3,0.0,0.0,0.0,0.0,70.7,214.4,12.8,993.1,16
32.5,21300.0,800.0,6400.0,35.0,5.5,5.5,4.0,1,urban,7,3,0.1,0.0,0.0,4.0,74.9,392.3,10.7,1074.9,61
109.0,17721.0,928.0,257.0,180.0,10.0,10.0,4.0,3,urban,7,3,0.2,0.0,0.0,3.0,74.9,392.3,10.7,1074.9,54
102.6,20614.0,869.0,203.0,180.0,10.0,10.0,4.0,4,urban,7,3,0.2,0.0,0.0,2.0,74.9,392.3,10.7,1074.9,54
168.0,7900.0,350.0,125.0,169.0,5.5,5.5,4.0,3,urban,7,3,0.2,15.0,0.0,2.0,74.9,392.3,10.7,1074.9,34
93.5,15152.0,1027.0,321.0,97.0,4.0,4.0,4.0,3,urban,7,3,0.1,0.0,0.0,2.0,74.9,392.3,10.7,1074.9,53
74.0,5835.0,508.0,53.0,95.0,0.0,6.0,17.0,5,urban,6,2,0.3,0.0,0.0,5.0,80.9,756.2,6.8,1362.0,49
184.7,5592.0,56.0,28.0,191.3,0.0,6.0,16.0,5,urban,2,2,0.3,4.3,0.0,1.0,80.9,756.2,6.8,1362.0,16
99.0,10824.0,790.0,260.0,127.0,0.0,8.0,22.0,5,urban,2,2,0.2,0.0,0.0,1.0,80.9,756.2,6.8,1362.0,11
60.5,14741.0,1076.0,354.0,95.4,0.0,8.0,22.0,5,urban,2,2,0.1,0.2,0.0,1.0,80.9,756.2,6.8,1362.0,11
140.0,8614.0,327.0,181.0,198.0,0.0,6.0,16.0,5,urban,6,2,0.3,5.0,0.0,1.0,80.9,756.2,6.8,1362.0,20
141.0,2182.0,175.0,242.0,178.0,0.0,3.0,8.0,3,urban,2,3,0.3,0.0,0.0,1.5,68.6,9.0,18.7,1015.6,73
137.5,17768.0,576.0,670.0,144.0,5.5,5.5,4.0,3,urban,7,3,0.2,50.5,0.0,2.0,74.6,340.0,11.3,1100.3,97
136.5,16336.0,341.0,355.0,141.0,5.5,5.5,4.0,3,urban,7,3,0.0,32.0,0.0,2.0,74.6,340.0,11.3,1100.3,101
84.0,6478.0,250.0,250.0,86.0,4.0,4.0,4.0,3,urban,7,3,0.2,34.0,0.0,2.0,74.6,340.0,11.3,1100.3,94
105.2,3200.0,180.0,275.0,106.5,4.0,4.0,4.0,3,urban,7,3,0.2,32.8,0.0,3.0,74.6,340.0,11.3,1100.3,97
144.0,12955.0,249.0,98.0,166.5,5.5,5.5,4.0,3,urban,7,3,0.2,63.5,0.0,2.0,74.6,340.0,11.3,1100.3,91
71.0,15200.0,550.0,475.0,73.0,5.5,5.5,4.0,3,urban,7,3,0.0,0.0,0.0,2.0,74.6,340.0,11.3,1100.3,88
68.0,9162.0,271.0,265.0,69.3,5.5,5.5,4.0,3,urban,7,3,0.1,54.3,0.0,2.0,74.6,340.0,11.3,1100.3,95
76.5,4950.0,120.0,250.0,80.0,5.5,5.5,4.0,3,urban,7,3,0.1,19.0,0.0,2.0,74.6,340.0,11.3,1100.3,82
99.5,3400.0,100.0,500.0,115.0,4.0,4.0,4.0,4,urban,7,3,0.2,15.5,0.0,2.0,74.6,340.0,11.3,1100.3,64
120.6,13749.0,522.0,357.0,121.7,0.0,8.0,22.0,4,urban,2,2,0.2,0.9,0.0,1.2,80.9,756.2,6.8,1362.0,15
109.0,19900.0,503.0,328.0,112.5,0.0,8.0,12.0,3,urban,2,2,0.3,39.0,0.0,0.0,84.3,5.4,10.7,1294.0,27
87.0,3900.0,505.0,534.0,94.0,0.0,8.5,8.0,4,urban,6,2,0.2,3.0,0.0,1.5,84.3,5.4,10.7,1294.0,88
142.0,9100.0,1178.0,1246.0,144.0,7.0,6.2,4.0,4,rural,7,2,0.2,5.0,0.0,2.0,85.8,1.7,10.6,1670.2,100
161.0,6245.0,219.0,12.0,172.0,0.0,6.0,16.0,5,urban,2,2,0.4,1.0,0.0,1.0,80.9,756.2,6.8,1362.0,16
76.5,2520.0,240.0,410.0,116.0,0.0,5.0,3.0,2,rural,6,5,0.3,0.0,0.0,2.0,70.0,323.5,11.6,933.7,91
66.0,3340.0,160.0,410.0,91.5,0.0,5.0,3.0,2,rural,6,5,0.4,1.6,0.0,2.0,70.0,323.5,11.6,933.7,91
84.0,4060.0,210.0,410.0,93.5,9.0,5.0,4.0,2,rural,7,2,0.1,3.5,0.0,1.0,70.0,323.5,11.6,933.7,65
122.0,9660.0,125.0,535.0,188.0,0.0,12.5,11.0,3,rural,6,5,0.3,24.0,0.0,1.5,70.0,323.5,11.6,933.7,96
82.5,14629.0,995.0,351.0,315.5,0.0,6.0,16.0,4,urban,2,2,0.3,32.0,0.0,1.2,80.9,756.2,6.8,1362.0,13
123.0,9002.0,522.0,162.0,158.0,0.0,6.0,17.0,4,urban,6,2,0.2,2.0,0.0,1.5,80.9,756.2,6.8,1362.0,45
88.0,9031.0,777.0,154.0,228.0,0.0,6.0,16.0,4,urban,6,2,0.3,17.5,0.0,1.2,80.9,756.2,6.8,1362.0,16
133.6,3878.0,218.0,425.0,135.0,4.0,4.0,4.0,3,rural,7,5,0.2,0.0,0.0,2.0,73.7,245.5,12.5,1221.6,89
58.2,5194.0,723.0,296.0,97.0,5.5,5.5,4.0,4,urban,7,3,0.2,0.0,0.0,2.0,73.7,245.5,12.5,1221.6,85
80.0,12300.0,1250.0,2050.0,113.0,5.5,5.5,4.0,4,urban,7,3,0.3,0.0,0.0,2.0,73.7,245.5,12.5,1221.6,87
68.4,6661.0,902.0,286.0,87.0,5.5,5.5,4.0,4,urban,7,3,0.1,0.0,0.0,3.0,73.7,245.5,12.5,1221.6,92
79.0,17200.0,950.0,325.0,90.0,5.5,5.5,4.0,3,urban,7,3,0.1,0.0,0.0,2.0,73.7,245.5,12.5,1221.6,104
83.6,5400.0,1150.0,250.0,100.0,5.2,5.2,4.0,4,rural,7,3,0.1,0.0,0.0,2.0,73.7,245.5,12.5,1221.6,20
99.6,1700.0,300.0,70.0,132.0,5.2,5.2,4.0,4,rural,7,3,0.1,0.0,0.0,2.0,73.7,245.5,12.5,1221.6,63
108.9,1950.0,375.0,80.0,132.0,5.2,5.2,4.0,4,rural,7,3,0.1,0.0,0.0,2.0,73.7,245.5,12.5,1221.6,63
106.5,1950.0,375.0,80.0,132.0,5.2,5.2,4.0,4,rural,7,3,0.1,0.0,0.0,2.0,73.7,245.5,12.5,1221.6,63
98.0,3750.0,290.0,100.0,137.0,5.2,5.2,4.0,4,small urban,7,3,0.1,0.0,0.0,2.0,73.7,245.5,12.5,1221.6,68
102.0,6328.0,587.0,109.0,126.0,4.0,4.0,4.0,3,urban,7,3,0.2,5.0,0.0,3.0,73.7,245.5,12.5,1221.6,85
96.0,9350.0,1225.0,160.0,126.0,4.5,4.5,4.0,3,urban,7,3,0.2,5.0,0.0,2.0,73.7,245.5,12.5,1221.6,47
80.0,3350.0,130.0,130.0,103.0,5.0,5.0,4.0,4,rural,7,3,0.2,0.0,0.0,2.0,73.7,245.5,12.5,1221.6,93
114.9,2104.0,240.0,145.0,135.0,5.2,5.2,4.0,4,rural,7,3,0.2,0.0,0.0,2.0,73.7,245.5,12.5,1221.6,93
82.5,5453.0,525.0,136.0,92.0,5.5,5.5,4.0,4,urban,7,3,0.1,0.0,0.0,3.0,73.7,245.5,12.5,1221.6,92
52.0,4250.0,130.0,30.0,80.0,5.2,5.2,4.0,4,rural,7,3,0.1,0.0,0.0,2.0,73.7,245.5,12.5,1221.6,92
60.6,2105.0,60.0,32.0,62.0,4.6,4.6,4.0,5,rural,7,3,0.1,0.0,0.0,2.0,73.7,245.5,12.5,1221.6,93
109.0,11606.0,286.0,98.0,138.0,5.0,5.0,4.0,4,urban,7,3,0.2,0.0,0.0,2.0,73.7,245.5,12.5,1221.6,68
65.0,4200.0,150.0,40.0,72.0,5.0,5.0,4.0,4,rural,7,3,0.1,0.0,0.0,2.0,73.7,245.5,12.5,1221.6,100
53.4,5411.0,592.0,109.0,72.0,5.0,5.0,4.0,4,urban,7,3,0.1,0.0,0.0,2.0,73.7,245.5,12.5,1221.6,100
101.8,5225.0,1025.0,300.0,143.0,5.0,5.0,4.0,4,urban,7,3,0.2,0.0,0.0,2.0,73.7,245.5,12.5,1221.6,102
80.3,7917.0,475.0,360.0,101.0,10.0,10.0,4.0,4,urban,7,3,0.2,0.0,0.0,2.0,73.7,245.5,12.5,1221.6,85
74.7,6920.0,331.0,145.0,86.0,5.0,5.0,4.0,4,urban,7,3,0.1,0.0,0.0,3.0,73.7,245.5,12.5,1221.6,86
128.8,3016.0,254.0,86.0,144.0,4.0,4.0,4.0,5,urban,7,3,0.2,0.0,0.0,2.0,73.7,245.5,12.5,1221.6,41
190.5,9574.0,557.0,250.0,204.0,4.0,4.0,4.0,5,urban,7,3,0.2,0.0,0.0,2.0,73.7,245.5,12.5,1221.6,51
106.0,4677.0,422.0,625.0,170.0,4.0,4.0,4.0,4,urban,7,3,0.2,0.0,0.0,3.0,73.7,245.5,12.5,1221.6,44
84.0,1461.0,59.0,23.0,95.0,8.0,8.0,4.0,5,urban,7,3,0.1,0.0,0.0,2.0,73.7,245.5,12.5,1221.6,69
71.3,7376.0,395.0,304.0,90.0,8.0,8.0,4.0,4,urban,7,3,0.2,0.0,0.0,2.0,73.7,245.5,12.5,1221.6,72
64.0,4600.0,176.0,13.0,65.0,7.0,4.5,6.0,3,urban,7,2,0.1,0.0,0.0,3.0,75.8,5.9,10.6,1901.3,85
47.0,28872.0,1739.0,500.0,55.0,0.0,6.5,11.0,3,urban,6,3,0.2,7.0,0.0,2.5,75.9,199.1,11.8,1340.9,50
48.0,21272.0,1304.0,475.0,70.3,0.0,9.5,21.0,3,urban,6,2,0.3,17.5,0.0,18.0,75.9,199.1,11.8,1340.9,14
164.5,8932.0,945.0,247.0,183.5,0.0,8.5,6.0,3,urban,6,2,0.2,10.0,0.0,2.0,75.9,199.1,11.8,1340.9,41
155.0,12632.0,955.0,247.0,271.0,0.0,8.0,8.0,3,urban,6,2,0.4,28.3,0.0,2.0,75.9,199.1,11.8,1340.9,66
84.8,27622.0,1619.0,467.0,123.2,0.0,10.0,12.0,3,urban,6,3,0.2,10.0,0.0,2.0,75.9,199.1,11.8,1340.9,67
45.5,14302.0,841.0,322.0,54.3,0.0,12.5,15.0,3,urban,6,2,0.1,0.7,0.0,3.5,75.9,199.1,11.8,1340.9,60
115.0,5342.0,408.0,311.0,117.8,0.0,11.0,12.0,3,small urban,6,2,0.1,5.5,0.0,23.0,75.9,199.1,11.8,1340.9,14
74.0,5521.0,502.0,179.0,119.0,6.5,7.0,12.0,3,small urban,7,2,0.2,0.0,0.0,2.0,75.9,199.1,11.8,1340.9,94
57.7,2900.0,50.0,504.0,61.6,0.0,6.0,8.0,3,rural,2,2,0.2,0.1,0.0,2.0,75.2,5.6,18.1,1212.1,33
55.0,7323.0,294.0,364.0,62.1,0.0,4.0,8.0,4,rural,2,2,0.4,0.0,0.0,2.0,75.2,5.6,18.1,1212.1,59
112.0,1600.0,84.0,15.0,128.0,0.0,5.0,7.0,4,urban,6,2,0.1,0.0,0.0,1.5,77.8,330.7,9.9,1303.1,72
196.0,3700.0,188.0,35.0,198.0,0.0,5.0,8.0,4,urban,6,2,0.1,6.0,0.0,1.5,77.8,330.7,9.9,1303.1,72
214.0,11600.0,593.0,217.0,224.0,0.0,5.0,7.0,4,urban,6,2,0.2,4.0,0.0,1.5,77.8,330.7,9.9,1303.1,72
161.0,1500.0,65.0,15.0,164.0,0.0,5.0,7.0,4,urban,6,2,0.1,0.0,0.0,1.5,77.8,330.7,9.9,1303.1,72
105.6,4300.0,474.0,389.0,106.5,0.0,8.0,12.0,3,rural,6,2,0.1,1.2,0.0,3.0,85.8,1.7,10.6,1670.2,66
93.8,4500.0,499.0,394.0,94.7,0.0,7.7,14.0,3,rural,6,2,0.1,1.6,0.0,4.8,85.8,1.7,10.6,1670.2,68
189.0,16300.0,576.0,247.0,224.0,0.0,5.5,11.0,5,urban,2,2,0.2,4.0,0.0,2.0,77.6,254.6,10.4,1398.8,73
53.8,3370.0,140.0,360.0,56.5,0.0,10.5,9.5,3,rural,6,5,0.1,22.7,0.0,1.0,72.8,115.4,14.4,992.8,66
42.3,3510.0,165.0,370.0,47.7,0.0,5.5,10.0,3,rural,6,2,0.1,31.8,0.0,1.0,72.8,115.4,14.4,992.8,74
48.7,5070.0,160.0,440.0,84.8,0.0,2.5,9.5,3,small urban,6,5,0.2,19.0,0.0,1.0,72.8,115.4,14.4,992.8,59
77.0,1950.0,325.0,100.0,93.0,5.0,5.0,4.0,4,rural,7,3,0.1,5.0,0.0,2.0,75.2,126.1,14.2,1309.5,90
39.4,2060.0,75.0,280.0,75.4,0.0,8.0,3.0,4,rural,6,3,0.1,10.6,0.0,1.0,52.3,77.5,14.2,504.9,54
73.5,550.0,55.0,35.0,74.3,0.0,6.5,4.5,5,rural,6,5,0.0,0.4,0.0,2.0,70.0,323.5,11.6,933.7,67
49.0,4400.0,198.0,39.0,109.0,0.0,5.5,10.0,3,small urban,6,2,0.2,34.0,0.0,2.0,69.5,327.8,6.2,1159.2,87
84.0,5900.0,454.0,271.0,87.0,4.0,4.0,4.0,3,rural,7,3,0.1,31.0,0.0,2.0,74.7,249.6,12.4,1249.9,51
106.0,2400.0,140.0,60.0,107.0,5.5,5.5,4.0,4,small urban,7,5,0.3,30.0,0.0,2.0,73.5,292.3,12.0,1127.2,23
107.6,17800.0,641.0,618.0,109.8,0.0,7.0,9.0,3,urban,6,2,0.5,10.0,0.0,2.0,85.8,1.7,10.6,1670.2,89
91.5,58900.0,2120.0,2044.0,103.0,0.0,6.5,20.0,2,urban,6,2,0.4,0.5,0.0,6.0,85.8,1.7,10.6,1670.2,56
205.0,9345.0,275.0,503.0,206.0,4.0,4.0,4.0,3,rural,7,3,0.0,0.0,0.0,2.0,74.7,293.9,11.8,1194.4,61
118.2,1980.0,60.0,30.0,164.2,4.5,4.5,4.0,5,rural,7,3,0.1,44.2,0.0,2.0,74.7,293.9,11.8,1194.4,92
78.0,260.0,10.0,6.0,197.0,0.0,3.0,3.0,6,urban,2,2,0.2,0.0,0.0,1.5,73.4,1003.1,7.0,1171.6,33
87.0,86342.0,10353.0,6752.0,93.0,0.0,14.0,16.0,1,urban,6,3,0.2,1.5,0.0,2.0,77.2,144.1,12.5,1372.0,54
48.5,78082.0,7020.0,9831.0,68.4,0.0,15.0,16.0,1,rural,6,3,0.2,4.6,0.0,2.0,77.2,144.1,12.5,1372.0,54
122.0,17890.0,797.0,235.0,177.0,6.5,13.0,6.0,3,urban,6,2,0.1,0.0,0.0,2.0,77.2,144.1,12.5,1372.0,42
54.0,9762.0,285.0,280.0,75.5,0.0,10.5,12.0,3,urban,6,2,0.2,0.0,0.0,2.0,77.2,144.1,12.5,1372.0,57
49.0,13242.0,338.0,406.0,51.5,0.0,8.5,12.0,3,urban,6,2,0.1,0.5,0.0,1.5,77.2,144.1,12.5,1372.0,65
125.0,14091.0,1176.0,354.0,129.0,7.0,10.0,2.0,3,rural,7,3,0.1,26.0,0.0,2.0,77.2,144.1,12.5,1372.0,72
55.0,5071.0,365.0,227.0,59.0,0.0,11.0,12.0,3,urban,6,2,0.1,0.0,0.0,1.5,77.2,144.1,12.5,1372.0,68
52.0,31162.0,1471.0,714.0,55.0,9.0,7.5,12.0,3,urban,7,2,0.1,0.0,0.0,1.5,77.2,144.1,12.5,1372.0,89
57.5,29752.0,840.0,792.0,65.5,9.0,7.5,12.0,3,urban,7,2,0.2,0.5,0.0,1.5,77.2,144.1,12.5,1372.0,89
81.0,7492.0,811.0,164.0,83.2,7.0,10.0,2.0,3,rural,7,3,0.1,29.0,0.0,2.0,77.2,144.1,12.5,1372.0,73
57.6,10900.0,426.0,588.0,58.2,0.0,2.0,8.0,3,rural,6,2,0.1,0.0,0.0,1.5,77.8,0.0,23.1,1223.5,9
41.0,18024.0,1117.0,1190.0,42.0,0.0,6.0,16.0,2,urban,2,2,0.1,0.0,0.0,1.2,80.9,756.2,6.8,1362.0,25
62.8,13200.0,890.0,3690.0,64.4,12.5,0.0,4.0,1,rural,3,3,0.0,0.3,0.0,0.0,72.3,210.0,12.8,1035.5,20
40.6,1370.0,80.0,140.0,58.2,0.0,7.5,6.0,3,rural,6,3,0.1,0.2,0.0,2.0,63.0,215.9,12.6,748.3,75
68.0,18576.0,988.0,725.0,112.0,5.5,5.5,4.0,3,urban,7,3,0.1,0.0,0.0,2.0,74.6,437.9,10.5,1053.5,88
128.2,9466.0,451.0,231.0,129.0,4.0,4.0,4.0,3,urban,7,3,0.1,5.0,0.0,2.0,74.6,437.9,10.5,1053.5,20
95.8,16676.0,586.0,836.0,110.2,5.5,5.5,4.0,3,rural,7,3,0.1,11.0,0.0,2.0,74.6,437.9,10.5,1053.5,71
95.0,38200.0,725.0,250.0,120.0,5.5,5.5,4.0,3,urban,7,3,0.1,0.0,0.0,2.0,74.6,437.9,10.5,1053.5,77
60.0,25700.0,966.0,1103.0,74.0,0.0,8.0,17.0,2,urban,6,3,0.2,35.5,0.0,4.0,83.5,7.3,10.8,1007.2,41
75.0,35600.0,1079.0,886.0,77.0,0.0,6.0,13.0,3,urban,6,3,0.3,13.0,0.0,4.0,83.5,7.3,10.8,1007.2,36
83.0,35100.0,1064.0,874.0,85.0,0.0,6.0,13.0,3,urban,6,3,0.3,8.0,0.0,4.0,83.5,7.3,10.8,1007.2,36
62.2,1260.0,40.0,175.0,74.6,0.0,12.0,10.5,4,rural,6,5,0.1,7.3,0.0,1.5,66.0,211.9,13.0,893.5,62
53.0,2500.0,130.0,400.0,59.0,4.0,4.0,4.0,4,rural,7,3,0.1,0.0,0.0,2.0,74.8,173.4,13.4,1239.2,97
109.0,3350.0,170.0,110.0,134.0,5.5,5.5,4.0,4,small urban,7,3,0.2,5.0,0.0,2.0,74.8,173.4,13.4,1239.2,98
72.0,3655.0,213.0,59.0,99.0,5.5,5.5,4.0,4,small urban,7,3,0.1,0.0,0.0,2.0,74.8,173.4,13.4,1239.2,98
86.0,3200.0,350.0,225.0,99.0,5.5,5.5,4.0,4,small urban,7,3,0.1,0.0,0.0,2.0,74.8,173.4,13.4,1239.2,101
45.6,4990.0,140.0,795.0,76.6,0.0,9.5,8.0,3,rural,6,5,0.2,40.0,0.0,1.5,61.6,147.0,13.4,629.1,91
46.0,2300.0,55.0,475.0,70.0,0.0,9.0,6.0,3,rural,6,3,0.3,0.5,0.0,2.0,61.6,239.2,12.0,751.2,89
92.0,450.0,26.0,4.0,113.0,0.0,3.5,12.0,5,urban,2,2,0.1,0.0,0.0,2.0,77.8,330.7,9.9,1303.1,9
65.0,1200.0,140.0,140.0,75.0,5.0,5.0,4.0,4,rural,7,3,0.0,0.0,0.0,3.0,74.7,117.2,14.4,1258.9,96
150.4,2700.0,135.0,23.0,204.8,0.0,4.0,7.0,6,small urban,2,2,0.2,0.9,0.0,2.0,77.8,397.1,9.3,1337.7,34
97.6,1892.0,91.0,210.0,98.1,0.0,8.3,14.4,3,rural,2,2,0.2,13.7,0.0,2.0,58.7,385.1,9.6,529.0,70
68.0,1457.0,143.0,189.0,149.0,5.0,5.0,4.0,5,small urban,7,3,0.1,0.0,0.0,2.0,74.2,170.7,13.3,1201.5,92
235.0,1300.0,120.0,150.0,261.0,5.0,5.0,4.0,5,small urban,7,3,0.2,0.0,0.0,2.0,74.2,170.7,13.3,1201.5,92
188.0,7100.0,409.0,128.0,196.0,0.0,3.0,11.0,5,urban,6,2,0.1,5.0,0.0,2.0,77.8,330.7,9.9,1303.1,65
120.0,6200.0,277.0,86.0,136.0,0.0,3.0,11.0,4,urban,6,2,0.1,0.0,0.0,2.0,77.8,330.7,9.9,1303.1,65
120.0,8525.0,225.0,119.0,127.0,5.0,5.0,4.0,4,small urban,7,3,0.2,36.0,0.0,2.0,75.0,204.6,12.9,1282.2,102
96.5,28500.0,1352.0,558.0,100.1,0.0,13.0,10.0,4,urban,2,3,0.1,1.0,0.0,3.0,76.7,0.0,21.9,1094.6,25
58.0,36861.0,2212.0,395.0,59.4,0.0,10.5,12.0,3,urban,6,2,0.1,0.2,0.0,1.5,75.2,91.8,13.5,1268.5,58
138.5,27781.0,1026.0,248.0,144.0,0.0,7.0,12.0,3,urban,6,2,0.2,6.9,0.0,1.5,75.2,91.8,13.5,1268.5,33
55.0,25442.0,548.0,128.0,56.5,0.0,7.0,12.0,3,urban,6,2,0.2,8.0,0.0,1.5,75.2,91.8,13.5,1268.5,53
48.0,19101.0,1517.0,272.0,77.7,0.0,12.0,9.0,3,urban,6,2,0.1,1.7,0.0,2.5,75.2,91.8,13.5,1268.5,73
48.0,6350.0,411.0,312.0,99.3,0.0,6.0,12.0,4,rural,6,2,0.3,27.7,0.0,1.5,75.2,91.8,13.5,1268.5,65
39.0,6460.0,401.0,278.0,96.0,0.0,6.0,12.0,4,rural,6,2,0.4,27.0,0.0,1.5,75.2,91.8,13.5,1268.5,65
85.0,38281.0,1597.0,980.0,89.0,8.0,10.5,2.0,3,urban,7,3,0.3,0.0,0.0,3.5,75.2,91.8,13.5,1268.5,81
59.8,33894.0,1438.0,838.0,60.8,0.0,15.0,6.0,3,urban,7,2,0.2,2.6,0.0,2.5,75.2,91.8,13.5,1268.5,91
60.0,40132.0,1064.0,1285.0,70.0,0.0,2.0,12.0,3,urban,6,2,0.2,0.0,0.0,2.0,75.2,91.8,13.5,1268.5,70
65.1,61001.0,2343.0,1428.0,65.7,0.0,12.5,12.0,3,urban,6,2,0.2,0.5,0.0,2.0,75.2,91.8,13.5,1268.5,72
60.3,14800.0,964.0,561.0,60.8,0.0,11.0,8.0,3,urban,6,3,0.3,0.0,0.0,3.0,76.7,0.0,21.9,1094.6,17
51.0,61800.0,2039.0,7601.0,62.0,0.0,13.0,10.0,1,urban,2,5,0.0,0.0,0.0,2.0,77.2,2.5,18.8,1379.2,25
54.4,79700.0,2287.0,3738.0,66.2,0.0,13.0,10.0,1,urban,2,5,0.1,0.0,0.0,2.0,77.2,2.5,18.8,1379.2,25
68.0,97700.0,2443.0,4201.0,72.0,0.0,13.0,10.0,1,urban,2,5,0.1,0.0,0.0,2.0,77.2,2.5,18.8,1379.2,25
79.3,36300.0,3267.0,726.0,82.0,0.0,6.0,8.0,3,rural,2,2,0.4,0.3,0.0,2.0,77.2,2.5,18.8,1379.2,31
85.1,6900.0,621.0,276.0,85.6,0.0,6.0,8.0,3,rural,2,2,0.3,9.9,0.0,2.0,77.2,2.5,18.8,1379.2,26
97.7,17800.0,457.0,1075.0,101.0,0.0,6.0,4.5,4,urban,2,5,0.5,16.4,0.0,2.0,77.2,2.5,18.8,1379.2,28
47.0,28500.0,793.0,461.0,48.0,0.0,17.0,13.0,3,urban,6,3,0.0,0.0,0.0,4.5,76.7,0.0,21.9,1094.6,22
42.0,21000.0,956.0,556.0,53.5,0.0,17.0,13.0,3,urban,6,3,0.1,0.0,0.0,4.5,76.7,0.0,21.9,1094.6,22
65.0,4100.0,245.0,225.0,84.2,0.0,4.0,8.0,4,rural,2,2,0.4,5.0,0.0,2.0,77.2,2.5,18.8,1379.2,16
192.0,19400.0,2522.0,1358.0,273.0,0.0,8.0,6.0,3,urban,2,5,0.2,45.0,0.0,2.0,77.2,2.5,18.8,1379.2,56
120.0,21800.0,1323.0,2195.0,129.0,0.0,6.0,4.5,4,urban,2,5,0.4,45.0,0.0,2.0,77.2,2.5,18.8,1379.2,27
57.0,8500.0,452.0,157.0,127.0,0.0,6.0,4.5,5,urban,2,5,0.6,34.0,0.0,2.0,77.2,2.5,18.8,1379.2,37
112.0,11000.0,432.0,399.0,113.8,0.0,6.0,4.5,5,urban,2,5,0.2,11.0,0.0,2.0,77.2,2.5,18.8,1379.2,18
91.8,14000.0,1680.0,280.0,107.7,0.0,8.0,6.0,3,urban,2,5,0.3,39.0,0.0,2.0,77.2,2.5,18.8,1379.2,15
118.5,6330.0,200.0,615.0,124.0,0.0,3.0,7.0,3,rural,6,5,0.1,11.0,0.0,2.0,64.4,179.5,13.2,771.1,59
73.0,2970.0,77.0,345.0,73.3,0.0,3.0,18.7,3,rural,2,2,0.1,0.0,0.0,3.0,69.0,875.3,7.3,765.4,60
64.5,3120.0,81.0,306.0,65.5,0.0,3.0,18.0,3,rural,2,2,0.1,2.0,0.0,3.0,69.7,937.3,6.9,856.4,58
63.3,6400.0,500.0,325.0,67.4,5.5,5.5,4.0,3,urban,7,3,0.1,0.6,0.0,2.0,73.9,506.2,10.1,1061.3,94
239.0,6260.0,560.0,190.0,243.4,5.5,5.5,4.0,3,urban,7,3,0.2,20.0,0.0,2.0,73.9,506.2,10.1,1061.3,69
87.0,10098.0,537.0,335.0,88.0,3.0,3.0,4.0,3,urban,7,3,0.1,10.0,0.0,2.0,73.9,506.2,10.1,1061.3,75
138.0,6700.0,375.0,125.0,158.5,5.5,5.5,4.0,3,urban,7,3,0.2,35.5,0.0,2.0,73.9,506.2,10.1,1061.3,86
82.3,9712.0,394.0,440.0,83.3,10.0,10.0,4.0,3,urban,7,3,0.1,0.0,0.0,2.0,73.9,506.2,10.1,1061.3,77
123.0,9327.0,300.0,20.0,127.0,8.0,8.0,4.0,4,urban,7,3,0.1,1.0,0.0,2.0,73.9,506.2,10.1,1061.3,12
77.0,5811.0,230.0,120.0,81.0,5.0,5.0,4.0,4,urban,7,3,0.1,7.0,0.0,2.0,73.9,506.2,10.1,1061.3,87
65.0,4737.0,250.0,50.0,65.5,5.0,5.0,4.0,5,urban,7,3,0.1,0.0,0.0,2.0,73.9,506.2,10.1,1061.3,94
66.3,48500.0,1833.0,820.0,135.0,7.0,3.0,6.0,3,urban,7,2,0.3,6.8,0.0,2.0,80.8,20.2,10.5,1335.9,89
65.0,18300.0,699.0,282.0,67.0,0.0,10.0,8.0,4,rural,6,2,0.1,0.0,0.0,2.0,81.0,24.7,9.6,2317.6,76
103.0,25400.0,970.0,391.0,106.0,0.0,10.0,8.0,4,rural,6,2,0.2,1.0,0.0,2.0,81.0,24.7,9.6,2317.6,76
36.5,46500.0,1435.0,4517.0,37.2,0.0,14.0,11.0,1,rural,6,3,0.0,0.0,0.0,3.0,76.7,0.0,21.9,1094.6,17
43.0,19100.0,210.0,80.0,70.2,0.0,11.5,10.0,3,urban,6,5,0.1,29.0,0.0,1.5,68.0,266.7,12.3,964.8,28
44.0,7500.0,210.0,80.0,71.3,0.0,11.5,10.0,3,urban,6,5,0.1,17.7,0.0,1.5,68.0,266.7,12.3,964.8,28
47.0,38300.0,1750.0,1850.0,64.0,5.0,5.0,4.0,3,urban,7,3,0.1,0.0,0.0,2.0,74.0,199.5,13.0,1240.3,82
63.0,33800.0,1700.0,1150.0,64.0,4.0,4.0,4.0,3,urban,7,3,0.1,0.0,0.0,2.0,74.0,199.5,13.0,1240.3,82
76.1,20863.0,2761.0,1679.0,105.0,5.5,5.5,4.0,3,urban,7,3,0.2,0.0,0.0,3.0,74.0,199.5,13.0,1240.3,102
128.0,3350.0,500.0,140.0,164.0,4.5,4.5,4.0,4,urban,7,3,0.2,0.0,0.0,2.0,74.0,199.5,13.0,1240.3,45
73.0,7558.0,767.0,248.0,94.0,5.5,5.5,4.0,3,urban,7,3,0.1,0.0,0.0,2.0,74.0,199.5,13.0,1240.3,93
69.7,3450.0,340.0,80.0,110.0,5.2,5.2,4.0,4,urban,7,3,0.1,0.0,0.0,2.0,74.0,199.5,13.0,1240.3,93
83.5,6691.0,200.0,140.0,104.0,4.0,4.0,4.0,4,urban,7,3,0.2,0.0,0.0,2.0,74.0,199.5,13.0,1240.3,95
92.5,2750.0,325.0,225.0,93.0,5.2,5.2,4.0,4,rural,7,3,0.2,0.0,0.0,2.0,74.0,199.5,13.0,1240.3,96
69.7,2800.0,475.0,275.0,104.0,5.2,5.2,4.0,4,rural,7,3,0.1,0.0,0.0,2.0,74.0,199.5,13.0,1240.3,98
64.0,1500.0,325.0,250.0,104.0,5.2,5.2,4.0,4,rural,7,3,0.1,0.0,0.0,2.0,74.0,199.5,13.0,1240.3,98
121.0,15000.0,1000.0,190.0,129.0,5.5,5.5,4.0,3,urban,7,3,0.2,0.0,0.0,2.0,74.0,199.5,13.0,1240.3,89
88.5,2750.0,475.0,160.0,131.0,5.2,5.2,4.0,4,rural,7,3,0.2,0.0,0.0,2.0,74.0,199.5,13.0,1240.3,71
55.4,3170.0,120.0,80.0,66.0,4.5,4.5,4.0,5,rural,7,3,0.2,0.0,0.0,3.0,74.0,199.5,13.0,1240.3,68
57.3,3050.0,600.0,225.0,94.0,4.6,4.6,4.0,5,rural,7,3,0.1,0.0,0.0,2.0,74.0,199.5,13.0,1240.3,92
83.0,1030.0,70.0,29.0,142.0,5.0,5.0,4.0,5,urban,7,3,0.2,0.0,0.0,2.0,74.0,199.5,13.0,1240.3,93
130.0,2957.0,166.0,33.0,142.0,5.0,5.0,4.0,5,urban,7,3,0.2,0.0,0.0,3.0,74.0,199.5,13.0,1240.3,93
113.0,4600.0,375.0,425.0,136.0,5.5,5.5,4.0,4,urban,7,3,0.1,0.0,0.0,2.0,74.0,199.5,13.0,1240.3,87
71.0,4150.0,500.0,325.0,136.0,5.5,5.5,4.0,4,urban,7,3,0.1,0.0,0.0,2.0,74.0,199.5,13.0,1240.3,87
77.0,18339.0,350.0,14.0,98.0,5.0,5.0,4.0,4,urban,7,3,0.1,0.0,0.0,2.0,74.0,199.5,13.0,1240.3,102
114.0,20366.0,463.0,224.0,148.0,5.0,5.0,4.0,4,urban,7,3,0.2,0.0,0.0,2.0,74.0,199.5,13.0,1240.3,102
116.5,6521.0,180.0,120.0,256.0,5.0,5.0,4.0,4,urban,7,3,0.2,0.0,0.0,2.0,74.0,199.5,13.0,1240.3,90
115.9,5203.0,135.0,107.0,256.0,5.0,5.0,4.0,4,urban,7,3,0.2,0.0,0.0,2.0,74.0,199.5,13.0,1240.3,87
103.2,5969.0,245.0,127.0,153.0,5.0,5.0,4.0,4,urban,7,3,0.1,0.0,0.0,2.0,74.0,199.5,13.0,1240.3,93
130.0,4322.0,143.0,71.0,186.0,4.0,4.0,4.0,5,urban,7,3,0.1,0.0,0.0,2.0,74.0,199.5,13.0,1240.3,38
121.0,3184.0,174.0,102.0,180.0,4.0,4.0,4.0,4,urban,7,3,0.2,0.0,0.0,2.0,74.0,199.5,13.0,1240.3,67
79.0,11474.0,300.0,110.0,93.0,8.0,8.0,4.0,4,urban,7,3,0.1,0.0,0.0,2.0,74.0,199.5,13.0,1240.3,49
115.0,736.0,20.0,12.0,292.0,5.5,5.5,4.0,5,urban,7,3,0.2,0.0,0.0,2.0,74.0,199.5,13.0,1240.3,69
290.3,1100.0,14.0,13.0,294.0,0.0,4.0,7.0,4,urban,2,2,0.1,0.3,0.0,1.5,77.6,254.6,10.4,1398.8,78
80.0,9320.0,352.0,1542.0,85.0,0.0,8.8,6.6,1,rural,6,2,0.1,15.0,0.0,1.8,86.6,505.9,3.8,2643.0,56
52.5,39325.0,1295.0,3445.0,56.7,0.0,9.4,8.0,1,urban,6,3,0.2,0.3,0.0,3.8,79.3,351.1,5.4,1016.7,61
55.3,40539.0,1313.0,3215.0,56.5,0.0,9.5,7.9,1,urban,6,3,0.2,0.0,0.0,3.3,79.3,351.1,5.4,1016.7,61
53.8,36102.0,1170.0,2863.0,78.2,0.0,10.8,6.6,1,urban,6,2,0.2,0.2,0.0,10.8,79.3,351.1,5.4,1016.7,14
172.4,2619.0,29.0,217.0,205.2,0.0,7.0,17.0,3,rural,2,2,0.4,9.2,0.0,2.5,61.0,404.4,10.1,703.9,68
51.9,1083.0,70.0,403.0,52.6,0.0,5.0,13.0,3,rural,2,2,0.1,0.0,0.0,4.5,66.0,789.9,7.7,612.4,13
64.3,1200.0,59.0,371.0,65.3,0.0,5.0,13.0,3,rural,2,2,0.2,0.0,0.0,5.0,66.0,789.9,7.7,612.4,18
46.5,2484.0,70.0,281.0,93.4,0.0,8.0,12.0,2,rural,2,2,0.2,0.0,0.0,2.8,64.0,505.7,9.6,701.0,20
53.8,2484.0,70.0,281.0,137.0,0.0,8.0,12.0,2,rural,2,2,0.2,0.0,0.0,2.8,63.4,534.5,9.4,572.4,20
126.0,4900.0,165.0,77.0,199.0,0.0,4.0,11.0,5,urban,6,2,0.1,8.0,0.0,2.0,77.8,330.7,9.9,1303.1,70
121.0,9400.0,547.0,171.0,136.0,0.0,4.0,12.0,5,urban,6,2,0.1,5.0,0.0,2.0,77.8,330.7,9.9,1303.1,85
46.2,205.0,45.0,20.0,137.8,0.0,8.5,7.0,5,rural,6,5,0.1,1.5,0.0,1.5,60.9,161.0,13.2,647.9,63
40.0,1270.0,90.0,255.0,120.0,0.0,16.0,14.5,4,rural,6,5,0.2,30.5,0.0,1.5,60.9,161.0,13.2,647.9,68
37.0,55173.0,5470.0,8308.0,75.3,3.0,3.0,4.0,1,urban,7,3,0.2,1.3,0.0,4.0,74.2,334.3,11.5,1069.6,62
38.6,53157.0,3702.0,10132.0,87.0,5.5,5.5,4.0,1,urban,7,3,0.2,0.0,0.0,4.0,74.2,334.3,11.5,1069.6,62
75.0,25456.0,1995.0,458.0,79.0,9.0,9.0,4.0,3,urban,7,3,0.1,0.0,0.0,2.0,74.2,334.3,11.5,1069.6,49
134.0,21000.0,1650.0,325.0,137.0,4.5,4.5,4.0,3,urban,7,3,0.1,72.0,0.0,2.0,74.2,334.3,11.5,1069.6,63
121.5,14212.0,1986.0,338.0,122.8,4.5,4.5,4.0,3,urban,7,3,0.1,65.8,0.0,2.0,74.2,334.3,11.5,1069.6,58
91.0,28075.0,394.0,118.0,104.0,5.5,5.5,4.0,3,urban,7,3,0.2,66.0,0.0,2.0,74.2,334.3,11.5,1069.6,91
88.0,26800.0,300.0,80.0,92.0,5.5,5.5,4.0,3,urban,7,3,0.1,71.3,0.0,2.0,74.2,334.3,11.5,1069.6,84
176.0,8940.0,270.0,77.0,184.0,5.5,5.5,4.0,3,urban,7,3,0.1,64.0,0.0,2.0,74.2,334.3,11.5,1069.6,88
103.7,17084.0,1345.0,386.0,107.0,5.5,5.5,4.0,3,urban,7,3,0.2,48.7,0.0,2.0,74.2,334.3,11.5,1069.6,86
236.0,14302.0,1098.0,163.0,252.5,5.0,5.0,4.0,4,urban,7,3,0.3,43.5,0.0,3.0,74.2,334.3,11.5,1069.6,102
36.3,20000.0,525.0,5700.0,42.5,10.0,10.0,4.0,1,rural,7,3,0.1,0.8,0.0,4.0,74.7,293.9,11.8,1194.4,61
89.0,22100.0,230.0,390.0,91.5,9.0,0.0,4.0,3,urban,3,3,0.0,15.5,0.0,0.0,67.1,133.0,14.0,845.5,32
40.0,4640.0,145.0,450.0,40.8,0.0,13.5,12.0,4,rural,6,5,0.1,0.0,0.0,1.5,67.1,133.0,14.0,845.5,84
50.0,2260.0,115.0,185.0,97.0,0.0,14.5,13.0,4,rural,6,5,0.2,5.0,0.0,1.5,67.1,133.0,14.0,845.5,60
48.0,18900.0,500.0,970.0,62.7,0.0,16.0,14.0,2,urban,6,5,0.1,8.0,0.0,2.0,67.1,133.0,14.0,845.5,60
35.3,11700.0,450.0,930.0,39.8,0.0,17.5,4.5,2,urban,6,5,0.2,0.2,0.0,2.0,67.1,133.0,14.0,845.5,65
100.0,12900.0,470.0,1110.0,101.5,9.0,0.0,4.0,2,rural,3,3,0.0,0.0,0.0,0.0,67.1,133.0,14.0,845.5,31
78.0,50400.0,700.0,1240.0,83.8,10.0,0.0,4.0,2,urban,3,3,0.0,0.0,0.0,0.0,67.1,133.0,14.0,845.5,21
62.0,84000.0,1250.0,1240.0,163.0,0.0,6.5,5.0,2,urban,6,5,0.1,18.0,0.0,1.5,67.1,133.0,14.0,845.5,29
56.0,117000.0,2390.0,1650.0,57.0,0.0,3.0,1.5,2,urban,6,5,0.1,1.0,0.0,1.5,67.1,133.0,14.0,845.5,45
114.8,40600.0,350.0,1850.0,151.8,9.0,2.0,4.0,2,urban,7,2,0.1,11.2,0.0,1.5,67.1,133.0,14.0,845.5,68
45.7,33700.0,160.0,1650.0,59.5,9.0,6.5,4.0,2,urban,7,2,0.1,2.0,0.0,1.5,67.1,133.0,14.0,845.5,68
43.8,23500.0,340.0,1240.0,49.6,9.0,6.5,4.0,2,urban,7,2,0.1,0.0,0.0,1.5,67.1,133.0,14.0,845.5,68
156.0,5900.0,259.0,81.0,164.0,0.0,5.0,6.0,4,urban,6,2,0.1,2.0,0.0,2.0,77.6,254.6,10.4,1398.8,95
149.0,6200.0,73.0,95.0,211.0,0.0,4.0,5.0,4,urban,6,2,0.1,0.0,0.0,2.0,77.6,254.6,10.4,1398.8,95
119.0,7260.0,185.0,1110.0,149.5,9.0,1.0,4.0,3,small urban,7,2,0.1,26.5,0.0,1.0,55.0,82.0,14.6,480.8,28
204.0,750.0,30.0,7.0,253.0,0.0,4.0,9.0,4,urban,2,2,0.1,0.0,0.0,2.0,78.2,130.1,11.5,1379.0,46
175.0,2100.0,143.0,24.0,180.0,0.0,4.0,9.0,5,urban,6,2,0.1,1.0,0.0,2.0,78.2,130.1,11.5,1379.0,56
132.0,5400.0,226.0,11.0,134.0,0.0,4.0,9.0,4,urban,6,2,0.1,0.5,0.0,2.0,78.2,130.1,11.5,1379.0,56
59.0,14600.0,490.0,820.0,83.3,9.0,6.0,4.0,2,urban,7,2,0.1,0.7,0.0,2.0,71.3,239.3,12.6,1045.7,64
110.7,11736.0,673.0,936.0,127.0,4.0,4.0,4.0,4,urban,7,3,0.1,0.0,0.0,2.0,74.5,388.4,10.9,1050.2,15
82.9,1876.0,97.0,182.0,93.0,5.0,5.0,4.0,4,rural,7,3,0.1,0.0,0.0,2.0,74.5,388.4,10.9,1050.2,26
56.0,23931.0,522.0,547.0,65.0,4.0,4.0,4.0,4,urban,7,3,0.1,0.0,0.0,2.0,74.5,388.4,10.9,1050.2,60
81.0,3477.0,319.0,149.0,105.0,5.0,5.0,4.0,4,rural,7,3,0.1,0.0,0.0,2.0,74.5,388.4,10.9,1050.2,93
159.0,6825.0,247.0,304.0,185.0,5.5,5.5,4.0,3,urban,7,3,0.1,5.0,0.0,2.0,74.5,388.4,10.9,1050.2,16
56.9,61700.0,2036.0,7589.0,70.3,0.0,8.0,16.0,1,rural,2,2,0.0,0.0,0.0,4.0,75.6,7.4,17.8,1255.4,63
82.9,1909.0,72.0,235.0,84.4,0.0,4.0,8.0,5,rural,2,2,0.3,1.7,0.0,2.0,75.6,7.4,17.8,1255.4,71
75.0,5800.0,155.0,176.0,78.7,0.0,6.0,8.0,3,rural,2,2,0.2,22.0,0.0,2.0,75.6,7.4,17.8,1255.4,19
97.5,5500.0,164.0,629.0,100.1,0.0,6.0,8.0,3,rural,2,2,0.3,5.0,0.0,2.0,75.6,7.4,17.8,1255.4,16
50.7,41000.0,2074.0,1206.0,57.0,0.0,2.0,8.0,3,urban,6,2,0.2,0.7,0.0,1.5,76.7,0.0,22.6,1227.7,10
49.5,41000.0,2074.0,1206.0,51.5,0.0,2.0,8.0,3,urban,6,2,0.1,0.0,0.0,1.5,76.7,0.0,22.6,1227.7,21
65.0,8800.0,573.0,333.0,66.0,0.0,2.0,8.0,3,urban,6,2,0.2,8.0,0.0,1.5,76.7,0.0,22.6,1227.7,10
38.7,650.0,40.0,125.0,73.2,0.0,14.0,12.5,4,rural,6,5,0.1,5.4,0.0,1.5,57.8,189.0,12.3,577.5,72
31.0,1080.0,90.0,280.0,72.0,0.0,11.5,9.5,3,rural,6,5,0.1,3.0,0.0,2.0,57.8,189.0,12.3,577.5,35
73.8,122140.0,2406.0,1783.0,75.5,8.0,8.7,10.8,1,urban,6,2,0.4,1.5,0.0,1.8,83.1,56.9,8.5,2080.8,75
39.1,28562.0,897.0,4693.0,39.3,0.0,12.5,3.1,1,small urban,6,2,0.1,0.0,0.0,1.8,86.6,505.9,3.8,2643.0,57
65.3,13588.0,530.0,2631.0,68.2,0.0,7.4,5.8,1,rural,6,3,0.3,4.4,0.0,1.8,64.8,185.7,9.3,496.9,53
62.3,15723.0,616.0,2973.0,67.3,0.0,8.5,9.0,1,small urban,6,3,0.3,14.3,0.0,2.2,64.8,185.7,9.3,496.9,65
48.4,19075.0,809.0,3569.0,60.0,0.0,11.2,10.3,1,rural,6,2,0.3,1.8,0.0,3.3,69.7,269.2,8.3,666.7,58
49.0,11900.0,525.0,5960.0,61.7,5.5,5.5,4.0,1,rural,7,3,0.0,0.0,0.0,2.0,75.0,146.6,13.7,1254.8,65
80.0,1200.0,130.0,110.0,99.0,4.0,4.0,4.0,3,rural,7,3,0.2,5.0,0.0,2.0,75.0,146.6,13.7,1254.8,93
72.9,37900.0,1292.0,424.0,74.6,7.0,7.0,3.0,3,rural,7,2,0.2,0.7,0.0,4.0,87.5,4.7,9.9,1941.0,62
107.5,33600.0,1196.0,632.0,119.5,0.0,12.0,19.0,3,small urban,2,2,0.4,33.5,0.0,0.0,87.5,4.7,9.9,1941.0,23
85.0,33500.0,1193.0,630.0,90.0,0.0,12.0,19.0,3,small urban,2,2,0.3,20.0,0.0,0.0,87.5,4.7,9.9,1941.0,23
48.2,23800.0,895.0,840.0,48.8,0.0,11.0,8.0,3,rural,6,2,0.1,0.0,0.0,5.0,87.5,4.7,9.9,1941.0,75
50.0,4800.0,462.0,240.0,118.0,0.0,9.0,20.0,4,rural,6,2,0.2,13.0,0.0,4.0,83.5,7.3,10.8,1007.2,57
60.0,14400.0,459.0,397.0,62.0,0.0,9.0,16.0,4,rural,6,2,0.1,0.0,0.0,4.0,83.5,7.3,10.8,1007.2,70
85.4,14700.0,457.0,273.0,85.8,0.0,9.0,10.6,3,urban,6,2,0.2,10.4,0.0,2.0,84.3,5.4,10.7,1294.0,81
57.0,10500.0,254.0,65.0,58.0,0.0,5.5,16.0,3,urban,6,2,0.2,4.0,0.0,2.0,84.3,5.4,10.7,1294.0,71
58.0,16300.0,862.0,659.0,62.0,0.0,5.5,15.0,4,urban,6,3,0.2,0.0,0.0,2.0,85.8,1.7,10.6,1670.2,51
54.0,22900.0,1044.0,737.0,55.0,0.0,5.5,15.0,3,urban,6,3,0.2,0.0,0.0,2.0,85.8,1.7,10.6,1670.2,51
58.4,10300.0,840.0,1800.0,64.8,11.5,0.0,4.0,1,rural,3,3,0.0,1.1,0.0,0.0,54.7,171.2,12.0,505.0,12
51.0,10700.0,890.0,1910.0,55.2,11.5,0.0,4.0,1,rural,3,3,0.0,0.6,0.0,0.0,54.7,171.2,12.0,505.0,12
108.0,6400.0,550.0,225.0,147.0,5.5,5.5,4.0,3,small urban,7,3,0.2,0.0,0.0,2.0,75.3,321.4,11.2,1195.7,85
144.1,18589.0,911.0,224.0,173.0,5.5,5.5,4.0,3,urban,7,3,0.1,5.0,0.0,2.0,75.3,321.4,11.2,1195.7,119
124.0,18760.0,888.0,348.0,173.0,4.0,4.0,4.0,3,urban,7,3,0.1,5.0,0.0,2.0,75.3,321.4,11.2,1195.7,122
56.5,4054.0,280.0,178.0,133.0,4.0,4.0,4.0,3,rural,7,3,0.2,5.0,0.0,2.0,75.3,321.4,11.2,1195.7,100
96.1,2150.0,160.0,170.0,98.0,5.0,5.0,4.0,4,rural,7,3,0.1,0.0,0.0,2.0,75.3,321.4,11.2,1195.7,107
75.0,9450.0,725.0,350.0,102.0,4.0,4.0,4.0,3,urban,7,3,0.1,0.0,0.0,2.0,75.3,321.4,11.2,1195.7,74
94.0,1350.0,90.0,20.0,101.0,5.0,5.0,4.0,5,urban,7,3,0.1,0.0,0.0,2.0,75.3,321.4,11.2,1195.7,77
91.7,8100.0,325.0,175.0,108.0,5.0,5.0,4.0,4,urban,7,3,0.1,0.0,0.0,2.0,75.3,321.4,11.2,1195.7,15
164.0,7700.0,550.0,200.0,205.0,5.0,5.0,4.0,4,urban,7,3,0.3,0.0,0.0,2.0,75.3,321.4,11.2,1195.7,109
61.5,18200.0,724.0,1005.0,126.5,0.0,12.0,8.0,3,urban,6,2,0.2,10.0,0.0,1.0,80.8,20.2,10.5,1335.9,57
49.5,24600.0,844.0,918.0,51.5,0.0,7.5,16.0,3,small urban,6,3,0.3,11.0,0.0,2.0,86.1,15.6,9.6,1542.4,45
70.0,8500.0,314.0,493.0,72.0,0.0,7.0,12.0,3,rural,6,2,0.2,12.0,0.0,3.5,86.1,15.6,9.6,1542.4,66
163.0,10100.0,447.0,140.0,164.5,0.0,9.0,7.0,4,urban,6,2,0.1,0.0,0.0,2.0,77.8,330.7,9.9,1303.1,39
196.0,1000.0,57.0,9.0,238.0,0.0,4.0,7.0,5,urban,2,2,0.1,2.0,0.0,4.0,77.8,330.7,9.9,1303.1,25
55.8,875.0,40.0,280.0,62.3,0.0,9.5,6.0,3,rural,6,3,0.1,0.8,0.0,1.5,63.4,263.9,11.8,807.8,68
114.0,11600.0,411.0,176.0,118.0,0.0,4.0,11.0,5,urban,2,2,0.1,0.0,0.0,2.0,77.6,254.6,10.4,1398.8,35
141.0,7650.0,262.0,1475.0,143.0,3.0,3.0,4.0,3,small urban,7,5,0.2,15.0,0.0,2.0,73.8,443.3,10.6,1075.2,31
128.0,3800.0,221.0,37.0,131.0,0.0,3.5,6.0,5,urban,2,2,0.2,0.0,0.0,1.5,78.2,216.0,10.4,1435.3,12
106.0,2550.0,140.0,70.0,150.0,5.0,5.0,4.0,4,rural,7,3,0.1,0.0,0.0,2.0,74.5,206.0,13.0,1282.7,104
145.7,12400.0,394.0,48.0,148.7,0.0,4.0,9.0,4,urban,6,2,0.1,0.0,0.0,2.0,78.9,489.4,8.6,1569.7,39
129.3,2900.0,185.0,31.0,130.0,0.0,6.0,11.0,5,urban,2,2,0.1,0.0,0.0,1.5,78.9,489.4,8.6,1569.7,15
136.2,850.0,48.0,8.0,144.3,0.0,3.5,11.0,5,urban,6,2,0.1,0.3,0.0,1.5,78.2,130.1,11.5,1379.0,75
94.0,750.0,64.0,1.0,117.0,0.0,3.0,12.0,6,urban,6,2,0.1,0.0,0.0,3.0,78.2,130.1,11.5,1379.0,75
176.0,1400.0,89.0,118.0,234.5,0.0,3.5,11.0,6,urban,6,2,0.2,6.0,0.0,1.5,78.2,130.1,11.5,1379.0,75
169.0,2200.0,89.0,118.0,170.9,0.0,3.5,11.0,6,urban,6,2,0.1,2.1,0.0,1.5,78.2,130.1,11.5,1379.0,75
250.0,1000.0,85.0,1.0,345.0,0.0,3.5,12.0,6,urban,6,2,0.3,18.0,0.0,1.5,78.2,130.1,11.5,1379.0,75
167.0,3100.0,96.0,53.0,260.0,0.0,4.0,11.0,5,urban,6,2,0.1,0.0,0.0,2.0,78.2,130.1,11.5,1379.0,75
47.0,17500.0,1010.0,4190.0,49.3,0.0,10.5,18.0,1,rural,6,2,0.1,0.2,0.0,1.5,66.4,104.2,14.7,827.5,69
77.0,1700.0,150.0,250.0,83.0,4.0,4.0,4.0,4,rural,7,3,0.2,0.0,0.0,3.0,75.0,173.3,13.4,1290.5,95
74.8,1604.0,93.0,169.0,77.0,5.5,5.5,4.0,4,rural,7,3,0.1,5.0,0.0,2.0,75.0,173.3,13.4,1290.5,95
60.0,5738.0,278.0,138.0,62.0,5.5,5.5,4.0,4,small urban,7,3,0.1,0.0,0.0,2.0,75.0,173.3,13.4,1290.5,97
85.0,5642.0,423.0,946.0,89.3,0.0,8.0,19.0,3,rural,6,2,0.4,3.8,0.0,1.8,86.6,505.9,3.8,2643.0,61
50.2,4709.0,286.0,280.0,50.9,0.0,7.1,7.0,2,rural,6,2,0.3,0.0,0.0,3.6,81.4,911.6,2.4,1039.2,66
41.0,1734.0,74.0,147.0,44.0,0.0,10.1,7.9,3,rural,6,2,0.1,0.0,0.0,3.0,81.4,911.6,2.4,1039.2,71
98.5,2310.0,125.0,280.0,110.0,0.0,11.0,9.5,5,rural,6,5,0.3,14.0,0.0,1.5,59.2,179.2,12.8,610.9,16
47.2,137700.0,3531.0,11586.0,50.0,5.5,5.5,4.0,1,urban,7,3,0.0,3.5,0.0,4.0,75.6,458.4,10.0,1082.1,69
47.2,136572.0,4132.0,13069.0,50.0,5.0,5.0,4.0,1,urban,7,3,0.0,0.1,0.0,4.0,75.6,458.4,10.0,1082.1,69
54.0,18300.0,1000.0,800.0,77.0,5.5,5.5,4.0,3,urban,7,3,0.1,0.0,0.0,3.0,75.6,458.4,10.0,1082.1,84
41.0,66000.0,3842.0,1665.0,54.0,0.0,1.5,18.0,1,urban,2,3,0.1,0.0,0.0,3.5,76.3,330.1,10.3,1280.2,31
61.0,66000.0,3842.0,1665.0,62.0,0.0,4.0,18.0,1,urban,2,5,0.1,0.0,0.0,4.5,76.3,330.1,10.3,1280.2,31
52.0,48508.0,791.0,3395.0,53.0,0.0,4.0,23.0,1,urban,2,5,0.1,2.0,0.0,1.5,76.3,330.1,10.3,1280.2,17
50.5,87781.0,2865.0,1307.0,51.0,10.0,5.0,18.0,1,urban,7,5,0.1,0.0,0.0,5.0,76.3,330.1,10.3,1280.2,67
42.0,42734.0,630.0,2967.0,54.5,10.0,2.0,18.0,1,urban,7,5,0.1,0.0,0.0,5.0,76.3,330.1,10.3,1280.2,67
47.7,91651.0,4768.0,2284.0,60.8,12.0,5.0,18.0,1,urban,7,3,0.1,0.0,0.0,5.0,76.3,330.1,10.3,1280.2,24
43.5,75607.0,2886.0,1798.0,103.0,8.0,4.5,24.0,1,urban,7,3,0.1,0.0,0.0,4.5,76.3,330.1,10.3,1280.2,75
35.5,75607.0,2886.0,1798.0,64.0,8.0,4.5,24.0,1,urban,7,3,0.2,1.5,0.0,4.5,76.3,330.1,10.3,1280.2,75
54.0,75607.0,2886.0,1798.0,68.0,8.0,4.5,24.0,1,urban,7,3,0.2,0.0,0.0,4.5,76.3,330.1,10.3,1280.2,75
58.0,44565.0,719.0,2792.0,164.0,8.0,4.5,24.0,1,urban,7,3,0.0,0.0,0.0,4.5,76.3,330.1,10.3,1280.2,75
58.0,44565.0,719.0,2792.0,83.0,8.0,4.5,24.0,1,urban,7,3,0.2,0.0,0.0,4.5,76.3,330.1,10.3,1280.2,75
66.0,44565.0,719.0,2792.0,77.0,8.0,4.5,24.0,1,urban,7,3,0.2,0.0,0.0,4.5,76.3,330.1,10.3,1280.2,75
35.5,83198.0,3508.0,2275.0,96.0,10.0,4.5,24.0,1,urban,7,5,0.1,0.0,0.0,4.5,76.3,330.1,10.3,1280.2,75
49.5,83198.0,3508.0,2275.0,77.0,10.0,4.5,24.0,1,urban,7,5,0.2,0.5,0.0,4.5,76.3,330.1,10.3,1280.2,75
45.0,82208.0,1459.0,2069.0,45.5,18.0,5.0,24.0,1,urban,7,5,0.1,0.0,0.0,5.0,76.3,330.1,10.3,1280.2,75
44.0,73074.0,1414.0,1801.0,96.0,18.0,5.0,24.0,1,urban,7,5,0.1,0.0,0.0,5.0,76.3,330.1,10.3,1280.2,43
49.0,86262.0,1614.0,1836.0,51.5,10.0,4.0,16.0,1,urban,7,5,0.1,3.5,0.0,4.5,76.3,330.1,10.3,1280.2,75
76.0,82514.0,1389.0,5212.0,80.0,10.0,4.0,16.0,1,urban,7,5,0.1,0.0,0.0,4.0,76.3,330.1,10.3,1280.2,63
86.0,44652.0,845.0,3004.0,98.0,10.0,4.0,16.0,1,urban,7,5,0.1,0.0,0.0,4.0,76.3,330.1,10.3,1280.2,64
201.0,4822.0,155.0,17.0,209.0,0.0,9.0,9.0,5,urban,2,5,0.2,0.0,0.0,1.5,76.3,330.1,10.3,1280.2,73
103.5,5522.0,103.0,340.0,131.7,10.0,4.5,18.0,2,urban,7,5,0.1,2.7,0.0,4.5,76.3,330.1,10.3,1280.2,56
145.0,8065.0,211.0,30.0,148.0,0.0,5.5,8.0,5,urban,2,5,0.1,5.0,0.0,1.5,76.3,330.1,10.3,1280.2,78
159.0,1520.0,69.0,7.0,163.0,0.0,5.5,8.0,4,urban,2,5,0.1,0.0,0.0,1.5,76.3,330.1,10.3,1280.2,69
96.0,37532.0,706.0,122.0,100.0,10.0,3.5,10.0,3,urban,7,3,0.2,5.0,0.0,4.5,76.3,330.1,10.3,1280.2,53
128.0,9183.0,181.0,3.0,172.0,0.0,8.5,15.0,4,urban,2,2,0.0,0.0,0.0,2.5,76.3,330.1,10.3,1280.2,72
108.0,9183.0,181.0,3.0,172.0,0.0,8.5,15.0,4,urban,2,2,0.0,0.0,0.0,2.5,76.3,330.1,10.3,1280.2,72
104.0,763.0,26.0,12.0,117.0,0.0,10.5,10.0,4,rural,2,2,0.1,0.0,0.0,2.5,77.0,366.4,9.8,1312.2,68
157.0,1144.0,209.0,28.0,257.7,0.0,10.0,16.0,5,small urban,2,5,0.1,2.0,0.0,3.0,77.0,366.4,9.8,1312.2,125
53.0,18666.0,662.0,338.0,148.0,9.0,4.0,15.0,3,urban,7,5,0.2,0.5,0.0,4.0,75.9,339.0,10.3,1231.6,78
30.0,21489.0,1317.0,1128.0,65.0,0.0,4.0,17.0,1,urban,2,5,0.3,14.0,0.0,2.5,75.9,339.0,10.3,1231.6,26
47.0,21489.0,1317.0,1128.0,80.5,0.0,4.0,17.0,1,rural,2,5,0.2,0.0,0.0,2.5,75.9,339.0,10.3,1231.6,26
47.0,21489.0,1317.0,1128.0,68.0,0.0,4.0,17.0,1,rural,2,5,0.1,0.0,0.0,2.5,75.9,339.0,10.3,1231.6,26
31.0,21489.0,1317.0,1128.0,63.0,0.0,4.0,17.0,1,rural,2,5,0.2,0.0,0.0,2.5,75.9,339.0,10.3,1231.6,26
44.0,15041.0,240.0,925.0,92.0,10.0,3.5,19.0,1,urban,7,5,0.2,25.0,0.0,2.5,75.9,339.0,10.3,1231.6,60
38.0,29212.0,1024.0,994.0,68.0,10.0,3.5,21.0,1,urban,7,5,0.3,0.0,0.0,2.5,75.9,339.0,10.3,1231.6,57
42.0,27006.0,1483.0,811.0,64.0,0.0,4.5,36.0,1,urban,2,5,0.2,17.0,0.0,11.0,75.9,339.0,10.3,1231.6,19
35.0,37155.0,1283.0,1128.0,80.0,10.0,3.5,21.0,1,urban,7,5,0.0,0.0,0.0,2.5,75.9,339.0,10.3,1231.6,58
69.5,10588.0,380.0,44.0,75.5,0.0,3.5,16.0,4,urban,2,5,0.0,0.0,0.0,2.0,75.9,339.0,10.3,1231.6,26
189.0,1936.0,77.0,9.0,236.0,0.0,4.5,8.0,5,urban,2,5,0.1,2.0,0.0,1.5,75.9,339.0,10.3,1231.6,85
100.0,5598.0,82.0,34.0,146.0,9.0,4.0,15.0,3,urban,7,3,0.2,6.0,0.0,2.0,75.9,339.0,10.3,1231.6,67
128.7,2907.0,241.0,125.0,132.3,0.0,7.0,23.0,3,rural,2,5,0.2,3.7,0.0,1.5,76.8,377.6,9.5,1302.6,99
67.7,2726.0,258.0,125.0,69.0,10.0,4.0,18.0,3,rural,7,3,0.1,0.0,0.0,4.0,76.8,377.6,9.5,1302.6,57
86.7,15483.0,613.0,4494.0,93.3,0.0,6.0,15.0,1,rural,2,2,0.3,0.0,0.0,1.5,76.8,377.6,9.5,1302.6,70
74.5,15483.0,613.0,4494.0,77.5,0.0,6.0,15.0,1,rural,2,2,0.2,0.0,0.0,1.5,76.8,377.6,9.5,1302.6,70
76.0,15483.0,613.0,4494.0,81.5,0.0,6.0,15.0,1,rural,2,2,0.2,0.0,0.0,1.5,76.8,377.6,9.5,1302.6,70
101.0,1831.0,151.0,32.0,139.0,0.0,9.0,6.0,5,rural,2,5,0.1,3.0,0.0,2.5,76.8,377.6,9.5,1302.6,92
90.0,1831.0,151.0,32.0,139.0,0.0,9.0,6.0,5,rural,2,5,0.1,3.0,0.0,2.5,76.8,377.6,9.5,1302.6,92
82.5,1526.0,90.0,15.0,91.0,0.0,6.0,10.0,5,rural,2,2,0.0,8.0,0.0,5.5,76.8,377.6,9.5,1302.6,69
46.0,17821.0,1335.0,1829.0,47.0,10.0,5.5,20.0,1,rural,7,5,0.2,0.0,0.0,5.5,76.8,377.6,9.5,1302.6,54
49.0,17821.0,1335.0,1829.0,52.0,10.0,4.0,20.0,1,rural,7,5,0.2,0.0,0.0,4.0,76.8,377.6,9.5,1302.6,54
55.0,15158.0,662.0,1797.0,58.5,10.0,4.0,20.0,1,rural,7,5,0.1,0.0,0.0,4.0,76.8,377.6,9.5,1302.6,54
70.0,15158.0,662.0,1797.0,72.0,10.0,4.0,20.0,1,rural,7,5,0.1,0.0,0.0,4.0,76.8,377.6,9.5,1302.6,49
59.5,15158.0,662.0,1797.0,61.0,10.0,4.0,20.0,1,rural,7,5,0.2,0.0,0.0,4.0,76.8,377.6,9.5,1302.6,49
49.5,15158.0,662.0,1797.0,51.0,10.0,4.0,20.0,1,rural,7,5,0.2,0.0,0.0,4.0,76.8,377.6,9.5,1302.6,49
50.0,15158.0,662.0,1797.0,54.0,10.0,4.0,20.0,1,rural,7,5,0.2,0.0,0.0,4.0,76.8,377.6,9.5,1302.6,49
50.5,13493.0,818.0,1577.0,55.5,10.0,4.0,20.0,1,rural,7,5,0.1,0.5,0.0,4.0,76.8,377.6,9.5,1302.6,49
54.0,13493.0,818.0,1577.0,55.0,10.0,4.0,20.0,1,rural,7,5,0.2,0.0,0.0,4.0,76.8,377.6,9.5,1302.6,48
66.0,14273.0,949.0,2026.0,70.0,10.0,4.0,20.0,1,rural,7,5,0.1,0.0,0.0,4.0,76.8,377.6,9.5,1302.6,48
54.0,14273.0,949.0,2026.0,60.0,10.0,4.0,20.0,1,rural,7,5,0.2,0.0,0.0,4.0,76.8,377.6,9.5,1302.6,48
53.0,14273.0,949.0,2026.0,54.0,10.0,4.0,20.0,1,rural,7,5,0.1,0.0,0.0,4.0,76.8,377.6,9.5,1302.6,48
52.0,14273.0,949.0,2026.0,57.0,10.0,4.0,20.0,1,rural,7,5,0.1,0.0,0.0,4.0,76.8,377.6,9.5,1302.6,48
58.0,14273.0,949.0,2026.0,59.0,10.0,4.0,20.0,1,rural,7,5,0.2,0.0,0.0,4.0,76.8,377.6,9.5,1302.6,48
46.0,14273.0,949.0,2026.0,48.0,10.0,4.0,20.0,1,rural,7,5,0.2,0.0,0.0,4.0,76.8,377.6,9.5,1302.6,48
45.0,14273.0,949.0,2026.0,46.0,10.0,4.0,20.0,1,rural,7,5,0.2,0.0,0.0,4.0,76.8,377.6,9.5,1302.6,48
35.0,14273.0,949.0,2026.0,44.0,10.0,4.0,20.0,1,rural,7,5,0.2,0.0,0.0,4.0,76.8,377.6,9.5,1302.6,48
74.7,3479.0,220.0,405.0,77.3,8.0,7.5,12.0,3,rural,7,2,0.3,0.0,0.0,2.5,76.8,377.6,9.5,1302.6,100
96.5,3479.0,220.0,405.0,98.5,8.0,7.5,12.0,3,rural,7,2,0.3,0.0,0.0,2.5,76.8,377.6,9.5,1302.6,100
42.0,3479.0,220.0,405.0,71.0,9.0,4.5,17.0,3,rural,7,3,0.2,0.0,0.0,4.5,76.8,377.6,9.5,1302.6,61
53.0,4172.0,239.0,519.0,55.0,8.0,9.0,12.0,3,rural,7,2,0.2,0.0,0.0,2.5,76.8,377.6,9.5,1302.6,100
71.3,4172.0,239.0,519.0,71.7,8.0,9.0,12.0,3,rural,7,2,0.1,0.0,0.0,2.5,76.8,377.6,9.5,1302.6,100
58.5,4699.0,620.0,507.0,59.5,9.0,5.5,21.0,3,rural,7,5,0.2,0.0,0.0,2.0,76.8,377.6,9.5,1302.6,56
47.7,13222.0,958.0,1262.0,49.0,10.0,5.5,20.0,2,rural,7,5,0.1,0.0,0.0,5.5,76.8,377.6,9.5,1302.6,54
112.0,638.0,25.0,7.0,118.0,0.0,6.0,6.0,5,rural,2,5,0.1,14.0,0.0,5.5,76.8,377.6,9.5,1302.6,100
82.0,9069.0,400.0,54.0,85.0,9.0,4.0,20.0,5,rural,7,3,0.0,0.0,0.0,4.0,76.8,377.6,9.5,1302.6,55
74.5,9069.0,400.0,54.0,85.0,9.0,4.0,20.0,5,rural,7,3,0.0,0.0,0.0,4.0,76.8,377.6,9.5,1302.6,55
85.0,59679.0,2155.0,1114.0,161.5,9.0,4.0,15.0,2,urban,7,5,0.2,0.0,0.0,2.5,77.2,299.4,10.4,1358.6,73
30.0,59679.0,2155.0,1114.0,97.0,9.0,6.0,17.0,2,urban,7,5,0.3,0.0,0.0,2.5,77.2,299.4,10.4,1358.6,69
48.5,17650.0,791.0,236.0,106.5,6.0,5.5,8.0,4,rural,7,5,0.2,0.0,0.0,2.5,77.2,299.4,10.4,1358.6,98
87.7,18572.0,1721.0,816.0,146.0,9.0,4.5,14.0,3,urban,7,5,0.2,11.3,0.0,2.5,77.2,299.4,10.4,1358.6,67
103.0,27002.0,2125.0,1238.0,104.0,8.0,8.0,8.0,3,urban,7,3,0.1,0.0,0.0,2.5,77.2,299.4,10.4,1358.6,88
60.0,44908.0,3693.0,11346.0,83.0,10.0,5.5,16.0,1,rural,7,5,0.2,14.5,0.0,3.5,77.2,299.4,10.4,1358.6,76
66.0,44908.0,3693.0,11346.0,81.0,10.0,4.5,16.0,1,rural,7,3,0.1,0.0,0.0,4.5,77.2,299.4,10.4,1358.6,71
106.0,44908.0,3693.0,11346.0,109.0,10.0,4.5,16.0,1,rural,7,3,0.1,0.0,0.0,4.5,77.2,299.4,10.4,1358.6,71
95.5,44908.0,3693.0,11346.0,96.0,10.0,4.5,16.0,1,rural,7,3,0.1,0.0,0.0,4.5,77.2,299.4,10.4,1358.6,71
84.0,44908.0,3693.0,11346.0,89.0,10.0,4.5,16.0,1,rural,7,3,0.1,0.0,0.0,4.5,77.2,299.4,10.4,1358.6,71
89.0,34116.0,2461.0,9493.0,94.0,10.0,5.0,18.0,1,rural,7,3,0.1,0.0,0.0,5.0,77.2,299.4,10.4,1358.6,71
78.0,34116.0,2461.0,9493.0,98.5,10.0,4.5,16.0,1,rural,7,3,0.1,0.0,0.0,4.5,77.2,299.4,10.4,1358.6,71
86.0,34116.0,2461.0,9493.0,91.0,10.0,4.5,16.0,1,rural,7,3,0.1,0.0,0.0,4.5,77.2,299.4,10.4,1358.6,70
46.0,34116.0,2461.0,9493.0,53.0,10.0,4.5,16.0,1,rural,7,3,0.1,0.0,0.0,4.5,77.2,299.4,10.4,1358.6,70
46.0,34116.0,2461.0,9493.0,78.0,10.0,4.5,16.0,1,rural,7,3,0.1,0.0,0.0,4.5,77.2,299.4,10.4,1358.6,70
142.0,34116.0,2461.0,9493.0,185.0,10.0,4.5,16.0,1,urban,7,3,0.2,0.0,0.0,1.5,77.2,299.4,10.4,1358.6,70
136.0,37535.0,2274.0,10471.0,151.0,10.0,4.0,16.0,1,urban,7,5,0.3,0.0,0.0,3.5,77.2,299.4,10.4,1358.6,70
86.0,26013.0,2737.0,1757.0,116.5,0.0,4.0,18.0,1,rural,2,5,0.2,0.0,0.0,14.0,77.2,299.4,10.4,1358.6,29
82.0,26013.0,2737.0,1757.0,116.5,0.0,4.0,18.0,1,rural,2,5,0.2,0.0,0.0,14.0,77.2,299.4,10.4,1358.6,29
53.8,26013.0,2737.0,1757.0,120.0,10.0,4.5,16.0,1,rural,7,3,0.2,0.2,0.0,4.5,77.2,299.4,10.4,1358.6,64
58.0,26013.0,2737.0,1757.0,133.5,10.0,4.5,16.0,1,rural,7,3,0.2,0.8,0.0,4.5,77.2,299.4,10.4,1358.6,64
63.0,26013.0,2737.0,1757.0,134.5,10.0,4.5,16.0,1,rural,7,3,0.1,3.0,0.0,4.5,77.2,299.4,10.4,1358.6,64
48.2,26013.0,2737.0,1757.0,101.2,10.0,4.5,16.0,1,rural,7,3,0.2,1.5,0.0,4.5,77.2,299.4,10.4,1358.6,64
58.0,26013.0,2737.0,1757.0,72.0,10.0,8.0,16.0,1,rural,7,3,0.1,5.0,0.0,4.5,77.2,299.4,10.4,1358.6,64
65.0,26013.0,2737.0,1757.0,80.0,10.0,4.5,16.0,1,rural,7,3,0.1,0.5,0.0,4.5,77.2,299.4,10.4,1358.6,64
62.0,26013.0,2737.0,1757.0,77.5,10.0,4.5,16.0,1,rural,7,3,0.1,0.0,0.0,4.5,77.2,299.4,10.4,1358.6,64
63.0,26013.0,2737.0,1757.0,75.0,10.0,4.5,16.0,1,rural,7,3,0.1,0.0,0.0,4.5,77.2,299.4,10.4,1358.6,64
70.5,26013.0,2737.0,1757.0,83.0,10.0,4.5,16.0,1,rural,7,3,0.1,0.0,0.0,4.5,77.2,299.4,10.4,1358.6,64
61.0,26013.0,2737.0,1757.0,76.0,10.0,4.5,16.0,1,rural,7,3,0.1,0.0,0.0,4.5,77.2,299.4,10.4,1358.6,64
71.0,26013.0,2737.0,1757.0,88.0,10.0,4.5,16.0,1,urban,7,3,0.1,0.0,0.0,4.5,77.2,299.4,10.4,1358.6,64
72.0,26013.0,2737.0,1757.0,92.0,10.0,4.5,16.0,1,urban,7,3,0.1,0.0,0.0,4.5,77.2,299.4,10.4,1358.6,64
53.0,26013.0,2737.0,1757.0,68.0,10.0,4.5,16.0,1,urban,7,3,0.1,0.0,0.0,4.5,77.2,299.4,10.4,1358.6,64
59.0,26013.0,2737.0,1757.0,78.0,10.0,4.5,16.0,1,urban,7,3,0.1,0.0,0.0,4.5,77.2,299.4,10.4,1358.6,64
60.0,26013.0,2737.0,1757.0,73.0,10.0,4.5,16.0,1,urban,7,3,0.1,0.0,0.0,4.5,77.2,299.4,10.4,1358.6,64
54.0,26013.0,2737.0,1757.0,92.0,10.0,4.5,16.0,1,urban,7,3,0.1,4.0,0.0,4.5,77.2,299.4,10.4,1358.6,64
79.0,39636.0,3116.0,3642.0,115.5,10.0,4.5,19.0,2,urban,7,5,0.2,1.0,0.0,4.5,77.2,299.4,10.4,1358.6,59
130.0,3754.0,296.0,42.0,144.0,9.0,5.5,9.0,4,urban,7,3,0.1,0.0,0.0,6.0,77.2,299.4,10.4,1358.6,83
64.0,9000.0,561.0,249.0,110.3,9.0,4.5,15.0,3,urban,7,5,0.2,10.3,0.0,2.5,77.2,299.4,10.4,1358.6,74
55.0,9000.0,561.0,249.0,89.0,9.0,4.5,15.0,3,urban,7,5,0.1,27.5,0.0,2.5,77.2,299.4,10.4,1358.6,74
73.7,55217.0,3283.0,1692.0,123.0,9.0,5.0,16.0,2,urban,7,3,0.2,0.0,0.0,2.0,77.2,299.4,10.4,1358.6,63
159.0,5293.0,175.0,196.0,165.0,0.0,8.5,5.0,4,rural,2,5,0.1,0.0,0.0,2.5,77.2,299.4,10.4,1358.6,125
115.5,9742.0,528.0,326.0,169.5,5.5,2.5,8.0,3,urban,7,5,0.4,2.0,0.0,2.0,77.2,299.4,10.4,1358.6,100
87.0,12277.0,651.0,81.0,133.7,0.0,4.0,10.0,4,urban,2,5,0.1,0.3,0.0,2.0,77.2,299.4,10.4,1358.6,65
71.5,7317.0,517.0,50.0,73.0,0.0,9.0,10.0,4,urban,2,2,0.2,2.5,0.0,2.5,77.2,299.4,10.4,1358.6,75
106.7,16884.0,846.0,336.0,107.0,0.0,7.0,14.0,4,urban,2,5,0.1,0.0,0.0,2.5,77.2,299.4,10.4,1358.6,70
64.0,13921.0,354.0,203.0,77.5,0.0,4.5,14.0,4,urban,2,5,0.4,0.0,0.0,2.5,77.2,299.4,10.4,1358.6,70
114.0,1985.0,25.0,15.0,130.7,0.0,7.0,10.0,5,rural,2,5,0.4,0.0,0.0,2.0,77.2,299.4,10.4,1358.6,70
230.0,6609.0,141.0,56.0,299.0,8.0,6.0,8.0,3,urban,7,3,0.1,8.0,0.0,2.0,77.2,299.4,10.4,1358.6,56
131.0,2546.0,95.0,6.0,137.0,0.0,4.0,5.0,4,urban,2,5,0.0,0.0,0.0,1.5,77.2,299.4,10.4,1358.6,125
127.0,5243.0,43.0,9.0,197.0,10.0,1.0,10.0,3,urban,7,3,0.2,15.0,0.0,2.0,77.2,299.4,10.4,1358.6,78
75.0,8532.0,422.0,90.0,117.0,0.0,4.0,12.0,4,urban,2,2,0.0,0.0,0.0,2.0,77.2,299.4,10.4,1358.6,59
193.0,2901.0,312.0,7.0,252.0,0.0,5.5,11.0,5,urban,2,5,0.0,0.0,0.0,2.0,77.2,299.4,10.4,1358.6,125
206.0,1731.0,44.0,3.0,222.5,0.0,4.0,8.0,5,urban,2,2,0.1,4.0,0.0,1.5,77.2,299.4,10.4,1358.6,85
215.0,11422.0,341.0,116.0,253.3,0.0,7.0,11.0,4,urban,2,5,0.3,4.3,0.0,1.5,77.2,299.4,10.4,1358.6,57
138.0,9056.0,420.0,214.0,157.0,8.0,5.5,8.0,3,urban,7,3,0.2,10.0,0.0,2.5,77.2,299.4,10.4,1358.6,73
125.0,28889.0,392.0,87.0,134.0,9.0,6.5,9.0,3,urban,7,5,0.2,1.0,0.0,2.5,76.3,364.6,9.7,1122.7,97
52.0,12446.0,702.0,1893.0,53.0,11.0,4.0,20.0,1,rural,7,5,0.2,0.0,0.0,4.0,76.3,364.6,9.7,1122.7,36
66.2,12446.0,702.0,1893.0,70.0,11.0,4.5,20.0,1,rural,7,5,0.1,0.0,0.0,4.5,76.3,364.6,9.7,1122.7,36
74.0,12446.0,702.0,1893.0,79.0,11.0,4.5,20.0,1,rural,7,5,0.1,0.0,0.0,4.5,76.3,364.6,9.7,1122.7,36
73.0,12446.0,702.0,1893.0,79.0,11.0,4.5,20.0,1,rural,7,5,0.1,0.0,0.0,4.5,76.3,364.6,9.7,1122.7,36
67.5,12446.0,702.0,1893.0,76.5,11.0,4.5,20.0,1,rural,7,5,0.1,0.0,0.0,4.5,76.3,364.6,9.7,1122.7,36
67.0,12446.0,702.0,1893.0,77.5,11.0,4.5,20.0,1,rural,7,5,0.1,0.0,0.0,4.5,76.3,364.6,9.7,1122.7,36
52.0,22892.0,2071.0,3105.0,60.0,11.0,4.5,20.0,1,urban,7,5,0.1,0.0,0.0,4.5,76.3,364.6,9.7,1122.7,36
51.0,22892.0,2071.0,3105.0,58.0,12.0,4.5,22.0,1,urban,7,5,0.1,0.0,0.0,4.5,76.3,364.6,9.7,1122.7,40
87.0,22892.0,2071.0,3105.0,90.0,12.0,4.5,22.0,1,urban,7,5,0.2,0.0,0.0,4.5,76.3,364.6,9.7,1122.7,40
64.0,39745.0,2825.0,4023.0,66.0,12.0,4.5,22.0,1,urban,7,5,0.2,0.0,0.0,4.5,76.3,364.6,9.7,1122.7,40
82.0,39745.0,2825.0,4023.0,92.0,12.0,4.5,22.0,1,urban,7,5,0.2,0.0,0.0,4.5,76.3,364.6,9.7,1122.7,40
68.5,39745.0,2825.0,4023.0,73.0,12.0,4.5,22.0,1,urban,7,5,0.2,0.0,0.0,4.5,76.3,364.6,9.7,1122.7,40
75.3,36170.0,1713.0,2921.0,78.3,12.0,4.5,22.0,1,urban,7,5,0.2,0.3,0.0,4.5,76.3,364.6,9.7,1122.7,40
50.7,25981.0,2252.0,2720.0,65.7,12.0,4.5,20.0,1,urban,7,5,0.1,0.0,0.0,4.5,76.3,364.6,9.7,1122.7,17
43.7,25047.0,2579.0,3552.0,90.7,10.0,5.0,20.0,1,rural,7,5,0.2,0.0,0.0,5.0,76.3,364.6,9.7,1122.7,54
45.7,25593.0,2309.0,2461.0,79.3,10.0,5.0,19.0,1,rural,7,5,0.2,0.0,0.0,5.0,76.3,364.6,9.7,1122.7,54
38.3,25593.0,2309.0,2461.0,67.7,10.0,5.0,19.0,1,rural,7,5,0.2,0.0,0.0,5.0,76.3,364.6,9.7,1122.7,54
40.5,25593.0,2309.0,2461.0,71.2,10.0,5.0,19.0,1,rural,7,5,0.2,0.0,0.0,5.0,76.3,364.6,9.7,1122.7,54
42.5,25593.0,2309.0,2461.0,68.5,10.0,5.0,19.0,1,rural,7,5,0.1,0.0,0.0,5.0,76.3,364.6,9.7,1122.7,54
44.2,22291.0,1148.0,2825.0,71.5,10.0,5.0,19.0,1,small urban,7,5,0.2,0.0,0.0,5.0,76.3,364.6,9.7,1122.7,53
43.0,22291.0,1148.0,2825.0,70.0,10.0,5.0,19.0,1,small urban,7,5,0.1,0.0,0.0,5.0,76.3,364.6,9.7,1122.7,53
36.3,22291.0,1148.0,2825.0,67.0,10.0,5.0,19.0,1,rural,7,5,0.2,0.0,0.0,5.0,76.3,364.6,9.7,1122.7,53
32.7,22291.0,1148.0,2825.0,63.2,10.0,5.0,19.0,1,rural,7,5,0.2,0.0,0.0,5.0,76.3,364.6,9.7,1122.7,53
36.0,22291.0,1148.0,2825.0,58.2,10.0,5.0,19.0,1,rural,7,5,0.1,0.0,0.0,5.0,76.3,364.6,9.7,1122.7,53
36.0,22291.0,1148.0,2825.0,58.0,10.0,5.0,19.0,1,rural,7,5,0.1,0.0,0.0,5.0,76.3,364.6,9.7,1122.7,53
41.0,22291.0,1148.0,2825.0,75.0,10.0,5.0,19.0,1,rural,7,5,0.1,0.0,0.0,5.0,76.3,364.6,9.7,1122.7,53
40.5,22291.0,1148.0,2825.0,69.2,10.0,5.0,19.0,1,rural,7,5,0.2,0.0,0.0,5.0,76.3,364.6,9.7,1122.7,53
110.5,5348.0,183.0,31.0,128.0,8.0,6.0,8.0,4,urban,7,3,0.2,4.5,0.0,2.5,76.3,364.6,9.7,1122.7,95
93.0,14634.0,494.0,64.0,93.3,0.0,3.5,15.0,4,urban,2,5,0.2,0.0,0.0,10.5,76.3,364.6,9.7,1122.7,22
73.0,20139.0,531.0,95.0,89.0,9.0,7.5,15.0,3,urban,7,3,0.2,2.0,0.0,1.5,76.3,364.6,9.7,1122.7,64
169.0,8730.0,232.0,35.0,169.3,0.0,3.5,11.0,4,urban,2,5,0.3,3.0,0.0,8.5,76.3,364.6,9.7,1122.7,21
111.0,3359.0,147.0,21.0,121.0,0.0,5.5,7.0,4,urban,2,2,0.1,0.0,0.0,2.5,76.3,364.6,9.7,1122.7,70
68.3,32437.0,1705.0,822.0,134.7,10.0,0.0,10.0,3,urban,3,2,0.0,0.0,0.0,10.0,76.3,364.6,9.7,1122.7,33
77.0,4856.0,228.0,63.0,78.0,0.0,4.5,10.0,5,urban,2,5,0.1,0.0,0.0,1.5,76.3,364.6,9.7,1122.7,71
157.5,2796.0,43.0,69.0,159.5,0.0,2.5,8.0,5,small urban,2,5,0.2,7.0,0.0,1.5,76.3,364.6,9.7,1122.7,84
85.5,8544.0,809.0,783.0,142.0,0.0,3.5,15.0,3,rural,2,5,0.3,17.5,0.0,2.5,77.1,514.6,8.3,1027.2,39
89.0,1464.0,228.0,142.0,95.0,0.0,8.0,10.0,4,rural,2,5,0.0,0.0,0.0,2.5,77.1,514.6,8.3,1027.2,74
68.0,12496.0,1010.0,554.0,75.0,8.0,5.0,23.0,2,rural,7,5,0.0,0.0,0.0,5.0,77.1,514.6,8.3,1027.2,49
154.0,83807.0,4067.0,1414.0,155.5,10.0,1.5,10.0,2,urban,7,5,0.1,0.0,0.0,1.5,77.4,183.7,11.8,1369.8,91
142.0,17632.0,704.0,354.0,162.0,10.0,5.0,10.0,3,urban,7,3,0.1,0.0,0.0,2.5,77.4,183.7,11.8,1369.8,85
136.7,17632.0,704.0,354.0,162.0,10.0,5.0,10.0,3,urban,7,3,0.1,0.0,0.0,2.5,77.4,183.7,11.8,1369.8,85
142.0,17632.0,704.0,354.0,162.7,10.0,5.0,10.0,3,urban,7,3,0.1,0.0,0.0,2.5,77.4,183.7,11.8,1369.8,85
136.7,17632.0,704.0,354.0,162.7,10.0,5.0,10.0,3,urban,7,3,0.1,0.0,0.0,2.5,77.4,183.7,11.8,1369.8,85
116.0,12067.0,315.0,47.0,123.0,10.0,4.5,10.0,4,urban,7,3,0.1,4.0,0.0,1.5,77.4,183.7,11.8,1369.8,91
41.0,119316.0,8089.0,5621.0,105.0,10.0,1.5,10.0,1,urban,7,3,0.1,1.0,0.0,2.0,77.4,183.7,11.8,1369.8,61
64.0,119316.0,8089.0,5621.0,80.0,10.0,3.0,10.0,1,urban,7,3,0.1,0.0,0.0,2.0,77.4,183.7,11.8,1369.8,61
54.0,93435.0,4778.0,2594.0,120.7,10.0,3.0,10.0,1,urban,7,3,0.1,1.7,0.0,2.0,77.4,183.7,11.8,1369.8,61
56.0,93435.0,4778.0,2594.0,164.3,10.0,3.0,10.0,1,urban,7,3,0.2,0.3,0.0,2.0,77.4,183.7,11.8,1369.8,61
55.3,93435.0,4778.0,2594.0,127.8,10.0,3.0,10.0,1,urban,7,3,0.1,2.5,0.0,2.0,77.4,183.7,11.8,1369.8,61
56.0,93435.0,4778.0,2594.0,164.0,10.0,3.0,10.0,1,urban,7,3,0.2,4.0,0.0,2.0,77.4,183.7,11.8,1369.8,61
60.3,70775.0,8146.0,5655.0,130.3,10.0,3.0,10.0,1,urban,7,3,0.1,0.0,0.0,2.0,77.4,183.7,11.8,1369.8,61
54.0,70775.0,8146.0,5655.0,122.0,10.0,4.5,10.0,1,urban,7,3,0.2,0.0,0.0,2.5,77.4,183.7,11.8,1369.8,61
106.0,16793.0,777.0,197.0,161.0,0.0,4.5,16.0,3,urban,2,5,0.2,13.4,0.0,2.5,77.4,183.7,11.8,1369.8,22
174.0,21864.0,794.0,258.0,247.0,9.0,1.5,9.0,3,urban,7,3,0.3,20.0,0.0,1.5,77.4,183.7,11.8,1369.8,76
156.0,21102.0,1231.0,66.0,157.0,0.0,5.0,10.0,3,urban,2,2,0.2,5.0,0.0,1.0,77.4,183.7,11.8,1369.8,72
107.0,8094.0,360.0,62.0,226.7,0.0,3.5,8.0,3,urban,2,2,0.2,16.3,0.0,2.5,77.4,183.7,11.8,1369.8,75
127.0,4154.0,258.0,70.0,137.0,0.0,3.5,11.0,3,rural,2,5,0.2,7.0,0.0,1.5,77.4,183.7,11.8,1369.8,125
166.0,5819.0,125.0,45.0,207.0,0.0,5.0,8.0,3,rural,2,2,0.2,6.0,0.0,2.5,77.4,183.7,11.8,1369.8,75
110.0,5396.0,280.0,44.0,137.0,0.0,3.5,10.0,3,rural,2,2,0.1,2.7,0.0,1.5,77.4,183.7,11.8,1369.8,67
128.0,20563.0,992.0,709.0,131.5,0.0,3.0,3.0,3,urban,2,2,0.2,0.5,0.0,2.5,77.4,183.7,11.8,1369.8,102
230.0,485.0,32.0,2.0,270.5,0.0,4.0,2.0,5,rural,2,5,0.2,20.0,0.0,3.0,77.4,183.7,11.8,1369.8,31
120.5,14139.0,539.0,167.0,138.0,0.0,7.5,6.0,3,urban,2,2,0.1,0.0,0.0,1.5,77.4,183.7,11.8,1369.8,92
120.5,14139.0,539.0,167.0,206.0,0.0,7.5,6.0,3,urban,2,2,0.1,0.0,0.0,1.5,77.4,183.7,11.8,1369.8,92
205.0,14139.0,539.0,167.0,206.0,0.0,7.5,6.0,3,urban,2,2,0.1,0.0,0.0,1.5,77.4,183.7,11.8,1369.8,92
131.8,22060.0,906.0,148.0,225.0,0.0,5.5,10.0,3,urban,2,2,0.2,0.0,0.0,1.5,77.4,183.7,11.8,1369.8,60
123.5,11963.0,513.0,85.0,139.0,10.0,6.5,10.0,4,urban,7,3,0.2,17.0,0.0,1.5,77.4,183.7,11.8,1369.8,71
50.5,5092.0,302.0,207.0,111.0,8.0,6.0,8.0,3,small urban,7,3,0.3,8.5,0.0,3.0,77.6,395.4,9.5,1362.7,103
41.0,31476.0,795.0,611.0,43.0,9.0,7.0,6.0,3,urban,7,3,0.1,0.0,0.0,3.5,77.6,395.4,9.5,1362.7,73
55.5,19484.0,274.0,116.0,57.5,9.0,6.0,15.0,4,rural,7,3,0.3,2.5,0.0,2.5,77.6,395.4,9.5,1362.7,71
56.3,50925.0,4071.0,3956.0,57.0,9.0,9.0,21.0,1,urban,7,5,0.1,0.0,0.0,3.5,77.6,395.4,9.5,1362.7,55
34.0,50925.0,4071.0,3956.0,58.0,10.0,7.0,21.0,1,urban,7,5,0.2,0.0,0.0,4.0,77.6,395.4,9.5,1362.7,55
33.8,50925.0,4071.0,3956.0,59.0,10.0,7.0,21.0,1,urban,7,5,0.2,0.0,0.0,4.0,77.6,395.4,9.5,1362.7,55
36.3,50925.0,4071.0,3956.0,78.7,10.0,7.0,21.0,1,urban,7,5,0.2,0.0,0.0,4.0,77.6,395.4,9.5,1362.7,55
39.0,50925.0,4071.0,3956.0,59.3,10.0,7.0,21.0,1,urban,7,5,0.2,0.0,0.0,4.0,77.6,395.4,9.5,1362.7,55
39.5,50925.0,4071.0,3956.0,59.3,10.0,7.0,21.0,1,urban,7,5,0.2,0.0,0.0,4.0,77.6,395.4,9.5,1362.7,55
39.0,50925.0,4071.0,3956.0,58.0,10.0,7.0,21.0,1,urban,7,5,0.2,0.0,0.0,4.0,77.6,395.4,9.5,1362.7,55
39.5,50925.0,4071.0,3956.0,58.0,10.0,7.0,21.0,1,urban,7,5,0.2,0.0,0.0,4.0,77.6,395.4,9.5,1362.7,55
35.3,50925.0,4071.0,3956.0,60.3,10.0,7.0,21.0,1,urban,7,5,0.2,0.0,0.0,4.0,77.6,395.4,9.5,1362.7,55
34.5,50925.0,4071.0,3956.0,98.0,10.0,7.0,21.0,1,rural,7,5,0.1,0.0,0.0,4.0,77.6,395.4,9.5,1362.7,55
37.0,50925.0,4071.0,3956.0,64.5,10.0,6.0,21.0,1,rural,7,5,0.1,0.0,0.0,4.0,77.6,395.4,9.5,1362.7,55
44.0,50925.0,4071.0,3956.0,88.0,10.0,6.0,21.0,1,rural,7,5,0.2,0.0,0.0,4.0,77.6,395.4,9.5,1362.7,55
40.5,33914.0,3191.0,4043.0,89.5,10.0,6.0,21.0,1,urban,7,5,0.2,0.0,0.0,4.0,77.6,395.4,9.5,1362.7,55
45.0,33914.0,3191.0,4043.0,70.5,10.0,6.0,21.0,1,urban,7,5,0.2,0.0,0.0,4.0,77.6,395.4,9.5,1362.7,55
54.0,33914.0,3191.0,4043.0,56.0,10.0,6.0,21.0,1,urban,7,5,0.2,0.0,0.0,4.0,77.6,395.4,9.5,1362.7,55
54.0,33914.0,3191.0,4043.0,70.0,10.0,6.0,21.0,1,urban,7,5,0.2,0.0,0.0,4.0,77.6,395.4,9.5,1362.7,55
30.0,38851.0,2646.0,3393.0,70.5,10.0,6.0,21.0,1,rural,7,5,0.2,0.0,0.0,4.0,77.6,395.4,9.5,1362.7,55
39.0,38851.0,2646.0,3393.0,121.0,10.0,6.0,18.0,1,rural,7,5,0.2,0.0,0.0,4.0,77.6,395.4,9.5,1362.7,62
35.0,38851.0,2646.0,3393.0,88.0,10.0,6.0,18.0,1,rural,7,5,0.2,0.0,0.0,4.0,77.6,395.4,9.5,1362.7,62
38.0,34481.0,2596.0,2898.0,66.0,10.0,6.0,18.0,1,urban,7,5,0.1,0.0,0.0,4.0,77.6,395.4,9.5,1362.7,62
50.0,33301.0,3121.0,4154.0,68.0,10.0,4.0,18.0,1,urban,7,5,0.2,0.0,0.0,2.0,77.6,395.4,9.5,1362.7,61
45.0,33301.0,3121.0,4154.0,74.0,10.0,4.0,18.0,1,urban,7,5,0.2,0.0,0.0,2.0,77.6,395.4,9.5,1362.7,61
63.0,33301.0,3121.0,4154.0,82.0,10.0,4.0,18.0,1,urban,7,5,0.2,0.0,0.0,2.0,77.6,395.4,9.5,1362.7,61
42.0,33301.0,3121.0,4154.0,70.0,10.0,4.0,18.0,1,urban,7,5,0.2,0.0,0.0,2.0,77.6,395.4,9.5,1362.7,61
37.0,33301.0,3121.0,4154.0,62.0,10.0,4.0,18.0,1,urban,7,5,0.2,0.0,0.0,2.0,77.6,395.4,9.5,1362.7,61
38.0,33301.0,3121.0,4154.0,91.0,10.0,4.0,18.0,1,urban,7,5,0.2,0.0,0.0,2.0,77.6,395.4,9.5,1362.7,61
45.0,33301.0,3121.0,4154.0,70.0,10.0,4.0,18.0,1,rural,7,5,0.2,0.0,0.0,2.0,77.6,395.4,9.5,1362.7,61
42.0,33301.0,3121.0,4154.0,58.0,10.0,4.0,18.0,1,rural,7,5,0.2,0.0,0.0,2.0,77.6,395.4,9.5,1362.7,61
38.0,33301.0,3121.0,4154.0,82.0,10.0,4.0,18.0,1,rural,7,5,0.2,0.0,0.0,2.0,77.6,395.4,9.5,1362.7,61
36.0,33301.0,3121.0,4154.0,76.5,10.0,4.0,18.0,1,rural,7,5,0.2,0.0,0.0,2.0,77.6,395.4,9.5,1362.7,61
44.0,33301.0,3121.0,4154.0,82.5,10.0,4.0,18.0,1,rural,7,5,0.2,0.0,0.0,2.0,77.6,395.4,9.5,1362.7,61
40.0,33301.0,3121.0,4154.0,73.0,10.0,4.0,18.0,1,rural,7,5,0.2,0.0,0.0,2.0,77.6,395.4,9.5,1362.7,61
49.0,33301.0,3121.0,4154.0,91.0,10.0,4.0,18.0,1,rural,7,5,0.2,0.0,0.0,2.0,77.6,395.4,9.5,1362.7,61
40.0,33301.0,3121.0,4154.0,89.0,10.0,4.0,18.0,1,rural,7,5,0.2,0.0,0.0,2.0,77.6,395.4,9.5,1362.7,61
54.7,29736.0,2982.0,4240.0,69.0,10.0,4.5,18.0,1,rural,7,5,0.2,0.0,0.0,2.5,77.6,395.4,9.5,1362.7,60
46.0,29736.0,2982.0,4240.0,71.0,10.0,4.5,18.0,1,rural,7,5,0.2,0.0,0.0,2.5,77.6,395.4,9.5,1362.7,60
40.5,29736.0,2982.0,4240.0,66.5,10.0,4.5,18.0,1,rural,7,5,0.2,0.0,0.0,2.5,77.6,395.4,9.5,1362.7,60
41.5,29736.0,2982.0,4240.0,65.0,10.0,4.5,18.0,1,rural,7,5,0.2,1.5,0.0,2.5,77.6,395.4,9.5,1362.7,60
52.0,29736.0,2982.0,4240.0,77.5,10.0,4.5,18.0,1,rural,7,5,0.2,2.5,0.0,2.5,77.6,395.4,9.5,1362.7,60
60.5,29736.0,2982.0,4240.0,104.0,10.0,4.5,18.0,1,rural,7,5,0.2,1.0,0.0,2.5,77.6,395.4,9.5,1362.7,60
65.0,27480.0,2438.0,4178.0,69.0,10.0,4.5,18.0,1,rural,7,5,0.1,11.0,0.0,2.5,77.6,395.4,9.5,1362.7,60
63.0,27480.0,2438.0,4178.0,69.0,10.0,4.5,18.0,1,rural,7,5,0.1,11.0,0.0,2.5,77.6,395.4,9.5,1362.7,60
50.3,27480.0,2438.0,4178.0,51.0,10.0,4.5,18.0,1,rural,7,5,0.2,0.0,0.0,2.5,77.6,395.4,9.5,1362.7,60
42.3,27480.0,2438.0,4178.0,59.0,10.0,4.5,18.0,1,rural,7,5,0.2,0.0,0.0,2.5,77.6,395.4,9.5,1362.7,60
41.0,27480.0,2438.0,4178.0,75.0,10.0,4.5,18.0,1,rural,7,5,0.2,0.0,0.0,2.5,77.6,395.4,9.5,1362.7,60
41.5,27480.0,2438.0,4178.0,80.0,10.0,4.5,18.0,1,rural,7,5,0.2,0.0,0.0,2.5,77.6,395.4,9.5,1362.7,60
45.0,27480.0,2438.0,4178.0,71.0,10.0,4.5,18.0,1,rural,7,5,0.2,0.0,0.0,2.5,77.6,395.4,9.5,1362.7,60
47.0,27480.0,2438.0,4178.0,56.0,10.0,4.5,18.0,1,rural,7,5,0.2,0.0,0.0,2.5,77.6,395.4,9.5,1362.7,60
48.3,27480.0,2438.0,4178.0,82.0,10.0,4.5,18.0,1,rural,7,5,0.2,1.0,0.0,2.5,77.6,395.4,9.5,1362.7,60
47.0,27480.0,2438.0,4178.0,62.0,10.0,4.5,18.0,1,rural,7,5,0.2,0.3,0.0,2.5,77.6,395.4,9.5,1362.7,60
46.0,27480.0,2438.0,4178.0,76.7,10.0,4.5,18.0,1,rural,7,5,0.2,0.0,0.0,2.5,77.6,395.4,9.5,1362.7,60
53.5,27480.0,2438.0,4178.0,56.0,10.0,4.5,18.0,1,rural,7,5,0.2,0.0,0.0,2.5,77.6,395.4,9.5,1362.7,60
41.0,27480.0,2438.0,4178.0,68.0,10.0,4.5,18.0,1,rural,7,5,0.2,0.0,0.0,2.5,77.6,395.4,9.5,1362.7,60
56.0,27480.0,2438.0,4178.0,68.0,10.0,4.5,18.0,1,rural,7,5,0.2,0.0,0.0,2.5,77.6,395.4,9.5,1362.7,60
116.0,9486.0,50.0,44.0,119.0,0.0,4.0,14.0,5,urban,2,5,0.1,9.0,0.0,2.5,77.6,395.4,9.5,1362.7,59
44.0,24170.0,1946.0,2355.0,47.0,0.0,4.5,40.0,2,rural,2,5,0.2,0.0,0.0,13.5,77.5,423.3,9.0,1350.7,17
59.0,2672.0,367.0,135.0,69.5,9.0,7.0,9.0,4,rural,7,3,0.0,1.0,0.0,2.0,78.7,542.1,7.9,1294.6,79
124.0,500.0,8.0,12.0,204.0,0.0,6.5,8.0,5,rural,2,5,0.3,1.0,0.0,1.5,78.7,542.1,7.9,1294.6,71
45.0,19728.0,1262.0,7176.0,197.0,0.0,3.5,33.0,1,rural,2,5,0.1,10.0,0.0,4.0,78.2,402.4,9.1,1451.5,36
45.0,19728.0,1262.0,7176.0,196.0,0.0,3.5,33.0,1,rural,2,5,0.1,20.0,0.0,4.0,78.2,402.4,9.1,1451.5,36
41.0,19728.0,1262.0,7176.0,42.0,0.0,3.5,33.0,1,rural,2,5,0.1,2.5,0.0,4.0,78.2,402.4,9.1,1451.5,36
38.5,19728.0,1262.0,7176.0,40.0,0.0,3.5,33.0,1,rural,2,5,0.1,4.0,0.0,4.0,78.2,402.4,9.1,1451.5,36
39.0,19728.0,1262.0,7176.0,41.5,0.0,3.5,33.0,1,rural,2,5,0.1,3.5,0.0,4.0,78.2,402.4,9.1,1451.5,36
38.5,19728.0,1262.0,7176.0,47.5,0.0,3.5,33.0,1,rural,2,5,0.1,3.0,0.0,4.0,78.2,402.4,9.1,1451.5,36
34.0,19728.0,1262.0,7176.0,53.0,0.0,3.5,33.0,1,rural,2,5,0.1,15.0,0.0,4.0,78.2,402.4,9.1,1451.5,36
49.0,19728.0,1262.0,7176.0,65.5,0.0,3.5,33.0,1,rural,2,5,0.1,6.0,0.0,4.0,78.2,402.4,9.1,1451.5,36
44.5,19728.0,1262.0,7176.0,53.0,0.0,3.5,33.0,1,rural,2,5,0.1,2.7,0.0,4.0,78.2,402.4,9.1,1451.5,36
41.0,19728.0,1262.0,7176.0,49.0,0.0,3.5,33.0,1,rural,2,5,0.1,0.0,0.0,4.0,78.2,402.4,9.1,1451.5,36
48.0,19728.0,1262.0,7176.0,51.0,0.0,3.5,33.0,1,rural,2,5,0.1,0.0,0.0,4.0,78.2,402.4,9.1,1451.5,36
81.0,9886.0,354.0,58.0,84.7,0.0,2.0,9.0,3,urban,2,5,0.2,0.0,0.0,2.0,77.6,459.1,8.7,1412.2,76
92.0,23046.0,1133.0,158.0,115.0,0.0,11.5,10.0,3,urban,2,2,0.6,0.0,0.0,2.0,77.6,459.1,8.7,1412.2,66
52.0,8907.0,423.0,99.0,55.0,0.0,9.0,8.0,3,urban,2,2,0.1,0.0,0.0,2.0,77.6,459.1,8.7,1412.2,85
86.0,5472.0,264.0,64.0,87.3,0.0,6.0,15.0,4,urban,2,2,0.1,13.7,0.0,2.0,77.6,459.1,8.7,1412.2,64
64.0,7099.0,338.0,53.0,90.0,0.0,4.5,6.0,4,urban,2,5,0.1,0.0,0.0,2.0,77.6,459.1,8.7,1412.2,52
73.0,3322.0,146.0,74.0,89.0,0.0,11.0,8.0,4,urban,2,2,0.2,0.0,0.0,2.0,77.6,459.1,8.7,1412.2,84
36.0,20696.0,566.0,9369.0,71.0,10.0,4.0,21.0,1,rural,7,5,0.2,0.0,0.0,7.5,77.6,459.1,8.7,1412.2,57
42.0,20696.0,566.0,9369.0,94.0,10.0,4.0,21.0,1,rural,7,5,0.1,1.0,0.0,7.5,77.6,459.1,8.7,1412.2,57
52.3,20696.0,566.0,9369.0,106.7,10.0,4.0,21.0,1,rural,7,5,0.2,0.0,0.0,7.5,77.6,459.1,8.7,1412.2,57
40.8,20696.0,566.0,9369.0,100.5,10.0,4.0,21.0,1,rural,7,5,0.2,0.2,0.0,7.5,77.6,459.1,8.7,1412.2,57
40.0,20696.0,566.0,9369.0,81.0,10.0,4.0,21.0,1,rural,7,5,0.1,0.0,0.0,7.5,77.6,459.1,8.7,1412.2,57
40.0,20696.0,566.0,9369.0,94.2,10.0,4.0,21.0,1,rural,7,5,0.1,0.0,0.0,7.5,77.6,459.1,8.7,1412.2,57
47.0,20696.0,566.0,9369.0,91.8,10.0,4.0,21.0,1,rural,7,5,0.1,1.0,0.0,7.5,77.6,459.1,8.7,1412.2,57
39.7,20696.0,566.0,9369.0,88.0,10.0,4.0,21.0,1,rural,7,5,0.1,0.0,0.0,7.5,77.6,459.1,8.7,1412.2,57
42.5,20696.0,566.0,9369.0,111.0,10.0,4.0,21.0,1,rural,7,5,0.2,0.0,0.0,7.5,77.6,459.1,8.7,1412.2,57
57.0,20696.0,566.0,9369.0,88.0,10.0,4.0,21.0,1,rural,7,5,0.2,0.0,0.0,7.5,77.6,459.1,8.7,1412.2,57
42.0,20696.0,566.0,9369.0,76.0,10.0,4.0,21.0,1,rural,7,5,0.2,0.0,0.0,9.0,77.6,459.1,8.7,1412.2,57
33.0,20696.0,566.0,9369.0,72.0,10.0,4.0,21.0,1,rural,7,5,0.2,0.0,0.0,9.0,77.6,459.1,8.7,1412.2,57
36.0,20696.0,566.0,9369.0,80.0,10.0,4.0,21.0,1,rural,7,5,0.2,0.0,0.0,9.0,77.6,459.1,8.7,1412.2,57
38.0,20696.0,566.0,9369.0,90.5,10.0,4.0,21.0,1,rural,7,5,0.2,0.0,0.0,9.0,77.6,459.1,8.7,1412.2,57
45.0,20696.0,566.0,9369.0,83.0,10.0,4.0,21.0,1,rural,7,5,0.2,0.0,0.0,2.0,77.6,459.1,8.7,1412.2,57
51.0,20696.0,566.0,9369.0,71.0,10.0,4.0,21.0,1,rural,7,5,0.1,1.0,0.0,2.0,77.6,459.1,8.7,1412.2,57
47.0,20696.0,566.0,9369.0,71.0,10.0,4.0,21.0,1,rural,7,5,0.2,0.0,0.0,2.0,77.6,459.1,8.7,1412.2,57
33.0,23580.0,1000.0,7694.0,70.0,10.0,4.0,21.0,1,rural,7,5,0.2,0.0,0.0,7.5,77.6,459.1,8.7,1412.2,57
41.0,23580.0,1000.0,7694.0,73.0,10.0,4.0,21.0,1,rural,7,5,0.2,0.0,0.0,7.5,77.6,459.1,8.7,1412.2,57
35.0,23580.0,1000.0,7694.0,80.0,10.0,4.0,21.0,1,rural,7,5,0.2,0.0,0.0,7.5,77.6,459.1,8.7,1412.2,57
36.0,23580.0,1000.0,7694.0,70.0,10.0,4.0,21.0,1,rural,7,5,0.2,0.0,0.0,7.5,77.6,459.1,8.7,1412.2,57
37.0,23580.0,1000.0,7694.0,101.0,10.0,4.0,21.0,1,rural,7,5,0.2,0.0,0.0,9.0,77.6,459.1,8.7,1412.2,57
33.0,23580.0,1000.0,7694.0,79.0,10.0,4.0,21.0,1,rural,7,5,0.2,0.0,0.0,9.0,77.6,459.1,8.7,1412.2,57
31.0,23580.0,1000.0,7694.0,74.0,10.0,4.0,21.0,1,rural,7,5,0.2,0.0,0.0,9.0,77.6,459.1,8.7,1412.2,57
38.0,23580.0,1000.0,7694.0,88.0,10.0,4.0,21.0,1,rural,7,5,0.2,0.0,0.0,9.0,77.6,459.1,8.7,1412.2,57
44.5,23580.0,1000.0,7694.0,45.3,0.0,5.0,26.0,1,rural,2,5,0.1,1.0,0.0,23.0,77.6,459.1,8.7,1412.2,19
39.0,23580.0,1000.0,7694.0,44.3,0.0,5.0,26.0,1,rural,2,5,0.2,0.7,0.0,23.0,77.6,459.1,8.7,1412.2,19
40.3,23580.0,1000.0,7694.0,45.3,0.0,5.0,26.0,1,rural,2,5,0.1,0.0,0.0,23.0,77.6,459.1,8.7,1412.2,19
36.5,23580.0,1000.0,7694.0,51.7,0.0,5.0,26.0,1,rural,2,5,0.2,0.7,0.0,23.0,77.6,459.1,8.7,1412.2,19
44.0,23580.0,1000.0,7694.0,46.0,0.0,5.0,26.0,1,rural,2,5,0.2,0.0,0.0,23.0,77.6,459.1,8.7,1412.2,19
44.0,27384.0,1866.0,10359.0,66.0,0.0,5.0,26.0,1,rural,2,5,0.1,2.0,0.0,23.0,77.6,459.1,8.7,1412.2,19
44.0,27384.0,1866.0,10359.0,48.0,0.0,5.0,26.0,1,rural,2,5,0.2,2.0,0.0,23.0,77.6,459.1,8.7,1412.2,19
76.5,24958.0,1826.0,5823.0,81.0,10.0,4.0,18.0,1,rural,7,5,0.1,0.0,0.0,4.0,77.6,459.1,8.7,1412.2,57
68.5,24958.0,1826.0,5823.0,74.7,10.0,4.0,18.0,1,rural,7,5,0.1,0.0,0.0,4.0,77.6,459.1,8.7,1412.2,57
39.7,24958.0,1826.0,5823.0,42.0,10.0,4.0,18.0,1,rural,7,5,0.1,0.0,0.0,3.5,77.6,459.1,8.7,1412.2,57
44.3,24958.0,1826.0,5823.0,44.5,10.0,4.0,18.0,1,rural,7,5,0.1,0.0,0.0,3.5,77.6,459.1,8.7,1412.2,57
37.0,24958.0,1826.0,5823.0,39.5,10.0,4.0,18.0,1,rural,7,5,0.1,0.0,0.0,3.5,77.6,459.1,8.7,1412.2,57
39.0,24958.0,1826.0,5823.0,40.0,10.0,4.0,18.0,1,rural,7,5,0.2,0.0,0.0,3.5,77.6,459.1,8.7,1412.2,57
41.7,24958.0,1826.0,5823.0,42.7,10.0,4.0,18.0,1,rural,7,5,0.2,0.0,0.0,3.5,77.6,459.1,8.7,1412.2,57
53.0,24958.0,1826.0,5823.0,57.3,10.0,4.0,23.0,1,rural,7,5,0.1,0.0,0.0,3.5,77.6,459.1,8.7,1412.2,57
32.0,39457.0,2294.0,3278.0,52.0,9.0,4.0,9.0,1,urban,7,3,0.2,0.0,0.0,4.0,77.6,459.1,8.7,1412.2,54
34.0,39457.0,2294.0,3278.0,67.0,9.0,4.0,9.0,1,urban,7,3,0.2,0.0,0.0,4.0,77.6,459.1,8.7,1412.2,54
49.0,39457.0,2294.0,3278.0,57.0,9.0,4.0,9.0,1,urban,7,3,0.2,0.0,0.0,4.0,77.6,459.1,8.7,1412.2,54
44.0,39457.0,2294.0,3278.0,57.0,9.0,4.0,9.0,1,urban,7,3,0.2,0.0,0.0,4.0,77.6,459.1,8.7,1412.2,54
49.0,39457.0,2294.0,3278.0,55.0,9.0,4.0,9.0,1,urban,7,3,0.3,0.0,0.0,4.0,77.6,459.1,8.7,1412.2,54
44.0,39457.0,2294.0,3278.0,55.0,9.0,4.0,9.0,1,urban,7,3,0.3,0.0,0.0,4.0,77.6,459.1,8.7,1412.2,54
114.5,21777.0,2388.0,2030.0,122.0,11.0,0.0,8.0,1,small urban,3,2,0.0,0.0,0.0,11.0,77.6,459.1,8.7,1412.2,28
94.0,23802.0,1245.0,2559.0,100.7,11.0,0.0,8.0,1,rural,3,2,0.0,0.0,0.0,11.0,77.6,459.1,8.7,1412.2,28
130.0,23802.0,1245.0,2559.0,132.3,11.0,0.0,8.0,1,rural,3,2,0.0,0.0,0.0,11.0,77.6,459.1,8.7,1412.2,28
83.0,882.0,104.0,9.0,84.0,0.0,9.5,12.0,5,rural,2,2,0.1,20.0,0.0,2.0,77.6,459.1,8.7,1412.2,60
76.7,4644.0,278.0,188.0,78.7,0.0,6.0,19.0,4,rural,2,5,0.2,6.7,0.0,2.0,77.6,459.1,8.7,1412.2,57
160.0,424.0,8.0,9.0,173.0,0.0,6.0,3.0,5,urban,2,2,0.0,1.0,0.0,1.5,77.6,459.1,8.7,1412.2,101
135.0,1446.0,33.0,10.0,143.0,0.0,9.0,16.0,5,rural,2,5,0.0,1.0,0.0,1.5,77.6,459.1,8.7,1412.2,48
109.0,788.0,18.0,6.0,111.0,0.0,6.0,4.0,5,urban,2,2,0.0,0.0,0.0,2.0,77.6,459.1,8.7,1412.2,75
132.0,570.0,28.0,1.0,147.0,0.0,6.0,8.0,5,small urban,2,2,0.0,6.0,0.0,2.0,77.6,459.1,8.7,1412.2,86
119.0,570.0,28.0,1.0,121.5,0.0,7.5,4.0,5,small urban,2,2,0.0,9.0,0.0,1.5,77.6,459.1,8.7,1412.2,69
85.0,17286.0,324.0,22.0,98.0,0.0,4.0,8.0,4,urban,2,2,0.1,1.0,0.0,2.0,77.6,459.1,8.7,1412.2,78
55.0,12587.0,428.0,9.0,58.0,0.0,10.0,5.0,5,urban,2,2,0.0,0.0,0.0,1.5,77.6,459.1,8.7,1412.2,50
73.0,1932.0,70.0,181.0,79.0,0.0,4.0,8.0,3,rural,2,5,0.1,0.0,0.0,2.5,77.6,459.1,8.7,1412.2,38
77.0,24174.0,2318.0,796.0,149.0,10.0,2.0,16.0,2,urban,7,5,0.2,4.0,0.0,2.0,76.5,209.7,11.6,1454.3,54
106.0,24174.0,2318.0,796.0,170.0,10.0,2.0,16.0,2,urban,7,5,0.2,8.0,0.0,2.0,76.5,209.7,11.6,1454.3,54
114.3,6331.0,533.0,161.0,121.3,0.0,8.0,10.0,4,rural,2,2,0.2,2.7,0.0,1.5,76.5,209.7,11.6,1454.3,65
98.0,37755.0,2703.0,804.0,106.5,9.0,4.0,9.0,2,urban,7,3,0.1,0.0,0.0,4.0,76.5,209.7,11.6,1454.3,54
127.0,19681.0,585.0,202.0,177.0,0.0,4.0,15.0,4,urban,2,5,0.1,0.0,0.0,13.0,76.5,209.7,11.6,1454.3,20
109.0,10590.0,910.0,38.0,171.0,0.0,8.0,10.0,4,rural,2,2,0.2,23.0,0.0,1.5,76.5,209.7,11.6,1454.3,63
84.0,5601.0,369.0,40.0,138.0,0.0,7.0,3.0,5,urban,2,2,0.2,2.0,0.0,1.5,76.5,209.7,11.6,1454.3,95
104.7,11604.0,893.0,267.0,105.7,7.0,4.0,7.0,4,urban,7,3,0.2,11.3,0.0,1.5,76.5,209.7,11.6,1454.3,97
92.0,18536.0,744.0,132.0,184.0,9.0,4.5,9.0,4,urban,7,3,0.1,2.0,0.0,3.0,76.5,209.7,11.6,1454.3,74
92.0,18536.0,744.0,132.0,93.0,9.0,4.5,9.0,4,urban,7,3,0.1,0.0,0.0,3.0,76.5,209.7,11.6,1454.3,74
197.0,2872.0,127.0,12.0,221.0,0.0,5.5,10.0,5,urban,2,2,0.2,2.0,0.0,1.5,76.5,209.7,11.6,1454.3,68
57.7,1659.0,86.0,69.0,95.0,0.0,13.5,6.0,4,rural,2,2,0.2,0.0,0.0,2.5,78.2,418.6,9.2,1374.7,93
32.5,24373.0,1862.0,8020.0,191.0,13.0,4.5,21.0,1,rural,7,5,0.3,1.5,0.0,3.5,78.2,418.6,9.2,1374.7,38
36.0,24373.0,1862.0,8020.0,72.7,13.0,4.5,21.0,1,rural,7,5,0.2,1.7,0.0,3.5,78.2,418.6,9.2,1374.7,38
36.3,24373.0,1862.0,8020.0,43.2,13.0,4.5,21.0,1,rural,7,5,0.2,0.0,0.0,3.5,78.2,418.6,9.2,1374.7,38
35.8,24373.0,1862.0,8020.0,96.5,13.0,4.5,21.0,1,rural,7,5,0.2,5.2,0.0,3.5,78.2,418.6,9.2,1374.7,38
41.0,24373.0,1862.0,8020.0,92.2,13.0,4.5,21.0,1,rural,7,5,0.2,0.0,0.0,3.5,78.2,418.6,9.2,1374.7,38
33.5,24373.0,1862.0,8020.0,43.5,13.0,4.5,21.0,1,rural,7,5,0.1,0.0,0.0,3.5,78.2,418.6,9.2,1374.7,38
43.5,24373.0,1862.0,8020.0,45.0,13.0,9.0,21.0,1,rural,7,5,0.1,0.0,0.0,5.0,78.2,418.6,9.2,1374.7,40
38.0,24373.0,1862.0,8020.0,40.5,13.0,9.0,21.0,1,rural,7,5,0.1,0.0,0.0,5.0,78.2,418.6,9.2,1374.7,40
55.0,24373.0,1862.0,8020.0,62.0,13.0,9.0,21.0,1,rural,7,5,0.1,0.0,0.0,5.0,78.2,418.6,9.2,1374.7,40
56.5,25201.0,1073.0,10084.0,60.5,13.0,9.0,21.0,1,rural,7,5,0.1,0.0,0.0,5.0,78.2,418.6,9.2,1374.7,40
34.0,25201.0,1073.0,10084.0,37.0,13.0,8.5,21.0,1,rural,7,5,0.1,0.0,0.0,5.0,78.2,418.6,9.2,1374.7,38
32.0,25201.0,1073.0,10084.0,36.0,13.0,8.5,21.0,1,rural,7,5,0.1,0.0,0.0,5.0,78.2,418.6,9.2,1374.7,38
39.0,25201.0,1073.0,10084.0,42.0,13.0,8.5,21.0,1,rural,7,3,0.1,0.0,0.0,5.0,78.2,418.6,9.2,1374.7,27
57.0,25201.0,1073.0,10084.0,58.0,13.0,8.5,21.0,1,rural,7,3,0.1,0.0,0.0,5.0,78.2,418.6,9.2,1374.7,27
31.0,27640.0,1371.0,9106.0,34.0,13.0,8.5,21.0,1,rural,7,3,0.1,0.0,0.0,5.0,78.2,418.6,9.2,1374.7,27
63.0,22402.0,812.0,12048.0,64.0,10.0,4.5,28.0,1,rural,7,5,0.1,0.0,0.0,4.5,78.0,463.2,8.7,1363.9,58
55.2,22402.0,812.0,12048.0,56.8,20.0,8.0,21.0,1,rural,7,5,0.1,0.0,0.0,4.5,78.0,463.2,8.7,1363.9,58
53.8,22402.0,812.0,12048.0,66.2,10.0,4.5,28.0,1,rural,7,5,0.1,0.0,0.0,4.5,78.0,463.2,8.7,1363.9,58
68.5,22402.0,812.0,12048.0,73.0,10.0,4.5,28.0,1,rural,7,5,0.1,0.0,0.0,4.5,78.0,463.2,8.7,1363.9,58
39.0,24489.0,1130.0,12580.0,40.0,10.0,4.5,34.0,1,rural,7,5,0.1,0.0,0.0,4.5,78.0,463.2,8.7,1363.9,58
40.0,24489.0,1130.0,12580.0,41.0,10.0,4.5,34.0,1,rural,7,5,0.1,0.0,0.0,4.5,78.0,463.2,8.7,1363.9,58
50.0,24489.0,1130.0,12580.0,51.0,10.0,4.5,34.0,1,rural,7,5,0.1,0.0,0.0,4.5,78.0,463.2,8.7,1363.9,58
67.0,24489.0,1130.0,12580.0,68.0,20.0,4.5,21.0,1,rural,7,5,0.1,0.0,0.0,4.5,78.0,463.2,8.7,1363.9,58
40.0,24489.0,1130.0,12580.0,41.0,10.0,4.5,34.0,1,rural,7,5,0.1,0.0,0.0,4.5,78.0,463.2,8.7,1363.9,58
48.0,24489.0,1130.0,12580.0,49.0,10.0,4.5,34.0,1,rural,7,5,0.1,0.0,0.0,4.5,78.0,463.2,8.7,1363.9,58
60.0,24489.0,1130.0,12580.0,61.0,10.0,4.5,34.0,1,rural,7,5,0.1,0.0,0.0,4.5,78.0,463.2,8.7,1363.9,58
54.0,26441.0,945.0,9643.0,55.0,13.0,4.5,21.0,1,rural,7,5,0.1,0.0,0.0,4.5,78.0,463.2,8.7,1363.9,36
57.0,26441.0,945.0,9643.0,59.0,10.0,4.5,28.0,1,rural,7,5,0.2,0.0,0.0,4.5,78.0,463.2,8.7,1363.9,58
104.5,26441.0,945.0,9643.0,105.5,10.0,4.5,28.0,1,rural,7,5,0.2,0.0,0.0,4.5,78.0,463.2,8.7,1363.9,58
79.2,26441.0,945.0,9643.0,80.0,10.0,4.5,28.0,1,rural,7,5,0.1,0.0,0.0,4.5,78.0,463.2,8.7,1363.9,58
72.5,26441.0,945.0,9643.0,87.3,10.0,4.5,28.0,1,rural,7,5,0.2,0.0,0.0,4.5,78.0,463.2,8.7,1363.9,58
70.5,26441.0,945.0,9643.0,72.0,10.0,4.5,28.0,1,rural,7,5,0.1,0.0,0.0,4.5,78.0,463.2,8.7,1363.9,58
69.0,26441.0,945.0,9643.0,71.3,20.0,4.5,21.0,1,rural,7,5,0.2,0.0,0.0,4.5,78.0,463.2,8.7,1363.9,58
61.7,28958.0,1631.0,8794.0,62.3,10.0,4.0,21.0,1,rural,7,5,0.1,0.0,0.0,2.0,78.0,463.2,8.7,1363.9,58
51.0,28958.0,1631.0,8794.0,53.5,10.0,4.0,21.0,1,rural,7,5,0.1,0.0,0.0,2.0,78.0,463.2,8.7,1363.9,58
43.0,22106.0,627.0,8882.0,46.3,10.0,4.0,21.0,1,rural,7,5,0.1,0.0,0.0,2.0,78.0,463.2,8.7,1363.9,58
50.3,22106.0,627.0,8882.0,52.3,10.0,4.0,21.0,1,rural,7,5,0.1,0.0,0.0,2.0,78.0,463.2,8.7,1363.9,58
39.3,22106.0,627.0,8882.0,43.3,10.0,4.0,21.0,1,rural,7,5,0.2,0.0,0.0,2.0,78.0,463.2,8.7,1363.9,58
50.0,22106.0,627.0,8882.0,52.0,10.0,4.0,21.0,1,rural,7,5,0.2,0.0,0.0,2.0,78.0,463.2,8.7,1363.9,58
50.0,22106.0,627.0,8882.0,51.5,10.0,4.0,21.0,1,rural,7,5,0.1,0.0,0.0,2.0,78.0,463.2,8.7,1363.9,58
42.0,22106.0,627.0,8882.0,59.7,10.0,4.0,21.0,1,rural,7,5,0.1,1.0,0.0,2.0,78.0,463.2,8.7,1363.9,58
50.2,22106.0,627.0,8882.0,50.8,10.0,5.0,20.0,1,rural,7,5,0.2,0.0,0.0,2.0,78.0,463.2,8.7,1363.9,58
53.7,22106.0,627.0,8882.0,54.3,10.0,5.0,21.0,1,rural,7,5,0.1,0.0,0.0,2.0,78.0,463.2,8.7,1363.9,58
69.0,20696.0,566.0,9369.0,72.0,10.0,5.0,21.0,1,rural,7,5,0.1,0.0,0.0,1.5,78.0,463.2,8.7,1363.9,58
61.0,20696.0,566.0,9369.0,72.0,10.0,5.0,21.0,1,rural,7,5,0.1,0.0,0.0,1.5,78.0,463.2,8.7,1363.9,58
48.0,20696.0,566.0,9369.0,50.8,10.0,5.0,21.0,1,rural,7,5,0.1,0.0,0.0,2.0,78.0,463.2,8.7,1363.9,57
47.5,20696.0,566.0,9369.0,54.8,10.0,5.0,21.0,1,rural,7,5,0.1,0.0,0.0,2.0,78.0,463.2,8.7,1363.9,57
59.0,7824.0,276.0,378.0,64.0,7.5,12.5,8.0,3,rural,7,3,0.2,4.0,0.0,2.5,78.0,463.2,8.7,1363.9,100
129.6,1463.0,13.0,4.0,131.0,0.0,11.5,8.0,5,small urban,2,2,0.0,0.0,0.0,2.0,78.0,463.2,8.7,1363.9,115
33.0,24958.0,1826.0,5823.0,34.0,10.0,4.0,26.0,1,rural,7,5,0.1,0.0,0.0,2.0,77.3,415.3,9.1,1356.6,56
34.0,24958.0,1826.0,5823.0,35.0,10.0,4.0,26.0,1,rural,7,5,0.1,0.0,0.0,2.0,77.3,415.3,9.1,1356.6,56
37.5,24958.0,1826.0,5823.0,42.3,10.0,4.0,26.0,1,rural,7,5,0.1,0.0,0.0,2.0,77.3,415.3,9.1,1356.6,56
55.0,24958.0,1826.0,5823.0,57.0,10.0,4.0,26.0,1,rural,7,5,0.1,0.0,0.0,2.0,77.3,415.3,9.1,1356.6,56
49.0,22419.0,1570.0,10686.0,51.5,10.0,4.0,26.0,1,rural,7,5,0.1,0.0,0.0,2.0,77.3,415.3,9.1,1356.6,56
38.7,22419.0,1570.0,10686.0,40.0,10.0,4.0,26.0,1,rural,7,5,0.1,0.0,0.0,2.0,77.3,415.3,9.1,1356.6,56
36.5,22419.0,1570.0,10686.0,38.5,10.0,4.0,26.0,1,rural,7,5,0.1,0.0,0.0,2.0,77.3,415.3,9.1,1356.6,56
32.0,23261.0,1353.0,14574.0,37.0,10.0,4.0,25.0,1,rural,7,5,0.1,0.0,0.0,2.0,77.3,415.3,9.1,1356.6,56
31.0,23261.0,1353.0,14574.0,41.0,10.0,4.0,25.0,1,rural,7,5,0.1,0.0,0.0,2.0,77.3,415.3,9.1,1356.6,56
32.0,23261.0,1353.0,14574.0,45.0,10.0,4.0,25.0,1,rural,7,5,0.1,0.0,0.0,2.0,77.3,415.3,9.1,1356.6,56
48.0,23261.0,1353.0,14574.0,49.0,12.0,4.5,24.0,1,rural,7,5,0.1,0.0,0.0,4.5,77.3,415.3,9.1,1356.6,33
40.0,23261.0,1353.0,14574.0,42.0,12.0,4.5,26.0,1,rural,7,5,0.1,0.0,0.0,4.5,77.3,415.3,9.1,1356.6,33
35.5,23261.0,1353.0,14574.0,37.0,12.0,4.5,26.0,1,rural,7,5,0.1,0.0,0.0,4.5,77.3,415.3,9.1,1356.6,32
38.0,23261.0,1353.0,14574.0,69.0,12.0,5.0,26.0,1,rural,7,5,0.1,0.0,0.0,4.5,77.3,415.3,9.1,1356.6,32
158.0,616.0,23.0,51.0,160.2,0.0,5.5,6.0,4,rural,2,2,0.2,0.0,0.0,1.5,77.3,415.3,9.1,1356.6,97
125.5,438.0,30.0,10.0,127.7,0.0,6.5,6.0,4,rural,2,2,0.0,0.0,0.0,2.0,77.3,415.3,9.1,1356.6,95
66.7,6937.0,518.0,731.0,81.7,0.0,12.0,28.0,3,rural,2,5,0.2,0.0,0.0,2.5,77.3,415.3,9.1,1356.6,56
42.0,17517.0,1005.0,1362.0,43.5,9.0,4.5,23.0,2,rural,7,5,0.2,0.0,0.0,4.5,77.3,415.3,9.1,1356.6,47
63.5,37103.0,3066.0,9679.0,64.0,13.0,5.0,18.0,1,urban,7,5,0.2,1.0,0.0,5.0,77.7,393.9,9.3,1382.1,59
69.0,37103.0,3066.0,9679.0,71.0,10.0,7.0,18.0,1,urban,7,5,0.2,0.0,0.0,5.0,77.7,393.9,9.3,1382.1,59
52.0,37103.0,3066.0,9679.0,60.0,10.0,7.0,18.0,1,urban,7,5,0.2,0.0,0.0,5.0,77.7,393.9,9.3,1382.1,59
70.0,37103.0,3066.0,9679.0,73.0,10.0,7.0,18.0,1,urban,7,5,0.1,0.0,0.0,5.0,77.7,393.9,9.3,1382.1,60
72.0,37103.0,3066.0,9679.0,74.0,10.0,4.0,18.0,1,urban,7,3,0.1,0.0,0.0,5.0,77.7,393.9,9.3,1382.1,60
67.0,35343.0,2655.0,9913.0,71.5,10.0,7.0,18.0,1,urban,7,5,0.1,0.0,0.0,5.0,77.7,393.9,9.3,1382.1,60
64.0,35343.0,2655.0,9913.0,67.0,10.0,4.0,18.0,1,urban,7,3,0.2,0.0,0.0,5.0,77.7,393.9,9.3,1382.1,60
62.0,35343.0,2655.0,9913.0,64.0,10.0,4.0,18.0,1,urban,7,3,0.1,0.0,0.0,5.0,77.7,393.9,9.3,1382.1,60
49.0,35343.0,2655.0,9913.0,51.0,10.0,4.0,18.0,1,urban,7,3,0.1,0.0,0.0,5.0,77.7,393.9,9.3,1382.1,60
30.0,37369.0,6724.0,4675.0,68.0,13.0,5.0,29.0,1,rural,7,5,0.1,0.0,0.0,5.0,77.7,393.9,9.3,1382.1,32
31.5,37369.0,6724.0,4675.0,61.0,0.0,5.0,29.0,1,rural,2,5,0.1,0.0,0.0,5.0,77.7,393.9,9.3,1382.1,18
33.0,37369.0,6724.0,4675.0,98.0,0.0,4.0,29.0,1,rural,2,5,0.2,0.0,0.0,21.0,77.7,393.9,9.3,1382.1,18
41.3,37369.0,6724.0,4675.0,60.0,0.0,4.0,29.0,1,rural,2,5,0.2,0.0,0.0,21.0,77.7,393.9,9.3,1382.1,18
34.0,37369.0,6724.0,4675.0,61.0,0.0,4.0,29.0,1,rural,2,5,0.2,0.0,0.0,21.0,77.7,393.9,9.3,1382.1,18
54.0,18087.0,1571.0,4010.0,54.7,10.0,4.0,18.0,1,rural,7,3,0.2,0.7,0.0,2.0,78.1,451.6,8.9,1382.0,57
61.0,18087.0,1571.0,4010.0,67.0,10.0,4.0,18.0,1,rural,7,3,0.2,0.0,0.0,2.0,78.1,451.6,8.9,1382.0,57
43.2,18087.0,1571.0,4010.0,43.8,10.0,4.0,18.0,1,rural,7,3,0.1,0.5,0.0,2.0,78.1,451.6,8.9,1382.0,57
45.0,15299.0,1339.0,3113.0,102.0,10.0,5.0,18.0,1,rural,7,3,0.2,23.0,0.0,1.0,78.1,451.6,8.9,1382.0,56
43.0,15299.0,1339.0,3113.0,48.0,0.0,6.0,36.0,1,rural,2,5,0.1,0.0,0.0,2.0,78.1,451.6,8.9,1382.0,21
38.5,15299.0,1339.0,3113.0,39.5,0.0,6.0,36.0,1,rural,2,5,0.1,0.0,0.0,2.0,78.1,451.6,8.9,1382.0,21
34.0,15299.0,1339.0,3113.0,39.0,0.0,6.0,36.0,1,rural,2,5,0.1,0.0,0.0,2.0,78.1,451.6,8.9,1382.0,21
38.0,19788.0,845.0,2534.0,47.0,10.0,2.5,18.0,1,rural,7,3,0.1,0.0,0.0,2.0,78.1,451.6,8.9,1382.0,56
44.0,19788.0,845.0,2534.0,45.0,10.0,2.5,18.0,1,rural,7,3,0.1,0.0,0.0,2.0,78.1,451.6,8.9,1382.0,56
46.0,19788.0,845.0,2534.0,46.7,10.0,2.5,18.0,1,rural,7,3,0.1,0.0,0.0,2.0,78.1,451.6,8.9,1382.0,56
33.3,19788.0,845.0,2534.0,38.5,10.0,2.5,18.0,1,rural,7,3,0.1,0.0,0.0,2.0,78.1,451.6,8.9,1382.0,56
66.0,19788.0,845.0,2534.0,69.0,10.0,4.5,22.0,1,rural,7,5,0.2,0.0,0.0,2.0,78.1,451.6,8.9,1382.0,56
59.7,19263.0,1461.0,3725.0,60.7,10.0,4.0,22.0,1,rural,7,5,0.2,0.0,0.0,2.0,78.1,451.6,8.9,1382.0,57
50.0,19263.0,1461.0,3725.0,50.3,10.0,4.0,22.0,1,rural,7,5,0.2,4.0,0.0,2.0,78.1,451.6,8.9,1382.0,57
56.0,19263.0,1461.0,3725.0,61.0,10.0,4.0,22.0,1,rural,7,5,0.2,0.5,0.0,2.0,78.1,451.6,8.9,1382.0,57
56.0,19263.0,1461.0,3725.0,57.0,10.0,4.0,22.0,1,rural,7,5,0.2,0.0,0.0,2.0,78.1,451.6,8.9,1382.0,57
32.0,19263.0,1461.0,3725.0,45.0,10.0,4.0,22.0,1,rural,7,5,0.2,0.0,0.0,2.0,78.1,451.6,8.9,1382.0,57
32.0,19263.0,1461.0,3725.0,111.0,10.0,4.0,22.0,1,rural,7,5,0.2,0.0,0.0,2.0,78.1,451.6,8.9,1382.0,57
48.0,19263.0,1461.0,3725.0,51.7,10.0,4.0,22.0,1,rural,7,5,0.2,0.0,0.0,2.0,78.1,451.6,8.9,1382.0,56
53.0,19263.0,1461.0,3725.0,54.0,10.0,4.0,22.0,1,rural,7,5,0.2,0.0,0.0,2.0,78.1,451.6,8.9,1382.0,56
44.5,19263.0,1461.0,3725.0,45.0,10.0,4.0,22.0,1,rural,7,5,0.2,0.0,0.0,2.0,78.1,451.6,8.9,1382.0,56
117.5,12947.0,501.0,1138.0,123.5,9.0,4.5,18.0,3,urban,7,3,0.2,3.0,0.0,2.5,76.2,292.1,10.6,1352.2,84
45.0,14111.0,314.0,109.0,108.0,9.0,8.5,9.0,3,urban,7,3,0.2,3.0,0.0,2.5,76.2,292.1,10.6,1352.2,85
138.0,47808.0,1135.0,2276.0,139.5,11.0,0.0,8.0,2,urban,3,2,0.0,0.0,0.0,11.0,76.2,292.1,10.6,1352.2,29
52.0,12328.0,736.0,620.0,61.0,9.0,7.0,9.0,4,rural,7,3,0.1,0.0,0.0,3.5,76.2,292.1,10.6,1352.2,83
51.7,41938.0,1602.0,12130.0,52.0,10.0,5.0,16.0,1,small urban,7,3,0.2,0.0,0.0,4.0,76.2,292.1,10.6,1352.2,63
53.0,41938.0,1602.0,12130.0,54.0,10.0,5.0,16.0,1,small urban,7,3,0.2,0.0,0.0,4.0,76.2,292.1,10.6,1352.2,63
46.0,41938.0,1602.0,12130.0,48.0,10.0,5.0,16.0,1,small urban,7,3,0.2,0.0,0.0,4.0,76.2,292.1,10.6,1352.2,63
62.5,45509.0,2777.0,13548.0,63.0,10.0,5.0,16.0,1,small urban,7,3,0.2,0.0,0.0,4.0,76.2,292.1,10.6,1352.2,63
71.0,45509.0,2777.0,13548.0,72.0,10.0,5.0,16.0,1,rural,7,3,0.2,0.0,0.0,4.0,76.2,292.1,10.6,1352.2,63
84.0,45509.0,2777.0,13548.0,85.0,10.0,5.0,16.0,1,rural,7,3,0.2,0.0,0.0,4.0,76.2,292.1,10.6,1352.2,63
57.0,45509.0,2777.0,13548.0,58.5,10.0,5.0,16.0,1,rural,7,3,0.2,0.0,0.0,4.0,76.2,292.1,10.6,1352.2,63
72.5,45509.0,2777.0,13548.0,74.5,10.0,5.0,16.0,1,rural,7,3,0.2,0.0,0.0,4.0,76.2,292.1,10.6,1352.2,63
53.0,46367.0,2326.0,14762.0,56.0,10.0,6.0,16.0,1,rural,7,3,0.1,0.0,0.0,5.5,76.2,292.1,10.6,1352.2,63
61.0,46367.0,2326.0,14762.0,63.0,10.0,6.0,16.0,1,rural,7,5,0.1,0.0,0.0,5.5,76.2,292.1,10.6,1352.2,63
92.0,46367.0,2326.0,14762.0,128.0,10.0,6.0,16.0,1,rural,7,5,0.2,0.0,0.0,5.5,76.2,292.1,10.6,1352.2,63
91.5,57038.0,3365.0,16856.0,95.0,10.0,4.5,18.0,1,urban,7,5,0.2,0.0,0.0,4.0,76.2,292.1,10.6,1352.2,63
115.0,63093.0,3521.0,16637.0,137.0,10.0,4.5,18.0,1,urban,7,5,0.1,1.0,0.0,4.0,76.2,292.1,10.6,1352.2,63
106.5,63093.0,3521.0,16637.0,137.0,10.0,4.5,18.0,1,urban,7,5,0.1,1.0,0.0,4.0,76.2,292.1,10.6,1352.2,63
114.5,63093.0,3521.0,16637.0,115.0,10.0,4.5,18.0,1,urban,7,5,0.2,0.0,0.0,4.0,76.2,292.1,10.6,1352.2,63
70.0,68461.0,4589.0,16620.0,71.5,13.0,0.0,12.0,1,urban,3,2,0.0,0.0,0.0,13.0,76.2,292.1,10.6,1352.2,31
65.0,68461.0,4589.0,16620.0,71.5,13.0,0.0,12.0,1,urban,3,2,0.0,0.0,0.0,13.0,76.2,292.1,10.6,1352.2,31
70.3,66330.0,2725.0,13285.0,75.3,13.0,0.0,30.0,1,urban,3,2,0.0,0.0,0.0,13.0,76.2,292.1,10.6,1352.2,32
74.0,66330.0,2725.0,13285.0,75.0,13.0,0.0,40.0,1,urban,3,2,0.0,0.0,0.0,13.0,76.2,292.1,10.6,1352.2,32
61.0,66330.0,2725.0,13285.0,75.0,13.0,0.0,40.0,1,urban,3,2,0.0,0.0,0.0,13.0,76.2,292.1,10.6,1352.2,32
61.0,66330.0,2725.0,13285.0,74.0,13.0,0.0,40.0,1,urban,3,2,0.0,0.0,0.0,13.0,76.2,292.1,10.6,1352.2,32
71.0,65144.0,1655.0,16665.0,74.5,13.0,0.0,22.0,1,urban,3,2,0.0,0.0,0.0,13.0,76.2,292.1,10.6,1352.2,32
57.5,65144.0,1655.0,16665.0,82.5,9.0,6.0,18.0,1,urban,7,3,0.1,0.0,0.0,2.0,76.2,292.1,10.6,1352.2,56
39.3,73040.0,2691.0,15020.0,53.0,9.0,6.0,18.0,1,urban,7,3,0.0,0.0,0.0,2.0,76.2,292.1,10.6,1352.2,56
35.0,73040.0,2691.0,15020.0,85.0,9.0,4.5,18.0,1,urban,7,3,0.0,0.0,0.0,2.0,76.2,292.1,10.6,1352.2,56
37.7,73040.0,2691.0,15020.0,85.0,9.0,4.5,17.0,1,urban,7,3,0.0,0.0,0.0,2.0,76.2,292.1,10.6,1352.2,56
57.5,74334.0,10095.0,7003.0,59.0,9.0,4.5,18.0,1,urban,7,3,0.1,0.5,0.0,2.0,76.2,292.1,10.6,1352.2,56
54.0,74334.0,10095.0,7003.0,60.0,9.0,4.5,18.0,1,urban,7,3,0.2,0.0,0.0,2.0,76.2,292.1,10.6,1352.2,56
119.0,53383.0,1958.0,4075.0,175.0,12.0,0.0,10.0,2,urban,3,2,0.0,0.0,0.0,12.0,76.2,292.1,10.6,1352.2,29
100.0,13524.0,443.0,774.0,104.3,0.0,6.5,15.0,5,urban,2,2,0.2,0.0,0.0,2.5,76.2,292.1,10.6,1352.2,62
166.0,548.0,11.0,6.0,187.0,0.0,9.5,3.0,5,urban,2,2,0.2,12.0,0.0,3.5,76.2,292.1,10.6,1352.2,93
77.5,38212.0,2436.0,5704.0,79.5,13.0,0.0,8.0,2,rural,3,2,0.0,0.0,0.0,13.0,76.2,296.0,10.5,1308.9,25
94.0,38212.0,2436.0,5704.0,95.0,13.0,0.0,8.0,2,urban,3,2,0.0,0.0,0.0,13.0,76.2,296.0,10.5,1308.9,25
44.0,77311.0,2441.0,19581.0,145.5,14.0,0.0,8.0,1,urban,3,2,0.0,0.0,0.0,14.0,76.2,296.0,10.5,1308.9,30
63.0,77311.0,2441.0,19581.0,145.5,14.0,0.0,8.0,1,urban,3,2,0.0,0.0,0.0,14.0,76.2,296.0,10.5,1308.9,30
36.0,77311.0,2441.0,19581.0,50.0,14.0,0.0,33.0,1,urban,3,2,0.0,0.0,0.0,14.0,76.2,296.0,10.5,1308.9,30
38.5,77311.0,2441.0,19581.0,84.0,14.0,0.0,8.0,1,urban,3,2,0.0,0.0,0.0,14.0,76.2,296.0,10.5,1308.9,30
42.5,61439.0,1941.0,15459.0,47.0,14.0,0.0,8.0,1,urban,3,2,0.0,0.0,0.0,14.0,76.2,296.0,10.5,1308.9,30
46.0,61439.0,1941.0,15459.0,53.0,14.0,0.0,33.0,1,urban,3,2,0.0,0.0,0.0,14.0,76.2,296.0,10.5,1308.9,30
52.0,61439.0,1941.0,15459.0,53.0,14.0,0.0,33.0,1,urban,3,2,0.0,0.0,0.0,14.0,76.2,296.0,10.5,1308.9,30
58.0,61439.0,1941.0,15459.0,70.0,14.0,0.0,33.0,1,urban,3,2,0.0,0.0,0.0,14.0,76.2,296.0,10.5,1308.9,30
41.0,61439.0,1941.0,15459.0,60.0,14.0,0.0,33.0,1,urban,3,2,0.0,0.0,0.0,14.0,76.2,296.0,10.5,1308.9,30
72.0,59702.0,3641.0,19261.0,73.0,14.0,0.0,8.0,1,urban,3,2,0.0,0.0,0.0,14.0,76.2,296.0,10.5,1308.9,30
35.0,59702.0,3641.0,19261.0,39.0,14.0,0.0,8.0,1,urban,3,2,0.0,0.0,0.0,14.0,76.2,296.0,10.5,1308.9,30
51.0,59702.0,3641.0,19261.0,57.0,14.0,0.0,35.0,1,urban,3,2,0.0,0.0,0.0,14.0,76.2,296.0,10.5,1308.9,30
51.0,59702.0,3641.0,19261.0,54.0,14.0,0.0,35.0,1,urban,3,2,0.0,0.0,0.0,14.0,76.2,296.0,10.5,1308.9,30
62.0,105363.0,5534.0,6739.0,62.5,10.0,1.0,18.0,1,urban,7,3,0.2,0.0,0.0,3.0,76.2,296.0,10.5,1308.9,64
104.5,189163.0,4863.0,6395.0,109.5,10.0,5.5,18.0,1,urban,7,3,0.2,0.0,0.0,3.5,76.5,209.7,11.6,1454.3,57
183.0,16964.0,616.0,63.0,220.0,8.0,3.5,8.0,3,urban,7,3,0.2,2.0,0.0,1.5,76.5,209.7,11.6,1454.3,98
84.0,81348.0,3233.0,4371.0,197.0,0.0,4.0,16.0,1,urban,2,5,0.0,0.0,0.0,1.5,76.5,209.7,11.6,1454.3,34
56.0,100356.0,4208.0,4185.0,63.0,0.0,4.0,16.0,1,urban,2,5,0.2,0.0,0.0,1.5,76.5,209.7,11.6,1454.3,34
58.0,83708.0,5440.0,4394.0,71.0,0.0,3.5,17.0,1,urban,2,5,0.2,0.0,0.0,1.5,76.5,209.7,11.6,1454.3,34
59.0,83708.0,5440.0,4394.0,70.0,0.0,3.5,17.0,1,urban,2,5,0.2,4.0,0.0,1.5,76.5,209.7,11.6,1454.3,34
65.0,83708.0,5440.0,4394.0,70.0,0.0,3.5,17.0,1,urban,2,5,0.1,2.0,0.0,1.5,76.5,209.7,11.6,1454.3,34
55.0,109800.0,6387.0,5281.0,56.0,0.0,3.5,17.0,1,urban,2,5,0.1,0.0,0.0,1.5,76.5,209.7,11.6,1454.3,34
49.0,109800.0,6387.0,5281.0,52.0,0.0,3.5,17.0,1,urban,2,5,0.0,0.0,0.0,1.5,76.5,209.7,11.6,1454.3,34
39.0,121434.0,5192.0,6554.0,45.0,0.0,6.5,18.0,1,urban,2,5,0.1,0.0,0.0,2.0,76.5,209.7,11.6,1454.3,34
212.0,15789.0,300.0,16.0,263.0,0.0,9.0,4.0,5,urban,2,2,0.1,0.0,0.0,1.5,76.5,209.7,11.6,1454.3,95
187.0,18595.0,645.0,99.0,200.0,0.0,8.0,10.0,5,urban,2,2,0.0,5.0,0.0,1.5,76.5,209.7,11.6,1454.3,60
193.0,822.0,4.0,1.0,273.0,0.0,4.5,6.0,5,urban,2,2,0.0,0.0,0.0,1.5,76.5,209.7,11.6,1454.3,53
99.5,5683.0,117.0,246.0,111.5,0.0,2.0,6.0,4,small urban,2,2,0.0,0.0,0.0,2.0,78.8,540.5,8.0,1406.2,94
112.3,3428.0,75.0,11.0,116.7,0.0,8.5,8.0,5,small urban,2,2,0.2,5.0,0.0,7.0,78.8,540.5,8.0,1406.2,76
64.0,13645.0,219.0,54.0,67.0,10.0,10.0,10.0,4,urban,7,3,0.2,2.7,0.0,2.0,78.1,387.4,9.0,1321.0,125
90.5,13283.0,317.0,81.0,91.5,9.0,8.0,9.0,3,urban,7,3,0.3,0.5,0.0,2.0,78.1,387.4,9.0,1321.0,84
47.0,14199.0,511.0,146.0,83.0,9.0,2.0,14.0,4,urban,7,3,0.1,0.0,0.0,2.0,78.1,387.4,9.0,1321.0,125
133.3,16982.0,355.0,80.0,196.7,9.0,2.0,23.0,3,urban,7,3,0.4,12.7,0.0,2.0,78.1,387.4,9.0,1321.0,125
88.5,12529.0,329.0,47.0,118.0,5.0,5.5,5.0,3,urban,7,3,0.2,4.0,0.0,2.0,78.1,387.4,9.0,1321.0,125
153.0,12022.0,249.0,19.0,378.0,0.0,6.0,4.0,3,urban,2,2,0.3,12.7,0.0,2.0,78.1,387.4,9.0,1321.0,125
134.5,13977.0,621.0,78.0,143.0,6.0,8.5,12.0,4,urban,7,5,0.2,5.0,0.0,2.0,78.1,387.4,9.0,1321.0,125
49.0,19263.0,1461.0,3725.0,53.0,10.0,3.5,18.0,1,rural,7,3,0.2,0.0,0.0,3.5,78.1,387.4,9.0,1321.0,57
43.5,19263.0,1461.0,3725.0,66.5,10.0,3.5,18.0,1,rural,7,3,0.2,0.0,0.0,3.5,78.1,387.4,9.0,1321.0,26
36.0,25434.0,1119.0,950.0,63.0,0.0,5.0,38.0,1,urban,2,5,0.3,32.0,0.0,2.5,78.1,387.4,9.0,1321.0,23
50.0,25434.0,1119.0,950.0,51.5,0.0,5.0,33.0,1,urban,2,5,0.2,4.5,0.0,2.5,78.1,387.4,9.0,1321.0,23
34.0,32385.0,1477.0,1005.0,49.7,0.0,5.0,33.0,1,urban,2,5,0.3,21.7,0.0,2.5,78.1,387.4,9.0,1321.0,23
35.0,32385.0,1477.0,1005.0,54.0,0.0,5.0,33.0,1,urban,2,5,0.3,27.5,0.0,2.5,78.1,387.4,9.0,1321.0,23
36.0,32385.0,1477.0,1005.0,44.0,0.0,5.0,33.0,1,urban,2,5,0.2,30.0,0.0,2.5,78.1,387.4,9.0,1321.0,23
40.0,21512.0,885.0,738.0,54.0,10.0,6.5,38.0,1,urban,7,5,0.3,28.0,0.0,4.5,78.1,387.4,9.0,1321.0,40
40.0,21512.0,885.0,738.0,78.0,10.0,6.5,38.0,1,urban,7,5,0.2,5.0,0.0,4.5,78.1,387.4,9.0,1321.0,40
39.0,9763.0,702.0,1093.0,49.0,11.0,3.5,19.0,1,rural,7,5,0.2,0.0,0.0,3.5,78.1,387.4,9.0,1321.0,39
34.3,9763.0,702.0,1093.0,48.0,11.0,3.5,19.0,1,rural,7,5,0.2,0.0,0.0,3.5,78.1,387.4,9.0,1321.0,39
39.5,9763.0,702.0,1093.0,57.0,11.0,3.5,19.0,1,rural,7,5,0.2,0.0,0.0,3.5,78.1,387.4,9.0,1321.0,39
41.8,9763.0,702.0,1093.0,74.0,11.0,3.5,19.0,1,rural,7,5,0.2,1.0,0.0,3.5,78.1,387.4,9.0,1321.0,39
34.2,9763.0,702.0,1093.0,67.8,11.0,3.5,19.0,1,rural,7,5,0.2,0.0,0.0,3.5,78.1,387.4,9.0,1321.0,39
38.0,9763.0,702.0,1093.0,59.5,11.0,3.5,19.0,1,rural,7,5,0.2,0.0,0.0,3.5,78.1,387.4,9.0,1321.0,39
62.3,9424.0,575.0,1516.0,72.0,11.0,3.5,21.0,1,rural,7,5,0.2,0.0,0.0,3.5,78.1,387.4,9.0,1321.0,38
62.3,9424.0,575.0,1516.0,85.0,11.0,3.5,21.0,1,rural,7,5,0.2,0.0,0.0,3.5,78.1,387.4,9.0,1321.0,38
34.5,9424.0,575.0,1516.0,76.0,11.0,3.5,21.0,1,rural,7,5,0.2,0.0,0.0,3.5,78.1,387.4,9.0,1321.0,38
44.0,9424.0,575.0,1516.0,48.5,11.0,3.5,21.0,1,rural,7,5,0.2,0.0,0.0,3.5,78.1,387.4,9.0,1321.0,38
40.0,9424.0,575.0,1516.0,52.5,11.0,3.5,21.0,1,rural,7,5,0.2,0.0,0.0,3.5,78.1,387.4,9.0,1321.0,38
59.5,9424.0,575.0,1516.0,63.5,11.0,3.5,21.0,1,rural,7,5,0.2,0.0,0.0,3.5,78.1,387.4,9.0,1321.0,38
37.5,9424.0,575.0,1516.0,50.0,11.0,3.5,21.0,1,rural,7,5,0.2,0.0,0.0,3.5,78.1,387.4,9.0,1321.0,38
46.0,20828.0,5174.0,450.0,58.0,10.0,3.5,25.0,1,rural,7,5,0.2,0.0,0.0,3.5,78.1,387.4,9.0,1321.0,66
47.0,20828.0,5174.0,450.0,50.0,10.0,3.5,25.0,1,rural,7,5,0.2,0.0,0.0,3.5,78.1,387.4,9.0,1321.0,66
45.0,20828.0,5174.0,450.0,48.2,10.0,3.5,25.0,1,rural,7,5,0.2,0.0,0.0,3.5,78.1,387.4,9.0,1321.0,66
41.7,20828.0,5174.0,450.0,43.3,10.0,3.5,25.0,1,rural,7,5,0.2,0.0,0.0,3.5,78.1,387.4,9.0,1321.0,66
39.5,25221.0,1270.0,9034.0,43.0,10.0,3.5,25.0,1,rural,7,5,0.2,0.0,0.0,3.5,78.1,387.4,9.0,1321.0,66
59.3,25221.0,1270.0,9034.0,60.7,10.0,3.5,25.0,1,rural,7,5,0.2,0.0,0.0,3.5,78.1,387.4,9.0,1321.0,66
35.0,25221.0,1270.0,9034.0,38.5,10.0,3.5,25.0,1,rural,7,5,0.2,0.0,0.0,3.5,78.1,387.4,9.0,1321.0,66
62.0,25221.0,1270.0,9034.0,68.0,10.0,3.5,25.0,1,rural,7,5,0.2,0.0,0.0,3.5,78.1,387.4,9.0,1321.0,66
67.0,26074.0,1048.0,6994.0,85.0,10.0,3.5,25.0,1,rural,7,5,0.3,0.0,0.0,3.5,78.1,387.4,9.0,1321.0,66
72.0,26074.0,1048.0,6994.0,75.0,10.0,3.5,25.0,1,rural,7,5,0.2,0.0,0.0,3.5,78.1,387.4,9.0,1321.0,66
54.0,28084.0,1031.0,7639.0,102.0,10.0,3.5,25.0,1,rural,7,5,0.2,0.0,0.0,3.5,78.1,387.4,9.0,1321.0,66
46.0,28084.0,1031.0,7639.0,48.0,10.0,3.5,25.0,1,rural,7,5,0.2,0.0,0.0,3.5,78.1,387.4,9.0,1321.0,66
48.0,28084.0,1031.0,7639.0,84.0,10.0,3.5,25.0,1,rural,7,5,0.2,0.0,0.0,3.5,78.1,387.4,9.0,1321.0,66
40.0,28084.0,1031.0,7639.0,71.0,10.0,3.5,25.0,1,rural,7,5,0.2,0.0,0.0,3.5,78.1,387.4,9.0,1321.0,66
55.0,34294.0,1316.0,7196.0,63.3,10.0,3.5,25.0,1,rural,7,5,0.3,0.0,0.0,3.5,78.1,387.4,9.0,1321.0,66
49.0,34294.0,1316.0,7196.0,112.0,10.0,3.5,25.0,1,rural,7,5,0.4,0.0,0.0,3.5,78.1,387.4,9.0,1321.0,66
44.7,34294.0,1316.0,7196.0,111.0,10.0,3.5,25.0,1,rural,7,5,0.3,0.0,0.0,3.5,78.1,387.4,9.0,1321.0,66
75.7,34294.0,1316.0,7196.0,111.7,10.0,3.5,25.0,1,rural,7,5,0.3,0.0,0.0,3.5,78.1,387.4,9.0,1321.0,66
43.0,34294.0,1316.0,7196.0,83.0,13.0,1.0,49.0,1,rural,7,3,0.2,0.0,0.0,13.0,78.1,387.4,9.0,1321.0,26
68.0,36146.0,1889.0,8894.0,69.0,13.0,1.0,49.0,1,rural,7,3,0.2,0.0,0.0,13.0,78.1,387.4,9.0,1321.0,26
61.7,36146.0,1889.0,8894.0,66.7,13.0,1.0,49.0,1,rural,7,3,0.2,0.0,0.0,13.0,78.1,387.4,9.0,1321.0,26
63.5,36146.0,1889.0,8894.0,71.0,13.0,1.0,23.0,1,rural,7,3,0.3,0.0,0.0,13.0,78.1,387.4,9.0,1321.0,26
59.7,36146.0,1889.0,8894.0,64.3,13.0,1.0,49.0,1,rural,7,3,0.3,0.0,0.0,13.0,78.1,387.4,9.0,1321.0,26
51.5,36146.0,1889.0,8894.0,56.0,13.0,1.0,49.0,1,rural,7,3,0.3,0.0,0.0,13.0,78.1,387.4,9.0,1321.0,26
46.0,36146.0,1889.0,8894.0,51.0,13.0,1.0,23.0,1,rural,7,3,0.2,0.0,0.0,13.0,78.1,387.4,9.0,1321.0,26
57.3,36146.0,1889.0,8894.0,58.3,13.0,1.0,23.0,1,urban,7,3,0.3,0.0,0.0,13.0,78.1,387.4,9.0,1321.0,26
58.0,41016.0,2005.0,7597.0,59.0,13.0,1.0,49.0,1,urban,7,3,0.2,0.0,0.0,13.0,78.1,387.4,9.0,1321.0,26
44.3,41016.0,2005.0,7597.0,49.3,13.0,1.0,23.0,1,urban,7,3,0.3,0.0,0.0,13.0,78.1,387.4,9.0,1321.0,26
59.7,41948.0,1847.0,7879.0,61.0,13.0,4.5,31.0,1,rural,7,3,0.1,0.0,0.0,4.5,78.1,387.4,9.0,1321.0,38
56.0,41948.0,1847.0,7879.0,57.0,13.0,4.5,31.0,1,rural,7,3,0.1,0.0,0.0,4.5,78.1,387.4,9.0,1321.0,38
61.5,39975.0,1732.0,8114.0,135.0,0.0,12.0,9.0,1,rural,2,2,0.2,1.0,0.0,18.0,78.1,387.4,9.0,1321.0,38
53.0,37370.0,1573.0,8586.0,57.5,10.0,2.5,28.0,1,rural,7,5,0.2,0.0,0.0,3.0,78.1,387.4,9.0,1321.0,66
72.0,26627.0,1074.0,7607.0,73.0,10.0,6.5,26.0,1,rural,7,5,0.2,0.0,0.0,3.0,78.1,387.4,9.0,1321.0,66
49.2,26627.0,1074.0,7607.0,57.0,10.0,2.5,28.0,1,rural,7,5,0.2,0.0,0.0,3.0,78.1,387.4,9.0,1321.0,66
62.0,26627.0,1074.0,7607.0,63.8,10.0,2.5,28.0,1,rural,7,5,0.2,0.0,0.0,3.0,78.1,387.4,9.0,1321.0,66
48.0,26627.0,1074.0,7607.0,55.3,10.0,2.5,28.0,1,rural,7,5,0.2,0.0,0.0,3.0,78.1,387.4,9.0,1321.0,66
84.0,22832.0,761.0,6592.0,91.5,10.0,2.5,28.0,1,rural,7,5,0.2,0.0,0.0,3.0,78.1,387.4,9.0,1321.0,66
63.0,22832.0,761.0,6592.0,91.5,10.0,2.5,28.0,1,rural,7,5,0.2,0.0,0.0,3.0,78.1,387.4,9.0,1321.0,66
50.0,22832.0,761.0,6592.0,54.0,10.0,2.5,28.0,1,rural,7,5,0.2,0.0,0.0,3.0,78.1,387.4,9.0,1321.0,66
67.5,22832.0,761.0,6592.0,70.5,10.0,2.5,28.0,1,rural,7,5,0.2,0.0,0.0,3.0,78.1,387.4,9.0,1321.0,66
53.7,22832.0,761.0,6592.0,56.7,10.0,2.5,28.0,1,rural,7,5,0.2,0.0,0.0,3.0,78.1,387.4,9.0,1321.0,66
75.8,22832.0,761.0,6592.0,76.5,10.0,6.5,26.0,1,rural,7,5,0.2,0.0,0.0,3.0,78.1,387.4,9.0,1321.0,66
52.5,20948.0,922.0,7177.0,54.0,10.0,2.5,28.0,1,rural,7,5,0.1,0.0,0.0,3.0,78.1,387.4,9.0,1321.0,66
52.5,20948.0,922.0,7177.0,55.5,10.0,6.5,26.0,1,rural,7,5,0.2,0.0,0.0,3.0,78.1,387.4,9.0,1321.0,66
49.7,20948.0,922.0,7177.0,50.3,10.0,6.5,26.0,1,rural,7,5,0.1,0.0,0.0,3.0,78.1,387.4,9.0,1321.0,66
77.0,6375.0,165.0,26.0,81.5,9.0,6.5,9.0,5,rural,7,3,0.2,2.5,0.0,5.0,78.1,387.4,9.0,1321.0,79
81.0,1879.0,119.0,12.0,84.0,0.0,8.5,10.0,5,rural,2,2,0.2,2.0,0.0,2.5,78.1,387.4,9.0,1321.0,71
135.0,12381.0,239.0,71.0,144.0,0.0,3.5,20.0,4,urban,2,5,0.3,2.0,0.0,13.5,78.1,387.4,9.0,1321.0,67
90.0,3447.0,146.0,87.0,95.0,9.0,6.0,12.0,3,small urban,7,3,0.2,0.0,0.0,5.0,78.1,387.4,9.0,1321.0,125
90.0,15647.0,117.0,898.0,99.0,10.0,0.0,6.0,2,urban,3,2,0.0,0.0,0.0,10.0,77.2,390.2,9.5,1399.2,33
78.5,18623.0,44.0,1073.0,82.0,9.0,4.5,17.0,2,urban,7,5,0.1,0.0,0.0,4.5,77.2,390.2,9.5,1399.2,53
53.0,20402.0,1217.0,583.0,54.5,0.0,4.5,18.0,3,urban,2,2,0.1,0.0,0.0,2.0,77.2,390.2,9.5,1399.2,70
217.0,1121.0,67.0,15.0,237.0,0.0,5.5,6.0,5,rural,2,5,0.2,0.0,0.0,3.5,77.2,390.2,9.5,1399.2,91
257.0,1121.0,67.0,15.0,268.0,0.0,5.5,6.0,5,rural,2,5,0.2,0.0,0.0,3.5,77.2,390.2,9.5,1399.2,91
66.0,2781.0,222.0,57.0,190.0,7.0,5.5,7.0,4,rural,7,3,0.0,3.0,0.0,2.0,77.2,390.2,9.5,1399.2,96
121.7,4703.0,605.0,168.0,146.0,0.0,3.5,16.0,4,urban,2,5,0.1,0.0,0.0,2.0,77.2,390.2,9.5,1399.2,76
117.0,3652.0,29.0,7.0,131.0,0.0,3.5,8.0,5,urban,2,5,0.0,3.0,0.0,2.0,77.2,390.2,9.5,1399.2,59
97.7,1227.0,22.0,40.0,98.7,0.0,6.0,8.0,5,urban,2,5,0.0,1.0,0.0,2.0,77.2,390.2,9.5,1399.2,71
156.0,446.0,10.0,20.0,267.0,0.0,7.0,5.0,5,urban,2,2,0.1,0.0,0.0,3.0,77.2,390.2,9.5,1399.2,66
115.0,6312.0,188.0,2.0,162.0,0.0,4.0,1.0,5,urban,2,2,0.0,0.0,0.0,2.0,77.2,390.2,9.5,1399.2,66
76.0,6743.0,151.0,51.0,104.0,6.0,7.0,10.0,3,urban,7,3,0.1,6.7,0.0,2.0,77.2,390.2,9.5,1399.2,96
75.0,9513.0,312.0,50.0,209.0,0.0,1.5,14.0,5,urban,2,5,0.0,3.0,0.0,2.0,77.2,390.2,9.5,1399.2,68
162.5,2620.0,26.0,105.0,172.0,0.0,5.0,8.0,5,urban,2,2,0.3,3.0,0.0,2.0,77.2,390.2,9.5,1399.2,87
186.0,926.0,53.0,6.0,188.0,0.0,5.0,8.0,5,rural,2,2,0.1,0.0,0.0,2.0,77.2,390.2,9.5,1399.2,66
159.0,225.0,5.0,0.0,164.0,0.0,6.0,4.0,5,rural,2,5,0.0,0.0,0.0,1.0,78.8,496.7,8.4,1374.0,71
55.4,13908.0,266.0,129.0,56.8,0.0,7.5,10.0,3,urban,2,2,0.1,0.0,0.0,3.5,76.2,292.1,10.6,1352.2,72
56.5,50213.0,1630.0,14355.0,64.0,10.0,4.0,16.0,1,urban,7,3,0.2,0.0,0.0,2.0,76.2,292.1,10.6,1352.2,65
77.5,50213.0,1630.0,14355.0,87.0,10.0,4.0,18.0,1,urban,7,5,0.2,0.0,0.0,2.0,76.2,292.1,10.6,1352.2,65
72.0,50213.0,1630.0,14355.0,74.0,10.0,4.0,16.0,1,urban,7,3,0.2,0.0,0.0,2.0,76.2,292.1,10.6,1352.2,65
50.0,42184.0,2329.0,14809.0,57.0,10.0,4.0,16.0,1,urban,7,3,0.1,7.0,0.0,2.0,76.2,292.1,10.6,1352.2,65
46.5,42184.0,2329.0,14809.0,48.0,10.0,4.0,19.0,1,urban,7,5,0.2,0.0,0.0,2.0,76.2,292.1,10.6,1352.2,65
47.0,42184.0,2329.0,14809.0,48.2,10.0,4.0,16.0,1,urban,7,3,0.2,0.0,0.0,2.0,76.2,292.1,10.6,1352.2,63
48.0,42184.0,2329.0,14809.0,55.0,10.0,4.0,16.0,1,urban,7,3,0.2,0.0,0.0,2.0,76.2,292.1,10.6,1352.2,63
44.0,42184.0,2329.0,14809.0,47.0,10.0,4.0,18.0,1,urban,7,5,0.2,0.0,0.0,2.0,76.2,292.1,10.6,1352.2,63
44.5,48394.0,1436.0,13819.0,48.5,10.0,4.0,16.0,1,urban,7,3,0.2,0.0,0.0,2.0,76.2,292.1,10.6,1352.2,63
44.0,48394.0,1436.0,13819.0,47.0,10.0,4.0,16.0,1,rural,7,3,0.2,0.0,0.0,2.0,76.2,292.1,10.6,1352.2,63
49.0,48394.0,1436.0,13819.0,49.5,12.0,4.0,20.0,1,rural,7,3,0.2,0.0,0.0,4.0,76.2,292.1,10.6,1352.2,63
39.0,48394.0,1436.0,13819.0,42.0,10.0,4.0,16.0,1,rural,7,3,0.1,0.0,0.0,4.0,76.2,292.1,10.6,1352.2,63
35.0,48394.0,1436.0,13819.0,37.0,10.0,4.0,16.0,1,urban,7,3,0.1,0.0,0.0,4.0,76.2,292.1,10.6,1352.2,63
37.0,43080.0,1952.0,14652.0,41.0,10.0,4.0,16.0,1,urban,7,3,0.1,0.0,0.0,4.0,76.2,292.1,10.6,1352.2,63
43.0,43080.0,1952.0,14652.0,46.0,10.0,4.0,16.0,1,urban,7,3,0.1,0.0,0.0,4.0,76.2,292.1,10.6,1352.2,63
39.0,43080.0,1952.0,14652.0,41.0,10.0,4.0,16.0,1,urban,7,3,0.1,0.0,0.0,4.0,76.2,292.1,10.6,1352.2,62
32.0,43080.0,1952.0,14652.0,36.0,10.0,4.0,16.0,1,urban,7,3,0.2,0.0,0.0,4.0,76.2,292.1,10.6,1352.2,62
38.0,43080.0,1952.0,14652.0,47.0,10.0,4.0,16.0,1,urban,7,3,0.2,2.0,0.0,4.0,76.2,292.1,10.6,1352.2,62
44.0,43080.0,1952.0,14652.0,46.0,10.0,4.0,16.0,1,urban,7,3,0.1,0.0,0.0,4.0,76.2,292.1,10.6,1352.2,62
45.0,43080.0,1952.0,14652.0,49.0,10.0,4.0,16.0,1,urban,7,3,0.1,0.0,0.0,4.0,76.2,292.1,10.6,1352.2,62
56.0,54345.0,2192.0,12596.0,58.0,10.0,4.0,18.0,1,urban,7,5,0.2,0.0,0.0,4.0,76.2,292.1,10.6,1352.2,61
54.0,48715.0,2667.0,14151.0,57.0,10.0,4.0,16.0,1,urban,7,3,0.1,0.0,0.0,4.0,76.2,292.1,10.6,1352.2,61
66.5,48715.0,2667.0,14151.0,68.0,10.0,4.0,18.0,1,urban,7,5,0.1,0.0,0.0,4.0,76.2,292.1,10.6,1352.2,61
72.7,48715.0,2667.0,14151.0,74.0,10.0,4.0,16.0,1,urban,7,3,0.2,0.0,0.0,4.0,76.2,292.1,10.6,1352.2,61
73.0,48715.0,2667.0,14151.0,79.0,10.0,4.0,16.0,1,urban,7,3,0.2,0.0,0.0,4.0,76.2,292.1,10.6,1352.2,61
78.0,48715.0,2667.0,14151.0,83.0,0.0,4.5,26.0,1,urban,2,5,0.2,0.0,0.0,20.5,76.2,292.1,10.6,1352.2,14
92.7,2429.0,172.0,94.0,94.7,0.0,8.5,6.0,3,rural,2,2,0.2,1.3,0.0,2.5,75.8,313.1,10.3,1283.1,101
73.0,2429.0,172.0,94.0,76.0,0.0,3.5,6.0,3,rural,2,2,0.1,2.0,0.0,10.5,75.8,313.1,10.3,1283.1,56
38.0,14869.0,273.0,3593.0,40.0,0.0,6.5,18.0,1,rural,2,2,0.2,0.0,0.0,4.5,75.8,313.1,10.3,1283.1,73
37.0,14869.0,273.0,3593.0,39.0,0.0,6.5,18.0,1,rural,2,2,0.2,0.0,0.0,4.5,75.8,313.1,10.3,1283.1,73
46.0,14869.0,273.0,3593.0,46.8,0.0,6.5,18.0,1,rural,2,2,0.2,0.0,0.0,4.5,75.8,313.1,10.3,1283.1,73
43.0,14869.0,273.0,3593.0,47.0,0.0,6.5,18.0,1,rural,2,2,0.2,0.0,0.0,4.5,75.8,313.1,10.3,1283.1,73
36.5,14869.0,273.0,3593.0,47.0,0.0,6.5,18.0,1,rural,2,2,0.2,0.0,0.0,4.5,75.8,313.1,10.3,1283.1,73
36.5,14869.0,273.0,3593.0,40.5,0.0,6.5,18.0,1,rural,2,2,0.2,0.0,0.0,4.5,75.8,313.1,10.3,1283.1,73
40.0,14869.0,273.0,3593.0,42.3,0.0,9.0,18.0,1,rural,2,2,0.2,0.0,0.0,4.5,75.8,313.1,10.3,1283.1,73
40.0,14869.0,273.0,3593.0,42.5,0.0,9.0,18.0,1,rural,2,2,0.2,0.0,0.0,4.5,75.8,313.1,10.3,1283.1,73
72.0,16160.0,658.0,4913.0,74.5,9.0,4.5,16.0,1,rural,7,5,0.3,0.0,0.0,4.5,75.8,313.1,10.3,1283.1,63
39.0,16160.0,658.0,4913.0,40.0,0.0,6.5,18.0,1,rural,2,2,0.2,0.0,0.0,4.5,75.8,313.1,10.3,1283.1,71
57.0,16160.0,658.0,4913.0,61.0,0.0,6.5,18.0,1,rural,2,2,0.2,0.0,0.0,4.5,75.8,313.1,10.3,1283.1,71
57.0,16160.0,658.0,4913.0,59.0,0.0,6.5,18.0,1,rural,2,2,0.2,0.0,0.0,4.5,75.8,313.1,10.3,1283.1,71
57.0,16956.0,820.0,4561.0,115.0,9.0,4.5,16.0,1,rural,7,5,0.2,0.0,0.0,4.5,75.8,313.1,10.3,1283.1,65
54.0,16956.0,820.0,4561.0,78.0,9.0,4.5,16.0,1,rural,7,5,0.2,0.0,0.0,4.5,75.8,313.1,10.3,1283.1,65
59.5,17853.0,1496.0,4337.0,60.0,9.0,4.5,16.0,1,rural,7,5,0.2,0.0,0.0,4.5,75.8,313.1,10.3,1283.1,65
64.7,17853.0,1496.0,4337.0,67.3,10.0,4.5,16.0,1,rural,7,5,0.2,0.0,0.0,4.5,75.8,313.1,10.3,1283.1,65
62.0,747.0,33.0,27.0,65.5,0.0,9.5,8.0,5,rural,2,2,0.0,0.0,0.0,3.0,75.8,313.1,10.3,1283.1,78
83.0,26664.0,1960.0,3365.0,129.0,10.0,0.0,12.0,1,rural,3,2,0.0,0.0,0.0,10.0,76.2,315.7,10.5,1319.7,29
53.3,24300.0,2052.0,4237.0,105.0,10.0,0.0,12.0,1,rural,3,2,0.0,0.0,0.0,10.0,76.2,315.7,10.5,1319.7,29
34.0,24300.0,2052.0,4237.0,106.0,10.0,0.0,12.0,1,rural,3,2,0.0,0.0,0.0,10.0,76.2,315.7,10.5,1319.7,29
31.3,24300.0,2052.0,4237.0,102.2,10.0,0.0,12.0,1,rural,3,2,0.0,0.0,0.0,10.0,76.2,315.7,10.5,1319.7,29
45.5,24300.0,2052.0,4237.0,77.8,10.0,0.0,12.0,1,rural,3,2,0.0,0.0,0.0,10.0,76.2,315.7,10.5,1319.7,29
37.0,24300.0,2052.0,4237.0,88.8,10.0,0.0,12.0,1,rural,3,2,0.0,0.0,0.0,10.0,76.2,315.7,10.5,1319.7,29
32.0,24300.0,2052.0,4237.0,85.0,10.0,0.0,12.0,1,rural,3,2,0.0,0.0,0.0,10.0,76.2,315.7,10.5,1319.7,29
90.5,24300.0,2052.0,4237.0,108.5,10.0,5.0,12.0,1,rural,7,2,0.2,0.0,0.0,4.5,76.2,315.7,10.5,1319.7,50
74.0,24300.0,2052.0,4237.0,96.0,10.0,5.0,12.0,1,rural,7,2,0.2,0.0,0.0,4.5,76.2,315.7,10.5,1319.7,50
86.0,24300.0,2052.0,4237.0,89.0,10.0,5.0,12.0,1,rural,7,2,0.2,0.0,0.0,4.5,76.2,315.7,10.5,1319.7,50
89.0,24300.0,2052.0,4237.0,89.5,10.0,5.0,12.0,1,rural,7,2,0.2,0.0,0.0,4.5,76.2,315.7,10.5,1319.7,50
80.0,24584.0,1690.0,3328.0,83.0,10.0,5.0,12.0,1,rural,7,2,0.2,0.0,0.0,4.5,76.2,315.7,10.5,1319.7,50
70.0,24584.0,1690.0,3328.0,73.5,10.0,5.0,12.0,1,rural,7,2,0.2,0.0,0.0,4.5,76.2,315.7,10.5,1319.7,50
54.0,24584.0,1690.0,3328.0,57.0,10.0,9.5,12.0,1,rural,7,2,0.1,0.0,0.0,4.5,76.2,315.7,10.5,1319.7,50
36.0,24584.0,1690.0,3328.0,37.0,10.0,9.0,22.0,1,rural,7,3,0.2,0.0,0.0,4.0,76.2,315.7,10.5,1319.7,52
86.5,24584.0,1690.0,3328.0,88.5,10.0,5.0,22.0,1,rural,7,3,0.1,0.0,0.0,2.0,76.2,315.7,10.5,1319.7,52
55.0,26982.0,2124.0,3628.0,72.0,10.0,0.0,8.0,1,rural,3,2,0.0,0.0,0.0,10.0,76.2,315.7,10.5,1319.7,32
52.3,26982.0,2124.0,3628.0,76.7,10.0,0.0,8.0,1,rural,3,2,0.0,0.0,0.0,10.0,76.2,315.7,10.5,1319.7,32
87.0,26982.0,2124.0,3628.0,95.0,10.0,3.5,22.0,1,rural,7,5,0.1,0.0,0.0,2.0,76.2,315.7,10.5,1319.7,32
58.0,26982.0,2124.0,3628.0,61.5,10.0,6.5,6.0,1,rural,7,2,0.1,0.0,0.0,6.0,76.2,315.7,10.5,1319.7,59
74.0,29855.0,2691.0,3572.0,82.0,10.0,3.0,6.0,1,rural,7,2,0.1,0.0,0.0,2.0,76.2,315.7,10.5,1319.7,59
64.0,29855.0,2691.0,3572.0,64.7,10.0,6.0,6.0,1,rural,7,2,0.1,0.0,0.0,6.0,76.2,315.7,10.5,1319.7,59
56.0,29855.0,2691.0,3572.0,58.0,10.0,6.0,6.0,1,rural,7,2,0.1,0.0,0.0,6.0,76.2,315.7,10.5,1319.7,59
61.0,29855.0,2691.0,3572.0,78.0,10.0,3.0,6.0,1,rural,7,2,0.1,0.0,0.0,2.0,76.2,315.7,10.5,1319.7,59
61.0,29855.0,2691.0,3572.0,64.0,10.0,3.0,6.0,1,rural,7,2,0.2,0.0,0.0,2.0,76.2,315.7,10.5,1319.7,59
47.3,29855.0,2691.0,3572.0,48.0,10.0,3.0,6.0,1,rural,7,2,0.1,0.0,0.0,6.0,76.2,315.7,10.5,1319.7,59
76.0,11461.0,218.0,519.0,122.0,9.0,3.5,9.0,3,small urban,7,3,0.0,0.0,0.0,3.5,76.3,364.6,9.7,1122.7,76
94.5,2725.0,131.0,37.0,101.5,0.0,5.5,6.0,4,rural,2,2,0.3,0.0,0.0,1.5,76.3,364.6,9.7,1122.7,104
117.8,1824.0,263.0,86.0,131.8,0.0,4.5,8.0,4,rural,2,2,0.3,0.0,0.0,2.0,76.3,364.6,9.7,1122.7,83
74.3,3282.0,78.0,21.0,80.0,0.0,6.0,10.0,5,small urban,2,2,0.1,0.0,0.0,2.5,76.3,364.6,9.7,1122.7,62
55.0,15590.0,730.0,362.0,59.0,9.0,4.0,6.0,3,small urban,7,2,0.2,0.0,0.0,2.5,77.0,366.4,9.8,1312.2,65
81.5,6755.0,219.0,33.0,104.5,0.0,6.5,11.0,5,small urban,2,5,0.2,1.5,0.0,2.0,77.0,366.4,9.8,1312.2,125
47.0,26875.0,995.0,8948.0,51.0,10.0,5.0,8.0,1,rural,7,2,0.1,0.0,0.0,2.5,78.0,463.2,8.7,1363.9,64
63.0,26875.0,995.0,8948.0,147.0,10.0,4.5,8.0,1,rural,7,2,0.1,0.0,0.0,2.5,78.0,463.2,8.7,1363.9,62
68.0,24491.0,2358.0,7494.0,79.0,10.0,5.0,8.0,1,rural,7,2,0.1,0.0,0.0,2.5,78.0,463.2,8.7,1363.9,62
30.0,24491.0,2358.0,7494.0,54.0,10.0,4.5,8.0,1,rural,7,2,0.2,0.0,0.0,2.5,78.0,463.2,8.7,1363.9,62
35.0,24491.0,2358.0,7494.0,57.0,10.0,4.5,8.0,1,rural,7,2,0.2,0.0,0.0,2.5,78.0,463.2,8.7,1363.9,62
32.0,24491.0,2358.0,7494.0,67.0,10.0,4.5,8.0,1,rural,7,2,0.2,0.0,0.0,2.5,78.0,463.2,8.7,1363.9,62
40.0,24491.0,2358.0,7494.0,65.0,10.0,4.5,8.0,1,rural,7,2,0.2,0.0,0.0,2.5,78.0,463.2,8.7,1363.9,59
33.0,24491.0,2358.0,7494.0,58.0,10.0,4.5,21.0,1,rural,7,5,0.2,0.0,0.0,2.5,78.0,463.2,8.7,1363.9,59
57.0,24491.0,2358.0,7494.0,58.0,10.0,5.0,31.0,1,rural,7,3,0.1,0.0,0.0,5.0,78.0,463.2,8.7,1363.9,59
49.5,24491.0,2358.0,7494.0,54.0,10.0,5.0,31.0,1,rural,7,3,0.1,0.0,0.0,5.0,78.0,463.2,8.7,1363.9,59
48.5,24491.0,2358.0,7494.0,51.7,10.0,5.0,31.0,1,rural,7,3,0.1,0.0,0.0,5.0,78.0,463.2,8.7,1363.9,59
42.0,26358.0,2514.0,10879.0,47.5,10.0,5.0,31.0,1,rural,7,3,0.1,0.0,0.0,5.0,78.0,463.2,8.7,1363.9,59
63.7,26358.0,2514.0,10879.0,64.7,10.0,5.0,31.0,1,rural,7,3,0.1,0.0,0.0,5.0,78.0,463.2,8.7,1363.9,59
49.0,26358.0,2514.0,10879.0,53.0,10.0,5.0,31.0,1,rural,7,3,0.1,0.0,0.0,5.0,78.0,463.2,8.7,1363.9,59
49.0,26358.0,2514.0,10879.0,77.0,10.0,5.0,31.0,1,rural,7,3,0.1,0.0,0.0,5.0,78.0,463.2,8.7,1363.9,59
48.0,26358.0,2514.0,10879.0,49.0,10.0,5.0,37.0,1,rural,7,3,0.1,0.0,0.0,5.0,78.0,463.2,8.7,1363.9,55
50.5,26358.0,2514.0,10879.0,51.7,10.0,5.0,38.0,1,rural,7,3,0.1,0.0,0.0,5.0,78.0,463.2,8.7,1363.9,55
72.0,17339.0,817.0,482.0,80.0,10.0,0.0,8.0,2,urban,3,2,0.0,0.0,0.0,10.0,79.0,516.1,8.1,1394.0,28
106.0,15917.0,894.0,457.0,117.0,10.0,0.0,8.0,2,rural,3,2,0.0,0.0,0.0,10.0,79.0,516.1,8.1,1394.0,28
98.0,13495.0,455.0,396.0,115.0,10.0,0.0,8.0,2,rural,3,2,0.0,0.0,0.0,10.0,79.0,516.1,8.1,1394.0,28
121.0,9604.0,347.0,231.0,144.0,9.0,0.0,8.0,2,rural,3,2,0.0,0.0,0.0,9.0,79.0,516.1,8.1,1394.0,28
98.0,9493.0,263.0,37.0,257.0,6.0,6.0,6.0,3,urban,7,3,0.2,22.0,0.0,2.5,79.0,516.1,8.1,1394.0,125
46.0,60888.0,3578.0,9965.0,85.0,0.0,6.0,12.0,1,urban,2,2,0.2,10.0,0.0,2.0,79.0,516.1,8.1,1394.0,59
46.0,60888.0,3578.0,9965.0,68.0,0.0,6.0,12.0,1,urban,2,2,0.1,2.0,0.0,2.0,79.0,516.1,8.1,1394.0,59
49.0,72450.0,4137.0,8339.0,79.0,0.0,3.5,12.0,1,urban,2,2,0.2,3.0,0.0,2.0,79.0,516.1,8.1,1394.0,59
63.0,72450.0,4137.0,8339.0,105.0,0.0,3.5,12.0,1,urban,2,2,0.2,13.8,0.0,2.0,79.0,516.1,8.1,1394.0,59
59.0,72450.0,4137.0,8339.0,92.0,0.0,3.0,12.0,1,urban,2,2,0.2,20.0,0.0,2.0,79.0,516.1,8.1,1394.0,59
59.0,72450.0,4137.0,8339.0,94.0,0.0,3.0,12.0,1,urban,2,2,0.2,8.0,0.0,2.0,79.0,516.1,8.1,1394.0,59
57.0,72450.0,4137.0,8339.0,75.0,0.0,8.0,18.0,1,urban,2,2,0.1,0.0,0.0,2.0,79.0,516.1,8.1,1394.0,59
65.0,72450.0,4137.0,8339.0,104.0,0.0,5.5,12.0,1,urban,2,2,0.2,0.0,0.0,2.0,79.0,516.1,8.1,1394.0,59
64.0,60062.0,3497.0,8721.0,93.0,0.0,8.0,12.0,1,urban,2,2,0.2,0.0,0.0,2.0,79.0,516.1,8.1,1394.0,59
80.0,60062.0,3497.0,8721.0,122.0,0.0,5.5,12.0,1,urban,2,2,0.1,0.0,0.0,2.0,79.0,516.1,8.1,1394.0,39
96.0,60062.0,3497.0,8721.0,122.0,0.0,5.5,12.0,1,urban,2,2,0.1,0.0,0.0,2.0,79.0,516.1,8.1,1394.0,39
80.0,60062.0,3497.0,8721.0,129.0,0.0,5.5,12.0,1,urban,2,2,0.2,14.0,0.0,2.0,79.0,516.1,8.1,1394.0,39
96.0,60062.0,3497.0,8721.0,129.0,0.0,5.5,12.0,1,urban,2,2,0.2,14.0,0.0,2.0,79.0,516.1,8.1,1394.0,39
171.0,60062.0,3497.0,8721.0,235.0,14.0,0.0,7.0,1,urban,3,2,0.0,0.0,0.1,14.0,79.0,516.1,8.1,1394.0,26
51.0,29460.0,1742.0,6029.0,60.7,0.0,7.5,10.0,1,urban,2,3,0.1,4.3,0.0,3.0,79.0,516.1,8.1,1394.0,39
125.0,49713.0,1619.0,8225.0,172.5,13.0,0.0,8.0,1,urban,3,2,0.0,0.0,0.0,13.0,79.0,516.1,8.1,1394.0,28
166.0,42307.0,1949.0,8791.0,263.0,10.0,5.0,10.0,1,urban,7,3,0.0,0.0,0.0,3.0,79.0,516.1,8.1,1394.0,49
135.0,20374.0,955.0,5268.0,302.0,10.0,5.0,10.0,1,urban,7,3,0.0,0.0,0.0,3.0,79.0,516.1,8.1,1394.0,47
137.0,20374.0,955.0,5268.0,138.5,13.0,0.0,12.0,1,urban,3,2,0.0,0.0,0.0,13.0,79.0,516.1,8.1,1394.0,33
107.0,20374.0,955.0,5268.0,109.5,13.0,0.0,12.0,1,urban,3,2,0.0,0.0,0.0,13.0,79.0,516.1,8.1,1394.0,33
115.0,4477.0,78.0,56.0,122.0,6.0,6.0,2.0,5,rural,7,3,0.3,0.0,0.0,2.0,79.0,516.1,8.1,1394.0,125
88.0,26095.0,1724.0,430.0,139.0,0.0,3.5,12.0,3,urban,2,2,0.1,0.0,0.0,2.0,79.0,516.1,8.1,1394.0,58
35.0,23478.0,1437.0,5250.0,91.0,13.0,0.0,24.0,1,rural,3,2,0.0,0.0,0.0,13.0,79.0,516.1,8.1,1394.0,31
53.0,23478.0,1437.0,5250.0,118.0,13.0,0.0,24.0,1,rural,3,2,0.0,0.0,0.1,13.0,79.0,516.1,8.1,1394.0,31
51.3,23478.0,1437.0,5250.0,93.7,13.0,0.0,24.0,1,rural,3,2,0.0,0.0,0.0,13.0,79.0,516.1,8.1,1394.0,31
35.7,23478.0,1437.0,5250.0,86.3,13.0,0.0,24.0,1,rural,3,2,0.0,0.0,0.0,13.0,79.0,516.1,8.1,1394.0,31
37.8,23478.0,1437.0,5250.0,94.2,13.0,0.0,24.0,1,rural,3,2,0.0,0.0,0.0,13.0,79.0,516.1,8.1,1394.0,31
39.3,23478.0,1437.0,5250.0,79.8,13.0,0.0,24.0,1,rural,3,2,0.0,0.0,0.0,13.0,79.0,516.1,8.1,1394.0,31
42.8,23478.0,1437.0,5250.0,98.3,13.0,0.0,24.0,1,rural,3,2,0.0,0.0,0.0,13.0,79.0,516.1,8.1,1394.0,31
34.0,23478.0,1437.0,5250.0,78.0,13.0,0.0,24.0,1,rural,3,2,0.0,0.0,0.0,13.0,79.0,516.1,8.1,1394.0,31
39.0,23478.0,1437.0,5250.0,102.0,13.0,0.0,24.0,1,rural,3,2,0.0,0.0,0.0,13.0,79.0,516.1,8.1,1394.0,31
34.5,23478.0,1437.0,5250.0,91.5,13.0,0.0,24.0,1,rural,3,2,0.0,0.0,0.0,13.0,79.0,516.1,8.1,1394.0,31
43.0,23478.0,1437.0,5250.0,96.0,13.0,0.0,24.0,1,rural,3,2,0.0,0.0,0.0,13.0,79.0,516.1,8.1,1394.0,31
54.0,23478.0,1437.0,5250.0,119.0,13.0,2.5,37.0,1,rural,7,3,0.1,0.0,0.0,2.0,79.0,516.1,8.1,1394.0,55
125.0,1970.0,57.0,1.0,219.0,0.0,3.5,11.0,5,urban,2,5,0.0,0.0,0.0,2.0,79.0,516.1,8.1,1394.0,20
125.0,1970.0,57.0,1.0,232.0,0.0,3.5,11.0,5,urban,2,5,0.0,0.0,0.0,2.0,79.0,516.1,8.1,1394.0,20
325.0,3579.0,126.0,17.0,359.0,0.0,5.5,6.0,4,urban,2,2,0.2,10.0,0.0,1.5,79.0,516.1,8.1,1394.0,74
161.0,10882.0,287.0,15.0,174.0,9.0,6.0,9.0,5,urban,7,3,0.1,19.0,0.0,1.5,79.0,516.1,8.1,1394.0,86
118.0,4697.0,173.0,38.0,129.0,0.0,4.0,10.0,3,urban,2,2,0.1,0.0,0.0,2.0,79.0,516.1,8.1,1394.0,65
62.0,13092.0,573.0,320.0,79.0,0.0,4.0,7.0,3,urban,2,5,0.1,0.0,0.0,1.5,79.0,516.1,8.1,1394.0,11
106.0,11349.0,306.0,34.0,109.5,0.0,1.5,4.0,4,urban,2,5,0.1,2.0,0.0,2.0,79.0,516.1,8.1,1394.0,125
86.0,11373.0,317.0,12.0,98.0,9.0,6.0,9.0,4,urban,7,3,0.1,0.0,0.0,2.5,79.0,516.1,8.1,1394.0,125
126.0,7585.0,270.0,34.0,132.0,6.0,2.5,6.0,5,urban,7,3,0.1,0.0,0.0,2.0,79.0,516.1,8.1,1394.0,125
69.0,11067.0,460.0,87.0,207.0,0.0,4.5,4.0,4,urban,2,5,0.2,8.0,0.0,1.5,79.0,516.1,8.1,1394.0,67
92.0,6861.0,92.0,45.0,97.0,0.0,9.0,17.0,4,urban,2,2,0.0,0.0,0.0,3.0,76.8,234.8,11.3,1352.4,62
180.5,1583.0,14.0,3.0,215.5,0.0,5.5,8.0,4,urban,2,2,0.0,0.0,0.0,2.0,76.8,234.8,11.3,1352.4,71
96.0,14788.0,205.0,91.0,114.0,0.0,5.0,8.0,4,urban,2,2,0.0,0.0,0.0,3.0,76.8,234.8,11.3,1352.4,93
200.5,8927.0,256.0,38.0,271.0,0.0,1.5,4.0,4,urban,2,2,0.2,0.0,0.0,2.0,76.8,234.8,11.3,1352.4,125
96.0,10370.0,413.0,73.0,108.0,0.0,5.5,10.0,4,urban,2,2,0.2,0.0,0.0,2.0,76.8,234.8,11.3,1352.4,64
88.0,15458.0,673.0,100.0,101.5,0.0,8.0,4.0,5,urban,2,2,0.0,0.0,0.0,3.5,76.8,234.8,11.3,1352.4,125
40.0,24354.0,1491.0,3106.0,41.0,11.0,5.0,10.0,1,rural,7,2,0.2,0.0,0.0,5.0,77.6,395.4,9.5,1362.7,32
45.0,24354.0,1491.0,3106.0,49.0,10.0,5.0,28.0,1,rural,7,3,0.2,0.0,0.0,5.0,77.6,395.4,9.5,1362.7,60
43.0,24354.0,1491.0,3106.0,46.3,10.0,5.0,28.0,1,rural,7,3,0.2,0.0,0.0,5.0,77.6,395.4,9.5,1362.7,60
37.7,24354.0,1491.0,3106.0,39.7,10.0,5.0,28.0,1,rural,7,3,0.2,0.0,0.0,5.0,77.6,395.4,9.5,1362.7,32
38.0,24354.0,1491.0,3106.0,40.7,10.0,5.0,28.0,1,rural,7,3,0.2,0.0,0.0,5.0,77.6,395.4,9.5,1362.7,60
44.8,24354.0,1491.0,3106.0,45.2,10.0,5.0,28.0,1,rural,7,3,0.2,0.0,0.0,5.0,77.6,395.4,9.5,1362.7,60
38.5,24354.0,1491.0,3106.0,40.0,10.0,5.0,28.0,1,rural,7,3,0.2,0.0,0.0,5.0,77.6,395.4,9.5,1362.7,60
36.0,24354.0,1491.0,3106.0,38.0,11.0,5.0,10.0,1,rural,7,2,0.2,0.0,0.0,5.0,77.6,395.4,9.5,1362.7,32
62.0,3102.0,138.0,60.0,65.5,0.0,6.5,4.0,5,rural,2,2,0.0,0.0,0.0,4.0,77.6,395.4,9.5,1362.7,125
62.0,3102.0,138.0,60.0,69.5,0.0,6.5,4.0,5,rural,2,2,0.0,0.0,0.0,4.0,77.6,395.4,9.5,1362.7,125
30.5,13112.0,402.0,1115.0,32.5,9.0,3.5,21.0,1,rural,7,3,0.1,0.0,0.0,3.5,77.6,395.4,9.5,1362.7,49
36.7,13112.0,402.0,1115.0,37.7,9.0,3.5,21.0,1,rural,7,3,0.1,0.0,0.0,3.5,77.6,395.4,9.5,1362.7,49
32.3,13112.0,402.0,1115.0,33.2,9.0,3.5,21.0,1,rural,7,3,0.1,0.0,0.0,3.5,77.6,395.4,9.5,1362.7,49
31.0,13112.0,402.0,1115.0,32.0,9.0,3.5,21.0,1,rural,7,3,0.1,0.0,0.0,3.5,77.6,395.4,9.5,1362.7,49
101.0,546.0,15.0,6.0,180.0,0.0,3.0,8.0,5,rural,2,2,0.3,0.0,0.0,1.0,77.2,299.4,10.4,1358.6,88
102.0,90675.0,4193.0,2154.0,144.0,0.0,3.5,19.0,2,urban,2,5,0.0,0.0,0.0,14.5,77.3,280.3,10.6,1358.9,27
114.0,13063.0,884.0,553.0,117.0,0.0,14.5,8.0,3,urban,2,2,0.2,10.0,0.0,2.0,77.3,280.3,10.6,1358.9,84
60.0,39108.0,1756.0,9559.0,194.0,10.0,4.5,16.0,1,urban,7,3,0.2,0.0,0.0,4.0,77.3,280.3,10.6,1358.9,67
59.0,39108.0,1756.0,9559.0,191.0,10.0,4.5,16.0,1,urban,7,3,0.2,1.0,0.0,4.0,77.3,280.3,10.6,1358.9,67
55.0,46619.0,3676.0,10018.0,151.0,10.0,4.5,16.0,1,urban,7,3,0.2,1.0,0.0,4.0,77.3,280.3,10.6,1358.9,67
52.7,46619.0,3676.0,10018.0,148.8,10.0,4.5,16.0,1,urban,7,3,0.1,5.0,0.0,4.0,77.3,280.3,10.6,1358.9,67
61.8,46619.0,3676.0,10018.0,228.0,10.0,4.5,16.0,1,urban,7,3,0.2,6.2,0.0,4.0,77.3,280.3,10.6,1358.9,67
63.7,46619.0,3676.0,10018.0,242.7,10.0,4.5,16.0,1,urban,7,3,0.2,3.7,0.0,4.0,77.3,280.3,10.6,1358.9,67
73.2,46619.0,3676.0,10018.0,233.3,10.0,4.5,16.0,1,urban,7,3,0.2,5.7,0.0,4.0,77.3,280.3,10.6,1358.9,67
65.5,46619.0,3676.0,10018.0,211.7,10.0,4.5,16.0,1,urban,7,3,0.2,2.0,0.0,4.0,77.3,280.3,10.6,1358.9,67
47.0,46619.0,3676.0,10018.0,97.5,8.0,4.0,18.0,1,urban,7,2,0.2,0.0,0.0,3.5,77.3,280.3,10.6,1358.9,67
47.0,46619.0,3676.0,10018.0,88.5,17.0,4.0,8.0,1,urban,7,2,0.2,0.0,0.0,3.5,77.3,280.3,10.6,1358.9,67
48.0,46619.0,3676.0,10018.0,191.0,17.0,4.0,8.0,1,urban,7,2,0.2,1.0,0.0,3.5,77.3,280.3,10.6,1358.9,67
69.5,85766.0,4348.0,16087.0,74.0,17.0,4.0,8.0,1,urban,7,2,0.1,0.0,0.0,2.0,77.3,280.3,10.6,1358.9,67
59.5,6034.0,450.0,45.0,109.5,0.0,5.5,10.0,3,urban,2,2,0.2,7.5,0.0,1.5,77.3,280.3,10.6,1358.9,65
125.0,35892.0,1390.0,451.0,161.3,10.0,6.5,20.0,3,urban,7,3,0.3,0.0,0.0,6.5,77.3,280.3,10.6,1358.9,54
78.0,19616.0,1328.0,339.0,83.0,0.0,3.5,24.0,3,urban,2,5,0.1,1.0,0.0,1.5,77.3,280.3,10.6,1358.9,54
97.0,18876.0,1333.0,3192.0,98.0,0.0,4.0,18.0,3,urban,2,5,0.1,2.0,0.0,14.0,77.3,280.3,10.6,1358.9,20
97.0,18876.0,1333.0,3192.0,130.0,0.0,4.0,18.0,3,urban,2,5,0.1,1.0,0.0,14.0,77.3,280.3,10.6,1358.9,20
68.0,35982.0,2264.0,1509.0,115.0,9.0,6.5,17.0,3,urban,7,3,0.1,35.0,0.0,2.0,77.3,280.3,10.6,1358.9,55
71.0,19985.0,1377.0,623.0,117.0,9.0,7.5,9.0,4,urban,7,3,0.2,5.0,0.0,2.0,77.3,280.3,10.6,1358.9,84
89.0,38990.0,1746.0,1195.0,130.0,9.0,3.5,9.0,4,urban,7,3,0.1,7.0,0.0,2.0,77.3,280.3,10.6,1358.9,73
111.0,16210.0,295.0,29.0,204.0,7.0,5.0,7.0,3,urban,7,3,0.2,2.0,0.0,2.0,77.3,280.3,10.6,1358.9,125
146.5,7598.0,330.0,50.0,244.0,8.0,6.0,8.0,3,urban,7,3,0.2,0.0,0.0,2.0,77.3,280.3,10.6,1358.9,73
185.0,28641.0,1159.0,141.0,203.0,10.0,3.5,10.0,4,urban,7,3,0.1,1.0,0.0,3.5,77.3,280.3,10.6,1358.9,65
103.7,4619.0,134.0,5.0,113.0,0.0,7.0,8.0,4,urban,2,2,0.0,0.0,0.0,2.0,77.3,280.3,10.6,1358.9,125
91.0,11511.0,202.0,28.0,94.0,0.0,6.0,15.0,3,urban,2,2,0.3,0.0,0.0,2.0,77.3,280.3,10.6,1358.9,63
188.0,6143.0,246.0,122.0,325.0,9.0,5.5,9.0,3,urban,7,3,0.3,3.0,0.0,2.0,77.3,280.3,10.6,1358.9,125
83.0,11759.0,236.0,10.0,85.0,0.0,4.5,8.0,4,urban,2,2,0.0,1.0,0.0,1.5,77.3,280.3,10.6,1358.9,125
160.4,9328.0,109.0,26.0,162.8,0.0,6.5,8.0,4,urban,2,2,0.0,1.0,0.0,1.5,77.3,280.3,10.6,1358.9,125
112.0,8842.0,157.0,108.0,141.0,9.0,4.5,9.0,3,urban,7,3,0.1,9.0,0.0,2.0,77.7,393.9,9.3,1382.1,84
194.8,23080.0,711.0,132.0,207.0,0.0,4.5,12.0,3,urban,2,2,0.2,31.0,0.0,1.5,77.7,393.9,9.3,1382.1,125
50.0,17931.0,724.0,351.0,54.0,0.0,3.5,7.0,2,urban,2,5,0.1,0.0,0.0,4.0,77.7,393.9,9.3,1382.1,53
85.2,14907.0,672.0,319.0,125.0,0.0,1.5,7.0,2,urban,2,5,0.0,0.0,0.0,4.0,77.7,393.9,9.3,1382.1,53
78.0,23356.0,877.0,7208.0,94.0,13.0,0.0,12.0,1,urban,3,2,0.0,0.0,0.1,13.0,77.7,393.9,9.3,1382.1,34
58.0,23356.0,877.0,7208.0,61.0,13.0,0.0,12.0,1,rural,3,2,0.0,0.0,0.0,13.0,77.7,393.9,9.3,1382.1,34
55.7,23356.0,877.0,7208.0,65.3,13.0,0.0,12.0,1,rural,3,2,0.0,0.0,0.0,13.0,77.7,393.9,9.3,1382.1,34
122.0,23926.0,1237.0,7620.0,138.0,13.0,0.0,12.0,1,rural,3,2,0.0,0.0,0.0,13.0,77.7,393.9,9.3,1382.1,34
97.0,37690.0,2506.0,7943.0,106.0,0.0,12.0,12.0,1,urban,2,2,0.1,0.0,0.0,2.0,77.7,393.9,9.3,1382.1,57
111.0,43546.0,2362.0,9610.0,116.0,13.0,0.0,12.0,1,urban,3,2,0.0,0.0,0.0,13.0,77.7,393.9,9.3,1382.1,28
129.5,46234.0,2081.0,7661.0,136.0,13.0,0.0,12.0,1,urban,3,2,0.0,0.0,0.0,13.0,77.7,393.9,9.3,1382.1,28
125.3,46234.0,2081.0,7661.0,136.7,13.0,0.0,12.0,1,rural,3,2,0.0,0.0,0.0,13.0,77.7,393.9,9.3,1382.1,28
54.7,46234.0,2081.0,7661.0,60.3,0.0,6.0,12.0,1,urban,2,2,0.1,0.0,0.0,2.0,77.7,393.9,9.3,1382.1,59
38.0,64580.0,2002.0,8460.0,68.5,0.0,6.0,12.0,1,urban,2,2,0.2,0.0,0.0,2.0,77.7,393.9,9.3,1382.1,59
49.0,57666.0,2302.0,7126.0,80.5,0.0,8.0,18.0,1,urban,2,5,0.1,0.0,0.0,2.0,77.7,393.9,9.3,1382.1,59
49.0,57666.0,2302.0,7126.0,55.0,0.0,6.0,12.0,1,urban,2,2,0.1,0.0,0.0,2.0,77.7,393.9,9.3,1382.1,59
50.0,57666.0,2302.0,7126.0,55.0,0.0,6.0,12.0,1,urban,2,2,0.1,0.0,0.0,2.0,77.7,393.9,9.3,1382.1,59
49.0,57666.0,2302.0,7126.0,58.0,0.0,6.0,12.0,1,urban,2,2,0.2,0.0,0.0,2.0,77.7,393.9,9.3,1382.1,59
50.0,57666.0,2302.0,7126.0,58.0,0.0,6.0,12.0,1,urban,2,2,0.2,0.0,0.0,2.0,77.7,393.9,9.3,1382.1,59
40.0,57666.0,2302.0,7126.0,66.5,0.0,6.0,12.0,1,urban,2,2,0.2,0.0,0.0,1.0,77.7,393.9,9.3,1382.1,37
54.7,57666.0,2302.0,7126.0,102.0,0.0,6.0,12.0,1,urban,2,2,0.2,0.0,0.0,2.0,77.7,393.9,9.3,1382.1,59
40.0,57666.0,2302.0,7126.0,60.5,0.0,6.0,12.0,1,urban,2,2,0.2,0.0,0.0,2.0,77.7,393.9,9.3,1382.1,59
61.0,57666.0,2302.0,7126.0,120.0,0.0,6.0,12.0,1,urban,2,2,0.2,0.0,0.0,2.0,77.7,393.9,9.3,1382.1,59
53.0,59667.0,3256.0,10064.0,97.0,0.0,5.5,12.0,1,urban,2,2,0.2,0.0,0.0,2.0,77.7,393.9,9.3,1382.1,59
43.3,59667.0,3256.0,10064.0,91.0,0.0,5.5,12.0,1,urban,2,2,0.2,0.7,0.0,2.0,77.7,393.9,9.3,1382.1,59
36.0,63307.0,3119.0,7145.0,80.3,0.0,6.0,12.0,1,urban,2,2,0.1,0.0,0.0,2.0,77.7,393.9,9.3,1382.1,59
54.7,63307.0,3119.0,7145.0,102.0,0.0,5.5,12.0,1,urban,2,2,0.1,0.0,0.0,2.0,77.7,393.9,9.3,1382.1,59
41.0,63307.0,3119.0,7145.0,68.5,0.0,5.5,2.0,1,urban,2,2,0.1,0.5,0.0,2.0,77.7,393.9,9.3,1382.1,59
44.3,63307.0,3119.0,7145.0,70.3,0.0,5.5,12.0,1,urban,2,2,0.2,3.7,0.0,2.0,77.7,393.9,9.3,1382.1,59
46.2,63307.0,3119.0,7145.0,75.0,0.0,5.5,12.0,1,urban,2,2,0.2,7.7,0.0,2.0,77.7,393.9,9.3,1382.1,59
48.0,63307.0,3119.0,7145.0,72.0,0.0,9.5,18.0,1,urban,2,2,0.1,0.0,0.0,2.0,77.7,393.9,9.3,1382.1,59
55.0,63307.0,3119.0,7145.0,72.0,0.0,9.5,18.0,1,urban,2,2,0.1,0.0,0.0,2.0,77.7,393.9,9.3,1382.1,59
48.0,63307.0,3119.0,7145.0,68.5,0.0,9.5,18.0,1,urban,2,2,0.1,0.0,0.0,2.0,77.7,393.9,9.3,1382.1,59
55.0,63307.0,3119.0,7145.0,68.5,0.0,9.5,18.0,1,urban,2,2,0.1,0.0,0.0,2.0,77.7,393.9,9.3,1382.1,59
41.2,63307.0,3119.0,7145.0,60.3,0.0,7.5,12.0,1,urban,2,2,0.1,0.0,0.0,2.0,77.7,393.9,9.3,1382.1,37
31.0,63307.0,3119.0,7145.0,56.0,0.0,7.5,12.0,1,urban,2,2,0.1,0.0,0.0,2.0,77.7,393.9,9.3,1382.1,59
57.0,63307.0,3119.0,7145.0,70.0,0.0,7.5,12.0,1,urban,2,2,0.1,0.0,0.0,2.0,77.7,393.9,9.3,1382.1,59
57.0,63307.0,3119.0,7145.0,86.0,0.0,7.5,12.0,1,urban,2,2,0.3,1.5,0.0,2.0,77.7,393.9,9.3,1382.1,59
45.0,63307.0,3119.0,7145.0,112.0,0.0,5.5,12.0,1,urban,2,2,0.2,18.5,0.0,2.0,77.7,393.9,9.3,1382.1,59
50.2,63583.0,2709.0,7728.0,101.8,0.0,6.0,12.0,1,urban,2,2,0.2,5.5,0.0,2.0,77.7,393.9,9.3,1382.1,59
74.0,63583.0,2709.0,7728.0,126.5,0.0,8.0,18.0,1,urban,2,5,0.3,10.0,0.0,2.0,77.7,393.9,9.3,1382.1,59
57.7,63583.0,2709.0,7728.0,126.5,0.0,8.0,18.0,1,urban,2,5,0.3,10.0,0.0,2.0,77.7,393.9,9.3,1382.1,59
55.0,63583.0,2709.0,7728.0,75.8,0.0,5.5,12.0,1,urban,2,2,0.2,6.2,0.0,2.0,77.7,393.9,9.3,1382.1,59
49.0,63583.0,2709.0,7728.0,73.2,0.0,5.5,12.0,1,urban,2,2,0.2,6.2,0.0,2.0,77.7,393.9,9.3,1382.1,59
46.7,63583.0,2709.0,7728.0,98.0,0.0,5.5,12.0,1,urban,2,2,0.2,2.7,0.0,2.0,77.7,393.9,9.3,1382.1,59
81.5,3706.0,120.0,28.0,82.5,9.0,4.0,7.0,3,urban,7,2,0.1,0.0,0.0,13.0,77.7,393.9,9.3,1382.1,125
79.0,18178.0,455.0,109.0,80.0,9.0,7.0,9.0,3,urban,7,3,0.1,0.0,0.0,2.5,77.7,393.9,9.3,1382.1,85
100.0,22707.0,2161.0,709.0,103.0,0.0,7.0,12.0,3,urban,2,2,0.1,3.0,0.0,2.5,77.7,393.9,9.3,1382.1,60
78.0,5190.0,248.0,200.0,128.0,4.0,8.0,7.0,4,rural,7,3,0.2,2.0,0.0,2.0,77.7,393.9,9.3,1382.1,88
137.0,6355.0,266.0,52.0,145.0,7.0,10.5,14.0,3,urban,7,2,0.1,11.0,0.0,2.5,77.7,393.9,9.3,1382.1,95
77.3,7178.0,132.0,84.0,77.7,7.0,10.5,14.0,3,urban,7,2,0.2,18.0,0.0,2.5,77.7,393.9,9.3,1382.1,95
87.7,17830.0,716.0,262.0,147.3,8.0,7.0,8.0,4,urban,7,3,0.2,16.0,0.0,1.5,77.7,393.9,9.3,1382.1,125
68.0,55177.0,1413.0,797.0,77.0,0.0,5.5,18.0,2,urban,2,5,0.2,20.0,0.0,2.0,77.7,393.9,9.3,1382.1,34
120.0,29074.0,1191.0,554.0,127.0,9.0,7.0,9.0,3,urban,7,3,0.2,4.0,0.0,1.5,77.7,393.9,9.3,1382.1,84
126.0,29074.0,1191.0,554.0,127.0,9.0,7.0,9.0,3,urban,7,3,0.2,4.0,0.0,1.5,77.7,393.9,9.3,1382.1,84
120.0,29074.0,1191.0,554.0,125.0,9.0,7.0,9.0,3,urban,7,3,0.2,4.0,0.0,1.5,77.7,393.9,9.3,1382.1,84
121.0,27396.0,1140.0,580.0,125.0,9.0,7.5,9.0,3,urban,7,3,0.3,7.0,0.0,2.0,77.7,393.9,9.3,1382.1,84
100.0,1069.0,30.0,23.0,235.0,0.0,6.0,6.0,4,urban,2,2,0.1,10.0,0.0,1.5,77.7,393.9,9.3,1382.1,98
108.0,930.0,65.0,0.0,193.0,0.0,4.5,8.0,4,urban,2,2,0.2,9.0,0.0,1.5,77.7,393.9,9.3,1382.1,125
228.0,1384.0,45.0,4.0,228.5,0.0,5.0,8.0,4,urban,2,2,0.2,2.0,0.0,1.5,77.7,393.9,9.3,1382.1,71
222.0,3476.0,143.0,65.0,242.0,0.0,6.0,3.0,4,urban,2,2,0.0,5.0,0.0,2.0,77.7,393.9,9.3,1382.1,125
142.4,16034.0,370.0,102.0,154.4,9.0,9.0,9.0,3,urban,7,3,0.1,13.0,0.0,3.0,77.7,393.9,9.3,1382.1,88
231.6,1764.0,27.0,8.0,236.0,4.0,3.5,8.0,5,urban,7,2,0.1,8.0,0.0,1.5,77.7,393.9,9.3,1382.1,125
177.2,1513.0,11.0,11.0,181.6,0.0,3.5,4.0,5,urban,2,2,0.1,11.0,0.0,1.5,77.7,393.9,9.3,1382.1,125
92.5,7987.0,287.0,32.0,125.0,0.0,6.0,5.0,5,urban,2,2,0.0,4.0,0.0,2.0,77.7,393.9,9.3,1382.1,60
84.0,19426.0,876.0,184.0,166.5,0.0,1.5,12.0,3,urban,2,2,0.3,19.5,0.0,1.5,77.7,393.9,9.3,1382.1,80
105.3,11007.0,224.0,40.0,192.0,0.0,7.5,12.0,3,urban,2,2,0.3,20.7,0.0,1.5,77.7,393.9,9.3,1382.1,80
52.0,46875.0,4606.0,3092.0,67.0,10.0,4.0,21.0,1,urban,7,2,0.1,0.0,0.0,2.5,78.1,520.3,8.1,1384.8,51
48.0,46875.0,4606.0,3092.0,81.0,10.0,4.0,21.0,1,urban,7,3,0.1,0.0,0.0,2.5,78.1,520.3,8.1,1384.8,51
52.0,46875.0,4606.0,3092.0,81.0,10.0,4.0,21.0,1,urban,7,3,0.1,0.0,0.0,2.5,78.1,520.3,8.1,1384.8,51
51.0,46875.0,4606.0,3092.0,77.0,10.0,4.0,21.0,1,urban,7,3,0.1,0.0,0.0,2.5,78.1,520.3,8.1,1384.8,53
60.0,45086.0,4620.0,3256.0,66.0,9.0,1.5,12.0,1,urban,7,2,0.2,0.0,0.0,19.5,78.1,520.3,8.1,1384.8,46
82.0,35912.0,2940.0,2464.0,85.0,9.0,5.0,21.0,1,urban,7,3,0.1,0.0,0.0,1.5,78.1,520.3,8.1,1384.8,42
78.3,35912.0,2940.0,2464.0,82.3,9.0,4.0,12.0,1,urban,7,2,0.1,0.3,0.0,14.0,78.1,520.3,8.1,1384.8,42
63.0,35912.0,2940.0,2464.0,65.5,9.0,5.0,21.0,1,urban,7,3,0.2,0.0,0.0,1.5,78.1,520.3,8.1,1384.8,42
63.0,35912.0,2940.0,2464.0,65.0,9.0,5.0,21.0,1,urban,7,3,0.2,0.0,0.0,1.5,78.1,520.3,8.1,1384.8,42
41.0,29044.0,1172.0,2315.0,41.5,0.0,5.0,37.0,1,rural,2,5,0.1,6.5,0.0,11.5,78.1,520.3,8.1,1384.8,18
57.0,30138.0,982.0,2260.0,63.0,0.0,4.0,24.0,1,urban,2,5,0.1,13.0,0.0,16.0,78.1,520.3,8.1,1384.8,18
33.0,29143.0,1006.0,2293.0,35.0,9.0,4.5,12.0,1,rural,7,2,0.2,2.0,0.0,4.0,78.1,520.3,8.1,1384.8,50
46.0,20900.0,1400.0,2718.0,90.0,0.0,5.0,21.0,1,rural,2,3,0.1,5.0,0.0,4.5,78.1,520.3,8.1,1384.8,21
35.0,20900.0,1400.0,2718.0,56.0,10.0,4.5,11.0,1,small urban,7,2,0.2,9.0,0.0,2.5,78.1,520.3,8.1,1384.8,52
45.0,20900.0,1400.0,2718.0,67.0,10.0,4.5,11.0,1,small urban,7,2,0.1,6.0,0.0,2.5,78.1,520.3,8.1,1384.8,52
49.0,16098.0,1074.0,3816.0,70.0,10.0,4.5,11.0,1,small urban,7,2,0.1,13.0,0.0,2.5,78.1,520.3,8.1,1384.8,52
46.0,16098.0,1074.0,3816.0,53.0,10.0,4.5,11.0,1,small urban,7,2,0.2,13.0,0.0,2.5,78.1,520.3,8.1,1384.8,52
36.0,16098.0,1074.0,3816.0,55.0,10.0,4.5,11.0,1,rural,7,2,0.2,4.0,0.0,2.5,78.1,520.3,8.1,1384.8,52
30.0,16098.0,1074.0,3816.0,58.0,10.0,4.5,11.0,1,rural,7,2,0.2,8.0,0.0,2.5,78.1,520.3,8.1,1384.8,52
35.0,16098.0,1074.0,3816.0,64.0,10.0,4.5,11.0,1,rural,7,2,0.2,4.0,0.0,2.5,78.1,520.3,8.1,1384.8,52
42.0,16098.0,1074.0,3816.0,64.0,10.0,4.5,11.0,1,rural,7,2,0.2,4.0,0.0,2.5,78.1,520.3,8.1,1384.8,52
30.0,16098.0,1074.0,3816.0,56.0,10.0,4.5,11.0,1,rural,7,2,0.2,9.0,0.0,2.5,78.1,520.3,8.1,1384.8,52
48.0,18074.0,1041.0,3787.0,50.0,0.0,6.5,26.0,1,rural,2,5,0.1,0.0,0.0,16.5,78.1,520.3,8.1,1384.8,55
141.0,2542.0,111.0,190.0,155.0,7.0,7.5,7.0,4,rural,7,3,0.3,6.0,0.0,2.5,78.1,520.3,8.1,1384.8,101
153.0,5414.0,93.0,15.0,165.0,0.0,5.5,11.0,4,urban,2,2,0.3,6.0,0.0,1.5,78.1,520.3,8.1,1384.8,102
190.5,2940.0,54.0,6.0,192.0,0.0,3.0,5.0,5,urban,2,5,0.1,1.0,0.0,1.5,78.1,520.3,8.1,1384.8,92
144.0,993.0,36.0,4.0,147.0,0.0,3.5,15.0,5,urban,2,5,0.2,0.0,0.0,1.0,78.1,520.3,8.1,1384.8,55
211.0,661.0,18.0,2.0,229.0,0.0,6.5,8.0,5,urban,2,2,0.1,0.0,0.0,2.0,78.1,520.3,8.1,1384.8,73
44.0,10684.0,196.0,159.0,58.4,0.0,11.0,15.0,2,urban,2,2,0.2,19.2,0.0,2.0,78.1,451.6,8.9,1382.0,67
31.0,24354.0,1491.0,3106.0,35.0,10.0,4.0,8.0,1,rural,7,2,0.1,0.0,0.0,2.0,78.1,451.6,8.9,1382.0,60
30.0,24354.0,1491.0,3106.0,31.5,10.0,4.0,8.0,1,rural,7,2,0.1,0.0,0.0,2.0,78.1,451.6,8.9,1382.0,60
33.5,24955.0,1759.0,3587.0,35.7,10.0,4.0,8.0,1,rural,7,2,0.1,0.0,0.0,2.0,78.1,451.6,8.9,1382.0,60
35.5,24955.0,1759.0,3587.0,37.0,10.0,4.0,8.0,1,rural,7,2,0.1,0.0,0.0,2.0,78.1,451.6,8.9,1382.0,60
32.5,24955.0,1759.0,3587.0,36.0,10.0,4.0,8.0,1,rural,7,2,0.1,0.0,0.0,2.0,78.1,451.6,8.9,1382.0,60
35.3,24955.0,1759.0,3587.0,39.0,10.0,4.0,8.0,1,rural,7,2,0.1,0.0,0.0,2.0,78.1,451.6,8.9,1382.0,60
32.5,24955.0,1759.0,3587.0,35.5,10.0,4.0,8.0,1,rural,7,2,0.1,0.0,0.0,2.0,78.1,451.6,8.9,1382.0,60
39.0,24955.0,1759.0,3587.0,42.0,10.0,4.0,8.0,1,rural,7,2,0.1,0.0,0.0,2.0,78.1,451.6,8.9,1382.0,60
30.0,19981.0,1886.0,3330.0,31.0,10.0,4.0,8.0,1,rural,7,2,0.1,0.0,0.0,2.0,78.1,451.6,8.9,1382.0,60
32.0,19981.0,1886.0,3330.0,33.0,10.0,4.0,8.0,1,rural,7,2,0.1,0.0,0.0,2.0,78.1,451.6,8.9,1382.0,60
32.0,19981.0,1886.0,3330.0,33.0,10.0,4.0,8.0,1,rural,7,2,0.1,0.0,0.0,2.0,78.1,451.6,8.9,1382.0,58
30.0,19981.0,1886.0,3330.0,31.0,10.0,7.0,8.0,1,rural,7,2,0.1,0.0,0.0,2.0,78.1,451.6,8.9,1382.0,58
37.0,19981.0,1886.0,3330.0,39.5,10.0,6.5,8.0,1,rural,7,2,0.1,0.0,0.0,2.0,78.1,451.6,8.9,1382.0,58
37.0,19981.0,1886.0,3330.0,41.0,10.0,6.5,8.0,1,rural,7,2,0.1,0.0,0.0,2.0,78.1,451.6,8.9,1382.0,58
38.0,19981.0,1886.0,3330.0,41.0,10.0,6.5,8.0,1,rural,7,2,0.1,0.0,0.0,2.0,78.1,451.6,8.9,1382.0,58
34.0,15078.0,1744.0,3028.0,36.0,10.0,6.5,18.0,1,rural,7,3,0.1,0.0,0.0,2.0,78.1,451.6,8.9,1382.0,58
35.0,15078.0,1744.0,3028.0,37.0,10.0,6.5,18.0,1,rural,7,3,0.1,0.0,0.0,2.0,78.1,451.6,8.9,1382.0,56
32.0,15078.0,1744.0,3028.0,37.3,10.0,6.5,18.0,1,rural,7,3,0.1,0.0,0.0,2.0,78.1,451.6,8.9,1382.0,56
34.5,18087.0,1571.0,4010.0,37.3,10.0,6.5,18.0,1,rural,7,3,0.1,0.0,0.0,2.0,78.1,451.6,8.9,1382.0,56
33.5,18087.0,1571.0,4010.0,34.0,10.0,6.5,18.0,1,rural,7,3,0.1,0.0,0.0,2.0,78.1,451.6,8.9,1382.0,56
30.0,18087.0,1571.0,4010.0,33.3,10.0,6.5,18.0,1,rural,7,3,0.1,0.0,0.0,2.0,78.1,451.6,8.9,1382.0,56
35.0,18087.0,1571.0,4010.0,38.0,10.0,6.5,18.0,1,rural,7,3,0.1,0.0,0.0,2.0,78.1,451.6,8.9,1382.0,56
33.0,18087.0,1571.0,4010.0,36.3,10.0,6.5,18.0,1,rural,7,3,0.1,0.0,0.0,2.0,78.1,451.6,8.9,1382.0,57
32.3,18087.0,1571.0,4010.0,35.3,10.0,6.5,18.0,1,rural,7,3,0.1,0.0,0.0,2.0,78.1,451.6,8.9,1382.0,57
36.3,18087.0,1571.0,4010.0,39.0,10.0,6.5,18.0,1,rural,7,3,0.1,0.0,0.0,2.0,78.1,451.6,8.9,1382.0,57
36.0,18087.0,1571.0,4010.0,41.0,10.0,6.5,18.0,1,rural,7,3,0.1,0.0,0.0,2.0,78.1,451.6,8.9,1382.0,57
34.0,18087.0,1571.0,4010.0,37.5,10.0,6.5,18.0,1,rural,7,3,0.1,0.0,0.0,2.0,78.1,451.6,8.9,1382.0,57
59.0,29945.0,701.0,10702.0,114.0,13.0,2.5,25.0,1,rural,7,3,0.1,0.0,0.0,2.0,78.1,451.6,8.9,1382.0,31
61.0,29945.0,701.0,10702.0,68.2,13.0,2.5,25.0,1,rural,7,3,0.1,0.0,0.0,2.0,78.1,451.6,8.9,1382.0,31
47.5,29945.0,701.0,10702.0,48.5,13.0,2.5,23.0,1,rural,7,3,0.1,0.0,0.0,2.0,78.1,451.6,8.9,1382.0,31
45.0,28473.0,1692.0,9196.0,47.5,13.0,2.5,23.0,1,rural,7,3,0.1,0.0,0.0,2.0,78.1,451.6,8.9,1382.0,31
57.0,28473.0,1692.0,9196.0,80.0,13.0,4.0,27.0,1,rural,7,3,0.1,0.0,0.0,4.0,78.1,451.6,8.9,1382.0,33
71.0,28473.0,1692.0,9196.0,85.0,13.0,4.0,27.0,1,rural,7,3,0.1,0.0,0.0,4.0,78.1,451.6,8.9,1382.0,33
46.0,28473.0,1692.0,9196.0,81.0,13.0,4.5,23.0,1,rural,7,3,0.1,0.0,0.0,2.0,78.1,451.6,8.9,1382.0,33
32.0,27649.0,1341.0,11107.0,57.0,13.0,6.0,23.0,1,rural,7,5,0.1,0.0,0.0,6.0,78.1,451.6,8.9,1382.0,32
31.5,27649.0,1341.0,11107.0,42.0,13.0,6.0,23.0,1,rural,7,5,0.2,0.0,0.0,6.0,78.1,451.6,8.9,1382.0,26
34.5,27649.0,1341.0,11107.0,52.0,13.0,6.0,23.0,1,rural,7,5,0.2,0.0,0.0,6.0,78.1,451.6,8.9,1382.0,26
31.5,27649.0,1341.0,11107.0,49.0,13.0,6.0,43.0,1,rural,7,5,0.1,0.0,0.0,6.0,78.1,451.6,8.9,1382.0,26
34.3,28098.0,1774.0,10614.0,51.0,13.0,6.0,23.0,1,rural,7,3,0.1,3.0,0.0,6.0,78.1,451.6,8.9,1382.0,26
34.0,28098.0,1774.0,10614.0,49.5,13.0,6.0,23.0,1,rural,7,3,0.1,0.5,0.0,6.0,78.1,451.6,8.9,1382.0,26
34.5,28098.0,1774.0,10614.0,51.5,13.0,6.0,43.0,1,rural,7,3,0.1,0.5,0.0,6.0,78.1,451.6,8.9,1382.0,26
30.3,28098.0,1774.0,10614.0,44.3,13.0,6.0,43.0,1,rural,7,3,0.1,0.0,0.0,6.0,78.1,451.6,8.9,1382.0,26
32.0,28098.0,1774.0,10614.0,34.5,0.0,6.0,37.0,1,rural,2,5,0.1,0.0,0.0,2.0,78.1,451.6,8.9,1382.0,25
32.0,28098.0,1774.0,10614.0,35.0,0.0,6.0,37.0,1,rural,2,5,0.1,0.0,0.0,2.0,78.1,451.6,8.9,1382.0,25
39.5,30464.0,1886.0,10903.0,40.0,0.0,6.0,23.0,1,rural,2,5,0.1,0.0,0.0,2.0,78.1,451.6,8.9,1382.0,25
32.0,30464.0,1886.0,10903.0,33.0,0.0,6.0,37.0,1,rural,2,5,0.1,0.0,0.0,2.0,78.1,451.6,8.9,1382.0,25
32.0,30464.0,1886.0,10903.0,35.0,0.0,6.0,37.0,1,rural,2,5,0.1,0.0,0.0,2.0,78.1,451.6,8.9,1382.0,25
31.0,14710.0,918.0,1626.0,104.0,10.0,3.5,8.0,1,urban,7,2,0.1,15.0,0.0,2.0,78.1,451.6,8.9,1382.0,57
38.5,14710.0,918.0,1626.0,125.5,10.0,3.5,8.0,1,rural,7,2,0.2,10.5,0.0,2.0,78.1,451.6,8.9,1382.0,57
49.0,13602.0,912.0,1468.0,120.0,10.0,5.0,18.0,1,rural,7,3,0.2,6.0,0.0,2.0,78.1,451.6,8.9,1382.0,48
46.0,13602.0,912.0,1468.0,120.0,10.0,5.0,18.0,1,rural,7,3,0.2,6.0,0.0,2.0,78.1,451.6,8.9,1382.0,48
49.0,13602.0,912.0,1468.0,107.0,10.0,5.0,18.0,1,rural,7,3,0.1,14.0,0.0,2.0,78.1,451.6,8.9,1382.0,48
46.0,13602.0,912.0,1468.0,107.0,10.0,5.0,18.0,1,rural,7,3,0.1,14.0,0.0,2.0,78.1,451.6,8.9,1382.0,48
38.0,13602.0,912.0,1468.0,80.3,9.0,5.0,21.0,1,rural,7,3,0.1,1.0,0.0,2.0,78.1,451.6,8.9,1382.0,48
33.5,13602.0,912.0,1468.0,76.8,9.0,5.0,21.0,1,rural,7,3,0.1,0.2,0.0,2.0,78.1,451.6,8.9,1382.0,48
41.0,13602.0,912.0,1468.0,50.7,9.0,5.0,21.0,1,rural,7,3,0.1,2.0,0.0,2.0,78.1,451.6,8.9,1382.0,48
33.0,13602.0,912.0,1468.0,85.0,9.0,5.0,21.0,1,rural,7,3,0.1,0.3,0.0,2.0,78.1,451.6,8.9,1382.0,48
32.0,13602.0,912.0,1468.0,107.0,9.0,5.0,21.0,1,rural,7,3,0.2,0.0,0.0,2.0,78.1,451.6,8.9,1382.0,48
67.0,8355.0,531.0,53.0,72.5,9.0,9.0,9.0,4,urban,7,3,0.0,0.0,0.0,2.0,78.1,451.6,8.9,1382.0,72
112.0,3452.0,162.0,13.0,123.0,0.0,6.5,6.0,5,urban,2,2,0.1,5.0,0.0,2.5,78.1,451.6,8.9,1382.0,58
118.0,7576.0,363.0,11.0,179.0,0.0,2.5,13.0,5,urban,2,5,0.1,2.0,0.0,3.0,78.1,451.6,8.9,1382.0,60
116.0,11249.0,223.0,2.0,125.0,0.0,3.5,24.0,5,urban,2,5,0.0,0.0,0.0,9.0,78.1,451.6,8.9,1382.0,125
78.5,23459.0,1458.0,764.0,93.5,0.0,4.0,20.0,2,small urban,2,5,0.2,8.0,0.0,14.0,76.2,326.2,10.1,1295.6,22
96.0,13082.0,144.0,118.0,98.0,8.0,8.5,8.0,3,small urban,7,3,0.2,5.8,0.0,2.5,76.2,326.2,10.1,1295.6,76
46.0,23856.0,1261.0,6895.0,90.0,10.0,4.0,19.0,1,rural,7,3,0.1,3.0,0.0,4.0,77.6,352.9,9.7,1347.0,60
54.8,23856.0,1261.0,6895.0,69.0,10.0,4.0,19.0,1,rural,7,3,0.1,2.0,0.0,4.0,77.6,352.9,9.7,1347.0,60
49.5,23856.0,1261.0,6895.0,62.8,10.0,4.0,19.0,1,rural,7,3,0.1,1.0,0.0,4.0,77.6,352.9,9.7,1347.0,60
47.0,23856.0,1261.0,6895.0,79.0,10.0,4.0,19.0,1,rural,7,3,0.1,1.5,0.0,4.0,77.6,352.9,9.7,1347.0,60
46.0,23856.0,1261.0,6895.0,88.0,10.0,4.0,19.0,1,rural,7,3,0.1,0.3,0.0,4.0,77.6,352.9,9.7,1347.0,60
45.0,23856.0,1261.0,6895.0,80.0,10.0,4.0,19.0,1,rural,7,3,0.1,0.0,0.0,4.0,77.6,352.9,9.7,1347.0,60
49.5,23856.0,1261.0,6895.0,94.5,10.0,4.0,19.0,1,rural,7,3,0.2,3.5,0.0,4.0,77.6,352.9,9.7,1347.0,60
51.0,23856.0,1261.0,6895.0,83.5,10.0,4.0,19.0,1,rural,7,3,0.1,14.0,0.0,4.0,77.6,352.9,9.7,1347.0,60
56.5,23856.0,1261.0,6895.0,82.5,10.0,4.0,19.0,1,rural,7,3,0.1,2.5,0.0,4.0,77.6,352.9,9.7,1347.0,60
56.0,23856.0,1261.0,6895.0,76.5,10.0,4.0,19.0,1,rural,7,3,0.1,1.0,0.0,4.0,77.6,352.9,9.7,1347.0,60
44.5,23856.0,1261.0,6895.0,66.5,10.0,4.0,19.0,1,rural,7,3,0.1,0.0,0.0,4.0,77.6,352.9,9.7,1347.0,60
46.0,23856.0,1261.0,6895.0,68.5,10.0,4.0,19.0,1,rural,7,3,0.1,7.0,0.0,4.0,77.6,352.9,9.7,1347.0,60
44.3,23856.0,1261.0,6895.0,70.7,10.0,4.0,19.0,1,rural,7,3,0.1,0.3,0.0,4.0,77.6,352.9,9.7,1347.0,60
69.0,23856.0,1261.0,6895.0,71.0,10.0,4.0,19.0,1,rural,7,3,0.1,0.0,0.0,4.0,77.6,352.9,9.7,1347.0,60
61.0,23856.0,1261.0,6895.0,88.0,10.0,4.0,19.0,1,rural,7,3,0.1,0.0,0.0,4.0,77.6,352.9,9.7,1347.0,60
58.0,23856.0,1261.0,6895.0,69.0,10.0,7.5,9.0,1,rural,7,2,0.1,0.0,0.0,4.0,77.6,352.9,9.7,1347.0,60
70.0,61975.0,3514.0,8260.0,72.0,10.0,4.5,19.0,1,urban,7,3,0.1,0.0,0.0,4.5,77.6,352.9,9.7,1347.0,63
60.0,61975.0,3514.0,8260.0,61.7,10.0,4.5,19.0,1,urban,7,3,0.1,0.0,0.0,4.5,77.6,352.9,9.7,1347.0,63
78.0,47667.0,1973.0,6363.0,110.0,0.0,5.5,26.0,1,urban,2,5,0.1,2.0,0.0,4.5,77.6,352.9,9.7,1347.0,33
77.0,47667.0,1973.0,6363.0,110.0,0.0,5.5,26.0,1,urban,2,5,0.1,2.0,0.0,4.5,77.6,352.9,9.7,1347.0,33
97.0,49728.0,3643.0,7106.0,102.0,10.0,5.5,6.0,1,urban,7,2,0.1,0.0,0.0,4.5,77.6,352.9,9.7,1347.0,65
74.0,68982.0,5717.0,7515.0,82.0,10.0,4.5,16.0,1,urban,7,3,0.1,0.0,0.0,4.5,77.6,352.9,9.7,1347.0,67
104.0,47559.0,2699.0,5928.0,114.7,10.0,4.5,16.0,1,urban,7,3,0.1,0.3,0.0,4.5,77.6,352.9,9.7,1347.0,67
92.0,47559.0,2699.0,5928.0,96.0,10.0,4.5,16.0,1,urban,7,3,0.1,0.0,0.0,4.5,77.6,352.9,9.7,1347.0,67
101.0,21455.0,1140.0,575.0,104.0,0.0,5.0,10.0,3,urban,2,2,0.1,0.0,0.0,1.5,77.3,280.3,10.6,1358.9,61
170.0,16319.0,397.0,256.0,194.0,0.0,10.0,4.0,3,urban,2,2,0.3,49.0,0.0,1.5,77.3,280.3,10.6,1358.9,72
115.0,16651.0,392.0,108.0,181.5,0.0,1.5,20.0,4,urban,2,5,0.0,2.0,0.0,13.5,77.3,280.3,10.6,1358.9,19
40.0,121434.0,5192.0,6554.0,49.0,9.0,5.0,17.0,1,urban,7,3,0.1,0.0,0.0,2.0,77.3,280.3,10.6,1358.9,51
41.5,121434.0,5192.0,6554.0,42.5,9.0,5.0,17.0,1,urban,7,3,0.1,0.0,0.0,2.0,77.3,280.3,10.6,1358.9,51
45.0,121434.0,5192.0,6554.0,46.0,9.0,5.0,17.0,1,urban,7,3,0.1,0.0,0.0,2.0,77.3,280.3,10.6,1358.9,51
54.0,121207.0,6098.0,5000.0,60.0,12.0,0.0,8.0,1,urban,3,2,0.0,0.0,0.0,12.0,77.3,280.3,10.6,1358.9,34
125.0,6340.0,118.0,9.0,143.0,0.0,6.5,8.0,5,urban,2,2,0.1,0.0,0.0,1.5,77.3,280.3,10.6,1358.9,94
202.0,8513.0,364.0,63.0,254.0,0.0,6.5,10.0,3,urban,2,2,0.2,19.0,0.0,2.0,77.6,352.9,9.7,1347.0,73
169.0,6478.0,193.0,34.0,231.5,8.0,4.0,8.0,3,urban,7,3,0.3,8.5,0.0,1.5,77.6,352.9,9.7,1347.0,105
43.0,28527.0,1365.0,9775.0,44.3,0.0,4.0,40.0,1,rural,2,5,0.1,0.3,0.0,1.5,76.2,296.0,10.5,1308.9,23
44.7,28527.0,1365.0,9775.0,46.3,0.0,4.0,40.0,1,rural,2,5,0.1,0.0,0.0,1.5,76.2,296.0,10.5,1308.9,23
60.0,31711.0,2927.0,9583.0,65.0,0.0,4.0,29.0,1,rural,2,5,0.2,0.0,0.0,21.0,76.2,296.0,10.5,1308.9,21
50.0,31711.0,2927.0,9583.0,65.0,0.0,4.0,29.0,1,rural,2,5,0.2,0.0,0.0,21.0,76.2,296.0,10.5,1308.9,21
44.0,18074.0,1041.0,3787.0,45.0,0.0,8.0,26.0,1,rural,2,5,0.1,0.0,0.0,6.5,76.2,296.0,10.5,1308.9,55
49.0,18074.0,1041.0,3787.0,50.3,0.0,8.0,20.0,1,rural,2,5,0.1,0.0,0.0,6.5,76.2,296.0,10.5,1308.9,55
48.3,18074.0,1041.0,3787.0,51.0,0.0,8.0,26.0,1,rural,2,5,0.1,0.0,0.0,6.5,76.2,296.0,10.5,1308.9,55
46.0,18074.0,1041.0,3787.0,47.5,0.0,8.0,26.0,1,rural,2,5,0.1,0.0,0.0,6.5,76.2,296.0,10.5,1308.9,55
46.0,18074.0,1041.0,3787.0,58.0,0.0,8.0,26.0,1,rural,2,5,0.1,0.0,0.0,6.5,76.2,296.0,10.5,1308.9,55
54.0,18074.0,1041.0,3787.0,58.0,0.0,8.0,26.0,1,rural,2,5,0.1,0.0,0.0,6.5,76.2,296.0,10.5,1308.9,55
51.0,18074.0,1041.0,3787.0,53.0,0.0,8.0,26.0,1,rural,2,5,0.1,0.0,0.0,6.5,76.2,296.0,10.5,1308.9,55
45.5,18074.0,1041.0,3787.0,47.5,0.0,8.0,26.0,1,rural,2,5,0.1,0.0,0.0,6.5,76.2,296.0,10.5,1308.9,55
57.0,15399.0,987.0,3440.0,62.0,0.0,8.0,26.0,1,rural,2,5,0.1,0.0,0.0,6.5,76.2,296.0,10.5,1308.9,55
49.0,15399.0,987.0,3440.0,62.0,0.0,8.0,26.0,1,rural,2,5,0.1,0.0,0.0,6.5,76.2,296.0,10.5,1308.9,55
49.0,15399.0,987.0,3440.0,52.0,0.0,8.0,26.0,1,rural,2,5,0.1,0.0,0.0,6.5,76.2,296.0,10.5,1308.9,55
55.0,15399.0,987.0,3440.0,55.5,0.0,5.5,26.0,1,rural,2,5,0.1,0.0,0.0,2.5,76.2,296.0,10.5,1308.9,54
58.5,15399.0,987.0,3440.0,59.0,0.0,5.5,26.0,1,rural,2,5,0.1,0.5,0.0,2.5,76.2,296.0,10.5,1308.9,54
44.5,15399.0,987.0,3440.0,45.5,0.0,5.5,26.0,1,rural,2,5,0.1,1.5,0.0,2.5,76.2,296.0,10.5,1308.9,54
50.0,15399.0,987.0,3440.0,52.0,0.0,5.5,26.0,1,rural,2,5,0.1,1.0,0.0,2.5,76.2,296.0,10.5,1308.9,54
45.0,15399.0,987.0,3440.0,47.0,0.0,5.5,26.0,1,rural,2,5,0.1,0.0,0.0,2.5,76.2,296.0,10.5,1308.9,54
55.0,16105.0,503.0,2283.0,79.5,10.0,5.0,19.0,2,rural,7,3,0.1,0.0,0.0,2.0,76.2,326.2,10.1,1295.6,57
55.0,16105.0,503.0,2283.0,66.0,10.0,5.0,19.0,2,rural,7,3,0.1,0.0,0.0,2.0,76.2,326.2,10.1,1295.6,57
117.0,294.0,71.0,7.0,128.3,0.0,7.0,8.0,4,rural,2,2,0.2,27.0,0.0,4.0,76.2,326.2,10.1,1295.6,94
78.0,5247.0,172.0,38.0,85.0,0.0,7.5,22.0,4,rural,2,2,0.2,0.0,0.0,3.0,76.2,326.2,10.1,1295.6,58
68.0,1739.0,73.0,31.0,102.0,0.0,5.5,10.0,4,rural,2,2,0.4,0.0,0.0,1.0,78.7,542.1,7.9,1294.6,77
84.0,17478.0,782.0,767.0,101.0,0.0,4.0,17.0,3,small urban,2,5,0.2,18.7,0.0,2.5,77.2,299.4,10.4,1358.6,37
78.0,24625.0,1460.0,6696.0,121.0,0.0,7.0,27.0,1,rural,2,5,0.1,5.0,0.0,2.5,77.2,299.4,10.4,1358.6,57
59.0,24625.0,1460.0,6696.0,60.0,0.0,7.0,27.0,1,rural,2,5,0.2,16.0,0.0,2.5,77.2,299.4,10.4,1358.6,57
78.0,24625.0,1460.0,6696.0,79.0,0.0,7.0,27.0,1,rural,2,5,0.1,39.0,0.0,2.5,77.2,299.4,10.4,1358.6,57
66.0,25726.0,991.0,6090.0,71.0,0.0,7.0,25.0,1,rural,2,5,0.1,1.0,0.0,2.5,77.2,299.4,10.4,1358.6,56
115.0,25726.0,991.0,6090.0,135.0,0.0,6.5,25.0,1,rural,2,5,0.2,49.0,0.0,2.0,77.2,299.4,10.4,1358.6,56
66.0,25726.0,991.0,6090.0,73.0,0.0,6.5,25.0,1,rural,2,5,0.1,15.0,0.0,2.0,77.2,299.4,10.4,1358.6,56
40.3,23957.0,2502.0,6302.0,41.0,0.0,4.0,30.0,1,rural,2,5,0.1,0.0,0.0,3.0,77.2,299.4,10.4,1358.6,31
39.5,23957.0,2502.0,6302.0,42.3,0.0,4.0,30.0,1,rural,2,5,0.1,0.0,0.0,3.0,77.2,299.4,10.4,1358.6,31
63.0,26071.0,2482.0,6347.0,91.0,0.0,4.0,30.0,1,rural,2,5,0.2,28.0,0.0,2.0,77.2,299.4,10.4,1358.6,31
54.0,26071.0,2482.0,6347.0,136.0,0.0,4.0,30.0,1,rural,2,5,0.2,38.7,0.0,2.0,77.2,299.4,10.4,1358.6,31
46.7,26071.0,2482.0,6347.0,119.0,0.0,4.0,30.0,1,rural,2,5,0.2,23.3,0.0,2.0,77.2,299.4,10.4,1358.6,31
38.5,26071.0,2482.0,6347.0,83.0,0.0,4.0,30.0,1,rural,2,5,0.1,18.0,0.0,2.0,77.2,299.4,10.4,1358.6,31
37.0,26071.0,2482.0,6347.0,79.5,0.0,4.0,30.0,1,rural,2,5,0.1,14.0,0.0,2.0,77.2,299.4,10.4,1358.6,31
37.3,26071.0,2482.0,6347.0,69.3,0.0,4.0,30.0,1,rural,2,5,0.1,6.7,0.0,2.0,77.2,299.4,10.4,1358.6,31
38.0,26071.0,2482.0,6347.0,75.7,0.0,4.0,30.0,1,rural,2,5,0.1,6.7,0.0,2.0,77.2,299.4,10.4,1358.6,31
43.3,26071.0,2482.0,6347.0,77.3,0.0,4.0,30.0,1,rural,2,5,0.1,10.0,0.0,2.0,77.2,299.4,10.4,1358.6,31
40.0,26071.0,2482.0,6347.0,77.0,0.0,4.0,30.0,1,rural,2,5,0.1,23.5,0.0,2.0,77.2,299.4,10.4,1358.6,31
41.3,26071.0,2482.0,6347.0,96.0,0.0,3.5,26.0,1,rural,2,5,0.1,20.3,0.0,2.0,77.2,299.4,10.4,1358.6,34
57.0,26071.0,2482.0,6347.0,119.0,10.0,4.5,9.0,1,rural,7,2,0.1,20.0,0.0,4.5,77.2,299.4,10.4,1358.6,57
53.3,25033.0,1637.0,7436.0,105.7,0.0,3.5,26.0,1,small urban,2,5,0.2,26.0,0.0,4.5,77.2,299.4,10.4,1358.6,34
44.0,25033.0,1637.0,7436.0,116.3,0.0,3.5,26.0,1,small urban,2,5,0.2,32.7,0.0,4.5,77.2,299.4,10.4,1358.6,34
44.3,25033.0,1637.0,7436.0,119.7,0.0,3.5,26.0,1,small urban,2,5,0.1,28.7,0.0,4.5,77.2,299.4,10.4,1358.6,34
51.0,25033.0,1637.0,7436.0,93.0,0.0,3.5,26.0,1,small urban,2,5,0.2,11.0,0.0,4.5,77.2,299.4,10.4,1358.6,34
45.7,25033.0,1637.0,7436.0,122.0,0.0,3.5,26.0,1,rural,2,5,0.1,19.7,0.0,4.5,77.2,299.4,10.4,1358.6,34
43.0,25033.0,1637.0,7436.0,89.0,0.0,3.5,26.0,1,rural,2,5,0.1,23.7,0.0,4.5,77.2,299.4,10.4,1358.6,35
39.7,25033.0,1637.0,7436.0,88.7,0.0,5.5,26.0,1,rural,2,5,0.1,19.7,0.0,4.5,77.2,299.4,10.4,1358.6,35
41.5,25033.0,1637.0,7436.0,125.0,0.0,5.5,26.0,1,rural,2,5,0.3,33.7,0.0,4.5,77.2,299.4,10.4,1358.6,35
53.0,25033.0,1637.0,7436.0,201.7,0.0,3.5,26.0,1,rural,2,5,0.4,35.3,0.0,4.5,77.2,299.4,10.4,1358.6,35
43.8,25033.0,1637.0,7436.0,163.2,0.0,3.5,26.0,1,rural,2,5,0.4,32.5,0.0,4.5,77.2,299.4,10.4,1358.6,35
42.0,25033.0,1637.0,7436.0,121.0,0.0,3.5,26.0,1,rural,2,5,0.2,24.5,0.0,4.5,77.2,299.4,10.4,1358.6,35
40.8,25033.0,1637.0,7436.0,244.2,0.0,3.5,26.0,1,rural,2,5,0.3,44.0,0.0,4.5,77.2,299.4,10.4,1358.6,35
45.5,25033.0,1637.0,7436.0,185.0,0.0,3.5,26.0,1,rural,2,5,0.2,44.5,0.0,4.5,77.2,299.4,10.4,1358.6,35
48.5,25427.0,2208.0,6040.0,73.7,10.0,5.5,9.0,1,rural,7,2,0.1,0.3,0.0,5.5,77.2,299.4,10.4,1358.6,57
44.2,25427.0,2208.0,6040.0,46.0,0.0,5.5,19.0,1,rural,2,3,0.1,0.0,0.0,5.5,77.2,299.4,10.4,1358.6,35
53.5,25427.0,2208.0,6040.0,71.5,10.0,5.5,19.0,1,rural,7,3,0.1,0.5,0.0,5.5,77.2,299.4,10.4,1358.6,58
70.0,25427.0,2208.0,6040.0,94.0,10.0,5.5,19.0,1,rural,7,3,0.1,6.0,0.0,5.5,77.2,299.4,10.4,1358.6,58
45.0,24988.0,2275.0,6061.0,74.0,10.0,5.5,19.0,1,rural,7,3,0.1,0.0,0.0,5.5,77.2,299.4,10.4,1358.6,58
66.0,24988.0,2275.0,6061.0,74.0,10.0,5.5,19.0,1,rural,7,3,0.1,0.0,0.0,5.5,77.2,299.4,10.4,1358.6,58
45.0,24988.0,2275.0,6061.0,92.0,10.0,5.5,19.0,1,rural,7,3,0.1,4.0,0.0,5.5,77.2,299.4,10.4,1358.6,58
66.0,24988.0,2275.0,6061.0,92.0,10.0,5.5,19.0,1,rural,7,3,0.1,4.0,0.0,5.5,77.2,299.4,10.4,1358.6,58
54.0,24988.0,2275.0,6061.0,91.0,10.0,5.5,19.0,1,rural,7,3,0.1,11.0,0.0,5.5,77.2,299.4,10.4,1358.6,58
85.0,24988.0,2275.0,6061.0,91.0,10.0,5.5,19.0,1,rural,7,3,0.1,11.0,0.0,5.5,77.2,299.4,10.4,1358.6,58
54.0,24988.0,2275.0,6061.0,135.0,10.0,5.5,19.0,1,rural,7,3,0.1,0.0,0.0,5.5,77.2,299.4,10.4,1358.6,58
85.0,24988.0,2275.0,6061.0,135.0,10.0,5.5,19.0,1,rural,7,3,0.1,0.0,0.0,5.5,77.2,299.4,10.4,1358.6,58
59.2,24988.0,2275.0,6061.0,83.8,10.0,5.5,19.0,1,rural,7,3,0.1,0.0,0.0,5.5,77.2,299.4,10.4,1358.6,58
64.8,24988.0,2275.0,6061.0,73.2,10.0,5.5,19.0,1,rural,7,3,0.1,5.2,0.0,5.5,77.2,299.4,10.4,1358.6,58
65.5,24988.0,2275.0,6061.0,74.5,10.0,5.5,19.0,1,rural,7,3,0.1,7.2,0.0,5.5,77.2,299.4,10.4,1358.6,58
57.7,24988.0,2275.0,6061.0,94.3,10.0,5.5,19.0,1,rural,7,3,0.1,0.3,0.0,5.5,77.2,299.4,10.4,1358.6,57
53.3,24988.0,2275.0,6061.0,86.0,10.0,5.5,19.0,1,rural,7,3,0.1,0.2,0.0,5.5,77.2,299.4,10.4,1358.6,57
49.0,24988.0,2275.0,6061.0,55.0,10.0,5.5,19.0,1,rural,7,3,0.1,0.0,0.0,5.5,77.2,299.4,10.4,1358.6,57
50.2,27278.0,2295.0,12108.0,59.5,10.0,5.5,19.0,1,rural,7,3,0.1,0.0,0.0,5.5,77.2,299.4,10.4,1358.6,57
56.2,27278.0,2295.0,12108.0,69.2,10.0,5.5,19.0,1,rural,7,3,0.1,0.2,0.0,5.5,77.2,299.4,10.4,1358.6,57
49.0,27278.0,2295.0,12108.0,67.7,10.0,5.5,19.0,1,rural,7,3,0.1,0.0,0.0,5.5,77.2,299.4,10.4,1358.6,57
216.0,14191.0,1665.0,556.0,217.0,9.0,3.0,9.0,3,urban,7,3,0.1,1.0,0.0,1.5,77.2,299.4,10.4,1358.6,72
132.8,6374.0,516.0,294.0,140.8,0.0,7.5,10.0,3,small urban,2,2,0.4,4.0,0.0,1.5,76.8,377.6,9.5,1302.6,76
61.5,23739.0,1036.0,6211.0,144.0,0.0,10.0,20.0,1,rural,2,3,0.1,2.0,0.0,2.5,79.0,516.1,8.1,1394.0,39
61.5,23739.0,1036.0,6211.0,85.5,0.0,10.0,20.0,1,rural,2,3,0.1,7.0,0.0,2.5,79.0,516.1,8.1,1394.0,39
48.0,23739.0,1036.0,6211.0,83.5,0.0,10.0,20.0,1,rural,2,3,0.2,18.0,0.0,2.5,79.0,516.1,8.1,1394.0,39
77.0,23739.0,1036.0,6211.0,90.0,0.0,10.0,20.0,1,rural,2,3,0.2,34.0,0.0,2.5,79.0,516.1,8.1,1394.0,39
44.5,23739.0,1036.0,6211.0,74.5,0.0,10.0,20.0,1,rural,2,3,0.2,13.0,0.0,2.5,79.0,516.1,8.1,1394.0,39
49.0,23739.0,1036.0,6211.0,58.0,0.0,10.0,20.0,1,rural,2,3,0.2,1.5,0.0,2.5,79.0,516.1,8.1,1394.0,39
49.0,23739.0,1036.0,6211.0,61.0,0.0,10.0,20.0,1,rural,2,3,0.2,3.0,0.0,2.5,79.0,516.1,8.1,1394.0,39
46.0,23739.0,1036.0,6211.0,55.0,0.0,10.0,20.0,1,rural,2,3,0.2,2.0,0.0,2.5,79.0,516.1,8.1,1394.0,39
53.0,23739.0,1036.0,6211.0,57.0,0.0,10.0,20.0,1,rural,2,3,0.2,0.0,0.0,2.5,79.0,516.1,8.1,1394.0,40
41.0,23739.0,1036.0,6211.0,115.0,0.0,10.0,20.0,1,rural,2,3,0.2,33.0,0.0,2.5,79.0,516.1,8.1,1394.0,39
106.0,1555.0,259.0,78.0,110.0,0.0,9.0,10.0,4,rural,2,2,0.0,7.0,0.0,2.0,79.0,516.1,8.1,1394.0,77
53.0,2962.0,827.0,224.0,90.0,9.0,5.0,6.0,3,rural,7,2,0.2,0.0,0.0,5.0,78.1,520.3,8.1,1384.8,57
71.0,2859.0,215.0,128.0,73.0,0.0,13.5,8.0,4,rural,2,2,0.2,6.0,0.0,2.5,78.1,520.3,8.1,1384.8,94
46.0,21331.0,821.0,8827.0,47.5,0.0,4.0,42.0,1,rural,2,5,0.1,0.0,0.0,2.5,77.1,370.5,9.6,1309.1,32
51.0,21331.0,821.0,8827.0,55.0,0.0,4.0,29.0,1,rural,2,5,0.1,0.0,0.0,21.0,77.1,370.5,9.6,1309.1,31
74.0,28384.0,930.0,10664.0,78.0,0.0,4.0,24.0,1,small urban,2,5,0.1,0.0,0.0,2.5,77.1,370.5,9.6,1309.1,23
50.0,24084.0,1271.0,11148.0,51.7,10.0,4.0,8.0,1,rural,7,2,0.1,0.0,0.0,1.5,78.8,496.7,8.4,1374.0,60
50.0,24084.0,1271.0,11148.0,53.5,10.0,4.0,8.0,1,rural,7,2,0.1,0.0,0.0,1.5,78.8,496.7,8.4,1374.0,60
43.0,21379.0,1031.0,9556.0,80.0,13.0,4.0,23.0,1,rural,7,3,0.2,0.0,0.0,4.0,78.8,496.7,8.4,1374.0,36
35.0,21379.0,1031.0,9556.0,81.0,13.0,4.0,31.0,1,rural,7,3,0.2,0.0,0.0,4.0,78.8,496.7,8.4,1374.0,36
43.0,21379.0,1031.0,9556.0,73.0,13.0,4.0,31.0,1,rural,7,3,0.2,0.0,0.0,4.0,78.8,496.7,8.4,1374.0,36
35.0,21379.0,1031.0,9556.0,65.0,13.0,4.0,31.0,1,rural,7,3,0.2,0.0,0.0,4.0,78.8,496.7,8.4,1374.0,36
37.0,21379.0,1031.0,9556.0,87.0,13.0,4.0,31.0,1,rural,7,3,0.2,0.0,0.0,4.0,78.8,496.7,8.4,1374.0,36
65.0,21379.0,1031.0,9556.0,76.0,13.0,4.0,23.0,1,rural,7,3,0.1,0.0,0.0,4.0,78.8,496.7,8.4,1374.0,36
46.0,21379.0,1031.0,9556.0,78.0,13.0,4.0,31.0,1,rural,7,3,0.2,0.0,0.0,4.0,78.8,496.7,8.4,1374.0,36
43.0,21379.0,1031.0,9556.0,126.0,13.0,4.0,23.0,1,rural,7,3,0.2,0.0,0.0,4.0,78.8,496.7,8.4,1374.0,36
43.0,21379.0,1031.0,9556.0,80.0,13.0,4.0,31.0,1,rural,7,3,0.2,0.0,0.0,4.0,78.8,496.7,8.4,1374.0,36
43.0,21379.0,1031.0,9556.0,106.0,13.0,4.0,31.0,1,rural,7,3,0.2,0.0,0.0,4.0,78.8,496.7,8.4,1374.0,36
57.0,21379.0,1031.0,9556.0,93.0,13.0,4.0,31.0,1,rural,7,3,0.2,0.0,0.0,4.0,78.8,496.7,8.4,1374.0,36
56.5,4584.0,176.0,99.0,57.0,8.0,5.5,8.0,3,rural,7,3,0.1,0.0,0.0,2.0,78.8,496.7,8.4,1374.0,61
55.0,2932.0,88.0,294.0,161.0,5.0,7.5,15.0,3,small urban,7,2,0.3,9.0,0.0,2.0,78.8,496.7,8.4,1374.0,125
45.5,3066.0,117.0,282.0,136.0,8.0,5.0,19.0,3,rural,7,3,0.3,31.0,0.0,2.0,78.8,496.7,8.4,1374.0,125
204.0,8691.0,300.0,135.0,226.0,6.0,12.0,6.0,3,small urban,7,3,0.1,0.0,0.0,3.5,78.8,496.7,8.4,1374.0,125
98.5,957.0,30.0,27.0,167.5,0.0,8.5,9.0,4,rural,2,2,0.4,3.0,0.0,1.5,78.8,496.7,8.4,1374.0,72
199.3,300.0,28.0,4.0,200.5,0.0,6.0,6.0,5,rural,2,2,0.2,0.0,0.0,2.0,78.8,496.7,8.4,1374.0,125
36.0,34571.0,124.0,1950.0,62.0,13.0,5.0,21.0,1,rural,7,3,0.2,0.0,0.0,4.5,76.2,315.7,10.5,1319.7,36
39.7,32510.0,3552.0,10038.0,72.0,13.0,5.0,21.0,1,rural,7,3,0.2,0.7,0.0,4.5,76.2,315.7,10.5,1319.7,36
41.8,32510.0,3552.0,10038.0,91.2,13.0,5.0,21.0,1,rural,7,3,0.2,2.0,0.0,4.5,76.2,315.7,10.5,1319.7,36
41.0,32510.0,3552.0,10038.0,92.7,13.0,5.0,21.0,1,rural,7,3,0.2,0.0,0.0,4.5,76.2,315.7,10.5,1319.7,36
48.2,32510.0,3552.0,10038.0,62.0,13.0,5.0,21.0,1,rural,7,3,0.2,0.0,0.0,4.5,76.2,315.7,10.5,1319.7,36
44.7,32510.0,3552.0,10038.0,65.5,13.0,5.0,21.0,1,rural,7,3,0.2,0.0,0.0,4.5,76.2,315.7,10.5,1319.7,36
40.0,32510.0,3552.0,10038.0,75.0,13.0,5.0,21.0,1,rural,7,3,0.2,0.0,0.0,4.5,76.2,315.7,10.5,1319.7,36
57.0,32510.0,3552.0,10038.0,75.0,13.0,5.0,21.0,1,rural,7,3,0.2,0.0,0.0,4.5,76.2,315.7,10.5,1319.7,36
40.0,32510.0,3552.0,10038.0,53.0,13.0,5.0,21.0,1,rural,7,3,0.2,0.0,0.0,4.5,76.2,315.7,10.5,1319.7,36
50.0,32510.0,3552.0,10038.0,81.0,13.0,5.0,21.0,1,rural,7,3,0.2,0.0,0.0,4.5,76.2,315.7,10.5,1319.7,36
55.0,32510.0,3552.0,10038.0,81.0,13.0,5.0,21.0,1,rural,7,3,0.2,0.0,0.0,4.5,76.2,315.7,10.5,1319.7,36
50.0,32510.0,3552.0,10038.0,97.0,13.0,5.0,21.0,1,rural,7,3,0.3,0.0,0.0,4.5,76.2,315.7,10.5,1319.7,36
55.0,32510.0,3552.0,10038.0,97.0,13.0,5.0,21.0,1,rural,7,3,0.3,0.0,0.0,4.5,76.2,315.7,10.5,1319.7,36
41.0,32510.0,3552.0,10038.0,71.0,10.0,8.0,16.0,1,rural,7,3,0.2,0.0,0.0,2.0,76.2,315.7,10.5,1319.7,62
36.0,34156.0,2713.0,8594.0,60.0,10.0,8.0,16.0,1,rural,7,3,0.2,0.0,0.0,2.0,76.2,315.7,10.5,1319.7,62
33.0,34156.0,2713.0,8594.0,75.0,10.0,8.0,16.0,1,rural,7,3,0.2,0.0,0.0,2.0,76.2,315.7,10.5,1319.7,62
52.5,34156.0,2713.0,8594.0,83.5,10.0,6.5,16.0,1,rural,7,3,0.2,0.0,0.0,2.0,76.2,315.7,10.5,1319.7,62
35.0,34156.0,2713.0,8594.0,77.0,10.0,6.5,16.0,1,rural,7,3,0.2,0.0,0.0,2.0,76.2,315.7,10.5,1319.7,62
35.0,34156.0,2713.0,8594.0,64.0,10.0,6.5,16.0,1,rural,7,3,0.2,0.0,0.0,2.0,76.2,315.7,10.5,1319.7,62
35.0,34156.0,2713.0,8594.0,72.0,10.0,6.5,16.0,1,rural,7,3,0.2,0.0,0.0,2.0,76.2,315.7,10.5,1319.7,62
37.0,34156.0,2713.0,8594.0,45.0,10.0,6.5,16.0,1,rural,7,3,0.1,0.0,0.0,2.0,76.2,315.7,10.5,1319.7,62
99.0,34156.0,2713.0,8594.0,104.0,10.0,10.0,16.0,1,rural,7,3,0.1,0.0,0.0,4.0,76.2,315.7,10.5,1319.7,62
91.0,39640.0,3957.0,9066.0,94.0,10.0,14.0,16.0,1,urban,7,3,0.2,0.0,0.0,4.0,76.2,315.7,10.5,1319.7,32
85.0,32812.0,171.0,2128.0,118.0,13.0,4.0,10.0,1,urban,7,2,0.2,0.0,0.0,4.0,76.2,315.7,10.5,1319.7,32
71.0,52452.0,345.0,3722.0,186.0,13.0,5.0,10.0,1,urban,7,2,0.1,0.0,0.0,5.0,76.2,315.7,10.5,1319.7,30
96.0,33367.0,3716.0,8199.0,127.3,10.0,6.5,16.0,1,urban,7,3,0.1,0.7,0.0,4.0,76.2,315.7,10.5,1319.7,63
113.0,33367.0,3716.0,8199.0,144.0,9.0,8.0,15.0,1,urban,7,3,0.2,1.7,0.0,4.0,76.2,315.7,10.5,1319.7,66
85.0,33367.0,3716.0,8199.0,140.0,9.0,8.0,15.0,1,urban,7,3,0.2,2.0,0.0,4.0,76.2,315.7,10.5,1319.7,66
54.0,32830.0,3390.0,6521.0,57.0,0.0,11.0,18.0,1,rural,2,2,0.2,0.0,0.0,4.0,76.2,315.7,10.5,1319.7,60
57.3,32830.0,3390.0,6521.0,65.3,0.0,11.0,18.0,1,rural,2,2,0.2,3.0,0.0,4.0,76.2,315.7,10.5,1319.7,60
50.5,32830.0,3390.0,6521.0,59.0,0.0,11.0,18.0,1,rural,2,2,0.2,0.5,0.0,4.0,76.2,315.7,10.5,1319.7,60
43.5,32830.0,3390.0,6521.0,55.0,0.0,11.0,18.0,1,rural,2,2,0.3,8.0,0.0,4.0,76.2,315.7,10.5,1319.7,60
38.5,35431.0,3398.0,6567.0,52.0,0.0,14.0,18.0,1,rural,2,2,0.2,0.0,0.0,4.0,76.2,315.7,10.5,1319.7,64
41.3,35431.0,3398.0,6567.0,48.0,0.0,14.0,18.0,1,rural,2,2,0.2,0.0,0.0,4.0,76.2,315.7,10.5,1319.7,64
76.7,28250.0,1834.0,4857.0,82.7,0.0,9.5,18.0,1,rural,2,2,0.2,0.0,0.0,4.0,76.2,315.7,10.5,1319.7,64
74.7,28250.0,1834.0,4857.0,79.0,9.0,4.0,15.0,1,rural,7,3,0.2,0.0,0.0,4.0,76.2,315.7,10.5,1319.7,64
68.3,28250.0,1834.0,4857.0,79.0,9.0,3.5,15.0,1,rural,7,3,0.0,0.0,0.0,4.0,76.2,315.7,10.5,1319.7,64
56.0,28250.0,1834.0,4857.0,85.0,9.0,3.5,15.0,1,urban,7,3,0.0,0.0,0.0,4.0,76.2,315.7,10.5,1319.7,76
45.0,28250.0,1834.0,4857.0,85.0,9.0,3.5,15.0,1,urban,7,3,0.0,0.0,0.0,4.0,76.2,315.7,10.5,1319.7,76
56.0,28250.0,1834.0,4857.0,85.0,9.0,3.5,15.0,1,urban,7,3,0.0,0.0,0.0,4.0,76.2,315.7,10.5,1319.7,76
45.0,28250.0,1834.0,4857.0,85.0,9.0,3.5,15.0,1,urban,7,3,0.0,0.0,0.0,4.0,76.2,315.7,10.5,1319.7,76
56.3,28250.0,1834.0,4857.0,85.0,9.0,3.5,15.0,1,urban,7,3,0.2,0.0,0.0,4.0,76.2,315.7,10.5,1319.7,64
40.5,28250.0,1834.0,4857.0,60.5,9.0,3.5,15.0,1,urban,7,3,0.2,0.0,0.0,4.0,76.2,315.7,10.5,1319.7,64
46.3,28250.0,1834.0,4857.0,59.0,9.0,3.5,15.0,1,urban,7,3,0.0,0.0,0.0,4.0,76.2,315.7,10.5,1319.7,64
48.5,24271.0,1661.0,4687.0,53.8,9.0,6.0,15.0,1,urban,7,3,0.1,0.0,0.0,4.0,76.2,315.7,10.5,1319.7,64
66.0,24271.0,1661.0,4687.0,102.5,9.0,6.5,15.0,1,urban,7,3,0.2,0.0,0.0,4.0,76.2,315.7,10.5,1319.7,64
88.0,25983.0,3348.0,5363.0,95.0,9.0,6.5,15.0,1,rural,7,3,0.2,0.5,0.0,4.0,76.2,315.7,10.5,1319.7,64
103.7,33153.0,4269.0,6837.0,146.7,9.0,6.5,15.0,1,rural,7,3,0.2,0.3,0.0,4.0,76.2,315.7,10.5,1319.7,64
108.2,33153.0,4269.0,6837.0,114.8,9.0,6.5,15.0,1,rural,7,3,0.2,0.2,0.0,4.0,76.2,315.7,10.5,1319.7,64
99.0,33153.0,4269.0,6837.0,156.6,9.0,6.5,15.0,1,rural,7,3,0.1,0.0,0.0,4.0,76.2,315.7,10.5,1319.7,64
79.0,35415.0,2937.0,4897.0,138.0,9.0,4.0,15.0,1,urban,7,3,0.1,0.0,0.0,4.0,76.2,315.7,10.5,1319.7,64
65.5,35415.0,2937.0,4897.0,140.0,13.0,0.0,8.0,1,urban,3,2,0.0,0.0,0.0,13.0,76.2,315.7,10.5,1319.7,33
65.5,35415.0,2937.0,4897.0,121.5,13.0,0.0,8.0,1,urban,3,2,0.0,0.0,0.0,13.0,76.2,315.7,10.5,1319.7,33
54.3,29389.0,3291.0,3397.0,55.3,0.0,4.5,32.0,1,rural,2,5,0.3,0.3,0.0,16.5,76.2,315.7,10.5,1319.7,24
39.0,29389.0,3291.0,3397.0,52.5,0.0,4.5,32.0,1,rural,2,5,0.2,0.5,0.0,16.5,76.2,315.7,10.5,1319.7,24
60.0,29389.0,3291.0,3397.0,75.0,0.0,4.5,32.0,1,rural,2,5,0.3,0.0,0.0,16.5,76.2,315.7,10.5,1319.7,24
39.5,29389.0,3291.0,3397.0,41.0,0.0,4.5,32.0,1,rural,2,5,0.1,0.0,0.0,16.5,76.2,315.7,10.5,1319.7,24
41.0,33241.0,3406.0,3725.0,43.0,0.0,4.5,32.0,1,rural,2,5,0.2,0.0,0.0,16.5,76.2,315.7,10.5,1319.7,24
41.0,33241.0,3406.0,3725.0,87.0,12.0,3.0,32.0,1,rural,7,5,0.2,0.0,0.0,2.0,76.2,315.7,10.5,1319.7,35
34.0,33241.0,3406.0,3725.0,51.0,12.0,3.0,32.0,1,rural,7,5,0.2,0.0,0.0,2.0,76.2,315.7,10.5,1319.7,35
136.0,29959.0,2670.0,3872.0,137.0,12.0,0.0,32.0,1,urban,3,2,0.0,0.0,0.0,12.0,76.2,315.7,10.5,1319.7,35
121.5,55824.0,4546.0,4613.0,126.0,12.0,0.0,8.0,1,urban,3,2,0.0,0.0,0.0,12.0,76.2,315.7,10.5,1319.7,35
128.5,55824.0,4546.0,4613.0,133.5,12.0,0.0,8.0,1,urban,3,2,0.0,0.0,0.0,12.0,76.2,315.7,10.5,1319.7,35
59.0,58639.0,4338.0,4399.0,70.0,12.0,0.0,8.0,1,urban,3,2,0.0,0.0,0.0,12.0,76.2,315.7,10.5,1319.7,35
42.0,64817.0,4844.0,4312.0,64.0,13.0,5.0,10.0,1,urban,7,2,0.1,0.0,0.0,5.0,76.2,315.7,10.5,1319.7,31
57.0,64004.0,4792.0,4921.0,64.0,12.0,0.0,20.0,1,urban,3,2,0.0,0.0,0.0,12.0,76.2,315.7,10.5,1319.7,28
53.0,49637.0,3037.0,4203.0,54.0,12.0,0.0,20.0,1,urban,3,2,0.0,0.0,0.0,12.0,76.2,315.7,10.5,1319.7,28
47.0,62203.0,3671.0,4541.0,52.0,12.0,0.0,20.0,1,urban,3,2,0.0,0.0,0.0,12.0,76.2,315.7,10.5,1319.7,28
41.0,62203.0,3671.0,4541.0,52.0,12.0,0.0,20.0,1,urban,3,2,0.0,0.0,0.0,12.0,76.2,315.7,10.5,1319.7,28
41.0,62203.0,3671.0,4541.0,46.0,12.0,0.0,20.0,1,urban,3,2,0.0,0.0,0.0,12.0,76.2,315.7,10.5,1319.7,28
51.0,62203.0,3671.0,4541.0,84.0,12.0,5.0,20.0,1,urban,7,2,0.1,0.0,0.0,5.0,76.2,315.7,10.5,1319.7,31
43.0,62203.0,3671.0,4541.0,44.0,12.0,5.0,8.0,1,urban,7,2,0.1,0.0,0.0,5.0,76.2,315.7,10.5,1319.7,31
117.0,68296.0,6405.0,6389.0,120.0,12.0,0.0,12.0,1,urban,3,2,0.0,0.0,0.0,12.0,76.2,315.7,10.5,1319.7,28
108.0,68296.0,6405.0,6389.0,112.0,12.0,0.0,12.0,1,urban,3,2,0.0,0.0,0.0,12.0,76.2,315.7,10.5,1319.7,28
94.5,9933.0,289.0,108.0,121.5,6.0,4.0,10.0,3,urban,7,3,0.2,6.0,0.0,2.0,76.2,315.7,10.5,1319.7,89
72.0,2619.0,185.0,90.0,72.3,0.0,28.0,6.0,4,urban,2,5,0.0,0.0,0.0,2.0,76.2,315.7,10.5,1319.7,91
60.5,2619.0,185.0,90.0,64.0,0.0,26.0,10.0,4,urban,2,5,0.0,0.0,0.0,2.0,76.2,315.7,10.5,1319.7,90
150.0,1654.0,28.0,72.0,158.5,0.0,8.0,5.0,5,rural,2,2,0.0,0.0,0.0,2.0,76.2,315.7,10.5,1319.7,83
91.0,5528.0,150.0,16.0,291.0,0.0,9.0,8.0,5,urban,2,2,0.1,4.0,0.0,2.0,76.2,315.7,10.5,1319.7,64
91.0,5528.0,150.0,16.0,242.0,0.0,9.0,8.0,5,urban,2,2,0.1,4.0,0.0,2.0,76.2,315.7,10.5,1319.7,64
180.0,646.0,21.0,25.0,200.0,0.0,6.5,1.0,5,urban,2,5,0.1,3.0,0.0,1.5,76.2,315.7,10.5,1319.7,90
176.7,5079.0,100.0,256.0,183.3,0.0,8.8,15.0,4,urban,2,5,0.2,30.7,0.0,1.0,76.2,315.7,10.5,1319.7,85
129.0,718.0,32.0,1.0,165.0,9.0,5.5,9.0,5,urban,7,3,0.0,1.0,0.0,2.0,76.2,315.7,10.5,1319.7,75
149.0,1096.0,32.0,1.0,150.0,0.0,7.0,8.0,5,urban,2,2,0.1,1.0,0.0,2.5,76.2,315.7,10.5,1319.7,72
118.5,3270.0,45.0,16.0,124.0,6.0,7.5,7.0,5,urban,7,3,0.0,0.0,0.0,2.5,76.2,315.7,10.5,1319.7,97
100.2,2357.0,63.0,31.0,104.8,6.0,7.5,7.0,5,rural,7,3,0.0,0.0,0.0,2.5,76.2,315.7,10.5,1319.7,97
218.0,1260.0,20.0,0.0,271.0,0.0,8.5,8.0,5,urban,2,2,0.3,1.0,0.0,1.5,76.2,315.7,10.5,1319.7,79
120.0,1536.0,88.0,18.0,198.7,0.0,5.0,12.0,5,rural,2,2,0.2,5.0,0.0,2.0,78.5,465.1,8.6,1266.5,75
69.0,13539.0,76.0,805.0,94.0,9.0,2.5,15.0,3,rural,7,3,0.1,0.0,0.0,3.5,77.2,390.2,9.5,1399.2,63
61.3,13539.0,76.0,805.0,82.3,9.0,2.5,15.0,3,urban,7,3,0.1,0.0,0.0,3.5,77.2,390.2,9.5,1399.2,63
51.5,17968.0,1163.0,541.0,78.0,9.0,2.5,10.0,3,urban,7,3,0.1,12.0,0.0,2.0,77.2,390.2,9.5,1399.2,63
52.0,20673.0,570.0,468.0,54.0,9.0,3.0,15.0,3,urban,7,3,0.1,0.0,0.0,2.0,77.2,390.2,9.5,1399.2,66
128.0,34626.0,2156.0,4145.0,153.0,9.0,0.0,15.0,1,urban,3,3,0.0,0.0,0.0,1.5,77.2,390.2,9.5,1399.2,26
69.5,32790.0,2257.0,4580.0,99.0,0.0,10.5,18.0,1,urban,2,2,0.1,0.0,0.0,2.0,77.2,390.2,9.5,1399.2,70
107.5,32295.0,362.0,2221.0,118.0,0.0,10.5,18.0,1,urban,2,2,0.2,0.5,0.0,2.0,77.2,390.2,9.5,1399.2,71
53.0,32295.0,362.0,2221.0,56.0,0.0,10.5,18.0,1,urban,2,2,0.3,0.0,0.0,2.0,77.2,390.2,9.5,1399.2,71
47.0,32295.0,362.0,2221.0,57.0,0.0,10.5,18.0,1,urban,2,2,0.2,0.0,0.0,2.0,77.2,390.2,9.5,1399.2,71
58.0,32295.0,362.0,2221.0,67.0,0.0,10.5,18.0,1,urban,2,2,0.3,0.0,0.0,2.0,77.2,390.2,9.5,1399.2,71
55.5,44917.0,2008.0,3960.0,70.0,0.0,10.5,18.0,1,urban,2,2,0.1,0.0,0.0,2.0,77.2,390.2,9.5,1399.2,71
55.5,44917.0,2008.0,3960.0,72.0,0.0,10.5,18.0,1,urban,2,2,0.2,0.0,0.0,2.0,77.2,390.2,9.5,1399.2,71
54.0,44917.0,2008.0,3960.0,60.0,0.0,10.5,18.0,1,urban,2,2,0.2,0.0,0.0,2.0,77.2,390.2,9.5,1399.2,71
44.0,44917.0,2008.0,3960.0,74.0,0.0,4.0,20.0,1,rural,2,5,0.1,2.0,0.0,15.5,77.2,390.2,9.5,1399.2,13
39.5,44917.0,2008.0,3960.0,40.0,0.0,4.0,20.0,1,rural,2,5,0.1,0.0,0.0,15.5,77.2,390.2,9.5,1399.2,13
44.0,44917.0,2008.0,3960.0,46.0,0.0,4.0,20.0,1,rural,2,5,0.1,3.0,0.0,15.5,77.2,390.2,9.5,1399.2,13
72.0,31700.0,2976.0,5951.0,87.0,0.0,10.5,18.0,1,urban,2,2,0.2,4.0,0.0,2.0,77.2,390.2,9.5,1399.2,69
70.0,3882.0,32.0,201.0,72.0,9.0,6.0,9.0,4,urban,7,3,0.1,2.0,0.0,2.0,77.2,390.2,9.5,1399.2,83
153.0,4036.0,89.0,32.0,197.7,10.0,1.5,18.0,4,urban,7,3,0.1,0.0,0.0,2.0,77.2,390.2,9.5,1399.2,71
126.0,8406.0,179.0,95.0,128.0,0.0,4.0,16.0,4,urban,2,5,0.0,2.0,0.0,10.0,77.2,390.2,9.5,1399.2,17
263.8,210.0,3.0,0.0,267.5,0.0,4.5,8.0,5,rural,2,5,0.0,3.0,0.0,2.5,77.2,390.2,9.5,1399.2,75
170.5,1006.0,9.0,1.0,191.5,0.0,5.5,8.0,5,rural,2,2,0.1,1.0,0.0,2.0,77.2,390.2,9.5,1399.2,73
169.0,1006.0,9.0,1.0,191.5,0.0,5.5,8.0,5,rural,2,2,0.1,1.0,0.0,2.0,77.2,390.2,9.5,1399.2,73
250.0,3043.0,39.0,144.0,345.0,0.0,4.0,8.0,5,urban,2,2,0.0,6.0,0.0,1.5,77.2,390.2,9.5,1399.2,68
385.0,746.0,22.0,1.0,391.0,0.0,3.0,8.0,5,urban,2,2,0.2,3.0,0.0,1.0,77.2,390.2,9.5,1399.2,84
110.0,9255.0,280.0,27.0,116.0,0.0,7.5,7.0,5,urban,2,2,0.2,0.0,0.0,2.0,77.2,390.2,9.5,1399.2,59
90.0,3922.0,163.0,40.0,221.0,0.0,6.0,7.0,5,urban,2,2,0.1,7.0,0.0,2.0,77.2,390.2,9.5,1399.2,83
101.0,4241.0,333.0,175.0,101.2,0.0,6.0,7.0,5,urban,2,2,0.1,0.0,0.0,2.0,77.2,390.2,9.5,1399.2,61
98.7,14594.0,452.0,132.0,111.3,0.0,6.5,6.0,4,urban,2,2,0.2,0.7,0.0,3.0,75.9,251.0,11.1,1287.3,91
74.0,66653.0,4620.0,2379.0,75.0,13.0,0.0,10.0,3,urban,3,2,0.0,0.0,0.0,13.0,75.9,251.0,11.1,1287.3,25
73.0,20942.0,511.0,106.0,84.0,0.0,6.5,13.0,3,urban,2,2,0.1,0.0,0.0,3.0,75.9,251.0,11.1,1287.3,76
70.3,45716.0,1057.0,5624.0,71.0,10.0,4.5,16.0,1,rural,7,3,0.1,0.0,0.0,4.5,75.9,251.0,11.1,1287.3,67
48.0,45716.0,1057.0,5624.0,65.0,10.0,4.5,16.0,1,small urban,7,3,0.1,0.0,0.0,4.5,75.9,251.0,11.1,1287.3,67
44.0,45716.0,1057.0,5624.0,65.0,10.0,4.5,16.0,1,small urban,7,3,0.1,0.0,0.0,4.5,75.9,251.0,11.1,1287.3,67
32.0,50928.0,3602.0,8451.0,59.5,10.0,5.5,16.0,1,small urban,7,3,0.2,0.0,0.0,2.0,75.9,251.0,11.1,1287.3,67
31.0,50928.0,3602.0,8451.0,83.0,10.0,3.5,16.0,1,small urban,7,3,0.2,20.0,0.0,2.0,75.9,251.0,11.1,1287.3,67
32.0,50928.0,3602.0,8451.0,77.0,10.0,4.0,16.0,1,rural,7,5,0.2,22.5,0.0,2.0,75.9,251.0,11.1,1287.3,67
33.0,50928.0,3602.0,8451.0,63.5,10.0,4.0,16.0,1,rural,7,5,0.2,26.0,0.0,2.0,75.9,251.0,11.1,1287.3,67
32.5,50928.0,3602.0,8451.0,86.5,10.0,4.0,16.0,1,rural,7,5,0.2,21.0,0.0,2.0,75.9,251.0,11.1,1287.3,67
30.5,50928.0,3602.0,8451.0,88.5,10.0,4.0,16.0,1,rural,7,5,0.3,18.0,0.0,2.0,75.9,251.0,11.1,1287.3,67
41.5,50928.0,3602.0,8451.0,93.0,10.0,4.0,16.0,1,rural,7,5,0.3,22.0,0.0,2.0,75.9,251.0,11.1,1287.3,67
32.0,50888.0,3599.0,8445.0,84.5,10.0,4.0,16.0,1,rural,7,5,0.2,3.0,0.0,2.0,75.9,251.0,11.1,1287.3,67
33.0,50888.0,3599.0,8445.0,58.0,9.0,4.5,15.0,1,rural,7,5,0.2,0.0,0.0,2.0,75.9,251.0,11.1,1287.3,67
31.0,50888.0,3599.0,8445.0,79.0,10.0,4.5,16.0,1,rural,7,5,0.2,0.0,0.0,2.0,75.9,251.0,11.1,1287.3,67
41.0,50888.0,3599.0,8445.0,92.0,10.0,4.5,16.0,1,rural,7,5,0.2,0.0,0.0,2.0,75.9,251.0,11.1,1287.3,67
56.0,51857.0,2005.0,5472.0,107.0,10.0,4.0,16.0,1,urban,7,3,0.2,20.0,0.0,2.0,75.9,251.0,11.1,1287.3,67
53.0,51857.0,2005.0,5472.0,92.0,10.0,4.5,16.0,1,urban,7,3,0.2,33.0,0.0,2.0,75.9,251.0,11.1,1287.3,67
66.0,51857.0,2005.0,5472.0,69.0,10.0,4.5,16.0,1,rural,7,3,0.2,3.0,0.0,2.0,75.9,251.0,11.1,1287.3,67
63.0,51857.0,2005.0,5472.0,75.0,0.0,4.5,16.0,1,urban,2,3,0.1,0.0,0.0,2.0,75.9,251.0,11.1,1287.3,19
51.0,51857.0,2005.0,5472.0,66.0,0.0,4.0,36.0,1,urban,2,5,0.1,0.0,0.0,18.0,75.9,251.0,11.1,1287.3,19
61.0,65708.0,2557.0,5998.0,83.0,10.0,4.5,16.0,1,urban,7,3,0.1,1.0,0.0,2.5,75.9,251.0,11.1,1287.3,67
61.0,65708.0,2557.0,5998.0,81.0,10.0,4.5,16.0,1,urban,7,3,0.2,7.3,0.0,2.5,75.9,251.0,11.1,1287.3,67
58.5,65708.0,2557.0,5998.0,92.3,10.0,4.5,16.0,1,urban,7,3,0.1,10.0,0.0,2.5,75.9,251.0,11.1,1287.3,67
50.0,65708.0,2557.0,5998.0,51.0,10.0,5.0,16.0,1,urban,7,2,0.1,0.0,0.0,15.0,75.9,251.0,11.1,1287.3,67
52.3,68080.0,3164.0,4850.0,52.7,10.0,4.0,16.0,1,urban,7,3,0.1,0.0,0.0,2.0,75.9,251.0,11.1,1287.3,67
39.0,68080.0,3164.0,4850.0,42.0,10.0,4.5,16.0,1,urban,7,3,0.2,0.0,0.0,2.5,75.9,251.0,11.1,1287.3,67
56.0,43690.0,3763.0,4411.0,65.3,10.0,7.0,16.0,1,urban,7,3,0.2,0.3,0.0,7.0,75.9,251.0,11.1,1287.3,68
66.0,43690.0,3763.0,4411.0,71.0,0.0,5.0,17.0,1,urban,2,5,0.2,0.0,0.0,11.0,75.9,251.0,11.1,1287.3,27
58.0,43690.0,3763.0,4411.0,65.3,10.0,5.0,16.0,1,urban,7,5,0.2,0.0,0.0,11.0,75.9,251.0,11.1,1287.3,68
68.0,48266.0,3764.0,6498.0,71.0,0.0,5.0,17.0,1,urban,2,5,0.2,1.7,0.0,11.0,75.9,251.0,11.1,1287.3,27
57.0,48266.0,3764.0,6498.0,58.7,10.0,5.0,16.0,1,urban,7,5,0.2,0.0,0.0,11.0,75.9,251.0,11.1,1287.3,71
59.5,48266.0,3764.0,6498.0,63.5,10.0,5.0,6.0,1,urban,7,5,0.2,0.5,0.0,11.0,75.9,251.0,11.1,1287.3,71
59.5,48266.0,3764.0,6498.0,81.0,0.0,5.0,17.0,1,rural,2,5,0.2,0.0,0.0,11.0,75.9,251.0,11.1,1287.3,27
47.5,48266.0,3764.0,6498.0,66.7,0.0,5.0,17.0,1,urban,2,5,0.2,4.7,0.0,11.0,75.9,251.0,11.1,1287.3,27
61.0,48266.0,3764.0,6498.0,63.3,10.0,7.0,16.0,1,urban,7,3,0.2,8.0,0.0,7.0,75.9,251.0,11.1,1287.3,71
55.5,48266.0,3764.0,6498.0,56.5,10.0,4.5,16.0,1,urban,7,3,0.2,0.0,0.0,2.0,75.9,251.0,11.1,1287.3,71
57.3,54944.0,3943.0,6443.0,72.0,13.0,2.0,21.0,1,urban,7,3,0.2,0.0,0.0,2.0,75.9,251.0,11.1,1287.3,71
48.5,54944.0,3943.0,6443.0,55.8,10.0,4.5,18.0,1,urban,7,3,0.2,0.0,0.0,2.0,75.9,251.0,11.1,1287.3,74
46.2,54944.0,3943.0,6443.0,48.8,10.0,4.5,16.0,1,urban,7,3,0.2,0.5,0.0,2.0,75.9,251.0,11.1,1287.3,74
43.0,54944.0,3943.0,6443.0,52.7,10.0,4.5,18.0,1,urban,7,3,0.2,0.0,0.0,2.0,75.9,251.0,11.1,1287.3,74
104.2,68833.0,4059.0,2824.0,122.0,13.0,0.0,8.0,1,urban,3,2,0.0,0.0,0.0,13.0,75.9,251.0,11.1,1287.3,28
90.8,68833.0,4059.0,2824.0,149.5,13.0,0.0,8.0,1,urban,3,2,0.0,0.0,0.0,13.0,75.9,251.0,11.1,1287.3,28
113.0,62620.0,3279.0,7270.0,115.5,13.0,0.0,8.0,1,urban,3,2,0.0,0.0,0.0,13.0,75.9,251.0,11.1,1287.3,28
55.7,62620.0,3279.0,7270.0,61.5,0.0,5.5,22.0,1,urban,2,5,0.2,0.0,0.0,17.5,75.9,251.0,11.1,1287.3,13
108.0,14453.0,1289.0,516.0,110.5,0.0,11.3,14.0,3,rural,2,2,0.1,0.0,0.0,2.5,75.9,251.0,11.1,1287.3,100
104.5,14579.0,457.0,661.0,105.2,0.0,11.0,17.0,3,urban,2,2,0.1,1.8,0.0,2.5,75.9,251.0,11.1,1287.3,100
111.0,13381.0,983.0,222.0,248.0,2.0,5.5,2.0,3,urban,7,3,0.2,23.0,0.0,3.0,75.9,251.0,11.1,1287.3,91
135.0,13425.0,514.0,157.0,195.0,0.0,11.0,5.0,3,urban,2,2,0.0,0.0,0.0,2.0,75.9,251.0,11.1,1287.3,102
94.0,5370.0,342.0,34.0,133.0,0.0,6.5,4.0,4,urban,2,2,0.1,0.0,0.0,3.0,75.9,251.0,11.1,1287.3,101
118.8,11811.0,614.0,213.0,119.8,7.0,4.0,7.0,4,urban,7,3,0.1,0.0,0.0,2.5,75.9,251.0,11.1,1287.3,104
128.0,13506.0,374.0,112.0,130.0,0.0,6.5,7.0,4,urban,2,2,0.2,16.0,0.0,2.5,75.9,251.0,11.1,1287.3,91
119.7,1185.0,78.0,5.0,143.3,0.0,4.5,8.0,5,urban,2,2,0.2,4.0,0.0,2.5,75.9,251.0,11.1,1287.3,74
151.0,25151.0,773.0,109.0,181.0,0.0,1.5,3.0,4,urban,2,2,0.5,0.0,0.0,6.5,75.9,251.0,11.1,1287.3,94
93.5,139528.0,6589.0,4103.0,96.0,10.0,4.5,8.0,1,urban,7,2,0.2,0.0,0.0,1.5,77.4,183.7,11.8,1369.8,69
116.0,132719.0,5686.0,3281.0,120.0,12.0,1.5,20.0,1,urban,7,3,0.1,0.0,0.0,1.5,77.4,183.7,11.8,1369.8,36
73.3,68594.0,7884.0,5483.0,74.0,9.0,3.5,16.0,1,urban,7,3,0.1,0.0,0.0,1.5,77.4,183.7,11.8,1369.8,40
79.0,104409.0,2737.0,2691.0,218.5,9.0,3.5,16.0,1,urban,7,3,0.0,0.0,0.0,1.5,77.4,183.7,11.8,1369.8,40
99.0,108820.0,5371.0,3397.0,169.0,10.0,2.5,17.0,1,urban,7,3,0.1,0.0,0.0,1.5,77.4,183.7,11.8,1369.8,51
46.0,198738.0,4836.0,4320.0,61.0,10.0,1.5,16.0,1,urban,7,3,0.0,0.0,0.0,1.5,77.4,183.7,11.8,1369.8,58
90.0,198738.0,4836.0,4320.0,149.0,10.0,1.5,16.0,1,urban,7,3,0.2,0.0,0.0,1.5,77.4,183.7,11.8,1369.8,58
98.5,119316.0,8089.0,5621.0,99.5,10.0,4.0,16.0,1,urban,7,3,0.1,0.0,0.0,1.5,77.4,183.7,11.8,1369.8,60
104.0,130844.0,6776.0,3707.0,134.0,10.0,4.0,10.0,1,urban,7,3,0.2,0.0,0.0,1.5,77.4,183.7,11.8,1369.8,66
52.0,148569.0,4900.0,2859.0,64.0,12.0,0.0,8.0,1,urban,3,2,0.0,0.0,0.0,12.0,77.4,183.7,11.8,1369.8,35
101.0,27474.0,817.0,140.0,144.0,10.0,4.5,10.0,4,urban,7,3,0.2,2.0,0.0,1.5,77.4,183.7,11.8,1369.8,61
100.0,28583.0,1980.0,494.0,105.0,9.0,2.5,9.0,4,urban,7,3,0.1,0.0,0.0,1.5,77.4,183.7,11.8,1369.8,91
72.0,20197.0,660.0,390.0,72.6,0.0,3.0,6.0,3,urban,6,5,0.1,3.8,0.0,1.5,78.2,216.0,10.4,1435.3,16
46.0,11000.0,277.0,40.0,50.0,0.0,2.0,18.0,2,rural,6,2,0.1,0.0,0.0,2.0,78.2,216.0,10.4,1435.3,10
49.0,12000.0,500.0,360.0,52.0,0.0,2.0,18.0,2,rural,6,2,0.0,0.0,0.0,2.0,78.2,216.0,10.4,1435.3,10
41.5,14247.0,380.0,270.0,140.5,0.0,3.0,19.0,2,rural,6,3,0.3,41.0,0.0,2.0,78.2,216.0,10.4,1435.3,31
68.6,14303.0,390.0,300.0,125.2,0.0,3.0,16.0,2,rural,6,2,0.2,22.8,0.0,1.0,78.2,216.0,10.4,1435.3,15
40.5,33479.0,680.0,480.0,45.7,8.0,8.5,10.0,2,urban,7,5,0.1,1.0,0.0,4.0,78.2,216.0,10.4,1435.3,33
47.2,25604.0,881.0,485.0,64.0,5.5,5.5,4.0,3,urban,7,3,0.1,0.0,0.0,2.0,75.0,151.0,13.8,1272.7,58
107.5,14292.0,420.0,203.0,135.7,5.0,5.0,4.0,4,urban,7,3,0.2,0.0,0.0,2.0,75.0,151.0,13.8,1272.7,101
164.8,113.0,39.0,13.0,200.8,0.0,4.0,3.0,5,rural,2,2,0.2,3.8,0.0,3.0,61.8,112.6,10.8,521.2,37
229.0,2378.0,70.0,70.0,233.3,0.0,3.2,3.0,4,small urban,2,2,0.5,31.0,0.0,3.0,61.8,112.6,10.8,521.2,37
248.0,475.0,19.0,11.0,266.0,0.0,3.5,5.0,6,urban,2,2,0.2,0.0,0.0,0.0,73.4,1003.1,7.0,1171.6,31
236.0,389.0,16.0,9.0,272.0,0.0,3.5,5.0,6,urban,2,2,0.1,0.0,0.0,0.0,73.4,1003.1,7.0,1171.6,32
59.0,71446.0,4259.0,7445.0,71.5,0.0,10.5,15.0,1,rural,6,3,0.2,0.0,0.0,2.0,75.5,224.4,11.6,1318.4,58
73.0,76842.0,3528.0,7738.0,75.0,0.0,10.5,15.0,1,urban,6,3,0.3,0.0,0.0,2.0,75.5,224.4,11.6,1318.4,57
44.0,88390.0,4305.0,3890.0,46.0,0.0,12.5,8.0,1,urban,6,2,0.1,0.0,0.0,2.0,75.5,224.4,11.6,1318.4,73
66.0,36312.0,1994.0,552.0,94.0,0.0,2.0,9.0,3,urban,6,2,0.2,3.0,0.0,2.0,75.5,224.4,11.6,1318.4,12
52.0,24391.0,891.0,349.0,60.0,0.0,10.5,12.0,3,urban,6,3,0.1,0.0,0.0,3.0,75.5,224.4,11.6,1318.4,67
59.0,18108.0,835.0,575.0,65.4,0.0,7.5,10.0,2,rural,6,3,0.2,1.6,0.0,2.0,75.5,224.4,11.6,1318.4,55
68.0,20872.0,875.0,800.0,74.0,0.0,13.0,11.0,2,urban,6,3,0.1,27.0,0.0,3.5,75.5,224.4,11.6,1318.4,59
58.4,56482.0,3350.0,2491.0,59.4,0.0,11.0,12.0,2,urban,6,3,0.2,0.2,0.0,1.5,75.5,224.4,11.6,1318.4,59
52.0,101932.0,4730.0,3660.0,55.0,0.0,12.0,16.0,2,urban,6,3,0.2,1.0,0.0,1.5,75.5,224.4,11.6,1318.4,66
44.0,97252.0,3939.0,3502.0,50.0,0.0,12.0,16.0,2,urban,6,3,0.2,1.0,0.0,1.5,75.5,224.4,11.6,1318.4,66
67.0,42252.0,2434.0,2109.0,70.0,0.0,14.5,16.0,2,urban,6,3,0.2,0.0,0.0,1.5,75.5,224.4,11.6,1318.4,67
58.1,39352.0,1807.0,1409.0,60.5,0.0,15.0,9.0,2,rural,6,3,0.2,0.0,0.0,1.5,75.5,224.4,11.6,1318.4,40
60.3,30932.0,2215.0,1958.0,63.2,0.0,14.0,6.0,2,small urban,6,2,0.2,0.0,0.0,1.5,75.5,224.4,11.6,1318.4,40
70.0,30222.0,1781.0,2542.0,80.5,0.0,11.0,13.0,2,small urban,6,3,0.2,1.0,0.0,1.5,75.5,224.4,11.6,1318.4,68
66.7,27801.0,1368.0,2569.0,73.7,0.0,12.0,13.0,2,small urban,6,3,0.1,0.0,0.0,1.5,75.5,224.4,11.6,1318.4,54
61.8,18172.0,1198.0,1685.0,62.0,0.0,12.5,9.0,2,small urban,6,3,0.1,1.8,0.0,1.5,75.5,224.4,11.6,1318.4,45
44.0,15511.0,519.0,131.0,85.0,0.0,7.5,14.0,3,urban,6,3,0.2,6.0,0.0,2.5,75.5,224.4,11.6,1318.4,56
51.0,15511.0,519.0,131.0,67.0,0.0,7.0,13.0,3,urban,6,3,0.2,12.0,0.0,2.5,75.5,224.4,11.6,1318.4,56
71.0,45981.0,1545.0,272.0,116.0,0.0,8.0,13.0,3,urban,6,3,0.2,1.0,0.0,3.0,75.5,224.4,11.6,1318.4,56
45.0,119121.0,4372.0,2907.0,52.0,0.0,12.0,16.0,2,urban,6,3,0.1,4.0,0.0,1.5,75.5,224.4,11.6,1318.4,67
76.0,12291.0,432.0,66.0,84.0,0.0,10.5,8.0,3,urban,7,2,0.1,1.0,0.0,3.0,75.5,224.4,11.6,1318.4,73
44.9,24141.0,886.0,1261.0,62.3,0.0,12.5,14.0,2,small urban,6,3,0.2,0.4,0.0,2.0,75.5,224.4,11.6,1318.4,60
355.0,2400.0,125.0,23.0,366.0,0.0,2.5,3.0,4,urban,6,2,0.2,5.0,0.0,1.5,77.8,330.7,9.9,1303.1,125
164.0,19300.0,681.0,292.0,173.0,0.0,5.0,10.0,5,urban,2,2,0.0,0.0,0.0,3.0,77.8,330.7,9.9,1303.1,43
70.0,43500.0,2221.0,1041.0,77.0,0.0,15.0,11.0,3,urban,6,3,0.2,1.0,0.0,3.5,76.7,0.0,22.3,1087.2,22
72.0,162400.0,4060.0,6983.0,77.5,0.0,13.0,10.0,1,urban,2,5,0.1,0.5,0.0,2.0,77.1,0.1,20.0,1448.6,34
66.0,164600.0,4115.0,7078.0,153.0,12.0,0.0,10.0,1,urban,3,5,0.0,1.0,0.0,2.0,77.1,0.1,20.0,1448.6,34
133.5,100100.0,1972.0,1291.0,181.0,12.0,0.0,10.0,1,urban,3,5,0.0,1.0,0.0,2.0,77.1,0.1,20.0,1448.6,29
102.0,70100.0,1753.0,3014.0,115.6,12.0,0.0,10.0,1,urban,3,5,0.0,19.7,0.0,2.0,77.1,0.1,20.0,1448.6,40
54.8,58500.0,1404.0,848.0,77.8,0.0,13.0,10.0,1,urban,2,5,0.1,0.0,0.0,2.0,77.1,0.1,20.0,1448.6,40
58.0,29600.0,740.0,1273.0,71.0,0.0,13.0,10.0,1,urban,2,5,0.0,0.0,0.0,2.0,77.1,0.1,20.0,1448.6,40
137.0,3200.0,75.0,101.0,187.5,0.0,10.0,6.0,3,urban,2,2,0.1,0.0,0.0,4.0,55.2,175.0,8.7,426.6,25
65.0,20000.0,2400.0,400.0,66.0,0.0,6.0,8.0,3,rural,2,2,0.5,1.0,0.0,2.0,77.1,0.1,20.0,1448.6,52
79.0,21400.0,1236.0,214.0,118.7,0.0,6.0,8.0,3,rural,2,2,0.4,8.0,0.0,2.0,77.1,0.1,20.0,1448.6,51
63.0,31900.0,2552.0,319.0,67.6,0.0,8.0,6.0,3,urban,2,5,0.3,10.0,0.0,2.0,77.1,0.1,20.0,1448.6,53
61.6,11201.0,1463.0,278.0,85.5,0.0,6.0,8.0,3,rural,2,2,0.4,28.7,0.0,2.0,77.1,0.1,20.0,1448.6,44
87.0,250.0,9.0,22.0,100.5,0.0,4.0,12.0,5,rural,2,2,0.1,0.0,0.0,4.0,45.2,246.1,8.8,361.0,24
87.0,4100.0,320.0,187.0,172.0,0.0,6.0,10.0,3,urban,2,2,0.1,3.3,0.0,4.0,34.9,3.2,16.2,250.8,21
140.0,12000.0,265.0,155.0,231.0,0.0,5.0,10.0,3,urban,2,2,0.1,0.0,0.0,4.0,34.9,3.2,16.2,250.8,21
123.0,28600.0,2860.0,858.0,130.2,0.0,10.0,12.0,2,urban,2,2,0.2,22.0,0.0,2.0,77.1,0.1,20.0,1448.6,30
72.0,13800.0,828.0,138.0,76.2,0.0,8.0,6.0,3,urban,2,5,0.3,1.0,0.0,2.0,77.1,0.1,20.0,1448.6,16
72.0,17300.0,1211.0,173.0,74.7,0.0,8.0,6.0,3,urban,2,5,0.3,1.8,0.0,2.0,77.1,0.1,20.0,1448.6,16
69.0,21300.0,1917.0,213.0,73.6,0.0,10.0,12.0,2,urban,2,2,0.4,0.0,0.0,2.0,77.1,0.1,20.0,1448.6,16
214.0,650.0,15.0,20.0,229.3,0.0,3.0,6.0,6,urban,2,2,0.1,0.0,0.0,4.0,55.2,175.0,8.7,426.6,16
124.0,58800.0,4628.0,10713.0,232.0,0.0,6.0,4.5,4,urban,2,5,0.2,11.0,0.0,2.0,77.1,0.1,20.0,1448.6,20
310.5,3100.0,130.0,155.0,326.5,0.0,6.0,4.5,4,urban,2,5,0.2,25.0,0.0,2.0,77.1,0.1,20.0,1448.6,13
65.8,66000.0,2610.0,8214.0,71.5,0.0,20.0,17.0,1,rural,6,3,0.1,8.0,0.0,3.5,76.7,0.0,22.3,1087.2,16
60.1,66000.0,4637.0,6187.0,69.4,0.0,20.0,17.0,1,urban,6,3,0.1,8.0,0.0,3.5,76.7,0.0,22.3,1087.2,19
57.3,89500.0,4026.0,5372.0,63.6,0.0,20.0,17.0,1,urban,6,3,0.2,8.0,0.0,3.5,76.7,0.0,22.3,1087.2,15
43.0,89500.0,4026.0,5372.0,57.0,0.0,20.0,17.0,1,urban,6,3,0.3,8.0,0.0,3.5,76.7,0.0,22.3,1087.2,15
54.0,117500.0,4329.0,5776.0,69.6,0.0,20.0,17.0,1,urban,6,3,0.2,8.0,0.0,3.5,76.7,0.0,22.3,1087.2,15
42.2,86000.0,3721.0,4965.0,42.8,12.0,0.0,17.0,1,urban,3,3,0.0,3.4,0.0,0.0,76.7,0.0,22.3,1087.2,14
53.4,152500.0,4247.0,5666.0,57.4,12.0,0.0,17.0,1,urban,3,3,0.0,17.5,0.0,0.0,76.7,0.0,22.3,1087.2,15
51.0,139000.0,4407.0,5879.0,53.0,12.0,0.0,17.0,1,urban,3,3,0.0,14.0,0.0,0.0,76.7,0.0,22.3,1087.2,15
58.0,6100.0,103.0,60.0,60.0,0.0,4.8,13.0,6,urban,2,2,0.1,0.0,0.0,4.0,34.9,3.2,16.2,250.8,26
140.2,6500.0,110.0,64.0,183.0,0.0,4.0,10.0,4,urban,2,2,0.1,0.0,0.0,4.0,34.9,3.2,16.2,250.8,27
187.2,4900.0,83.0,48.0,201.2,0.0,4.0,10.0,6,urban,2,2,0.1,0.0,0.0,4.0,34.9,3.2,16.2,250.8,14
270.0,3200.0,54.0,32.0,280.7,0.0,3.0,13.0,6,urban,2,2,0.2,10.0,0.0,4.0,34.9,3.2,16.2,250.8,21
51.0,16000.0,367.0,493.0,51.3,0.0,4.0,22.0,4,urban,6,5,0.1,0.0,0.0,4.0,55.2,175.0,8.7,426.6,66
84.0,31600.0,1650.0,700.0,91.0,10.0,10.0,4.0,3,urban,7,3,0.3,3.0,0.0,2.0,76.0,658.4,8.6,1061.6,56
62.0,9000.0,275.0,650.0,63.0,6.0,6.0,4.0,3,urban,7,3,0.2,18.0,0.0,2.0,76.0,658.4,8.6,1061.6,66
191.3,200.0,6.0,18.0,195.4,0.0,4.0,12.0,5,rural,2,2,0.2,32.2,0.0,4.0,39.9,73.9,11.5,311.6,22
51.3,23500.0,1456.0,682.0,53.7,0.0,15.0,11.0,3,urban,6,3,0.1,1.0,0.0,3.5,76.7,0.0,22.3,1087.2,21
76.0,38000.0,1837.0,861.0,76.5,0.0,13.0,10.0,3,urban,6,3,0.2,19.0,0.0,2.5,76.7,0.0,22.3,1087.2,24
131.0,38000.0,1837.0,861.0,132.0,0.0,13.0,10.0,3,urban,6,3,0.2,19.0,0.0,2.5,76.7,0.0,22.3,1087.2,24
136.0,6300.0,229.0,141.0,149.9,0.0,6.0,6.0,4,urban,2,2,0.2,8.0,0.0,4.0,55.2,175.0,8.7,426.6,27
33.0,196500.0,3704.0,4942.0,36.0,18.0,0.0,13.0,1,urban,3,3,0.0,0.0,0.0,0.0,76.7,0.0,22.3,1087.2,8
35.0,231000.0,4354.0,5810.0,39.0,18.0,0.0,13.0,1,urban,3,3,0.0,0.0,0.0,0.0,76.7,0.0,22.3,1087.2,8
65.7,135500.0,7372.0,9836.0,66.3,0.0,5.0,13.0,1,urban,6,3,0.2,1.0,0.0,1.0,76.7,0.0,22.3,1087.2,14
68.3,134000.0,7750.0,10340.0,72.5,0.0,5.0,13.0,1,urban,6,3,0.2,1.0,0.0,1.0,76.7,0.0,22.3,1087.2,14
68.9,121000.0,7102.0,9475.0,71.0,0.0,5.0,13.0,1,urban,6,3,0.2,1.0,0.0,1.0,76.7,0.0,22.3,1087.2,14
59.2,134500.0,7836.0,10456.0,59.6,0.0,5.0,13.0,1,urban,6,3,0.2,1.0,0.0,1.0,76.7,0.0,22.3,1087.2,14
51.6,2420.0,70.0,440.0,73.0,0.0,9.5,12.5,3,rural,6,2,0.2,0.5,0.0,1.5,67.8,307.4,11.8,918.8,25
58.6,2520.0,240.0,410.0,80.6,0.0,10.5,6.0,2,rural,6,2,0.2,2.1,0.0,2.0,67.8,307.4,11.8,918.8,89
87.0,3427.0,210.0,195.0,90.9,0.0,9.5,13.3,3,rural,6,3,0.2,1.1,0.0,3.2,88.3,5.3,9.7,2024.6,71
94.0,11120.0,414.0,276.0,113.0,0.0,4.2,7.2,2,rural,6,2,0.2,3.0,0.0,1.8,88.3,5.3,9.7,2024.6,54
117.3,3061.0,257.0,224.0,118.7,0.0,11.5,6.8,3,rural,6,2,0.2,0.1,0.0,3.5,87.6,4.0,10.0,1914.9,90
99.7,11919.0,464.0,279.0,101.3,6.0,5.3,8.0,3,small urban,6,2,0.1,0.0,0.0,1.8,87.6,4.0,10.0,1914.9,56
73.5,1072.0,142.0,151.0,74.5,0.0,5.5,5.0,3,rural,6,2,0.2,0.0,0.0,1.6,87.6,4.0,10.0,1914.9,77
177.0,1072.0,142.0,151.0,207.0,0.0,7.2,10.8,3,rural,6,2,0.1,37.0,0.0,7.2,85.1,0.8,10.3,2452.7,33
97.0,1100.0,99.0,99.0,98.0,0.0,5.8,6.0,3,rural,6,2,0.1,0.0,0.0,1.6,85.1,0.8,10.3,2452.7,78
107.5,1146.0,104.0,104.0,109.8,0.0,6.4,6.0,3,rural,6,2,0.1,0.0,0.0,1.8,85.1,0.8,10.3,2452.7,78
68.3,3047.0,300.0,202.0,70.9,0.0,6.5,15.5,3,rural,6,3,0.2,0.9,0.0,1.6,87.4,5.8,9.2,2187.5,69
88.1,9349.0,466.0,638.0,103.3,0.0,7.6,9.8,3,rural,6,2,0.2,0.9,0.0,1.8,85.1,0.8,10.3,2452.7,94
79.7,3038.0,165.0,194.0,80.5,0.0,5.7,10.1,3,rural,6,2,0.2,0.7,0.0,1.8,85.1,0.8,10.3,2452.7,65
64.6,10950.0,426.0,289.0,65.0,7.0,7.0,6.8,2,small urban,7,2,0.3,0.2,0.0,1.8,85.0,42.2,8.2,2543.6,100
59.0,15058.0,586.0,398.0,61.9,0.0,9.2,6.0,2,small urban,6,2,0.2,0.6,0.0,1.8,85.0,42.2,8.2,2543.6,51
58.8,18282.0,661.0,730.0,59.9,0.0,9.2,6.0,2,rural,6,2,0.2,0.1,0.0,1.8,85.0,42.2,8.2,2543.6,51
56.6,26858.0,1067.0,1016.0,57.9,0.0,7.3,6.3,2,rural,6,2,0.3,0.0,0.0,1.8,85.0,42.2,8.2,2543.6,60
72.3,27103.0,1087.0,1003.0,79.0,0.0,9.8,5.7,2,rural,6,2,0.3,0.0,0.0,1.8,85.0,42.2,8.2,2543.6,39
43.8,32826.0,1200.0,1017.0,45.5,0.0,5.5,13.5,2,urban,6,3,0.1,0.0,0.0,1.8,86.7,10.3,10.0,1629.6,65
44.0,35617.0,1579.0,1054.0,46.0,0.0,6.2,9.0,2,urban,6,3,0.1,0.0,0.0,1.8,86.7,10.3,10.0,1629.6,65
37.5,44081.0,1441.0,1080.0,39.5,0.0,6.2,14.5,2,urban,6,3,0.1,0.5,0.0,1.8,86.7,10.3,10.0,1629.6,66
60.3,53576.0,1752.0,1313.0,61.3,0.0,6.2,11.0,2,urban,6,3,0.1,0.0,0.0,1.8,86.7,10.3,10.0,1629.6,66
46.0,60051.0,1776.0,1294.0,49.0,0.0,6.2,11.0,2,urban,6,3,0.1,0.0,0.0,1.8,86.7,10.3,10.0,1629.6,66
48.5,84845.0,2246.0,1505.0,65.0,0.0,6.2,11.0,2,urban,6,3,0.3,0.0,0.0,1.8,86.7,10.3,10.0,1629.6,66
114.5,8000.0,1237.0,388.0,116.0,0.0,6.0,18.0,3,urban,2,2,0.2,23.0,0.0,0.0,84.5,13.2,10.1,1428.7,25
188.3,2300.0,104.0,19.0,195.0,0.0,6.0,2.0,4,urban,2,5,0.4,1.7,0.0,0.0,78.2,130.1,11.5,1379.0,19
130.5,4000.0,233.0,39.0,141.5,0.0,6.0,3.0,5,urban,6,5,0.1,0.0,0.0,2.0,78.2,130.1,11.5,1379.0,58
132.0,2400.0,143.0,24.0,144.0,0.0,6.0,3.0,5,urban,6,5,0.1,0.0,0.0,2.0,78.2,130.1,11.5,1379.0,45
113.0,2300.0,119.0,20.0,178.0,0.0,6.0,2.0,5,urban,6,5,0.1,1.0,0.0,2.0,78.2,130.1,11.5,1379.0,45
160.0,2900.0,173.0,29.0,200.0,0.0,6.0,2.0,5,urban,2,5,0.1,0.3,0.0,0.0,78.2,130.1,11.5,1379.0,19
140.0,20.0,1.0,2.0,159.0,0.0,4.0,12.0,6,small urban,2,2,0.1,0.0,0.0,4.0,39.9,73.9,11.5,311.6,18
157.7,20.0,1.0,2.0,159.0,0.0,4.0,12.0,6,small urban,2,2,0.1,0.0,0.0,4.0,39.9,73.9,11.5,311.6,14
269.0,327.0,6.0,5.0,331.0,0.0,3.0,6.0,4,urban,2,3,0.2,0.0,0.0,1.5,77.0,0.8,20.3,1196.0,15
169.5,850.0,34.0,6.0,171.0,0.0,4.0,11.0,5,urban,2,2,0.2,4.0,0.0,2.0,78.2,216.0,10.4,1435.3,13
53.2,1850.0,125.0,365.0,54.5,0.0,8.5,12.0,3,rural,6,2,0.1,0.0,0.0,1.5,72.9,143.5,13.8,992.4,69
65.1,940.0,33.0,81.0,66.4,0.0,4.5,4.0,4,rural,6,5,0.0,0.0,0.0,2.0,55.2,175.0,8.7,426.6,38
100.2,4400.0,102.0,137.0,145.7,0.0,4.0,12.0,6,small urban,2,2,0.0,3.3,0.0,4.0,45.8,90.1,11.1,265.7,21
98.0,265.0,5.0,20.0,116.8,0.0,3.0,1.5,5,rural,6,5,0.1,5.5,0.0,1.5,72.8,176.8,13.2,1006.8,64
71.4,160.0,6.0,14.0,76.7,0.0,6.0,11.0,5,rural,6,5,0.0,0.0,0.0,2.5,46.7,279.0,8.7,349.3,78
54.3,310.0,11.0,27.0,54.8,0.0,6.0,11.0,5,rural,6,5,0.0,0.0,0.0,2.5,46.7,279.0,8.7,349.3,78
51.0,8672.0,418.0,570.0,51.5,0.0,6.2,10.0,2,rural,6,2,0.2,0.0,0.0,1.8,85.1,0.8,10.3,2452.7,60
90.5,45507.0,969.0,218.0,92.5,0.0,8.4,4.8,3,urban,6,2,0.2,0.0,0.0,1.8,83.1,56.9,8.5,2080.8,54
156.0,8300.0,772.0,210.0,202.0,0.0,6.0,10.0,5,small urban,6,2,0.3,0.0,0.0,2.0,87.0,3.1,10.0,1610.0,74
113.0,10200.0,949.0,258.0,172.0,0.0,6.0,10.0,5,small urban,6,2,0.2,0.0,0.0,2.0,87.0,3.1,10.0,1610.0,74
146.8,1800.0,30.0,18.0,152.0,0.0,4.0,13.0,4,small urban,2,2,0.1,0.0,0.0,4.0,34.9,3.2,16.2,250.8,27
167.5,7100.0,120.0,70.0,196.0,0.0,4.0,13.0,4,small urban,2,2,0.1,0.0,0.0,4.0,34.9,3.2,16.2,250.8,37
102.0,17000.0,279.0,164.0,228.0,0.0,3.0,4.0,4,urban,2,2,0.1,0.0,0.0,4.0,34.9,3.2,16.2,250.8,21
50.0,12000.0,209.0,122.0,228.0,0.0,5.0,13.0,4,urban,2,2,0.1,0.0,0.0,4.0,34.9,3.2,16.2,250.8,11
310.0,510.0,12.0,16.0,327.0,0.0,6.0,6.0,6,urban,2,2,0.1,0.0,0.0,4.0,55.2,175.0,8.7,426.6,33
88.8,100.0,7.0,15.0,91.2,0.0,3.0,6.0,6,urban,2,2,0.1,0.0,0.0,4.0,55.2,175.0,8.7,426.6,27
94.0,15200.0,1030.0,410.0,105.0,10.0,0.0,4.0,3,urban,3,3,0.0,0.0,0.0,0.0,72.3,244.0,12.6,1065.9,22
172.0,2000.0,34.0,20.0,214.0,0.0,4.0,13.0,6,small urban,2,2,0.1,0.0,0.0,4.0,34.9,3.2,16.2,250.8,25
181.0,360.0,13.0,31.0,193.0,0.0,4.0,12.0,5,small urban,2,2,0.2,0.0,0.0,4.0,44.6,76.5,10.9,231.4,14
62.0,100.0,12.0,25.0,88.5,0.0,5.0,8.0,6,urban,2,2,0.1,0.0,0.0,0.0,34.9,3.2,16.2,250.8,30
129.0,4000.0,181.0,111.0,182.0,0.0,2.0,6.0,4,urban,2,2,0.0,55.0,0.0,4.0,34.9,3.2,16.2,250.8,70
128.5,2200.0,69.0,204.0,158.8,0.0,2.0,17.0,4,small urban,2,2,0.2,5.6,0.0,4.0,34.9,3.2,16.2,250.8,37
168.0,24400.0,412.0,241.0,210.0,0.0,4.0,10.0,3,urban,2,2,0.2,0.0,0.0,4.0,34.9,3.2,16.2,250.8,25
104.0,96000.0,1611.0,944.0,116.5,0.0,3.0,6.0,2,urban,2,2,0.1,10.0,0.0,4.0,34.9,3.2,16.2,250.8,19
124.7,78000.0,1311.0,768.0,133.0,0.0,3.0,6.0,2,urban,2,2,0.1,0.0,0.0,4.0,34.9,3.2,16.2,250.8,19
122.8,63000.0,1068.0,626.0,148.0,0.0,3.0,6.0,2,urban,2,2,0.1,0.0,0.0,4.0,34.9,3.2,16.2,250.8,19
113.0,108000.0,2202.0,5014.0,136.0,0.0,3.0,6.0,2,urban,2,2,0.1,0.0,0.0,4.0,34.9,3.2,16.2,250.8,24
91.0,102000.0,2092.0,4764.0,119.0,0.0,3.0,6.0,2,urban,2,2,0.1,0.0,0.0,4.0,34.9,3.2,16.2,250.8,24
129.0,37000.0,618.0,362.0,168.0,0.0,3.0,6.0,2,urban,2,2,0.1,0.0,0.0,4.0,34.9,3.2,16.2,250.8,15
130.3,31000.0,525.0,307.0,132.7,0.0,3.0,6.0,3,urban,2,2,0.1,0.0,0.0,4.0,34.9,3.2,16.2,250.8,21
82.7,16700.0,281.0,165.0,96.4,0.0,6.8,16.0,3,urban,2,2,0.1,10.0,0.0,4.0,34.9,3.2,16.2,250.8,23
117.5,4500.0,104.0,140.0,154.0,0.0,4.0,10.0,4,urban,2,2,0.1,0.0,0.0,4.5,57.1,226.3,8.0,716.8,35
143.0,15000.0,355.0,476.0,151.0,0.0,4.0,13.0,4,urban,2,2,0.3,0.0,0.0,6.2,57.1,226.3,8.0,716.8,35
107.0,17000.0,399.0,535.0,113.0,0.0,4.0,13.0,4,urban,2,2,0.2,0.0,0.0,6.2,57.1,226.3,8.0,716.8,35
71.6,8200.0,125.0,42.0,75.3,0.0,4.0,10.0,4,urban,2,2,0.2,0.0,0.0,6.5,57.1,226.3,8.0,716.8,45
88.7,8400.0,195.0,261.0,91.0,0.0,4.0,10.0,4,urban,2,2,0.2,0.0,0.0,6.5,57.1,226.3,8.0,716.8,45
262.0,1100.0,19.0,11.0,308.0,0.0,4.0,13.0,4,small urban,2,2,0.1,0.0,0.0,4.0,34.9,3.2,16.2,250.8,20
109.0,4000.0,209.0,38.0,351.0,0.0,5.0,7.0,4,urban,6,2,0.5,15.0,0.0,2.0,77.6,254.6,10.4,1398.8,50
68.5,20000.0,580.0,1716.0,81.9,0.0,7.0,7.0,3,rural,2,2,0.1,0.7,0.0,3.0,34.9,3.2,16.2,250.8,14
36.1,3300.0,102.0,303.0,62.5,0.0,9.0,6.0,3,rural,6,2,0.2,0.4,0.0,5.5,34.9,3.2,16.2,250.8,58
45.7,2000.0,62.0,184.0,48.7,0.0,6.0,6.0,3,rural,6,2,0.1,0.0,0.0,3.0,34.9,3.2,16.2,250.8,58
36.6,4000.0,138.0,344.0,39.1,0.0,5.5,8.0,3,rural,6,3,0.1,0.0,0.0,4.0,52.6,323.4,8.4,409.8,30
71.9,2300.0,71.0,211.0,114.4,0.0,5.0,8.0,3,rural,2,3,0.1,0.2,0.0,0.0,34.7,11.1,15.0,178.0,32
73.7,600.0,19.0,55.0,131.5,0.0,8.5,8.0,4,rural,6,3,0.1,0.0,0.0,1.5,34.7,11.1,15.0,178.0,33
87.9,600.0,19.0,55.0,97.1,0.0,7.0,3.0,4,rural,6,2,0.1,0.0,0.0,4.0,34.7,11.1,15.0,178.0,67
90.7,750.0,23.0,69.0,91.4,0.0,4.5,3.0,4,rural,6,2,0.0,0.0,0.0,2.0,34.7,11.1,15.0,178.0,75
101.3,390.0,14.0,34.0,103.0,0.0,4.5,14.0,4,rural,6,2,0.1,0.3,0.0,1.5,46.7,279.0,8.7,349.3,61
151.0,3100.0,62.0,102.0,163.0,0.0,8.0,6.0,4,rural,6,2,0.3,3.0,0.0,2.0,74.9,21.3,17.3,1418.8,27
175.0,1500.0,68.0,11.0,176.3,0.0,3.0,9.0,5,urban,2,2,0.1,1.7,0.0,1.0,78.9,489.4,8.6,1569.7,32
59.8,13792.0,388.0,2818.0,63.0,0.0,17.0,4.0,1,rural,6,2,0.3,0.0,0.0,3.0,77.2,378.6,9.5,1368.3,50
79.0,12162.0,765.0,2871.0,83.0,0.0,17.0,4.0,1,rural,6,2,0.2,0.0,0.0,3.0,77.2,378.6,9.5,1368.3,51
59.0,12162.0,765.0,2871.0,90.0,0.0,17.0,4.0,1,rural,6,2,0.3,3.0,0.0,3.0,77.2,378.6,9.5,1368.3,50
55.0,12162.0,765.0,2871.0,56.0,0.0,19.0,4.0,1,rural,6,2,0.2,0.0,0.0,3.0,77.2,378.6,9.5,1368.3,49
61.8,17441.0,1839.0,2915.0,62.2,0.0,18.0,4.0,1,rural,6,2,0.1,0.5,0.0,1.5,77.2,378.6,9.5,1368.3,50
70.5,22781.0,1114.0,2529.0,75.0,0.0,19.0,4.0,1,rural,6,2,0.4,1.0,0.0,3.0,77.2,378.6,9.5,1368.3,51
73.0,22781.0,1114.0,2529.0,85.0,0.0,19.0,4.0,1,rural,6,2,0.3,7.0,0.0,3.0,77.2,378.6,9.5,1368.3,51
61.0,3031.0,257.0,306.0,62.0,0.0,11.0,6.0,3,rural,7,2,0.2,6.0,0.0,3.0,77.2,378.6,9.5,1368.3,89
89.0,4611.0,453.0,451.0,108.0,0.0,7.5,15.0,3,rural,6,3,0.2,0.0,0.0,2.0,77.2,378.6,9.5,1368.3,59
50.4,8781.0,655.0,245.0,73.7,0.0,10.5,8.0,3,rural,6,2,0.4,0.0,0.0,2.5,77.2,378.6,9.5,1368.3,76
75.0,6891.0,412.0,153.0,77.0,0.0,9.5,5.0,3,rural,6,2,0.2,0.0,0.0,1.5,77.2,378.6,9.5,1368.3,115
68.5,3761.0,376.0,172.0,69.0,0.0,10.0,15.0,3,rural,6,3,0.2,0.0,0.0,2.0,77.2,378.6,9.5,1368.3,59
335.0,250.0,14.0,2.0,352.0,0.0,3.0,7.0,5,urban,6,2,0.3,4.0,0.0,2.0,78.9,489.4,8.6,1569.7,42
124.0,230.0,7.0,21.0,134.0,0.0,4.0,8.0,6,small urban,2,2,0.1,0.7,0.0,4.0,34.9,3.2,16.2,250.8,12
272.8,3900.0,55.0,283.0,278.8,0.0,4.0,12.0,5,small urban,2,2,0.2,0.0,0.0,4.0,44.6,76.5,10.9,231.4,15
108.0,6500.0,407.0,452.0,223.0,0.0,8.0,6.0,3,small urban,2,5,0.4,17.0,0.0,2.0,73.8,27.5,15.5,1206.3,63
127.7,3400.0,57.0,33.0,152.3,0.0,4.0,13.0,6,urban,2,2,0.1,20.0,0.0,4.0,34.9,3.2,16.2,250.8,27
65.2,7593.0,683.0,398.0,70.5,0.0,6.0,8.0,3,rural,2,2,0.3,2.0,0.0,2.0,73.8,27.5,15.5,1206.3,17
92.5,9400.0,395.0,470.0,182.6,0.0,6.0,4.5,4,small urban,2,5,0.5,59.0,0.0,2.0,73.8,27.5,15.5,1206.3,14
113.5,16000.0,322.0,1675.0,118.5,0.0,4.0,12.0,3,rural,2,2,0.1,9.7,0.0,4.0,46.3,72.8,11.2,247.9,19
133.0,280.0,10.0,24.0,138.0,0.0,4.0,12.0,6,small urban,2,2,0.0,0.0,0.0,4.0,44.6,76.5,10.9,231.4,27
166.1,2600.0,18.0,17.0,169.6,0.0,6.0,4.5,5,small urban,2,5,0.4,11.0,0.0,2.0,73.8,27.5,15.5,1206.3,32
118.3,1803.0,64.0,48.0,168.3,0.0,6.0,4.5,5,small urban,2,5,0.3,3.0,0.0,2.0,73.8,27.5,15.5,1206.3,38
143.0,2654.0,106.0,21.0,165.0,0.0,6.0,16.0,5,small urban,2,2,0.3,7.0,0.0,1.0,81.2,846.6,6.4,1370.8,12
79.7,27900.0,1026.0,1377.0,112.5,0.0,3.0,21.0,3,urban,6,5,0.1,0.0,0.0,3.0,55.2,175.0,8.7,426.6,45
61.5,3500.0,123.0,306.0,206.5,0.0,4.0,12.0,6,small urban,2,2,0.2,5.0,0.0,4.0,44.6,76.5,10.9,231.4,14
123.9,40000.0,671.0,393.0,214.7,0.0,5.8,13.0,4,urban,2,2,0.1,0.0,0.0,4.0,34.9,3.2,16.2,250.8,17
137.6,21000.0,358.0,210.0,164.0,0.0,5.0,8.0,4,urban,2,2,0.1,5.0,0.0,4.0,34.9,3.2,16.2,250.8,24
149.6,1300.0,29.0,39.0,157.7,0.0,4.0,12.0,6,small urban,2,2,0.1,0.0,0.0,4.0,44.6,76.5,10.9,231.4,21
211.0,700.0,24.0,61.0,219.2,0.0,4.0,12.0,6,urban,2,2,0.1,0.0,0.0,4.0,44.6,76.5,10.9,231.4,21
131.0,35000.0,596.0,349.0,133.0,0.0,4.8,13.0,3,urban,2,2,0.2,0.0,0.0,4.0,34.9,3.2,16.2,250.8,69
155.0,2700.0,62.0,83.0,157.1,0.0,6.0,6.0,4,rural,2,2,0.1,0.0,0.0,4.0,55.2,175.0,8.7,426.6,27
181.3,3900.0,137.0,340.0,188.3,0.0,6.0,6.0,4,rural,2,2,0.2,0.0,0.0,4.0,55.2,175.0,8.7,426.6,15
148.0,630.0,11.0,6.0,164.0,0.0,3.0,13.0,6,urban,2,2,0.1,15.0,0.0,4.0,34.9,3.2,16.2,250.8,34
54.0,2100.0,73.0,182.0,56.0,0.0,3.0,24.0,4,rural,6,5,0.0,1.0,0.0,3.0,55.2,175.0,8.7,426.6,93
48.7,2500.0,86.0,213.0,49.8,0.0,4.0,12.0,4,rural,6,5,0.1,0.0,0.0,4.0,55.2,175.0,8.7,426.6,64
106.2,6200.0,215.0,535.0,125.0,0.0,10.5,11.0,4,urban,6,2,0.1,0.0,0.0,3.0,55.2,175.0,8.7,426.6,64
105.0,12000.0,405.0,1008.0,121.0,0.0,10.5,11.0,4,urban,6,2,0.0,0.0,0.0,3.0,55.2,175.0,8.7,426.6,64
99.0,12000.0,405.0,1008.0,111.0,0.0,10.5,11.0,4,urban,6,2,0.0,0.0,0.0,3.0,55.2,175.0,8.7,426.6,64
114.5,11600.0,269.0,361.0,115.0,0.0,4.0,10.0,4,urban,2,2,0.1,0.0,0.0,6.5,57.1,226.3,8.0,716.8,45
94.0,6700.0,31.0,2.0,109.3,0.0,4.0,15.0,4,urban,2,2,0.1,0.0,0.0,4.0,57.1,226.3,8.0,716.8,35
155.0,52000.0,876.0,513.0,159.0,0.0,5.0,13.0,4,urban,2,2,0.2,0.0,0.0,4.0,34.9,3.2,16.2,250.8,11
267.0,3000.0,69.0,92.0,293.0,0.0,6.0,6.0,6,urban,2,2,0.1,10.0,0.0,4.0,55.2,175.0,8.7,426.6,25
210.0,1100.0,62.0,10.0,313.5,0.0,3.0,1.0,5,urban,6,2,0.3,13.0,0.0,1.5,77.8,330.7,9.9,1303.1,42
128.5,2360.0,64.0,5.0,152.0,0.0,6.0,16.0,5,small urban,2,2,0.3,0.0,0.0,1.0,81.2,846.6,6.4,1370.8,14
137.7,6400.0,91.0,53.0,157.2,0.0,4.8,13.0,4,urban,2,2,0.1,0.0,0.0,4.0,34.9,3.2,16.2,250.8,20
81.5,5400.0,91.0,53.0,81.7,0.0,4.0,12.0,4,urban,2,2,0.1,5.0,0.0,4.0,34.9,3.2,16.2,250.8,33
204.5,4358.0,96.0,65.0,265.5,0.0,6.0,16.0,5,small urban,2,2,0.3,7.5,0.0,1.5,81.2,846.6,6.4,1370.8,28
128.9,1200.0,20.0,12.0,134.6,0.0,4.0,12.0,6,small urban,2,2,0.1,2.7,0.0,4.0,39.9,73.9,11.5,311.6,22
202.0,400.0,13.0,17.0,298.0,0.0,2.5,4.0,6,small urban,2,2,0.1,5.0,0.0,2.8,52.6,323.4,8.4,409.8,60
219.0,1700.0,101.0,17.0,222.5,0.0,3.0,7.0,5,urban,6,2,0.2,8.0,0.0,1.5,78.2,130.1,11.5,1379.0,52
153.0,1200.0,141.0,70.0,167.0,0.0,3.0,11.0,5,rural,2,2,0.1,3.0,0.0,3.0,78.2,130.1,11.5,1379.0,15
184.3,100.0,2.0,1.0,186.4,0.0,4.0,12.0,6,small urban,2,2,0.1,21.0,0.0,4.0,39.9,73.9,11.5,311.6,23
82.0,19750.0,327.0,192.0,154.5,0.0,4.0,13.0,6,urban,2,2,0.2,5.0,0.0,4.0,34.9,3.2,16.2,250.8,21
87.0,19750.0,327.0,192.0,154.5,0.0,4.0,13.0,6,urban,2,2,0.2,5.0,0.0,4.0,34.9,3.2,16.2,250.8,21
139.5,3600.0,111.0,327.0,165.0,0.0,5.5,6.0,4,urban,2,2,0.2,0.0,0.0,4.0,34.9,3.2,16.2,250.8,20
61.0,3000.0,105.0,262.0,85.0,0.0,4.0,12.0,6,small urban,2,2,0.0,0.0,0.0,2.8,52.6,323.4,8.4,409.8,26
80.0,10000.0,238.0,319.0,123.0,0.0,6.0,12.0,3,small urban,2,2,0.1,0.0,0.0,2.8,52.6,323.4,8.4,409.8,26
85.4,2000.0,68.0,170.0,121.7,0.0,4.0,12.0,4,urban,2,2,0.1,17.0,0.0,4.0,44.6,76.5,10.9,231.4,12
84.5,5900.0,204.0,507.0,92.0,0.0,4.0,12.0,5,rural,2,2,0.1,0.0,0.0,4.0,44.6,76.5,10.9,231.4,13
114.8,5900.0,122.0,304.0,120.8,0.0,4.0,12.0,6,urban,2,2,0.1,0.0,0.0,4.0,44.6,76.5,10.9,231.4,16
144.0,8900.0,150.0,88.0,169.0,0.0,4.8,10.0,4,urban,2,2,0.1,10.0,0.0,4.0,34.9,3.2,16.2,250.8,37
66.5,19000.0,315.0,185.0,106.0,0.0,4.8,13.0,6,urban,2,2,0.0,0.0,0.0,4.0,34.9,3.2,16.2,250.8,34
170.0,2200.0,66.0,88.0,181.0,0.0,4.0,10.0,6,urban,2,2,0.2,5.0,0.0,4.0,57.1,226.3,8.0,716.8,35
223.0,2800.0,65.0,87.0,274.0,0.0,3.0,6.0,6,urban,2,2,0.1,10.0,0.0,4.0,55.2,175.0,8.7,426.6,25
183.0,3900.0,90.0,120.0,209.0,0.0,10.0,6.0,3,urban,2,2,0.1,0.0,0.0,4.0,55.2,175.0,8.7,426.6,12
175.0,100.0,2.0,4.0,224.0,0.0,4.0,12.0,6,small urban,2,2,0.1,0.0,0.0,4.0,46.3,72.8,11.2,247.9,21
122.5,7500.0,259.0,645.0,135.0,0.0,3.0,6.0,4,urban,2,2,0.2,0.0,0.0,4.0,55.2,175.0,8.7,426.6,25
160.0,1700.0,40.0,54.0,160.7,0.0,6.0,6.0,6,small urban,2,2,0.4,0.0,0.0,4.0,55.2,175.0,8.7,426.6,12
112.0,9400.0,217.0,291.0,140.5,0.0,6.0,6.0,4,urban,2,2,0.2,0.0,0.0,4.0,55.2,175.0,8.7,426.6,21
188.6,4000.0,92.0,124.0,203.0,0.0,6.0,6.0,6,urban,2,2,0.1,0.0,0.0,4.0,55.2,175.0,8.7,426.6,23
88.0,1500.0,52.0,130.0,99.0,0.0,8.0,12.0,4,small urban,6,2,0.1,0.0,0.0,3.0,52.6,323.4,8.4,409.8,37
112.6,470.0,19.0,111.0,124.5,0.0,7.5,9.0,4,rural,6,2,0.1,0.0,0.0,3.0,46.7,279.0,8.7,349.3,74
170.0,1453.0,125.0,28.0,178.5,0.0,4.5,9.0,5,urban,2,2,0.2,0.0,0.0,3.4,67.1,221.8,8.2,704.9,37
100.0,6716.0,763.0,139.0,105.8,0.0,3.4,4.0,3,urban,2,2,0.2,0.3,0.0,2.5,67.1,221.8,8.2,704.9,11
174.0,5944.0,708.0,212.0,187.0,0.0,3.4,5.0,3,urban,2,2,0.2,0.0,0.0,2.5,67.1,221.8,8.2,704.9,11
151.0,485.0,42.0,5.0,208.0,0.0,3.0,6.0,5,urban,2,2,0.2,0.0,0.0,2.5,67.1,221.8,8.2,704.9,28
117.0,1100.0,62.0,10.0,133.0,0.0,2.0,11.0,5,urban,2,2,0.0,0.0,0.0,2.0,78.2,216.0,10.4,1435.3,65
71.0,40000.0,1171.0,549.0,72.0,0.0,2.0,8.0,3,urban,2,2,0.2,0.0,0.0,2.0,77.8,0.0,23.3,1122.2,20
45.0,125532.0,10344.0,17500.0,46.0,9.0,7.0,6.0,1,urban,7,2,0.1,0.0,0.0,2.0,76.4,164.6,12.2,1390.6,54
55.0,89522.0,3474.0,13241.0,64.0,9.0,8.0,6.0,1,urban,7,2,0.1,0.0,0.0,2.0,76.4,164.6,12.2,1390.6,54
47.3,89522.0,3474.0,13241.0,50.5,9.0,8.0,6.0,1,urban,7,2,0.1,0.0,0.0,2.0,76.4,164.6,12.2,1390.6,54
83.2,22712.0,952.0,71.0,91.5,0.0,8.5,8.0,3,urban,6,2,0.2,9.8,0.0,1.5,76.4,164.6,12.2,1390.6,111
56.0,16231.0,392.0,112.0,57.0,0.0,6.0,4.0,3,urban,6,2,0.1,2.0,0.0,2.0,76.4,164.6,12.2,1390.6,51
65.5,35981.0,709.0,429.0,125.0,0.0,8.5,4.0,3,urban,6,2,0.4,36.8,0.0,2.0,76.4,164.6,12.2,1390.6,28
124.0,14382.0,761.0,187.0,129.0,0.0,5.0,3.0,3,urban,6,2,0.2,4.0,0.0,3.0,76.4,164.6,12.2,1390.6,65
142.8,4534.0,85.0,23.0,144.2,6.5,8.5,7.0,4,urban,7,3,0.2,8.4,0.0,3.0,76.4,164.6,12.2,1390.6,95
58.5,43691.0,1573.0,319.0,65.0,0.0,13.5,6.0,2,urban,6,2,0.2,6.0,0.0,4.0,76.4,164.6,12.2,1390.6,27
67.0,11941.0,906.0,241.0,69.0,8.0,11.5,13.0,3,rural,7,2,0.1,0.0,0.0,2.0,76.4,164.6,12.2,1390.6,70
47.5,10521.0,645.0,275.0,58.0,8.0,12.0,15.0,3,rural,7,2,0.1,0.0,0.0,2.0,76.4,164.6,12.2,1390.6,70
77.9,11781.0,744.0,306.0,87.8,0.0,10.0,14.0,3,rural,6,2,0.1,1.7,0.0,2.0,76.4,164.6,12.2,1390.6,69
115.2,24627.0,1490.0,555.0,119.0,14.5,8.5,12.0,3,urban,7,2,0.3,7.0,0.0,2.0,76.4,164.6,12.2,1390.6,88
73.0,39632.0,2049.0,861.0,74.0,14.5,6.5,6.0,3,urban,7,2,0.2,3.0,0.0,2.0,76.4,164.6,12.2,1390.6,87
86.0,32122.0,1038.0,951.0,122.0,7.0,8.5,3.0,3,urban,7,2,0.2,25.0,0.0,2.0,76.4,164.6,12.2,1390.6,85
128.5,55000.0,1648.0,772.0,129.0,0.0,2.0,8.0,3,urban,6,2,0.2,8.0,0.0,1.5,77.8,0.0,23.3,1122.2,11
40.0,55000.0,2771.0,1299.0,73.0,0.0,2.0,8.0,3,urban,6,2,0.1,1.0,0.0,1.5,77.8,0.0,23.3,1122.2,11
40.8,55000.0,2771.0,1299.0,45.8,0.0,2.0,8.0,3,urban,6,2,0.1,1.0,0.0,1.5,77.8,0.0,23.3,1122.2,11
33.0,81000.0,2372.0,1111.0,43.0,0.0,2.0,8.0,3,urban,6,2,0.1,1.0,0.0,1.5,77.8,0.0,23.3,1122.2,11
51.0,43000.0,1122.0,684.0,53.5,0.0,2.0,8.0,3,urban,6,2,0.2,1.0,0.0,1.5,77.8,0.0,23.3,1122.2,21
41.0,52000.0,1629.0,763.0,79.0,0.0,2.0,8.0,3,urban,6,2,0.2,8.0,0.0,1.5,77.8,0.0,23.3,1122.2,18
33.0,59500.0,1702.0,797.0,69.0,0.0,2.0,8.0,3,urban,6,2,0.2,19.0,0.0,1.5,77.8,0.0,23.3,1122.2,25
36.0,59500.0,1702.0,797.0,75.5,0.0,2.0,8.0,3,urban,6,2,0.2,19.0,0.0,1.5,77.8,0.0,23.3,1122.2,25
125.8,1995.0,270.0,120.0,129.8,0.0,6.0,8.0,3,rural,2,2,0.4,18.5,0.0,2.0,74.3,15.9,16.5,1203.1,22
82.3,10100.0,816.0,558.0,85.0,0.0,6.0,8.0,3,rural,2,2,0.5,4.8,0.0,2.0,74.3,15.9,16.5,1203.1,30
111.2,10800.0,955.0,364.0,125.8,0.0,6.0,8.0,3,rural,2,2,0.3,14.2,0.0,2.0,74.3,15.9,16.5,1203.1,14
97.1,3000.0,273.0,503.0,97.4,0.0,6.0,8.0,3,rural,2,2,0.5,31.0,0.0,2.0,74.3,15.9,16.5,1203.1,16
179.8,1600.0,27.0,16.0,180.7,0.0,4.0,12.0,6,small urban,2,2,0.3,7.3,0.0,4.0,39.9,73.9,11.5,311.6,21
109.4,12100.0,421.0,475.0,116.5,0.0,2.0,8.0,4,rural,6,2,0.1,8.0,0.0,1.5,77.8,0.0,23.3,1122.2,11
54.0,34500.0,1480.0,694.0,63.0,0.0,2.0,8.0,3,urban,6,2,0.1,0.0,0.0,1.5,77.8,0.0,23.3,1122.2,8
35.5,101000.0,3561.0,6842.0,44.5,0.0,2.0,8.0,1,urban,6,2,0.1,1.0,0.0,1.5,77.8,0.0,23.3,1122.2,11
36.0,101000.0,3561.0,6842.0,40.0,0.0,2.0,8.0,1,urban,6,2,0.2,1.0,0.0,1.5,77.8,0.0,23.3,1122.2,28
43.0,101000.0,4457.0,5946.0,49.5,0.0,2.0,8.0,1,urban,6,2,0.1,1.0,0.0,1.5,77.8,0.0,23.3,1122.2,11
42.6,101500.0,4305.0,5744.0,50.1,0.0,2.0,8.0,1,urban,6,2,0.1,1.0,0.0,1.5,77.8,0.0,23.3,1122.2,11
37.5,93000.0,5100.0,6804.0,42.2,0.0,2.0,8.0,1,urban,6,2,0.1,1.0,0.0,1.5,77.8,0.0,23.3,1122.2,11
40.0,87500.0,5210.0,6952.0,45.8,0.0,2.0,8.0,1,urban,6,2,0.1,0.0,0.0,1.5,77.8,0.0,23.3,1122.2,9
200.0,10000.0,66.0,202.0,211.0,0.0,6.0,6.0,4,urban,2,2,0.1,0.0,0.0,4.0,55.2,175.0,8.7,426.6,27
171.0,1000.0,11.0,6.0,197.0,0.0,4.0,7.0,6,urban,2,2,0.0,7.0,0.0,4.0,34.9,3.2,16.2,250.8,11
69.5,11200.0,1557.0,571.0,71.5,0.0,2.0,8.0,4,urban,2,2,0.2,8.0,0.0,1.5,77.8,0.0,23.3,1122.2,9
194.0,3300.0,76.0,101.0,232.5,0.0,4.0,13.0,4,urban,2,2,0.1,20.0,0.0,3.5,57.1,226.3,8.0,716.8,45
53.5,2500.0,42.0,24.0,176.0,0.0,4.0,5.0,4,urban,2,2,0.1,0.0,0.0,4.0,34.9,3.2,16.2,250.8,20
155.0,640.0,15.0,20.0,341.0,0.0,4.0,10.0,6,urban,2,2,0.1,5.0,0.0,4.0,57.1,226.3,8.0,716.8,65
122.5,2800.0,97.0,243.0,136.3,0.0,4.0,12.0,6,small urban,2,2,0.1,10.0,0.0,4.0,44.6,76.5,10.9,231.4,21
142.0,970.0,22.0,30.0,169.0,0.0,4.0,10.0,6,urban,2,2,0.1,5.0,0.0,4.0,57.1,226.3,8.0,716.8,35
95.0,8200.0,244.0,143.0,106.0,0.0,4.0,13.0,4,urban,2,2,0.1,0.0,0.0,4.0,34.9,3.2,16.2,250.8,24
104.3,12000.0,283.0,380.0,106.3,0.0,3.0,6.0,4,urban,2,2,0.1,0.0,0.0,4.0,55.2,175.0,8.7,426.6,25
173.0,5000.0,115.0,50.0,205.0,0.0,4.0,12.0,6,small urban,2,2,0.1,13.0,0.0,4.0,44.6,76.5,10.9,231.4,15
203.2,1400.0,33.0,44.0,213.2,0.0,6.0,6.0,6,urban,2,2,0.1,10.0,0.0,4.0,55.2,175.0,8.7,426.6,28
74.0,1100.0,26.0,35.0,141.0,0.0,6.0,6.0,6,urban,2,2,0.0,10.0,0.0,4.0,55.2,175.0,8.7,426.6,21
85.0,210.0,5.0,7.0,90.0,0.0,6.0,6.0,6,urban,2,2,0.0,10.0,0.0,4.0,55.2,175.0,8.7,426.6,13
57.0,66000.0,1117.0,655.0,126.5,0.0,8.0,20.0,4,urban,6,2,0.1,0.0,0.0,4.0,34.9,3.2,16.2,250.8,25
172.5,260.0,4.0,3.0,173.0,0.0,4.0,13.0,6,small urban,2,2,0.1,0.0,0.0,4.0,34.9,3.2,16.2,250.8,20
194.0,490.0,8.0,5.0,226.0,0.0,4.0,13.0,6,small urban,2,2,0.1,0.0,0.0,4.0,34.9,3.2,16.2,250.8,27
89.0,43500.0,733.0,430.0,96.7,0.0,4.8,13.0,4,urban,2,2,0.1,0.0,0.0,4.0,34.9,3.2,16.2,250.8,15
68.5,24800.0,1255.0,285.0,71.0,0.0,4.0,17.0,3,urban,6,2,0.3,42.0,0.0,2.0,80.8,20.2,10.5,1335.9,57
259.3,17800.0,300.0,176.0,273.0,0.0,6.0,6.0,4,urban,2,2,0.2,0.0,0.0,4.0,55.2,175.0,8.7,426.6,11
103.0,670.0,15.0,21.0,211.7,0.0,4.0,12.0,6,small urban,2,2,0.1,0.0,0.0,4.0,45.8,90.1,11.1,265.7,21
139.0,21300.0,494.0,662.0,152.0,0.0,6.0,6.0,3,urban,2,2,0.0,0.0,0.0,4.0,55.2,175.0,8.7,426.6,25
90.8,3100.0,77.0,279.0,96.5,0.0,3.0,6.0,4,urban,2,2,0.1,0.0,0.0,4.0,55.2,175.0,8.7,426.6,23
103.0,1800.0,30.0,17.0,153.0,0.0,4.0,13.0,4,small urban,2,2,0.1,0.0,0.0,4.0,34.9,3.2,16.2,250.8,20
204.0,1200.0,41.0,102.0,251.3,0.0,4.0,12.0,4,small urban,2,2,0.1,0.0,0.0,4.0,44.6,76.5,10.9,231.4,34
246.5,3500.0,80.0,107.0,269.0,0.0,4.0,15.0,6,urban,2,2,0.1,5.0,0.0,3.2,57.1,226.3,8.0,716.8,28
140.0,8000.0,185.0,248.0,151.0,0.0,4.0,10.0,6,urban,2,2,0.1,43.0,0.0,4.0,57.1,226.3,8.0,716.8,35
73.2,8600.0,433.0,203.0,111.5,0.0,2.0,8.0,3,urban,2,2,0.2,8.0,0.0,1.5,77.8,0.0,23.3,1122.2,10
157.4,2900.0,48.0,28.0,177.5,0.0,3.0,12.0,6,urban,2,2,0.1,5.0,0.0,4.0,34.9,3.2,16.2,250.8,19
150.4,340.0,6.0,3.0,152.5,0.0,2.0,5.0,4,urban,2,2,0.1,0.5,0.0,4.0,34.9,3.2,16.2,250.8,28
171.2,1000.0,5.0,3.0,189.5,0.0,3.0,9.0,4,urban,2,2,0.1,8.2,0.0,4.0,34.9,3.2,16.2,250.8,12
71.0,1500.0,54.0,133.0,244.0,0.0,4.0,12.0,6,small urban,2,2,0.2,0.0,0.0,4.0,44.6,76.5,10.9,231.4,24
131.0,610.0,14.0,19.0,163.0,0.0,4.0,10.0,6,urban,2,2,0.1,0.0,0.0,4.0,57.1,226.3,8.0,716.8,41
233.5,930.0,32.0,80.0,249.2,0.0,4.0,12.0,6,small urban,2,2,0.1,22.5,0.0,4.0,44.6,76.5,10.9,231.4,25
99.0,5900.0,340.0,106.0,104.0,0.0,6.0,7.0,5,rural,6,2,0.1,0.0,0.0,1.5,77.6,254.6,10.4,1398.8,125
151.5,5400.0,125.0,168.0,152.5,0.0,3.0,6.0,4,urban,2,2,0.1,0.0,0.0,4.0,55.2,175.0,8.7,426.6,27
245.0,6000.0,14.0,25.0,273.0,0.0,4.0,12.0,6,urban,2,2,0.1,15.0,0.0,4.0,34.9,3.2,16.2,250.8,13
67.0,4800.0,112.0,150.0,73.0,0.0,7.5,6.0,3,small urban,6,2,0.1,0.0,0.0,4.0,41.1,34.9,13.2,246.5,67
88.5,2650.0,92.0,229.0,89.0,0.0,9.5,8.0,3,small urban,6,2,0.1,1.0,0.0,4.0,41.1,34.9,13.2,246.5,67
42.1,7400.0,181.0,569.0,44.5,0.0,9.0,16.0,3,rural,6,3,0.1,0.0,0.0,3.0,34.9,3.2,16.2,250.8,14
40.9,7400.0,181.0,569.0,70.7,0.0,9.0,16.0,3,rural,6,3,0.0,0.0,0.0,3.0,34.9,3.2,16.2,250.8,14
38.5,7900.0,105.0,638.0,40.1,0.0,7.0,16.0,3,rural,2,3,0.1,0.6,0.0,7.0,34.9,3.2,16.2,250.8,20
53.0,132000.0,2695.0,6136.0,57.5,0.0,8.5,11.0,2,urban,6,2,0.0,0.0,0.0,3.0,34.9,3.2,16.2,250.8,61
32.0,54000.0,544.0,319.0,36.0,0.0,4.0,17.0,2,urban,6,2,0.0,0.0,0.0,3.0,34.9,3.2,16.2,250.8,61
38.0,54000.0,544.0,319.0,48.0,0.0,4.0,17.0,2,urban,6,2,0.0,0.0,0.0,3.0,34.9,3.2,16.2,250.8,61
37.0,14500.0,245.0,143.0,50.0,0.0,8.0,11.0,2,urban,6,2,0.1,0.0,0.0,3.0,34.9,3.2,16.2,250.8,61
43.4,11000.0,406.0,505.0,45.6,0.0,9.5,11.0,3,urban,6,2,0.0,0.0,0.0,3.0,34.9,3.2,16.2,250.8,61
41.4,9700.0,299.0,886.0,41.7,0.0,9.5,11.0,3,rural,6,2,0.0,0.0,0.0,3.0,34.9,3.2,16.2,250.8,61
48.4,2800.0,221.0,377.0,58.9,0.0,10.0,6.0,3,rural,6,5,0.1,0.0,0.0,4.5,40.3,105.2,10.7,243.9,28
44.4,2700.0,95.0,237.0,49.3,0.0,6.0,8.0,3,rural,6,3,0.1,0.0,0.0,4.0,41.8,105.5,10.7,263.8,26
43.1,3000.0,73.0,839.0,43.7,0.0,7.5,8.0,3,rural,6,3,0.0,0.0,0.0,3.0,41.8,105.5,10.7,263.8,29
51.0,840.0,29.0,72.0,58.0,0.0,7.5,8.0,3,rural,6,3,0.1,0.0,0.0,2.0,41.8,105.5,10.7,263.8,29
85.8,3200.0,117.0,43.0,105.4,0.0,2.0,8.0,4,urban,2,2,0.0,0.0,0.0,1.5,76.6,0.0,22.8,1105.9,9
164.0,1350.0,44.0,17.0,227.5,0.0,2.0,8.0,5,urban,2,2,0.0,23.0,0.0,1.5,76.6,0.0,22.8,1105.9,9
105.0,14552.0,574.0,361.0,109.0,10.0,4.0,6.0,2,urban,7,2,0.2,16.0,0.0,4.0,75.0,135.7,12.8,1354.6,53
106.0,111541.0,3893.0,2031.0,138.0,0.0,9.0,14.0,2,urban,6,3,0.3,4.0,0.0,30.0,75.0,135.7,12.8,1354.6,55
90.0,50760.0,3117.0,3401.0,99.0,0.0,8.5,12.0,2,urban,6,3,0.2,7.0,0.0,2.0,75.0,135.7,12.8,1354.6,54
70.0,158751.0,5239.0,1699.0,103.0,9.0,5.5,9.0,2,urban,7,2,0.3,12.0,0.0,26.5,75.0,135.7,12.8,1354.6,22
63.0,109940.0,5915.0,1990.0,64.0,9.0,5.5,6.0,2,urban,7,2,0.2,0.0,0.0,5.5,75.0,135.7,12.8,1354.6,58
71.5,14660.0,706.0,119.0,74.0,9.0,10.0,6.0,3,urban,7,2,0.1,1.5,0.0,2.0,75.0,135.7,12.8,1354.6,74
119.0,54772.0,2016.0,477.0,120.0,7.0,13.5,2.5,3,urban,7,3,0.2,0.0,0.0,1.5,75.0,135.7,12.8,1354.6,86
91.5,6499.0,104.0,65.0,93.5,0.0,6.0,16.0,5,small urban,6,2,0.1,0.0,0.0,1.0,83.4,216.1,7.8,1441.1,25
65.0,10500.0,551.0,258.0,69.0,0.0,2.0,8.0,3,urban,6,2,0.1,0.0,0.0,1.5,76.6,0.0,22.8,1105.9,11
66.0,10500.0,551.0,258.0,69.5,0.0,2.0,8.0,3,urban,6,2,0.1,0.0,0.0,1.5,76.6,0.0,22.8,1105.9,11
103.1,2400.0,126.0,104.0,129.9,0.0,6.0,8.0,3,rural,2,2,0.3,7.7,0.0,2.0,73.4,14.6,16.9,1259.3,14
191.5,6900.0,327.0,242.0,205.9,0.0,8.0,6.0,3,small urban,2,5,0.6,20.0,0.0,2.0,73.4,14.6,16.9,1259.3,14
59.0,15500.0,697.0,326.0,62.0,0.0,2.0,8.0,3,urban,6,2,0.0,8.0,0.0,1.0,76.6,0.0,22.8,1105.9,14
129.5,1250.0,52.0,43.0,141.3,0.0,4.0,8.0,5,rural,2,2,0.4,36.3,0.0,2.0,73.4,14.6,16.9,1259.3,28
226.0,500.0,12.0,34.0,232.0,0.0,3.0,6.0,6,urban,2,2,0.1,0.0,0.0,4.0,55.2,175.0,8.7,426.6,21
217.0,500.0,12.0,34.0,221.0,0.0,3.0,6.0,6,urban,2,2,0.0,10.0,0.0,4.0,55.2,175.0,8.7,426.6,21
82.0,3300.0,115.0,285.0,85.0,0.0,4.0,12.0,5,small urban,2,2,0.1,0.0,0.0,4.0,44.6,76.5,10.9,231.4,12
229.0,700.0,14.0,6.0,254.0,0.0,6.0,4.5,5,small urban,2,5,0.5,21.0,0.0,2.0,73.4,14.6,16.9,1259.3,78
286.7,2600.0,44.0,26.0,290.7,0.0,4.0,13.0,6,urban,2,2,0.1,0.0,0.0,4.0,34.9,3.2,16.2,250.8,13
155.5,2600.0,44.0,26.0,290.7,0.0,4.0,13.0,6,urban,2,2,0.1,0.0,0.0,4.0,34.9,3.2,16.2,250.8,13
51.5,118000.0,5662.0,7554.0,57.7,0.0,2.0,8.0,1,urban,6,2,0.1,1.0,0.0,1.5,76.6,0.0,22.8,1105.9,9
48.5,92000.0,5321.0,7099.0,54.0,0.0,2.0,8.0,1,urban,6,2,0.1,0.0,0.0,1.5,76.6,0.0,22.8,1105.9,9
53.0,57500.0,4335.0,5785.0,54.5,0.0,2.0,8.0,1,urban,6,2,0.1,1.0,0.0,1.5,76.6,0.0,22.8,1105.9,9
166.0,5800.0,135.0,181.0,256.5,0.0,5.0,6.0,4,urban,2,2,0.1,0.0,0.0,4.0,55.2,175.0,8.7,426.6,21
70.0,10000.0,153.0,307.0,75.0,0.0,2.0,8.0,2,rural,6,2,0.1,1.0,0.0,1.5,76.6,0.0,22.8,1105.9,9
137.0,9400.0,158.0,93.0,198.0,0.0,3.0,13.0,4,urban,2,2,0.2,0.0,0.0,4.0,34.9,3.2,16.2,250.8,21
42.0,9400.0,158.0,93.0,53.0,0.0,4.0,13.0,4,urban,2,2,0.0,0.0,0.0,4.0,34.9,3.2,16.2,250.8,24
102.0,860.0,20.0,27.0,108.0,0.0,4.0,9.0,6,small urban,2,2,0.0,0.0,0.0,2.8,52.6,323.4,8.4,409.8,33
58.0,53000.0,2066.0,2757.0,63.0,0.0,2.0,8.0,1,urban,2,2,0.2,1.0,0.0,1.5,76.6,0.0,22.8,1105.9,9
319.0,3800.0,88.0,118.0,321.0,0.0,5.0,6.0,6,urban,2,2,0.1,0.0,0.0,4.0,55.2,175.0,8.7,426.6,21
133.0,50.0,4.0,2.0,181.5,0.0,5.0,13.0,6,urban,2,2,0.1,0.0,0.0,4.0,34.9,3.2,16.2,250.8,21
116.0,250.0,4.0,2.0,116.8,0.0,3.0,13.0,6,urban,2,2,0.0,1.0,0.0,4.0,34.9,3.2,16.2,250.8,14
101.0,2000.0,31.0,18.0,138.4,0.0,3.0,12.0,6,urban,2,2,0.0,0.0,0.0,4.0,34.9,3.2,16.2,250.8,24
94.0,2000.0,31.0,18.0,138.4,0.0,3.0,12.0,6,urban,2,2,0.0,0.0,0.0,4.0,34.9,3.2,16.2,250.8,24
144.0,5400.0,125.0,168.0,152.0,0.0,3.0,6.0,4,urban,2,2,0.2,10.0,0.0,4.0,55.2,175.0,8.7,426.6,21
102.1,6700.0,317.0,186.0,104.2,0.0,4.0,9.0,6,urban,2,2,0.1,0.0,0.0,4.0,34.9,3.2,16.2,250.8,20
236.0,6700.0,154.0,207.0,309.5,0.0,3.0,6.0,6,urban,2,2,0.1,25.0,0.0,4.0,55.2,175.0,8.7,426.6,25
195.5,1700.0,6.0,2.0,230.5,0.0,4.0,10.0,6,urban,2,2,0.2,0.0,0.0,5.2,57.1,226.3,8.0,716.8,55
188.0,2600.0,61.0,82.0,195.0,0.0,6.0,6.0,6,small urban,2,2,0.1,0.0,0.0,4.0,55.2,175.0,8.7,426.6,15
316.0,970.0,22.0,30.0,336.5,0.0,3.0,6.0,6,urban,2,2,0.2,0.0,0.0,4.0,55.2,175.0,8.7,426.6,27
116.0,47666.7,1033.0,605.0,149.3,0.0,5.0,7.0,6,urban,2,2,0.1,0.0,0.0,4.0,34.9,3.2,16.2,250.8,10
202.3,4500.0,158.0,393.0,242.0,0.0,3.0,9.0,6,small urban,2,2,0.1,5.0,0.0,2.8,52.6,323.4,8.4,409.8,37
189.0,14900.0,814.0,298.0,265.0,12.0,4.0,7.0,4,urban,7,5,0.2,0.0,0.0,2.0,78.2,130.1,11.5,1379.0,19
271.0,2100.0,113.0,19.0,293.0,0.0,4.0,7.0,5,urban,2,5,0.2,8.0,0.0,2.0,78.2,130.1,11.5,1379.0,32
93.4,5100.0,177.0,441.0,98.0,0.0,4.0,12.0,6,urban,2,2,0.1,10.0,0.0,4.0,44.6,76.5,10.9,231.4,14
81.8,1600.0,56.0,140.0,88.2,0.0,4.0,12.0,6,urban,2,2,0.1,0.0,0.0,4.0,44.6,76.5,10.9,231.4,14
128.8,9900.0,502.0,294.0,134.3,0.0,5.0,10.0,4,urban,2,2,0.1,0.0,0.0,4.0,34.9,3.2,16.2,250.8,18
155.2,8500.0,144.0,85.0,161.3,0.0,5.0,13.0,4,urban,2,2,0.0,0.0,0.0,4.0,34.9,3.2,16.2,250.8,21
254.0,13000.0,299.0,401.0,275.0,0.0,5.0,6.0,4,urban,2,2,0.1,0.0,0.0,4.0,55.2,175.0,8.7,426.6,23
198.5,2100.0,49.0,66.0,263.7,0.0,6.0,6.0,6,urban,2,2,0.2,0.0,0.0,4.0,55.2,175.0,8.7,426.6,14
162.1,5000.0,115.0,75.0,191.4,0.0,3.0,6.0,6,urban,2,2,0.0,0.0,0.0,4.0,34.9,3.2,16.2,250.8,18
182.5,5500.0,128.0,172.0,262.5,0.0,6.0,6.0,4,urban,2,2,0.2,0.0,0.0,4.0,55.2,175.0,8.7,426.6,21
168.5,50.0,1.0,1.0,186.0,0.0,4.0,12.0,6,small urban,2,2,0.1,9.0,0.0,4.0,46.3,72.8,11.2,247.9,13
157.0,3600.0,61.0,36.0,159.0,0.0,3.0,13.0,6,small urban,2,2,0.0,0.0,0.0,4.0,34.9,3.2,16.2,250.8,21
80.0,6900.0,115.0,22.0,81.0,0.0,5.0,5.0,5,urban,6,2,0.1,6.0,0.0,1.5,78.2,216.0,10.4,1435.3,65
67.7,3800.0,88.0,118.0,91.0,0.0,4.0,12.0,6,small urban,2,2,0.0,35.0,0.0,4.0,44.6,76.5,10.9,231.4,30
85.0,1900.0,65.0,161.0,86.0,0.0,4.0,12.0,6,urban,2,2,0.0,0.0,0.0,4.0,44.6,76.5,10.9,231.4,21
171.0,3000.0,51.0,30.0,193.3,0.0,4.8,10.0,6,urban,2,2,0.1,3.3,0.0,4.0,34.9,3.2,16.2,250.8,46
165.5,740.0,12.0,7.0,203.4,0.0,4.0,15.0,6,urban,2,2,0.1,0.0,0.0,4.0,34.9,3.2,16.2,250.8,24
63.0,17000.0,287.0,168.0,77.2,0.0,4.8,13.0,4,urban,2,2,0.1,12.5,0.0,4.0,34.9,3.2,16.2,250.8,30
61.0,1000.0,17.0,10.0,214.5,0.0,6.8,13.0,4,urban,2,2,0.1,0.0,0.0,4.0,34.9,3.2,16.2,250.8,11
154.8,3800.0,117.0,347.0,172.0,0.0,3.0,12.0,6,urban,2,2,0.1,0.0,0.0,4.0,34.9,3.2,16.2,250.8,17
111.0,2700.0,45.0,27.0,137.0,0.0,4.0,13.0,4,small urban,2,2,0.0,5.0,0.0,4.0,34.9,3.2,16.2,250.8,42
176.5,4300.0,101.0,135.0,222.0,0.0,5.0,6.0,4,urban,2,2,0.0,0.0,0.0,4.0,55.2,175.0,8.7,426.6,21
103.5,27500.0,506.0,63.0,124.5,0.0,5.0,13.0,4,urban,2,2,0.1,0.0,0.0,4.0,34.9,3.2,16.2,250.8,32
204.0,9000.0,207.0,278.0,209.0,0.0,6.0,6.0,4,urban,2,2,0.3,0.0,0.0,4.0,55.2,175.0,8.7,426.6,13
101.3,11200.0,190.0,111.0,105.5,0.0,4.8,13.0,6,urban,2,2,0.0,0.0,0.0,4.0,34.9,3.2,16.2,250.8,77
251.3,480.0,17.0,41.0,262.0,0.0,5.0,6.0,6,urban,2,2,0.0,0.0,0.0,4.0,55.2,175.0,8.7,426.6,21
106.3,3000.0,10.0,16.0,118.1,0.0,4.0,13.0,4,small urban,2,2,0.1,0.0,0.0,4.0,34.9,3.2,16.2,250.8,22
140.8,2000.0,5.0,10.0,159.0,0.0,4.0,13.0,4,small urban,2,2,0.1,0.0,0.0,4.0,34.9,3.2,16.2,250.8,24
233.0,27000.0,633.0,850.0,310.0,0.0,6.0,6.0,3,urban,2,2,0.3,5.0,0.0,4.0,55.2,175.0,8.7,426.6,21
125.0,2000.0,71.0,177.0,211.0,0.0,3.0,6.0,4,urban,2,2,0.1,0.0,0.0,4.0,55.2,175.0,8.7,426.6,13
158.8,2471.4,67.0,168.0,215.9,0.0,4.0,12.0,6,urban,2,2,0.1,0.0,0.0,4.0,44.6,76.5,10.9,231.4,25
188.5,2471.4,67.0,168.0,215.9,0.0,4.0,12.0,6,urban,2,2,0.1,0.0,0.0,4.0,44.6,76.5,10.9,231.4,25
136.0,1700.0,85.0,15.0,137.0,0.0,3.0,8.0,6,urban,2,2,0.1,0.0,0.0,0.0,77.6,254.6,10.4,1398.8,10
92.0,7700.0,129.0,76.0,245.5,0.0,4.0,13.0,4,urban,2,2,0.1,0.0,0.0,4.0,34.9,3.2,16.2,250.8,24
199.0,400.0,129.0,76.0,206.5,0.0,4.0,13.0,4,urban,2,2,0.0,25.0,0.0,4.0,34.9,3.2,16.2,250.8,19
165.7,2550.0,59.0,79.0,171.0,0.0,5.0,6.0,6,urban,2,2,0.0,0.0,0.0,4.0,55.2,175.0,8.7,426.6,25
152.9,8300.0,289.0,720.0,159.6,0.0,4.0,9.0,6,small urban,2,2,0.2,0.0,0.0,0.0,52.6,323.4,8.4,409.8,12
166.7,8300.0,289.0,720.0,202.0,0.0,4.0,9.0,6,small urban,2,2,0.2,0.0,0.0,0.0,52.6,323.4,8.4,409.8,12
73.2,4100.0,143.0,355.0,81.0,0.0,7.5,8.0,4,rural,6,2,0.1,0.2,0.0,3.0,44.6,76.5,10.9,231.4,59
95.0,7567.0,354.0,177.0,98.0,0.0,3.0,6.0,4,urban,6,2,0.2,0.0,0.0,3.0,59.1,62.4,12.3,438.0,15
174.7,1764.0,354.0,7.0,199.0,0.0,3.0,3.0,5,urban,6,2,0.2,0.0,0.0,3.0,59.1,62.4,12.3,438.0,37
98.0,3875.0,231.0,10.0,102.0,0.0,2.0,12.0,5,urban,2,2,0.2,0.0,0.0,2.0,59.1,62.4,12.3,438.0,37
92.5,39549.0,1670.0,668.0,236.5,0.0,3.0,6.0,3,urban,6,2,0.4,6.0,0.0,3.0,59.1,62.4,12.3,438.0,25
95.8,16646.0,654.0,261.0,132.8,0.0,3.0,6.0,4,urban,6,2,0.2,0.3,0.0,3.0,59.1,62.4,12.3,438.0,19
151.0,15647.0,734.0,612.0,169.0,0.0,3.0,6.0,4,urban,6,2,0.2,1.0,0.0,3.0,59.1,62.4,12.3,438.0,25
95.5,6633.0,282.0,94.0,114.5,0.0,3.0,2.0,5,urban,6,2,0.2,0.5,0.0,2.0,59.1,62.4,12.3,438.0,21
115.5,6633.0,282.0,94.0,119.5,0.0,3.0,2.0,5,urban,6,2,0.1,0.5,0.0,2.0,59.1,62.4,12.3,438.0,21
98.0,25895.0,1128.0,451.0,144.0,0.0,3.5,6.0,4,urban,6,2,0.3,0.0,0.0,4.0,59.1,62.4,12.3,438.0,30
174.0,3732.0,153.0,115.0,181.0,0.0,3.0,6.0,5,urban,6,2,0.2,0.0,0.0,3.5,59.1,62.4,12.3,438.0,8
76.0,2154.0,0.0,0.0,78.7,0.0,3.5,9.0,4,urban,6,2,0.1,0.0,0.0,3.0,59.1,62.4,12.3,438.0,11
133.5,1611.0,88.0,29.0,157.5,0.0,3.0,6.0,5,urban,6,2,0.2,0.0,0.0,3.0,59.1,62.4,12.3,438.0,31
106.2,471.0,60.0,24.0,110.0,0.0,3.0,2.0,5,urban,6,2,0.1,0.0,0.0,2.0,59.1,62.4,12.3,438.0,37
108.0,6488.0,523.0,174.0,178.0,0.0,3.0,6.0,5,urban,6,2,0.1,0.0,0.0,2.0,59.1,62.4,12.3,438.0,37
205.0,2608.0,122.0,41.0,343.0,0.0,3.0,6.0,5,urban,6,2,0.2,0.0,0.0,3.0,59.1,62.4,12.3,438.0,18
73.8,6598.0,694.0,34.0,83.4,0.0,4.0,10.0,4,urban,2,2,0.1,0.0,0.0,2.0,59.1,62.4,12.3,438.0,20
176.3,1464.0,229.0,11.0,190.3,0.0,3.0,6.0,5,urban,2,2,0.3,0.0,0.0,2.0,59.1,62.4,12.3,438.0,24
91.0,6856.0,48.0,24.0,165.0,0.0,3.0,9.0,3,urban,6,2,0.1,0.0,0.0,3.0,59.1,62.4,12.3,438.0,10
82.0,9965.0,549.0,275.0,120.5,0.0,3.0,6.0,3,urban,6,2,0.1,0.0,0.0,3.0,59.1,62.4,12.3,438.0,14
233.5,20972.0,1049.0,629.0,241.5,0.0,3.0,1.0,3,urban,6,2,0.5,4.2,0.0,1.0,59.1,62.4,12.3,438.0,37
201.0,11427.0,686.0,343.0,207.0,0.0,3.4,2.0,4,urban,6,2,0.2,1.0,0.0,2.0,59.1,62.4,12.3,438.0,37
173.5,550.0,44.0,2.0,174.2,0.0,4.0,10.0,5,urban,2,2,0.2,0.0,0.0,4.0,78.9,489.4,8.6,1569.7,15
84.0,3300.0,395.0,65.0,149.0,0.0,5.0,9.0,4,rural,6,2,0.3,27.0,0.0,2.0,84.5,13.2,10.1,1428.7,78
168.0,4000.0,370.0,56.0,211.0,0.0,5.0,13.0,4,small urban,6,2,0.6,27.0,0.0,2.0,87.5,4.7,9.9,1941.0,69
91.0,12700.0,658.0,30.0,96.0,0.0,9.5,15.0,3,small urban,6,2,0.2,7.0,0.0,2.0,87.5,4.7,9.9,1941.0,66
86.0,15200.0,652.0,562.0,102.0,0.0,4.0,13.0,3,small urban,6,5,0.2,24.0,0.0,4.0,83.5,7.3,10.8,1007.2,52
54.3,3000.0,552.0,310.0,54.7,0.0,9.0,9.0,4,rural,6,2,0.1,21.0,0.0,1.5,77.2,144.1,12.5,1372.0,68
56.8,10272.0,515.0,2457.0,57.5,0.0,10.0,12.0,2,rural,6,2,0.2,0.0,0.0,2.0,77.2,144.1,12.5,1372.0,68
135.5,3300.0,56.0,33.0,191.0,0.0,2.0,8.0,6,urban,2,2,0.1,0.0,0.0,4.0,34.9,3.2,16.2,250.8,21
163.0,10800.0,182.0,106.0,201.5,0.0,4.0,13.0,6,urban,2,2,0.1,0.0,0.0,4.0,34.9,3.2,16.2,250.8,24
86.4,30732.0,943.0,3872.0,147.8,10.0,8.0,16.0,1,rural,7,2,0.3,0.6,0.0,4.0,75.4,10.8,17.3,1243.9,27
67.5,4600.0,353.0,660.0,75.6,0.0,6.0,8.0,3,rural,2,2,0.3,0.0,0.0,2.0,75.4,10.8,17.3,1243.9,28
57.6,6000.0,364.0,326.0,64.7,0.0,6.0,8.0,3,rural,2,2,0.3,1.6,0.0,2.0,75.4,10.8,17.3,1243.9,17
105.0,12600.0,534.0,525.0,138.0,0.0,4.0,8.0,4,rural,2,2,0.2,50.0,0.0,2.0,75.4,10.8,17.3,1243.9,14
103.0,12600.0,654.0,605.0,161.6,0.0,4.0,8.0,4,rural,2,2,0.2,45.0,0.0,2.0,75.4,10.8,17.3,1243.9,84
130.1,9300.0,157.0,92.0,156.0,0.0,6.0,9.0,4,urban,2,2,0.1,0.0,0.0,4.0,34.9,3.2,16.2,250.8,25
127.0,9300.0,157.0,92.0,146.0,0.0,5.0,13.0,4,urban,2,2,0.0,0.0,0.0,4.0,34.9,3.2,16.2,250.8,21
56.0,23000.0,742.0,431.0,64.0,0.0,13.0,10.0,3,urban,6,3,0.0,0.0,0.0,3.0,76.7,0.0,21.9,1094.6,8
53.5,24000.0,728.0,424.0,55.0,0.0,13.0,10.0,3,urban,6,3,0.0,0.0,0.0,3.0,76.7,0.0,21.9,1094.6,8
81.3,4000.0,173.0,195.0,83.9,0.0,13.0,9.0,4,rural,2,3,0.2,8.0,0.0,3.0,76.7,0.0,21.9,1094.6,22
182.0,1700.0,38.0,52.0,227.0,0.0,6.0,6.0,6,urban,2,2,0.1,0.0,0.0,4.0,55.2,175.0,8.7,426.6,18
243.6,1100.0,25.0,34.0,269.5,0.0,6.0,6.0,6,urban,2,2,0.1,0.0,0.0,4.0,55.2,175.0,8.7,426.6,14
256.0,2200.0,110.0,19.0,393.0,0.0,3.0,11.0,6,small urban,2,2,0.4,8.0,0.0,3.0,78.9,489.4,8.6,1569.7,24
119.0,750.0,64.0,1.0,139.0,0.0,4.0,11.0,6,small urban,2,2,0.1,0.0,0.0,4.0,78.9,489.4,8.6,1569.7,12
103.0,8300.0,511.0,131.0,154.0,0.0,4.0,12.0,3,small urban,6,2,0.1,0.0,0.0,4.0,78.9,489.4,8.6,1569.7,60
182.0,5300.0,291.0,21.0,233.2,0.0,3.0,11.0,6,small urban,2,2,0.2,11.8,0.0,3.0,78.9,489.4,8.6,1569.7,25
367.0,2300.0,115.0,20.0,380.0,0.0,3.0,11.0,6,small urban,2,2,0.3,9.0,0.0,3.0,78.9,489.4,8.6,1569.7,23
46.0,106300.0,2668.0,1148.0,49.0,0.0,14.0,12.0,2,urban,6,2,0.2,0.0,0.0,2.5,84.5,13.2,10.1,1428.7,56
64.0,30000.0,1450.0,680.0,108.0,0.0,20.0,17.0,3,urban,6,3,0.2,19.0,0.0,3.5,76.7,0.0,22.3,1087.2,13
50.6,267232.0,10155.0,5078.0,60.4,0.0,19.0,9.0,1,urban,6,2,0.2,5.8,0.0,2.0,74.7,164.3,12.4,1300.1,34
52.0,267232.0,10155.0,5078.0,58.0,0.0,12.0,9.0,1,urban,6,2,0.2,6.0,0.0,2.0,74.7,164.3,12.4,1300.1,34
64.2,262622.0,15679.0,7984.0,65.0,0.0,12.0,9.0,1,urban,6,2,0.2,6.4,0.0,2.0,74.7,164.3,12.4,1300.1,35
46.0,177821.0,5068.0,3610.0,51.5,0.0,13.5,9.0,1,urban,6,2,0.1,0.0,0.0,2.0,74.7,164.3,12.4,1300.1,34
56.2,108079.0,5880.0,2594.0,82.0,0.0,13.5,9.0,1,urban,6,2,0.2,2.0,0.0,9.0,74.7,164.3,12.4,1300.1,28
63.5,108079.0,5880.0,2594.0,146.0,0.0,13.5,9.0,1,urban,6,2,0.3,9.0,0.0,9.0,74.7,164.3,12.4,1300.1,28
55.4,108079.0,5880.0,2594.0,56.8,0.0,13.5,9.0,1,urban,6,2,0.2,0.8,0.0,9.0,74.7,164.3,12.4,1300.1,28
49.7,83572.0,4037.0,2441.0,53.7,0.0,17.5,10.0,1,rural,6,2,0.2,1.3,0.0,2.0,74.7,164.3,12.4,1300.1,71
60.0,118652.0,5186.0,5257.0,63.0,0.0,8.0,13.0,1,urban,6,2,0.1,0.5,0.0,2.0,74.7,164.3,12.4,1300.1,62
71.5,222372.0,12987.0,6138.0,74.0,0.0,18.0,4.0,1,urban,6,2,0.1,2.5,0.0,2.0,74.7,164.3,12.4,1300.1,36
72.0,23692.0,375.0,29.0,74.0,0.0,10.0,11.0,2,urban,6,2,0.1,1.0,0.0,2.0,74.7,164.3,12.4,1300.1,61
150.0,64742.0,1613.0,266.0,233.2,9.0,3.0,6.0,3,urban,7,2,0.5,27.8,0.0,3.0,74.7,164.3,12.4,1300.1,73
85.0,28362.0,607.0,49.0,94.2,0.0,6.0,10.0,3,urban,6,2,0.1,0.8,0.0,2.0,74.7,164.3,12.4,1300.1,43
84.2,25290.0,1070.0,112.0,87.3,0.0,9.0,6.0,3,urban,6,2,0.2,1.0,0.0,2.0,74.7,164.3,12.4,1300.1,34
84.3,34352.0,626.0,90.0,94.0,0.0,8.5,6.0,3,urban,6,2,0.1,1.0,0.0,2.0,74.7,164.3,12.4,1300.1,30
135.5,80752.0,2585.0,517.0,176.7,9.0,3.0,5.0,3,urban,7,2,0.4,16.0,0.0,2.0,74.7,164.3,12.4,1300.1,61
86.0,62500.0,1417.0,520.0,87.0,0.0,19.0,16.0,4,urban,6,3,0.2,8.0,0.0,3.0,76.7,0.0,22.3,1087.2,16
99.0,9700.0,367.0,447.0,136.2,0.0,6.0,4.5,4,small urban,2,5,0.4,5.0,0.0,2.0,75.3,4.3,18.5,1295.1,21
58.5,2300.0,30.0,10.0,120.0,0.0,6.0,4.5,5,small urban,2,5,0.2,40.2,0.0,2.0,75.3,4.3,18.5,1295.1,21
250.5,4800.0,340.0,106.0,292.5,0.0,2.0,7.0,5,urban,2,2,0.1,2.0,0.0,2.0,77.8,330.7,9.9,1303.1,19
78.0,22600.0,1144.0,419.0,83.0,0.0,4.0,12.0,4,urban,2,2,0.1,0.0,0.0,2.0,77.8,330.7,9.9,1303.1,11
143.0,9000.0,732.0,533.0,147.0,0.0,2.0,7.0,4,urban,2,2,0.1,6.0,0.0,2.0,77.8,330.7,9.9,1303.1,22
178.0,2800.0,60.0,60.0,255.0,0.0,2.0,7.0,5,urban,2,2,0.1,0.0,0.0,2.0,77.8,330.7,9.9,1303.1,36
242.0,1800.0,60.0,60.0,281.0,0.0,2.0,7.0,5,urban,2,2,0.2,1.0,0.0,2.0,77.8,330.7,9.9,1303.1,20
212.0,2000.0,60.0,60.0,220.0,0.0,2.0,7.0,5,urban,2,2,0.1,1.0,0.0,2.0,77.8,330.7,9.9,1303.1,18
81.0,54000.0,1434.0,672.0,105.0,0.0,14.0,10.0,3,urban,6,3,0.0,0.0,0.0,4.0,76.7,0.0,22.3,1087.2,16
76.0,47500.0,1132.0,531.0,122.0,0.0,14.0,9.0,3,urban,6,3,0.2,8.0,0.0,4.5,76.7,0.0,22.3,1087.2,17
36.0,106500.0,2393.0,1121.0,48.0,0.0,14.0,9.0,3,urban,6,3,0.0,0.0,0.0,4.5,76.7,0.0,22.3,1087.2,17
77.5,109500.0,2535.0,1188.0,78.0,0.0,14.0,9.0,3,urban,6,3,0.0,0.0,0.0,4.5,76.7,0.0,22.3,1087.2,17
71.0,109500.0,2535.0,1188.0,79.5,0.0,14.0,9.0,3,urban,6,3,0.1,0.0,0.0,4.5,76.7,0.0,22.3,1087.2,17
57.0,109500.0,2535.0,1188.0,87.0,0.0,14.0,9.0,3,urban,6,3,0.0,0.0,0.0,4.5,76.7,0.0,22.3,1087.2,17
61.0,109500.0,2535.0,1188.0,105.0,0.0,14.0,9.0,3,urban,6,3,0.0,1.0,0.0,4.5,76.7,0.0,22.3,1087.2,17
67.7,60323.0,1318.0,1759.0,72.5,0.0,11.0,6.0,1,urban,2,3,0.1,1.0,0.0,5.0,76.7,0.0,22.3,1087.2,19
72.0,60323.0,1318.0,1759.0,73.5,0.0,11.0,6.0,1,urban,2,3,0.1,1.0,0.0,5.0,76.7,0.0,22.3,1087.2,19
249.0,900.0,60.0,1.0,255.0,0.0,4.0,7.0,5,urban,6,2,0.1,2.0,0.0,1.5,78.9,489.4,8.6,1569.7,71
220.0,1000.0,55.0,10.0,233.0,0.0,6.0,4.0,6,urban,2,2,0.1,7.0,0.0,2.0,78.2,130.1,11.5,1379.0,30
61.0,32983.0,660.0,320.0,72.5,0.0,4.0,19.0,2,urban,6,5,0.1,0.8,0.0,2.0,79.2,145.3,10.8,1498.0,21
51.0,37546.0,800.0,400.0,51.6,0.0,4.0,19.0,2,urban,6,5,0.1,0.0,0.0,2.0,79.2,145.3,10.8,1498.0,21
49.0,37546.0,800.0,400.0,55.5,0.0,4.0,19.0,2,urban,6,5,0.1,0.0,0.0,2.0,79.2,145.3,10.8,1498.0,21
148.0,1519.0,91.0,30.0,323.0,0.0,3.0,8.0,5,urban,2,2,0.2,6.5,0.0,2.0,75.3,390.1,5.7,920.0,37
175.0,8232.0,360.0,180.0,201.5,0.0,3.4,10.0,3,urban,2,2,0.1,0.5,0.0,2.0,75.3,390.1,5.7,920.0,37
100.0,3460.0,220.0,19.0,104.0,0.0,4.5,12.0,4,urban,6,2,0.2,3.5,0.0,2.5,75.3,390.1,5.7,920.0,84
173.0,4537.0,267.0,89.0,206.0,0.0,3.0,12.0,4,urban,2,2,0.3,1.0,0.0,2.0,75.3,390.1,5.7,920.0,37
107.0,5985.0,469.0,199.0,112.0,0.0,3.0,9.0,4,urban,6,2,0.2,0.0,0.0,2.0,75.3,390.1,5.7,920.0,48
116.0,1850.0,68.0,21.0,177.0,0.0,2.0,8.0,5,urban,2,2,0.2,19.0,0.0,1.5,76.2,0.0,22.1,1129.0,19
97.6,1048.0,76.0,13.0,111.7,0.0,3.0,9.0,5,rural,6,2,0.3,5.6,0.0,3.0,75.3,390.1,5.7,920.0,17
165.0,150.0,11.0,8.0,225.0,0.0,2.0,8.0,5,small urban,2,2,0.1,0.0,0.0,1.5,76.2,0.0,22.1,1129.0,9
87.0,222632.0,10286.0,8305.0,99.0,9.0,5.0,6.0,1,urban,7,3,0.1,0.0,0.0,2.0,75.0,135.7,12.8,1354.6,53
57.5,54981.0,2288.0,644.0,58.5,0.0,10.0,12.0,2,urban,6,2,0.2,12.0,0.0,2.0,75.0,135.7,12.8,1354.6,62
68.4,54981.0,2288.0,644.0,69.0,0.0,10.0,12.0,2,urban,6,2,0.1,10.0,0.0,2.0,75.0,135.7,12.8,1354.6,62
115.0,28650.0,1101.0,118.0,149.0,9.0,5.0,6.0,3,urban,7,2,0.2,3.0,0.0,3.0,75.0,135.7,12.8,1354.6,66
83.0,73411.0,2577.0,1322.0,147.0,0.0,12.5,9.0,2,urban,6,2,0.6,1.0,0.0,20.0,75.0,135.7,12.8,1354.6,14
50.5,73411.0,2577.0,1322.0,83.5,0.0,10.5,12.0,2,urban,6,2,0.3,7.0,0.0,2.0,75.0,135.7,12.8,1354.6,56
52.7,10069.0,369.0,63.0,65.0,0.0,14.0,7.0,2,urban,6,2,0.1,5.7,0.0,21.0,75.0,135.7,12.8,1354.6,11
70.0,59752.0,1387.0,467.0,75.0,0.0,10.0,6.0,2,urban,6,2,0.2,18.0,0.0,2.0,75.0,135.7,12.8,1354.6,30
56.0,55180.0,2164.0,221.0,63.0,0.0,4.5,6.0,2,urban,6,2,0.1,5.0,0.0,2.0,75.0,135.7,12.8,1354.6,30
63.0,55180.0,2164.0,221.0,107.0,0.0,8.5,7.0,2,urban,6,2,0.3,38.7,0.0,2.5,75.0,135.7,12.8,1354.6,30
78.5,72000.0,1440.0,339.0,87.0,0.0,10.5,6.0,3,urban,6,2,0.2,5.0,0.0,2.0,75.0,135.7,12.8,1354.6,30
130.0,35711.0,736.0,122.0,162.0,0.0,7.0,12.0,3,urban,6,2,0.2,0.0,0.0,2.0,75.0,135.7,12.8,1354.6,55
272.0,30772.0,1591.0,339.0,284.0,0.0,10.5,4.0,3,urban,6,2,0.2,2.0,0.0,2.0,75.0,135.7,12.8,1354.6,53
147.0,31212.0,1364.0,263.0,186.5,0.0,10.0,6.0,3,urban,6,2,0.3,17.5,0.0,1.5,75.0,135.7,12.8,1354.6,53
63.5,98741.0,2923.0,1027.0,75.5,0.0,19.0,27.0,3,urban,6,2,0.3,2.2,0.0,29.5,75.0,135.7,12.8,1354.6,28
47.6,32160.0,1654.0,615.0,52.1,0.0,12.5,16.0,3,urban,6,2,0.2,0.5,0.0,2.0,75.0,135.7,12.8,1354.6,66
47.8,66121.0,3512.0,1865.0,50.5,0.0,10.0,16.0,3,urban,6,2,0.2,10.5,0.0,2.0,75.0,135.7,12.8,1354.6,64
42.5,28400.0,937.0,3493.0,58.4,10.0,8.0,16.0,1,rural,7,2,0.2,1.2,0.0,4.0,75.4,10.8,17.3,1243.9,29
40.7,31500.0,1002.0,3745.0,55.7,10.0,8.0,16.0,1,rural,7,2,0.0,0.0,0.0,4.0,75.4,10.8,17.3,1243.9,29
41.0,52300.0,1308.0,2249.0,65.0,12.0,0.0,10.0,1,urban,3,5,0.0,0.0,0.0,2.0,75.4,10.8,17.3,1243.9,15
105.0,6700.0,299.0,1016.0,122.5,0.0,4.0,8.0,4,rural,2,2,0.2,19.5,0.0,2.0,75.4,10.8,17.3,1243.9,71
49.5,23500.0,935.0,968.0,81.0,0.0,8.0,6.0,3,urban,2,5,0.3,1.5,0.0,2.0,75.4,10.8,17.3,1243.9,39
56.2,3900.0,247.0,619.0,188.2,0.0,6.0,8.0,3,rural,2,2,0.5,44.8,0.0,2.0,75.4,10.8,17.3,1243.9,50
117.5,6300.0,251.0,251.0,132.7,0.0,6.0,4.5,4,urban,2,5,0.4,20.8,0.0,2.0,75.4,10.8,17.3,1243.9,17
38.0,17600.0,2023.0,1233.0,42.0,0.0,2.0,8.0,3,urban,6,2,0.0,0.0,0.0,1.5,76.2,0.0,22.1,1129.0,25
66.0,12000.0,611.0,373.0,72.0,0.0,2.0,8.0,3,urban,6,2,0.3,1.0,0.0,1.5,76.2,0.0,22.1,1129.0,19
160.8,1500.0,53.0,131.0,213.9,0.0,7.0,6.0,6,urban,2,2,0.1,2.2,0.0,4.0,55.2,175.0,8.7,426.6,27
171.0,75.0,3.0,2.0,304.0,0.0,6.0,4.5,5,urban,2,5,0.3,7.0,0.0,2.0,75.4,10.8,17.3,1243.9,61
108.3,10700.0,232.0,61.0,111.0,0.0,4.0,11.0,4,urban,6,2,0.1,0.0,0.0,2.0,78.2,130.1,11.5,1379.0,66
123.0,8900.0,232.0,61.0,125.2,0.0,4.0,11.0,4,urban,6,2,0.1,0.8,0.0,2.0,78.2,130.1,11.5,1379.0,66
59.7,25441.0,1378.0,1904.0,64.3,0.0,2.0,8.0,3,rural,6,2,0.0,1.0,0.0,1.5,76.2,0.0,22.1,1129.0,11
42.0,25441.0,2039.0,1243.0,51.0,0.0,2.0,8.0,3,urban,6,2,0.1,1.0,0.0,1.5,76.2,0.0,22.1,1129.0,19
56.0,50500.0,2981.0,1817.0,58.0,0.0,2.0,8.0,3,urban,6,2,0.3,1.0,0.0,1.5,76.2,0.0,22.1,1129.0,9
58.2,4400.0,599.0,565.0,60.5,0.0,9.1,11.1,3,rural,6,2,0.1,0.0,0.0,3.0,83.5,7.3,10.8,1007.2,70
359.0,350.0,20.0,3.0,388.0,0.0,3.0,4.0,5,small urban,2,2,0.4,20.5,0.0,1.5,78.9,489.4,8.6,1569.7,26
104.0,42500.0,871.0,531.0,107.5,0.0,2.0,8.0,3,urban,6,2,0.0,8.0,0.0,1.5,76.2,0.0,22.1,1129.0,21
141.0,1300.0,65.0,11.0,144.0,0.0,4.0,7.0,6,small urban,2,2,0.1,0.0,0.0,2.5,77.9,386.5,9.3,1426.3,14
158.0,6800.0,392.0,122.0,163.0,0.0,3.0,7.0,5,small urban,2,2,0.1,3.0,0.0,2.0,77.9,386.5,9.3,1426.3,29
49.0,112000.0,5329.0,10239.0,55.0,0.0,2.0,8.0,1,urban,6,2,0.1,1.0,0.0,1.0,76.2,0.0,22.1,1129.0,19
129.7,1300.0,65.0,11.0,145.0,0.0,3.0,5.0,6,urban,2,5,0.2,3.0,0.0,2.0,77.6,254.6,10.4,1398.8,29
120.0,2700.0,161.0,27.0,173.0,0.0,4.5,7.0,5,urban,2,2,0.1,6.0,0.0,1.5,77.6,254.6,10.4,1398.8,48
138.0,2700.0,161.0,27.0,180.0,0.0,4.5,7.0,5,urban,2,2,0.1,12.7,0.0,1.5,77.6,254.6,10.4,1398.8,48
96.5,14511.0,637.0,200.0,141.8,7.0,6.8,8.4,3,rural,6,2,0.2,0.0,0.0,1.8,83.1,56.9,8.5,2080.8,106
126.0,6700.0,386.0,121.0,171.0,0.0,9.0,13.0,5,urban,2,2,0.3,31.0,0.0,9.0,77.6,254.6,10.4,1398.8,23
120.0,1979.0,104.0,19.0,122.0,7.0,3.2,6.0,4,urban,7,2,0.2,6.0,0.0,1.8,84.0,25.0,9.4,1628.8,97
106.0,15553.0,333.0,149.0,114.0,0.0,7.1,7.0,4,urban,6,2,0.2,3.0,0.0,1.4,82.4,9.5,10.6,888.4,93
127.0,13000.0,494.0,1157.0,132.5,0.0,8.0,6.0,3,urban,6,2,0.4,2.0,0.0,2.0,73.7,62.4,15.4,1253.4,19
69.5,9100.0,218.0,83.0,89.5,0.0,2.0,8.0,5,urban,2,2,0.1,0.0,0.0,1.5,76.6,0.0,22.8,1105.9,9
37.5,73540.0,5222.0,4876.0,41.0,0.0,15.0,12.0,2,urban,6,3,0.2,0.0,0.0,2.0,76.0,109.1,13.2,1336.0,38
47.8,71830.0,4871.0,4677.0,51.3,0.0,12.0,3.0,2,urban,6,2,0.1,1.0,0.0,2.0,76.0,109.1,13.2,1336.0,35
40.0,68560.0,4224.0,4882.0,48.0,0.0,15.5,4.0,2,urban,6,2,0.2,6.5,0.0,3.0,76.0,109.1,13.2,1336.0,34
52.5,27102.0,1407.0,2318.0,84.2,9.0,5.5,12.0,2,rural,7,2,0.2,0.2,0.0,1.5,76.0,109.1,13.2,1336.0,72
52.2,15941.0,1619.0,2529.0,55.0,0.0,13.5,12.0,2,rural,6,2,0.2,0.0,0.0,2.0,76.0,109.1,13.2,1336.0,69
47.4,13972.0,654.0,2782.0,49.6,0.0,13.5,12.0,2,rural,6,2,0.1,0.8,0.0,2.0,76.0,109.1,13.2,1336.0,69
44.7,29500.0,798.0,293.0,132.0,0.0,2.0,8.0,4,urban,2,2,0.1,19.0,0.0,1.5,76.6,0.0,22.8,1105.9,25
57.0,34000.0,1020.0,374.0,137.0,0.0,2.0,8.0,4,urban,2,2,0.2,19.0,0.0,1.5,76.6,0.0,22.8,1105.9,25
63.4,33500.0,720.0,419.0,64.8,0.0,2.0,8.0,3,urban,6,2,0.1,8.0,0.0,1.5,76.6,0.0,22.8,1105.9,29
64.5,33500.0,720.0,419.0,88.4,0.0,2.0,8.0,3,urban,6,2,0.2,8.0,0.0,1.5,76.6,0.0,22.8,1105.9,19
107.0,48000.0,719.0,337.0,118.0,0.0,2.0,8.0,3,urban,6,2,0.2,8.0,0.0,1.5,76.6,0.0,22.8,1105.9,9
87.0,9003.0,832.0,497.0,121.9,0.0,8.0,6.0,3,small urban,2,5,0.5,49.0,0.0,2.0,75.2,14.3,16.9,1306.1,56
76.2,2325.0,55.0,76.0,101.9,0.0,4.0,8.0,4,rural,2,2,0.6,13.0,0.0,2.0,75.2,14.3,16.9,1306.1,38
104.5,2187.0,93.0,54.0,112.1,0.0,4.0,8.0,5,rural,2,2,0.3,23.5,0.0,2.0,75.2,14.3,16.9,1306.1,14
152.4,600.0,10.0,10.0,152.8,0.0,4.0,8.0,5,rural,2,2,0.2,44.4,0.0,2.0,75.2,14.3,16.9,1306.1,38
238.0,850.0,60.0,30.0,239.0,0.0,6.0,4.5,5,small urban,2,5,0.2,23.0,0.0,2.0,75.2,14.3,16.9,1306.1,76
38.0,66927.0,2271.0,5760.0,42.5,0.0,2.0,8.0,1,urban,6,2,0.0,0.0,0.0,1.5,76.6,0.0,22.8,1105.9,8
43.0,74500.0,3670.0,4897.0,46.7,0.0,2.0,8.0,1,urban,6,2,0.0,0.0,0.0,1.5,76.6,0.0,22.8,1105.9,21
39.3,84500.0,2968.0,3961.0,40.0,0.0,2.0,8.0,1,urban,6,2,0.1,0.0,0.0,1.5,76.6,0.0,22.8,1105.9,10
40.2,94000.0,2470.0,7776.0,41.6,0.0,2.0,8.0,1,rural,6,2,0.1,1.0,0.0,1.5,76.6,0.0,22.8,1105.9,21
39.0,109384.0,4873.0,6502.0,43.2,0.0,2.0,8.0,1,urban,6,2,0.2,1.0,0.0,1.5,76.6,0.0,22.8,1105.9,19
44.3,127500.0,4424.0,5903.0,52.8,0.0,2.0,8.0,1,urban,6,2,0.2,1.0,0.0,1.5,76.6,0.0,22.8,1105.9,18
53.6,127500.0,4424.0,5903.0,56.8,0.0,2.0,8.0,1,urban,6,2,0.1,1.0,0.0,1.5,76.6,0.0,22.8,1105.9,10
90.0,2900.0,100.0,248.0,91.5,0.0,5.0,7.0,4,small urban,6,2,0.1,0.0,0.0,3.0,45.8,90.1,11.1,265.7,85
66.5,1900.0,45.0,60.0,67.0,0.0,5.0,15.0,4,small urban,2,2,0.0,0.0,0.0,3.0,45.8,90.1,11.1,265.7,27
161.2,10700.0,248.0,333.0,167.8,0.0,6.0,6.0,3,urban,2,2,0.1,10.0,0.0,4.0,55.2,175.0,8.7,426.6,14
84.0,2711.0,491.0,347.0,139.0,0.0,3.0,6.0,4,urban,2,3,0.1,0.0,0.0,1.5,74.7,0.0,23.0,840.2,36
74.0,8400.0,142.0,83.0,96.0,0.0,4.0,12.0,6,urban,2,2,0.1,0.0,0.0,4.0,34.9,3.2,16.2,250.8,18
116.0,2051.0,62.0,62.0,120.0,0.0,3.2,8.0,4,small urban,2,2,0.1,0.0,0.0,2.0,87.4,5.8,9.2,2187.5,15
47.0,1712.0,137.0,68.0,188.5,0.0,3.0,8.0,4,small urban,2,2,0.3,4.5,0.0,2.0,87.4,5.8,9.2,2187.5,37
111.5,3242.0,258.0,129.0,136.0,0.0,3.4,12.0,4,small urban,2,2,0.1,0.0,0.0,2.0,87.4,5.8,9.2,2187.5,37
204.0,453.0,27.0,9.0,208.5,0.0,3.0,12.0,5,small urban,6,2,0.2,2.0,0.0,3.0,87.4,5.8,9.2,2187.5,37
143.0,3829.0,114.0,57.0,172.0,0.0,2.0,12.0,4,small urban,2,2,0.2,0.0,0.0,2.0,87.4,5.8,9.2,2187.5,37
197.0,6379.0,383.0,128.0,198.0,8.0,3.0,8.0,5,small urban,7,2,0.2,0.0,0.0,2.0,87.4,5.8,9.2,2187.5,37
167.0,10425.0,521.0,208.0,173.0,0.0,10.0,5.0,5,small urban,2,2,0.1,1.0,0.0,4.0,87.4,5.8,9.2,2187.5,10
51.0,38472.0,4306.0,920.0,53.0,0.0,12.0,12.0,3,rural,6,2,0.1,3.7,0.0,2.5,75.2,91.8,13.5,1268.5,60
66.1,41032.0,2668.0,632.0,72.8,0.0,12.0,12.0,3,rural,6,2,0.3,6.4,0.0,1.5,75.2,91.8,13.5,1268.5,63
44.0,6460.0,401.0,278.0,44.5,0.0,5.0,12.0,4,rural,6,2,0.1,0.0,0.0,2.0,75.2,91.8,13.5,1268.5,65
91.3,17231.0,883.0,402.0,97.7,0.0,7.5,12.0,3,urban,6,2,0.2,38.7,0.0,1.5,75.2,91.8,13.5,1268.5,66
49.4,35491.0,1658.0,338.0,51.0,0.0,10.0,9.0,3,urban,6,2,0.3,16.6,0.0,2.0,75.2,91.8,13.5,1268.5,80
66.0,25771.0,1920.0,397.0,67.8,0.0,11.5,12.0,3,rural,6,2,0.2,29.4,0.0,2.5,75.2,91.8,13.5,1268.5,57
52.5,39000.0,1287.0,4797.0,57.0,0.0,8.0,16.0,1,rural,2,2,0.1,3.0,0.0,4.0,75.3,4.3,18.5,1295.1,61
45.2,42100.0,981.0,5890.0,77.2,10.0,0.0,16.0,1,rural,3,2,0.0,3.4,0.0,4.0,75.3,4.3,18.5,1295.1,26
70.0,10400.0,312.0,416.0,102.0,0.0,6.0,8.0,3,rural,2,2,0.5,11.0,0.0,2.0,75.3,4.3,18.5,1295.1,44
53.2,5900.0,118.0,236.0,57.9,0.0,6.0,8.0,3,rural,2,2,0.4,0.5,0.0,2.0,75.3,4.3,18.5,1295.1,38
127.3,850.0,89.0,9.0,159.5,0.0,4.0,8.0,5,rural,2,2,0.5,45.0,0.0,2.0,75.3,4.3,18.5,1295.1,47
132.5,56.0,2.0,1.0,295.3,0.0,6.0,4.5,5,urban,2,5,0.4,39.0,0.0,2.0,75.3,4.3,18.5,1295.1,15
125.0,6800.0,139.0,317.0,198.0,0.0,4.0,6.0,6,urban,2,2,0.2,0.0,0.0,4.0,34.9,3.2,16.2,250.8,16
40.0,29582.0,855.0,961.0,44.0,0.0,11.4,5.4,1,urban,6,2,0.1,0.0,0.0,1.8,59.6,60.5,12.1,451.3,52
82.0,3600.0,61.0,36.0,89.0,0.0,5.0,14.0,6,urban,2,2,0.0,0.0,0.0,4.0,34.9,3.2,16.2,250.8,19
85.5,13000.0,222.0,130.0,87.8,0.0,4.0,12.0,6,urban,2,2,0.0,0.0,0.0,4.0,34.9,3.2,16.2,250.8,14
169.4,2800.0,100.0,40.0,170.6,0.0,3.5,24.0,5,rural,6,5,0.3,0.1,0.0,1.5,79.2,145.3,10.8,1498.0,24
148.5,4956.0,160.0,50.0,157.0,0.0,3.5,24.0,4,rural,6,5,0.3,0.0,0.0,1.5,79.2,145.3,10.8,1498.0,24
46.5,20322.0,1051.0,1386.0,54.5,7.0,16.0,12.0,3,small urban,7,2,0.3,13.0,0.0,2.0,77.6,43.7,14.3,1302.9,61
46.5,21122.0,1276.0,1272.0,54.0,7.0,13.5,12.0,3,small urban,7,2,0.2,5.0,0.0,1.5,77.6,43.7,14.3,1302.9,63
54.0,21122.0,1276.0,1272.0,70.7,7.0,13.5,12.0,3,small urban,7,2,0.2,2.7,0.0,1.5,77.6,43.7,14.3,1302.9,63
60.0,4464.0,317.0,58.0,153.3,0.0,6.0,16.0,5,rural,2,2,0.3,3.7,0.0,1.0,81.8,815.0,6.3,1323.6,12
74.7,10300.0,302.0,945.0,78.5,0.0,6.0,8.0,3,rural,2,2,0.2,3.0,0.0,2.0,73.9,11.6,17.0,1226.7,38
107.5,3500.0,630.0,210.0,142.3,0.0,6.0,8.0,3,rural,2,2,0.3,7.5,0.0,2.0,73.9,11.6,17.0,1226.7,65
56.8,2200.0,113.0,244.0,71.1,0.0,6.0,8.0,3,rural,2,2,0.3,2.2,0.0,2.0,73.9,11.6,17.0,1226.7,16
108.3,900.0,53.0,50.0,113.1,0.0,4.0,8.0,4,rural,2,2,0.5,24.0,0.0,2.0,73.9,11.6,17.0,1226.7,24
153.0,13534.0,257.0,135.0,230.5,0.0,8.0,16.0,5,urban,6,2,0.4,1.0,0.0,2.0,81.8,815.0,6.3,1323.6,20
82.0,12892.0,438.0,451.0,210.0,0.0,9.0,16.0,4,urban,6,2,0.6,6.0,0.0,1.2,81.8,815.0,6.3,1323.6,22
95.8,11726.0,903.0,152.0,140.6,0.0,9.0,22.0,5,urban,6,2,0.2,0.6,0.0,1.5,81.8,815.0,6.3,1323.6,34
126.0,400.0,13.0,33.0,128.0,0.0,4.0,12.0,6,small urban,2,2,0.0,0.0,0.0,4.0,44.6,76.5,10.9,231.4,21
118.3,300.0,51.0,25.0,124.4,0.0,4.0,12.0,6,small urban,2,2,0.0,10.4,0.0,4.0,39.9,73.9,11.5,311.6,33
133.0,2365.0,161.0,21.0,234.5,0.0,6.0,22.0,5,urban,6,2,0.2,0.5,0.0,1.0,81.8,815.0,6.3,1323.6,29
88.0,3936.0,272.0,35.0,199.0,0.0,6.0,16.0,5,urban,6,2,0.3,3.0,0.0,1.2,81.8,815.0,6.3,1323.6,34
108.5,9522.0,286.0,190.0,110.0,0.0,6.0,16.0,4,urban,6,2,0.3,0.0,0.0,2.0,81.8,815.0,6.3,1323.6,30
56.3,5280.0,389.0,616.0,65.5,0.0,9.0,13.1,2,rural,6,2,0.2,0.8,0.0,1.8,69.7,269.2,8.3,666.7,51
72.2,5448.0,342.0,530.0,74.0,0.0,10.2,12.0,2,rural,6,2,0.1,0.0,0.0,1.8,69.7,269.2,8.3,666.7,51
76.3,45730.0,915.0,2287.0,82.6,0.0,6.5,6.0,2,urban,2,2,0.1,0.0,0.0,1.5,75.7,85.0,14.8,1370.2,60
36.8,55000.0,1124.0,2559.0,40.7,0.0,7.0,9.0,1,rural,6,3,0.1,0.0,0.0,1.0,34.9,3.2,16.2,250.8,32
33.5,35000.0,725.0,1651.0,42.1,0.0,10.0,16.0,1,urban,6,2,0.0,0.0,0.0,4.0,34.9,3.2,16.2,250.8,60
42.1,24000.0,1407.0,3340.0,42.9,0.0,10.0,16.0,1,urban,6,2,0.1,0.0,0.0,2.0,34.9,3.2,16.2,250.8,60
39.0,29900.0,1725.0,4095.0,48.0,0.0,6.0,20.0,1,urban,6,2,0.1,0.0,0.0,2.0,34.9,3.2,16.2,250.8,60
41.0,24000.0,1366.0,3242.0,51.8,0.0,12.0,10.0,1,rural,6,2,0.0,0.0,0.0,4.0,34.9,3.2,16.2,250.8,62
58.0,21000.0,1216.0,2885.0,63.4,0.0,10.5,11.0,1,small urban,6,3,0.1,1.0,0.0,3.0,34.9,3.2,16.2,250.8,35
95.0,1316.0,134.0,31.0,194.0,0.0,10.0,3.0,6,urban,2,2,0.1,0.5,0.0,2.0,80.8,20.2,10.5,1335.9,75
179.3,7266.0,449.0,46.0,201.0,0.0,6.0,6.0,4,urban,6,2,0.2,3.0,0.0,2.0,80.8,20.2,10.5,1335.9,65
149.9,932.0,89.0,23.0,159.1,0.0,5.5,6.0,5,rural,2,2,0.1,1.4,0.0,2.5,80.8,20.2,10.5,1335.9,65
263.0,3017.0,100.0,40.0,313.0,0.0,4.0,5.0,5,urban,6,2,0.1,4.0,0.0,2.0,80.8,20.2,10.5,1335.9,65
175.5,3238.0,280.0,45.0,200.5,0.0,4.5,6.0,5,urban,2,2,0.1,1.0,0.0,2.0,80.8,20.2,10.5,1335.9,65
265.0,3922.0,275.0,118.0,287.0,0.0,3.0,2.0,5,urban,2,2,0.2,2.0,0.0,2.0,80.8,20.2,10.5,1335.9,37
86.3,12566.0,628.0,251.0,88.3,0.0,8.0,6.0,3,urban,2,2,0.1,0.3,0.0,3.0,80.8,20.2,10.5,1335.9,37
84.8,35715.0,1429.0,714.0,100.2,0.0,8.0,8.0,3,urban,2,2,0.1,0.8,0.0,3.0,80.8,20.2,10.5,1335.9,37
137.0,1948.0,136.0,58.0,218.0,0.0,5.0,2.0,5,urban,6,2,0.1,14.0,0.0,2.0,80.8,20.2,10.5,1335.9,37
221.0,5447.0,381.0,163.0,251.0,0.0,6.0,7.0,4,urban,2,2,0.2,13.0,0.0,2.5,80.8,20.2,10.5,1335.9,37
197.0,13125.0,656.0,262.0,244.0,0.0,8.5,5.0,3,urban,6,3,0.2,11.0,0.0,3.0,80.8,20.2,10.5,1335.9,25
234.0,3573.0,179.0,71.0,357.0,0.0,3.0,6.0,3,urban,2,2,0.1,4.0,0.0,3.0,80.8,20.2,10.5,1335.9,37
191.0,3537.0,212.0,71.0,226.5,0.0,6.0,8.0,3,urban,6,2,0.3,29.0,0.0,2.0,80.8,20.2,10.5,1335.9,37
247.5,997.0,96.0,6.0,268.0,0.0,8.0,4.0,5,urban,2,2,0.1,0.0,0.0,2.5,80.8,20.2,10.5,1335.9,65
220.7,633.0,47.0,7.0,245.9,0.0,5.0,4.0,5,urban,2,2,0.1,2.0,0.0,2.0,80.8,20.2,10.5,1335.9,65
189.5,1710.0,68.0,51.0,220.5,0.0,6.0,6.0,4,urban,6,2,0.2,7.5,0.0,3.0,80.8,20.2,10.5,1335.9,23
165.0,11707.0,702.0,234.0,183.0,0.0,6.0,10.0,4,urban,6,2,0.3,0.0,0.0,3.7,80.8,20.2,10.5,1335.9,37
239.0,150.0,0.0,0.0,253.0,0.0,9.0,10.0,4,urban,2,2,0.1,1.0,0.0,3.0,80.8,20.2,10.5,1335.9,12
215.0,3066.0,215.0,92.0,304.0,0.0,5.5,2.0,5,urban,6,2,0.2,9.0,0.0,2.4,80.8,20.2,10.5,1335.9,37
184.0,475.0,24.0,10.0,190.0,0.0,5.0,6.0,4,urban,6,2,0.1,0.0,0.0,2.0,80.8,20.2,10.5,1335.9,37
190.0,5653.0,396.0,170.0,238.0,0.0,5.0,7.0,5,urban,6,2,0.2,11.0,0.0,2.5,80.8,20.2,10.5,1335.9,37
155.5,8365.0,418.0,167.0,177.5,0.0,6.0,7.0,3,urban,6,2,0.1,5.5,0.0,2.0,80.8,20.2,10.5,1335.9,37
106.0,6359.0,445.0,191.0,120.0,0.0,6.0,6.0,4,urban,2,2,0.0,1.0,0.0,2.5,80.8,20.2,10.5,1335.9,37
89.0,13972.0,838.0,279.0,92.0,0.0,7.0,2.0,4,urban,6,2,0.1,0.0,0.0,3.0,80.8,20.2,10.5,1335.9,37
96.3,3619.0,302.0,34.0,99.0,0.0,9.0,4.0,5,rural,6,2,0.1,0.7,0.0,2.5,80.8,20.2,10.5,1335.9,65
165.0,959.0,192.0,35.0,179.0,0.0,7.0,6.0,5,urban,6,2,0.0,0.0,0.0,2.0,80.8,20.2,10.5,1335.9,65
96.0,17722.0,1075.0,665.0,362.0,0.0,8.0,8.0,4,urban,6,3,0.2,0.0,0.0,2.0,80.8,20.2,10.5,1335.9,55
202.0,2988.0,151.0,17.0,255.0,0.0,6.5,4.0,4,urban,2,2,0.1,2.0,0.0,2.0,80.8,20.2,10.5,1335.9,65
105.0,4043.0,340.0,40.0,213.0,0.0,6.5,4.0,4,urban,2,2,0.2,0.0,0.0,2.0,80.8,20.2,10.5,1335.9,65
211.0,12506.0,875.0,375.0,217.0,0.0,6.0,7.0,4,urban,2,2,0.1,5.0,0.0,3.0,80.8,20.2,10.5,1335.9,37
200.5,435.0,38.0,3.0,221.0,0.0,6.0,5.0,5,rural,2,2,0.1,11.0,0.0,2.0,80.8,20.2,10.5,1335.9,65
160.5,3254.0,351.0,15.0,164.2,0.0,4.0,12.0,4,urban,2,3,0.2,3.0,0.0,4.0,80.8,20.2,10.5,1335.9,37
198.2,6665.0,1008.0,52.0,231.6,0.0,3.2,2.0,4,urban,6,2,0.3,8.8,0.0,2.0,80.8,20.2,10.5,1335.9,37
170.0,1710.0,103.0,103.0,173.0,0.0,3.0,8.0,4,urban,2,2,0.4,0.0,0.0,2.0,80.8,20.2,10.5,1335.9,37
99.0,11413.0,1002.0,157.0,102.3,0.0,9.5,5.0,5,rural,2,2,0.3,1.0,0.0,6.0,80.8,20.2,10.5,1335.9,28
40.6,14760.0,846.0,219.0,70.0,6.5,10.0,2.0,4,rural,7,3,0.1,12.0,0.0,2.0,76.0,109.1,13.2,1336.0,71
49.0,15442.0,785.0,351.0,51.7,0.0,14.5,5.0,3,small urban,6,3,0.1,5.0,0.0,2.0,76.0,109.1,13.2,1336.0,61
60.1,5642.0,253.0,129.0,61.4,0.0,12.0,6.0,4,rural,6,2,0.2,1.2,0.0,3.0,76.0,109.1,13.2,1336.0,78
37.0,35970.0,1914.0,1882.0,38.5,0.0,10.0,12.0,3,small urban,6,2,0.1,6.5,0.0,3.0,76.0,109.1,13.2,1336.0,64
63.5,28570.0,2212.0,1238.0,63.7,0.0,10.5,12.0,3,rural,6,2,0.1,3.2,0.0,1.5,76.0,109.1,13.2,1336.0,63
62.7,100.0,2.0,3.0,78.0,0.0,4.0,13.0,6,small urban,2,2,0.0,0.0,0.0,4.0,34.9,3.2,16.2,250.8,12
150.5,6100.0,189.0,560.0,169.0,0.0,4.0,10.0,5,rural,2,2,0.1,6.0,0.0,4.0,34.9,3.2,16.2,250.8,17
65.1,530.0,16.0,48.0,83.6,0.0,4.0,13.0,5,small urban,2,2,0.0,0.0,0.0,4.0,34.9,3.2,16.2,250.8,24
43.6,18342.0,831.0,3073.0,107.0,0.0,10.5,12.0,1,rural,6,2,0.3,3.4,0.0,1.5,75.5,224.4,11.6,1318.4,41
72.2,39222.0,1683.0,7170.0,90.5,9.0,8.5,6.0,1,rural,7,2,0.2,0.0,0.0,3.0,75.5,224.4,11.6,1318.4,60
56.8,41002.0,2719.0,8869.0,69.2,0.0,11.0,18.0,1,rural,6,2,0.1,0.0,0.0,2.0,75.5,224.4,11.6,1318.4,65
59.6,40436.0,1610.0,6042.0,66.2,0.0,11.0,18.0,1,rural,6,2,0.1,0.4,0.0,2.0,75.5,224.4,11.6,1318.4,65
44.7,46402.0,4720.0,3601.0,46.0,0.0,10.0,18.0,1,rural,6,3,0.1,0.0,0.0,2.0,75.5,224.4,11.6,1318.4,60
53.7,40552.0,1931.0,7770.0,58.3,0.0,9.0,18.0,1,rural,6,3,0.2,1.1,0.0,2.0,75.5,224.4,11.6,1318.4,60
44.4,34552.0,2015.0,2865.0,63.3,0.0,10.5,18.0,1,rural,6,3,0.1,1.5,0.0,2.0,75.5,224.4,11.6,1318.4,60
67.0,34552.0,2015.0,2865.0,69.5,0.0,10.0,18.0,1,urban,6,3,0.1,0.0,0.0,25.0,75.5,224.4,11.6,1318.4,59
50.0,41682.0,3277.0,8158.0,57.4,0.0,10.5,18.0,1,urban,6,3,0.2,0.1,0.0,20.0,75.5,224.4,11.6,1318.4,59
33.6,62520.0,4039.0,7547.0,36.7,0.0,12.5,16.0,1,urban,6,3,0.2,0.0,0.0,3.0,75.5,224.4,11.6,1318.4,57
49.2,63022.0,3794.0,16071.0,54.3,0.0,12.5,12.0,1,urban,6,3,0.2,4.0,0.0,1.5,75.5,224.4,11.6,1318.4,59
35.0,79202.0,4729.0,17599.0,61.0,0.0,12.5,13.0,1,urban,6,3,0.3,0.0,0.0,1.5,75.5,224.4,11.6,1318.4,59
50.0,79202.0,4729.0,17599.0,64.0,0.0,12.5,13.0,1,urban,6,3,0.2,0.0,0.0,38.0,75.5,224.4,11.6,1318.4,8
50.0,80412.0,4126.0,16935.0,114.0,0.0,12.0,16.0,1,urban,6,2,0.3,5.0,0.0,2.0,75.5,224.4,11.6,1318.4,61
41.0,62744.0,3213.0,9971.0,43.7,0.0,13.0,18.0,1,urban,6,2,0.1,0.0,0.0,2.0,75.5,224.4,11.6,1318.4,67
43.0,68192.0,4037.0,12630.0,46.0,0.0,13.0,18.0,1,urban,6,2,0.1,0.0,0.0,2.0,75.5,224.4,11.6,1318.4,67
40.5,59682.0,2728.0,16503.0,42.3,0.0,13.0,18.0,1,urban,6,2,0.1,0.0,0.0,2.0,75.5,224.4,11.6,1318.4,67
86.3,5151.0,191.0,52.0,86.5,0.0,6.5,11.0,4,rural,6,3,0.2,0.5,0.0,1.5,75.5,224.4,11.6,1318.4,54
67.0,5531.0,311.0,71.0,70.0,0.0,5.5,16.0,4,rural,6,3,0.2,0.0,0.0,2.0,75.5,224.4,11.6,1318.4,65
135.5,7061.0,378.0,235.0,149.0,0.0,11.0,12.0,3,urban,6,2,0.2,5.0,0.0,20.0,75.5,224.4,11.6,1318.4,18
64.7,12654.0,634.0,180.0,67.7,0.0,8.0,18.0,3,urban,6,3,0.3,1.3,0.0,2.0,75.5,224.4,11.6,1318.4,64
45.0,36501.0,942.0,329.0,164.5,0.0,6.5,27.0,3,urban,6,3,0.2,24.5,0.0,3.0,75.5,224.4,11.6,1318.4,59
52.2,31500.0,1002.0,3745.0,74.5,12.0,13.0,10.0,1,urban,7,5,0.0,0.5,0.0,2.0,77.1,9.5,17.4,1306.2,46
55.0,34300.0,700.0,3523.0,145.5,12.0,0.0,10.0,1,urban,3,5,0.0,6.5,0.0,2.0,77.1,9.5,17.4,1306.2,21
64.7,34300.0,858.0,1475.0,122.7,12.0,0.0,10.0,1,urban,3,5,0.0,3.3,0.0,2.0,77.1,9.5,17.4,1306.2,56
75.0,34300.0,858.0,1475.0,102.0,12.0,0.0,10.0,1,urban,3,5,0.0,4.0,0.0,2.0,77.1,9.5,17.4,1306.2,56
45.8,54100.0,1353.0,2326.0,80.0,12.0,0.0,10.0,1,urban,3,5,0.0,0.5,0.0,2.0,77.1,9.5,17.4,1306.2,15
46.5,52300.0,1308.0,2249.0,159.0,12.0,0.0,10.0,1,urban,3,5,0.0,0.0,0.0,2.0,77.1,9.5,17.4,1306.2,15
79.0,27000.0,1045.0,775.0,121.0,0.0,10.0,12.0,2,urban,2,2,0.4,12.0,0.0,2.0,77.1,9.5,17.4,1306.2,27
82.2,19476.0,1414.0,571.0,153.6,0.0,10.0,12.0,2,urban,2,2,0.3,16.4,0.0,2.0,77.1,9.5,17.4,1306.2,27
69.0,14900.0,1639.0,447.0,87.7,9.0,0.0,12.0,2,urban,3,2,0.0,0.0,0.0,2.0,77.1,9.5,17.4,1306.2,27
140.0,11300.0,805.0,816.0,169.5,0.0,8.0,6.0,3,small urban,2,5,0.6,25.0,0.0,2.0,77.1,9.5,17.4,1306.2,52
139.0,4500.0,321.0,49.0,256.8,0.0,8.0,6.0,3,urban,2,5,0.3,8.0,0.0,2.0,77.1,9.5,17.4,1306.2,37
149.5,17900.0,834.0,977.0,177.3,0.0,8.0,6.0,3,urban,2,5,0.3,0.5,0.0,2.0,77.1,9.5,17.4,1306.2,37
69.0,20800.0,745.0,726.0,70.1,0.0,8.0,6.0,3,urban,2,5,0.3,1.1,0.0,2.0,77.1,9.5,17.4,1306.2,37
125.0,27500.0,1155.0,1375.0,134.5,0.0,6.0,4.5,4,urban,2,5,0.2,4.0,0.0,2.0,77.1,9.5,17.4,1306.2,29
156.0,2300.0,286.0,42.0,169.0,0.0,6.0,4.5,4,urban,2,5,0.3,10.0,0.0,2.0,77.1,9.5,17.4,1306.2,85
146.4,7800.0,117.0,872.0,179.0,0.0,6.0,4.5,5,urban,2,5,0.3,1.6,0.0,2.0,77.1,9.5,17.4,1306.2,70
208.0,1750.0,135.0,24.0,241.5,0.0,6.0,4.5,5,urban,2,5,0.4,6.0,0.0,2.0,77.1,9.5,17.4,1306.2,19
99.0,6100.0,144.0,81.0,101.0,0.0,6.0,4.5,5,urban,2,5,0.3,0.0,0.0,2.0,77.1,9.5,17.4,1306.2,14
170.0,350.0,13.0,9.0,309.0,0.0,6.0,4.5,5,urban,2,5,0.3,4.0,0.0,2.0,77.1,9.5,17.4,1306.2,13
234.0,4200.0,176.0,210.0,257.0,0.0,6.0,4.5,4,urban,2,5,0.5,1.0,0.0,2.0,77.1,9.5,17.4,1306.2,52
76.0,1689.0,30.0,132.0,77.0,0.0,4.0,14.0,3,rural,2,2,0.2,7.8,0.0,4.0,60.1,448.5,8.8,616.6,22
54.0,1468.0,47.0,198.0,63.0,0.0,8.0,8.0,3,rural,2,2,0.1,0.0,0.0,3.0,58.7,385.1,9.6,529.0,69
77.7,1044.0,37.0,113.0,81.0,0.0,8.0,8.0,3,rural,2,2,0.1,1.7,0.0,3.0,58.7,385.1,9.6,529.0,69
89.7,2027.0,26.0,107.0,98.8,0.0,6.6,9.6,3,rural,2,2,0.2,6.4,0.0,2.0,63.2,582.8,8.8,601.1,70
146.0,529.0,15.0,102.0,178.0,0.0,4.0,14.0,3,rural,2,2,0.2,4.0,0.0,4.0,65.4,704.9,8.2,648.1,25
92.5,728.0,25.0,117.0,93.5,0.0,6.6,8.3,3,rural,2,2,0.1,3.9,0.0,2.2,65.8,747.8,7.9,681.1,75
133.5,1003.0,23.0,107.0,139.0,0.0,8.0,5.0,3,rural,2,2,0.1,4.0,0.0,4.0,65.8,747.8,7.9,681.1,51
63.6,830.0,23.0,178.0,65.1,0.0,5.0,13.0,3,rural,2,2,0.1,2.1,0.0,4.5,65.8,747.8,7.9,681.1,15
96.9,1085.0,41.0,209.0,108.5,0.0,5.0,14.0,3,rural,2,2,0.2,3.1,0.0,3.3,67.5,827.1,7.8,759.3,17
259.0,3038.0,40.0,10.0,270.0,0.0,3.0,15.0,5,urban,6,5,0.1,26.0,0.0,2.0,78.2,216.0,10.4,1435.3,31
128.0,13004.0,180.0,40.0,134.0,0.0,5.0,3.0,4,urban,6,3,0.2,13.0,0.0,2.0,79.2,145.3,10.8,1498.0,34
61.0,10492.0,237.0,87.0,71.7,8.0,10.0,5.0,3,urban,7,2,0.1,2.7,0.0,1.5,77.2,90.4,13.6,1329.9,73
62.0,1640.0,82.0,24.0,70.0,5.0,11.0,2.0,4,rural,7,3,0.1,0.0,0.0,1.5,77.2,90.4,13.6,1329.9,86
53.3,24012.0,1559.0,1360.0,54.6,0.0,17.0,4.0,2,urban,6,3,0.2,10.3,0.0,3.5,77.2,90.4,13.6,1329.9,44
50.8,38162.0,1355.0,1653.0,70.4,0.0,15.0,3.0,2,urban,6,3,0.2,23.0,0.0,3.0,77.2,90.4,13.6,1329.9,51
98.3,23282.0,1465.0,319.0,103.0,9.0,13.0,8.0,3,urban,7,2,0.2,0.0,0.0,18.0,77.2,90.4,13.6,1329.9,10
43.3,22880.0,1144.0,1167.0,44.9,0.0,10.0,3.0,3,rural,6,3,0.1,0.7,0.0,2.0,77.2,90.4,13.6,1329.9,59
51.6,22850.0,1276.0,1170.0,55.1,0.0,7.5,3.0,3,rural,6,3,0.1,0.4,0.0,2.0,77.2,90.4,13.6,1329.9,59
67.6,39450.0,2024.0,928.0,72.0,0.0,11.0,6.0,3,urban,6,3,0.2,7.8,0.0,2.0,77.2,90.4,13.6,1329.9,23
58.0,39450.0,2024.0,928.0,59.2,0.0,12.0,6.0,3,urban,6,3,0.2,10.6,0.0,2.0,77.2,90.4,13.6,1329.9,59
42.6,31720.0,1514.0,613.0,47.0,0.0,8.5,6.0,3,urban,6,3,0.1,27.3,0.0,2.0,77.2,90.4,13.6,1329.9,60
39.0,26458.0,1162.0,366.0,42.5,0.0,14.0,6.0,3,rural,6,3,0.1,2.5,0.0,2.5,77.2,90.4,13.6,1329.9,60
66.0,25300.0,1260.0,650.0,115.5,0.0,6.0,8.0,3,rural,2,2,0.4,0.0,0.0,2.0,77.6,3.1,18.5,1383.8,33
73.5,33500.0,2405.0,2405.0,81.2,0.0,8.0,6.0,3,small urban,2,5,0.3,0.0,0.0,2.0,77.6,3.1,18.5,1383.8,39
108.7,35900.0,2448.0,2456.0,110.5,0.0,8.0,6.0,3,small urban,2,5,0.3,4.3,0.0,2.0,77.6,3.1,18.5,1383.8,13
92.8,32700.0,1524.0,726.0,96.7,0.0,6.0,8.0,3,rural,2,2,0.3,9.6,0.0,2.0,77.6,3.1,18.5,1383.8,17
138.5,3320.0,58.0,6.0,145.0,0.0,3.0,21.0,5,rural,6,5,0.2,0.0,0.0,1.5,78.2,216.0,10.4,1435.3,20
94.4,48040.0,1171.0,798.0,153.4,0.0,9.0,6.0,3,small urban,6,2,0.3,7.0,0.0,20.0,77.6,43.7,14.3,1302.9,13
83.0,37660.0,957.0,83.0,108.0,0.0,15.0,6.0,3,small urban,6,2,0.3,16.0,0.0,20.0,77.6,43.7,14.3,1302.9,13
131.0,19820.0,633.0,74.0,171.0,6.5,9.0,2.0,3,small urban,7,3,0.4,7.0,0.0,3.0,77.6,43.7,14.3,1302.9,60
56.0,6621.0,179.0,51.0,65.0,0.0,6.0,6.0,4,rural,6,3,0.1,0.5,0.0,2.0,77.6,43.7,14.3,1302.9,61
47.0,26458.0,1162.0,366.0,53.5,0.0,9.0,1.0,3,rural,6,3,0.1,1.0,0.0,1.5,77.6,43.7,14.3,1302.9,60
64.0,14806.0,575.0,106.0,80.0,9.0,5.5,12.0,3,small urban,7,3,0.1,0.0,0.0,2.5,77.6,43.7,14.3,1302.9,66
47.0,27220.0,1329.0,335.0,48.8,9.0,5.5,12.0,3,small urban,7,3,0.1,0.2,0.0,2.5,77.6,43.7,14.3,1302.9,66
54.7,7861.0,544.0,567.0,71.9,0.0,8.5,6.0,3,rural,6,3,0.2,6.4,0.0,2.0,77.6,43.7,14.3,1302.9,54
63.0,6401.0,321.0,639.0,84.0,0.0,8.0,9.0,3,rural,6,2,0.3,0.0,0.0,23.0,77.6,43.7,14.3,1302.9,19
54.0,7851.0,385.0,708.0,68.3,0.0,8.0,9.0,3,rural,6,2,0.2,0.0,0.0,35.0,77.6,43.7,14.3,1302.9,19
73.6,11841.0,403.0,704.0,75.8,9.0,6.0,12.0,3,rural,7,2,0.1,0.0,0.0,30.0,77.6,43.7,14.3,1302.9,69
55.8,13731.0,511.0,754.0,69.8,9.0,6.5,12.0,3,small urban,7,2,0.2,0.0,0.0,2.0,77.6,43.7,14.3,1302.9,68
47.0,18011.0,843.0,831.0,78.1,9.0,6.5,12.0,3,small urban,7,2,0.2,0.0,0.0,2.0,77.6,43.7,14.3,1302.9,68
65.8,110952.0,2774.0,4771.0,77.4,0.0,13.0,10.0,1,urban,2,5,0.0,0.2,0.0,2.0,74.8,41.0,14.4,1427.3,29
54.0,130600.0,3265.0,5616.0,87.5,12.0,13.0,10.0,1,urban,7,5,0.0,0.0,0.0,2.0,74.8,41.0,14.4,1427.3,31
79.0,8200.0,205.0,353.0,94.0,0.0,13.0,10.0,1,urban,2,5,0.1,9.0,0.0,2.0,74.8,41.0,14.4,1427.3,14
80.3,8200.0,205.0,353.0,88.3,0.0,13.0,10.0,1,urban,2,5,0.1,11.7,0.0,2.0,74.8,41.0,14.4,1427.3,14
69.0,8200.0,205.0,353.0,72.1,0.0,13.0,10.0,1,urban,2,5,0.1,9.1,0.0,2.0,74.8,41.0,14.4,1427.3,14
73.2,8500.0,213.0,366.0,76.0,0.0,13.0,10.0,1,urban,2,5,0.1,9.2,0.0,2.0,74.8,41.0,14.4,1427.3,14
95.0,8500.0,213.0,366.0,102.0,0.0,13.0,10.0,1,urban,2,5,0.2,17.5,0.0,2.0,74.8,41.0,14.4,1427.3,14
82.3,8000.0,200.0,344.0,85.5,0.0,13.0,10.0,1,urban,2,5,0.1,15.0,0.0,2.0,74.8,41.0,14.4,1427.3,14
65.0,4000.0,100.0,172.0,73.0,0.0,13.0,10.0,1,urban,2,5,0.0,29.0,0.0,2.0,74.8,41.0,14.4,1427.3,14
93.0,22600.0,565.0,972.0,96.0,12.0,13.0,10.0,1,urban,7,5,0.1,17.0,0.0,2.0,74.8,41.0,14.4,1427.3,23
60.0,13400.0,335.0,576.0,69.0,12.0,13.0,10.0,1,urban,7,5,0.0,0.0,0.0,2.0,74.8,41.0,14.4,1427.3,23
55.5,18796.0,407.0,178.0,100.5,12.0,13.0,10.0,1,urban,7,5,0.1,1.5,0.0,2.0,74.8,41.0,14.4,1427.3,23
45.0,42400.0,1060.0,1823.0,56.0,12.0,13.0,10.0,1,urban,7,5,0.1,0.0,0.0,2.0,74.8,41.0,14.4,1427.3,30
59.3,53106.0,1357.0,6571.0,68.2,12.0,13.0,10.0,1,urban,7,5,0.1,1.6,0.0,2.0,74.8,41.0,14.4,1427.3,30
46.8,72500.0,1813.0,3118.0,53.6,12.0,13.0,10.0,1,urban,7,5,0.1,1.2,0.0,2.0,74.8,41.0,14.4,1427.3,18
43.3,82800.0,2070.0,3560.0,45.3,12.0,13.0,10.0,1,urban,7,5,0.1,1.0,0.0,2.0,74.8,41.0,14.4,1427.3,18
51.8,71700.0,1793.0,3083.0,58.5,12.0,0.0,10.0,1,urban,3,5,0.0,0.0,0.0,2.0,74.8,41.0,14.4,1427.3,18
52.0,83500.0,2088.0,3591.0,72.3,12.0,0.0,10.0,1,urban,3,5,0.0,0.0,0.0,2.0,74.8,41.0,14.4,1427.3,18
100.9,67500.0,1688.0,2903.0,137.5,12.0,13.0,10.0,1,urban,7,5,0.1,28.9,0.0,2.0,74.8,41.0,14.4,1427.3,18
56.8,19800.0,1584.0,990.0,58.9,0.0,8.0,6.0,3,urban,2,5,0.4,2.7,0.0,2.0,74.8,41.0,14.4,1427.3,23
69.2,21100.0,4009.0,1266.0,73.2,0.0,8.0,6.0,3,urban,2,5,0.2,0.3,0.0,2.0,74.8,41.0,14.4,1427.3,39
145.5,9800.0,1176.0,196.0,157.0,0.0,6.0,8.0,3,rural,2,2,0.4,51.2,0.0,2.0,74.8,41.0,14.4,1427.3,17
52.1,16400.0,1640.0,328.0,54.2,0.0,6.0,8.0,3,rural,2,2,0.4,0.8,0.0,2.0,74.8,41.0,14.4,1427.3,17
128.0,24800.0,992.0,248.0,192.0,0.0,8.0,6.0,3,urban,2,5,0.3,4.0,0.0,2.0,74.8,41.0,14.4,1427.3,64
88.6,30500.0,3355.0,1525.0,93.5,0.0,8.0,6.0,3,urban,2,5,0.2,12.6,0.0,2.0,74.8,41.0,14.4,1427.3,48
134.2,15800.0,536.0,690.0,154.5,0.0,6.0,4.5,4,urban,2,5,0.3,13.2,0.0,2.0,74.8,41.0,14.4,1427.3,44
145.2,8885.0,889.0,89.0,145.8,0.0,8.0,6.0,3,urban,2,5,0.4,7.5,0.0,2.0,74.8,41.0,14.4,1427.3,14
123.0,9100.0,637.0,91.0,124.4,0.0,8.0,6.0,3,urban,2,5,0.5,34.0,0.0,2.0,74.8,41.0,14.4,1427.3,14
189.0,10900.0,1199.0,109.0,190.9,0.0,8.0,6.0,3,urban,2,5,0.3,12.0,0.0,2.0,74.8,41.0,14.4,1427.3,18
79.5,31100.0,2488.0,933.0,139.5,0.0,8.0,6.0,3,urban,2,5,0.2,11.0,0.0,2.0,74.8,41.0,14.4,1427.3,58
119.0,22100.0,705.0,692.0,124.1,0.0,6.0,4.5,4,urban,2,5,0.4,14.0,0.0,2.0,74.8,41.0,14.4,1427.3,51
135.5,12200.0,340.0,193.0,158.2,0.0,6.0,4.5,4,urban,2,5,0.2,31.5,0.0,2.0,74.8,41.0,14.4,1427.3,20
164.2,6400.0,535.0,210.0,169.5,0.0,6.0,4.5,5,urban,2,5,0.3,13.0,0.0,2.0,74.8,41.0,14.4,1427.3,14
134.0,2300.0,158.0,11.0,158.3,0.0,6.0,4.5,5,urban,2,5,0.1,0.0,0.0,2.0,74.8,41.0,14.4,1427.3,28
161.5,27100.0,1138.0,1355.0,168.5,0.0,6.0,4.5,4,urban,2,5,0.3,26.0,0.0,2.0,74.8,41.0,14.4,1427.3,31
113.0,27800.0,1229.0,1840.0,127.0,0.0,6.0,4.5,4,urban,2,5,0.1,22.0,0.0,2.0,74.8,41.0,14.4,1427.3,24
162.0,9600.0,273.0,130.0,163.8,0.0,6.0,4.5,5,urban,2,5,0.2,31.5,0.0,2.0,74.8,41.0,14.4,1427.3,16
120.8,2300.0,637.0,112.0,127.4,0.0,6.0,4.5,5,urban,2,5,0.6,11.0,0.0,2.0,74.8,41.0,14.4,1427.3,13
120.7,28700.0,1205.0,1435.0,139.9,0.0,6.0,4.5,4,urban,2,5,0.2,11.8,0.0,2.0,74.8,41.0,14.4,1427.3,19
121.0,8900.0,201.0,152.0,130.5,0.0,6.0,4.5,4,urban,2,5,0.3,24.0,0.0,2.0,74.8,41.0,14.4,1427.3,66
158.3,4900.0,107.0,51.0,243.7,0.0,6.0,4.5,5,urban,2,5,0.6,18.3,0.0,2.0,74.8,41.0,14.4,1427.3,14
196.0,550.0,21.0,2.0,313.0,0.0,6.0,4.5,5,urban,2,5,0.5,17.0,0.0,2.0,74.8,41.0,14.4,1427.3,25
133.5,10500.0,268.0,101.0,138.0,0.0,6.0,4.5,4,urban,2,5,0.2,22.0,0.0,2.0,74.8,41.0,14.4,1427.3,16
175.0,1250.0,26.0,7.0,242.0,0.0,6.0,4.5,5,urban,2,5,0.4,36.0,0.0,2.0,74.8,41.0,14.4,1427.3,16
171.5,1200.0,43.0,32.0,189.0,0.0,6.0,4.5,5,urban,2,5,0.1,1.5,0.0,2.0,74.8,41.0,14.4,1427.3,58
92.0,18871.0,209.0,57.0,116.0,0.0,8.0,6.0,3,urban,6,2,0.1,0.7,0.0,2.0,74.4,39.5,16.2,1342.6,13
156.0,19000.0,380.0,76.0,160.0,12.0,8.0,6.0,3,urban,7,2,0.4,19.0,0.0,2.0,74.4,39.5,16.2,1342.6,22
99.5,15000.0,195.0,135.0,110.5,12.0,8.0,6.0,3,urban,7,2,0.4,26.0,0.0,2.0,74.4,39.5,16.2,1342.6,22
126.0,15000.0,195.0,135.0,172.0,0.0,8.0,6.0,3,urban,6,2,0.7,23.0,0.0,2.0,74.4,39.5,16.2,1342.6,22
159.7,1760.0,107.0,13.0,198.8,0.0,5.5,12.0,4,urban,6,2,0.2,0.2,0.0,2.0,82.9,36.1,9.4,2206.8,41
141.8,1281.0,99.0,11.0,145.5,0.0,3.0,12.0,4,urban,6,2,0.2,1.8,0.0,4.0,82.9,36.1,9.4,2206.8,28
271.0,2114.0,110.0,22.0,287.0,0.0,4.0,18.0,5,urban,6,2,0.1,0.0,0.0,2.0,82.9,36.1,9.4,2206.8,18
185.0,9758.0,2060.0,1000.0,197.0,0.0,3.5,18.0,3,urban,6,2,0.1,1.0,0.0,2.0,82.9,36.1,9.4,2206.8,16
121.7,620.0,41.0,5.0,144.0,0.0,3.5,12.0,5,rural,2,2,0.1,1.0,0.0,2.0,82.9,36.1,9.4,2206.8,31
96.4,124391.0,8484.0,9740.0,106.2,0.0,4.0,4.0,1,urban,6,3,0.2,3.5,0.0,16.0,,,,,21
182.7,83642.0,3271.0,1121.0,209.0,10.0,5.0,6.0,1,urban,7,2,0.3,0.0,0.0,1.5,,,,,69
78.8,32343.0,2035.0,1728.0,80.2,9.0,4.0,6.0,2,urban,7,2,0.2,2.6,0.0,4.0,,,,,47
126.0,24700.0,1892.0,2295.0,130.4,0.0,8.0,6.0,3,small urban,2,5,0.4,17.2,0.0,2.0,73.9,11.6,17.0,1226.7,14
113.1,14900.0,378.0,313.0,119.0,0.0,8.0,6.0,3,small urban,2,5,0.6,32.2,0.0,2.0,73.9,11.6,17.0,1226.7,14
98.0,11400.0,564.0,443.0,102.5,0.0,8.0,6.0,3,small urban,2,5,0.4,30.3,0.0,2.0,73.9,11.6,17.0,1226.7,45
81.0,12800.0,1536.0,896.0,95.8,0.0,8.0,6.0,3,small urban,2,5,0.3,9.0,0.0,2.0,73.9,11.6,17.0,1226.7,17
372.0,475.0,17.0,13.0,376.0,0.0,6.0,4.5,5,small urban,2,5,0.6,3.0,0.0,2.0,73.9,11.6,17.0,1226.7,15
114.4,1248.0,15.0,20.0,158.8,0.0,6.0,18.0,5,rural,6,2,0.4,8.8,0.0,1.0,83.2,1072.5,4.8,1527.0,25
96.2,1397.0,117.0,80.0,155.7,0.0,6.0,16.0,5,rural,6,2,0.3,9.8,0.0,1.0,83.2,1072.5,4.8,1527.0,25
190.5,12948.0,233.0,181.0,202.2,0.0,3.0,7.0,3,urban,2,3,0.1,1.0,0.0,1.5,66.7,9.7,18.6,947.2,45
70.0,3917.0,71.0,55.0,178.0,0.0,3.0,8.0,3,urban,2,3,0.0,0.0,0.0,1.5,51.2,24.2,16.4,454.6,73
80.0,6712.0,121.0,94.0,92.0,0.0,3.0,6.0,3,urban,2,3,0.1,0.5,0.0,1.5,51.2,24.2,16.4,454.6,20
128.0,16085.0,290.0,225.0,145.0,0.0,3.0,6.0,3,urban,2,3,0.1,0.0,0.0,1.5,51.2,24.2,16.4,454.6,73
175.0,329.0,6.0,5.0,186.6,0.0,3.0,8.0,3,urban,2,3,0.1,1.1,0.0,1.5,57.3,15.2,18.0,606.2,19
138.0,31768.0,1144.0,127.0,140.5,0.0,3.0,8.0,3,urban,2,3,0.3,0.0,0.0,1.5,68.1,3.8,19.6,973.3,35
159.0,3719.0,22.0,22.0,196.5,0.0,3.0,6.0,3,small urban,2,3,0.1,1.0,0.0,1.5,73.2,8.6,18.5,1160.7,55
62.5,630.0,19.0,57.0,68.0,0.0,5.0,4.0,5,rural,6,2,0.0,2.4,0.0,2.5,34.9,3.2,16.2,250.8,69
143.5,32986.0,870.0,435.0,189.8,0.0,5.0,12.0,4,urban,2,2,0.5,4.2,0.0,2.0,67.5,287.7,8.0,487.5,31
50.0,4831.0,444.0,386.0,55.0,0.0,3.0,12.0,3,urban,6,2,0.2,0.0,0.0,2.0,67.5,287.7,8.0,487.5,10
61.5,5210.0,502.0,208.0,63.5,3.0,3.0,12.0,3,urban,7,3,0.1,0.0,0.0,4.0,67.5,287.7,8.0,487.5,9
129.0,917.0,46.0,70.0,160.5,0.0,2.0,6.0,3,urban,6,2,0.1,6.0,0.0,2.0,67.5,287.7,8.0,487.5,14
156.0,19071.0,474.0,110.0,160.0,0.0,5.0,12.0,4,urban,2,2,0.1,1.0,0.0,2.0,67.5,287.7,8.0,487.5,16
170.4,1996.0,240.0,300.0,175.4,0.0,3.4,4.0,4,urban,2,2,0.1,7.8,0.0,3.0,67.5,287.7,8.0,487.5,9
125.5,6840.0,1703.0,0.0,148.0,0.0,4.0,12.0,5,urban,2,2,0.1,0.0,0.0,2.0,67.5,287.7,8.0,487.5,37
149.6,44800.0,1564.0,1210.0,192.2,0.0,8.0,6.0,3,urban,2,5,0.5,2.6,0.0,2.0,78.2,5.1,17.9,1450.5,14
67.8,57100.0,4568.0,2284.0,112.2,0.0,8.0,6.0,3,urban,2,5,0.2,21.8,0.0,2.0,78.2,5.1,17.9,1450.5,17
82.5,57100.0,4568.0,2284.0,139.5,0.0,8.0,6.0,3,urban,2,5,0.3,29.0,0.0,2.0,78.2,5.1,17.9,1450.5,17
70.0,44176.0,3140.0,1635.0,71.3,0.0,8.0,6.0,3,urban,2,5,0.4,7.0,0.0,2.0,78.2,5.1,17.9,1450.5,31
101.0,19600.0,484.0,202.0,102.8,0.0,8.0,6.0,3,urban,2,5,0.4,1.0,0.0,2.0,78.2,5.1,17.9,1450.5,66
50.8,3900.0,390.0,39.0,60.5,0.0,6.0,8.0,3,rural,2,2,0.4,3.1,0.0,2.0,78.2,5.1,17.9,1450.5,34
159.0,16700.0,1418.0,436.0,183.2,0.0,8.0,6.0,3,urban,2,5,0.4,10.5,0.0,2.0,78.2,5.1,17.9,1450.5,18
64.0,2000.0,71.0,21.0,206.4,0.0,6.0,4.5,5,urban,2,5,0.5,17.0,0.0,2.0,78.2,5.1,17.9,1450.5,34
129.6,21000.0,882.0,1050.0,143.2,0.0,6.0,4.5,4,urban,2,5,0.2,6.8,0.0,2.0,78.2,5.1,17.9,1450.5,20
258.0,9000.0,378.0,450.0,288.0,0.0,6.0,4.5,4,urban,2,5,0.3,41.0,0.0,2.0,78.2,5.1,17.9,1450.5,62
164.0,1900.0,80.0,95.0,168.5,0.0,6.0,4.5,4,urban,2,5,0.2,44.5,0.0,2.0,78.2,5.1,17.9,1450.5,61
102.0,3500.0,214.0,74.0,190.0,0.0,6.0,4.5,5,urban,2,5,0.3,42.0,0.0,2.0,78.2,5.1,17.9,1450.5,14
264.3,5100.0,214.0,255.0,294.5,0.0,6.0,4.5,4,urban,2,5,0.3,19.2,0.0,2.0,78.2,5.1,17.9,1450.5,20
40.8,3700.0,119.0,18.0,42.3,0.0,8.5,4.0,5,urban,6,2,0.0,0.0,0.0,3.0,34.9,3.2,16.2,250.8,69
130.0,17000.0,306.0,68.0,166.0,0.0,8.0,6.0,3,urban,6,2,0.1,0.0,0.0,2.0,75.7,34.0,16.3,1395.0,21
58.8,5000.0,115.0,45.0,97.3,0.0,12.0,11.0,2,urban,6,3,0.3,3.8,0.0,2.0,75.7,34.0,16.3,1395.0,47
54.0,6800.0,161.0,63.0,92.5,0.0,12.0,11.0,2,urban,6,3,0.4,0.5,0.0,2.0,75.7,34.0,16.3,1395.0,47
74.0,2900.0,388.0,369.0,75.4,0.0,8.5,9.0,3,rural,6,2,0.3,8.5,0.0,5.0,70.9,196.8,7.4,898.9,61
85.0,465.0,39.0,52.0,86.0,0.0,6.0,18.0,5,rural,2,2,0.2,0.0,0.0,1.0,81.3,761.1,6.7,1428.5,20
149.0,9100.0,854.0,173.0,152.0,0.0,9.0,30.0,3,urban,2,2,0.2,0.0,0.0,0.0,74.1,11.3,11.0,860.5,21
95.0,6057.0,300.0,180.0,95.7,0.0,1.5,15.0,4,rural,6,2,0.1,3.0,0.0,1.5,77.8,278.3,10.0,1321.7,23
79.0,25600.0,2048.0,768.0,84.2,0.0,8.0,6.0,3,urban,2,5,0.3,5.0,0.0,2.0,73.3,10.8,17.4,1213.1,55
101.0,25000.0,2500.0,1000.0,106.9,0.0,8.0,6.0,3,small urban,2,5,0.4,13.0,0.0,2.0,73.3,10.8,17.4,1213.1,17
49.2,4100.0,464.0,32.0,81.3,0.0,6.0,8.0,3,rural,2,2,0.3,8.2,0.0,2.0,73.3,10.8,17.4,1213.1,66
112.8,1550.0,55.0,62.0,113.2,0.0,4.0,8.0,4,rural,2,2,0.4,16.2,0.0,2.0,73.3,10.8,17.4,1213.1,41
87.0,4300.0,67.0,28.0,88.0,0.0,6.0,4.5,5,small urban,2,5,0.5,1.0,0.0,2.0,73.3,10.8,17.4,1213.1,80
179.0,1850.0,78.0,93.0,242.0,0.0,6.0,4.5,4,small urban,2,5,0.3,1.0,0.0,2.0,73.3,10.8,17.4,1213.1,64
61.6,1052.0,46.0,256.0,62.6,0.0,6.8,13.9,3,rural,2,2,0.1,0.3,0.0,3.6,65.1,536.1,9.5,779.9,26
63.6,1129.0,30.0,347.0,80.3,0.0,3.0,16.0,3,rural,2,2,0.3,4.7,0.0,7.0,66.1,630.4,8.8,752.7,65
75.1,1352.0,69.0,326.0,78.8,0.0,5.0,13.0,3,rural,2,2,0.1,0.4,0.0,4.7,67.5,827.1,7.8,759.3,21
70.4,2070.0,66.0,311.0,73.2,0.0,5.6,13.2,3,rural,2,2,0.1,0.6,0.0,7.4,67.5,827.1,7.8,759.3,21
91.0,22303.0,647.0,207.0,108.3,0.0,6.0,9.0,2,urban,6,2,0.1,0.3,0.0,1.8,75.3,390.1,5.7,920.0,28
58.7,3400.0,40.0,247.0,61.3,0.0,7.5,4.0,5,rural,6,2,0.1,0.2,0.0,3.0,34.9,3.2,16.2,250.8,40
48.0,3478.0,130.0,40.0,49.7,0.0,3.0,8.0,3,rural,6,5,0.1,0.0,0.0,2.0,78.2,216.0,10.4,1435.3,10
46.0,1664.0,55.0,50.0,47.3,0.0,3.0,8.0,3,rural,6,5,0.1,0.0,0.0,2.0,78.2,216.0,10.4,1435.3,10
105.2,2529.0,70.0,50.0,105.4,0.0,4.0,12.0,3,rural,6,5,0.1,0.4,0.0,2.0,77.8,278.3,10.0,1321.7,15
91.0,4779.0,130.0,100.0,106.0,0.0,4.0,12.0,3,rural,6,5,0.2,1.7,0.0,2.0,77.8,278.3,10.0,1321.7,15
100.4,4900.0,980.0,588.0,121.1,0.0,6.0,8.0,3,rural,2,2,0.6,3.0,0.0,2.0,73.2,15.3,16.8,1213.2,87
108.0,7600.0,152.0,380.0,127.7,0.0,8.0,6.0,3,small urban,2,5,0.5,10.0,0.0,2.0,73.2,15.3,16.8,1213.2,38
121.6,37800.0,3402.0,1134.0,126.0,0.0,8.0,6.0,3,urban,2,5,0.4,4.8,0.0,2.0,73.2,15.3,16.8,1213.2,38
78.6,11100.0,922.0,969.0,80.7,0.0,6.0,8.0,3,rural,2,2,0.4,2.2,0.0,2.0,73.2,15.3,16.8,1213.2,48
127.5,10500.0,1014.0,329.0,151.2,0.0,6.0,8.0,3,rural,2,2,0.5,8.0,0.0,2.0,73.2,15.3,16.8,1213.2,48
92.0,13000.0,606.0,642.0,92.8,0.0,8.0,6.0,3,small urban,2,5,0.5,25.4,0.0,2.0,73.2,15.3,16.8,1213.2,52
84.0,11800.0,496.0,590.0,109.0,0.0,6.0,4.5,4,small urban,2,5,0.5,9.0,0.0,2.0,73.2,15.3,16.8,1213.2,44
105.0,7700.0,219.0,414.0,108.6,0.0,4.0,8.0,4,rural,2,2,0.6,14.3,0.0,2.0,73.2,15.3,16.8,1213.2,14
104.0,7164.0,390.0,172.0,161.2,0.0,2.3,6.0,3,urban,6,2,0.4,3.0,0.0,1.8,69.7,269.2,8.3,666.7,88
84.5,7038.0,384.0,169.0,159.2,0.0,2.3,6.0,3,urban,6,2,0.3,3.2,0.0,1.8,69.7,269.2,8.3,666.7,88
68.5,23000.0,380.0,223.0,85.0,0.0,5.0,6.0,3,small urban,6,3,0.0,0.0,0.0,1.0,39.9,73.9,11.5,311.6,34
42.5,1700.0,369.0,216.0,43.6,0.0,8.5,10.0,3,small urban,6,2,0.0,0.0,0.0,3.0,39.9,73.9,11.5,311.6,30
138.2,17576.0,826.0,465.0,144.2,0.0,4.0,10.0,4,urban,2,2,0.2,2.0,0.0,1.5,59.6,60.5,12.1,451.3,37
94.3,988.0,120.0,21.0,95.3,0.0,3.5,4.0,5,urban,6,2,0.1,5.0,0.0,3.2,59.6,60.5,12.1,451.3,37
174.0,5134.0,406.0,5.0,202.0,0.0,12.0,3.0,3,urban,6,2,0.1,0.0,0.0,2.0,59.6,60.5,12.1,451.3,37
86.0,5973.0,675.0,18.0,87.2,0.0,12.0,2.0,3,urban,6,2,0.2,7.8,0.0,2.0,59.6,60.5,12.1,451.3,37
132.0,7428.0,698.0,37.0,158.0,0.0,5.0,3.0,4,urban,6,2,0.2,0.0,0.0,1.5,59.6,60.5,12.1,451.3,37
189.0,2508.0,143.0,260.0,243.0,0.0,3.5,10.0,3,urban,6,2,0.1,2.0,0.0,1.0,59.6,60.5,12.1,451.3,45
128.0,6240.0,1061.0,125.0,130.0,0.0,4.5,8.0,5,urban,2,2,0.1,3.0,0.0,1.5,59.6,60.5,12.1,451.3,37
82.7,7861.0,951.0,173.0,93.2,0.0,5.0,8.0,4,urban,6,2,0.2,1.5,0.0,2.0,59.6,60.5,12.1,451.3,45
38.7,22300.0,1882.0,4991.0,49.7,0.0,8.0,16.0,1,rural,2,2,0.0,0.0,0.0,4.0,73.7,16.7,16.4,1170.0,32
39.0,45100.0,4713.0,8014.0,49.5,0.0,13.0,10.0,1,small urban,2,5,0.0,0.0,0.0,2.0,73.7,16.7,16.4,1170.0,32
34.4,39100.0,1290.0,4809.0,46.6,0.0,13.0,10.0,1,small urban,2,5,0.0,0.8,0.0,2.0,73.7,16.7,16.4,1170.0,32
43.0,24200.0,1735.0,3596.0,63.4,10.0,0.0,16.0,1,rural,3,2,0.0,0.1,0.0,4.0,73.7,16.7,16.4,1170.0,30
43.0,25400.0,838.0,3124.0,54.4,10.0,0.0,16.0,1,rural,3,2,0.0,0.0,0.0,4.0,73.7,16.7,16.4,1170.0,28
65.0,42400.0,1060.0,1823.0,70.0,12.0,13.0,10.0,1,urban,7,5,0.1,0.3,0.0,2.0,73.7,16.7,16.4,1170.0,30
145.5,2300.0,105.0,41.0,162.1,0.0,4.0,8.0,5,rural,2,2,0.5,16.5,0.0,2.0,73.7,16.7,16.4,1170.0,16
113.0,5000.0,190.0,138.0,114.5,0.0,6.0,4.5,4,small urban,2,5,0.5,31.3,0.0,2.0,73.7,16.7,16.4,1170.0,70
79.5,6600.0,547.0,646.0,84.1,0.0,6.0,8.0,3,rural,2,2,0.3,14.7,0.0,2.0,73.7,16.7,16.4,1170.0,16
129.7,8100.0,587.0,30.0,136.7,0.0,8.0,6.0,3,small urban,2,5,0.4,19.0,0.0,2.0,73.7,16.7,16.4,1170.0,35
127.6,2700.0,257.0,293.0,130.8,0.0,6.0,8.0,3,rural,2,2,0.6,19.8,0.0,2.0,73.7,16.7,16.4,1170.0,58
141.0,2300.0,122.0,104.0,151.3,0.0,8.0,6.0,3,small urban,2,5,0.5,12.5,0.0,2.0,73.7,16.7,16.4,1170.0,13
115.5,2300.0,122.0,104.0,118.4,0.0,8.0,6.0,3,small urban,2,5,0.3,3.0,0.0,2.0,73.7,16.7,16.4,1170.0,13
80.0,41490.0,1062.0,166.0,110.0,0.0,4.8,8.0,3,urban,6,2,0.3,2.0,0.0,1.8,82.4,9.5,10.6,888.4,67
72.1,35303.0,904.0,141.0,109.1,0.0,6.1,6.0,3,urban,6,2,0.4,3.8,0.0,2.3,82.4,9.5,10.6,888.4,94
276.0,5114.0,140.0,21.0,326.0,0.0,6.0,6.0,3,urban,6,2,0.2,0.0,0.0,6.0,82.4,9.5,10.6,888.4,16
33.3,29200.0,964.0,3592.0,87.8,10.0,8.0,16.0,1,rural,7,2,0.3,6.8,0.0,4.0,75.4,10.8,17.3,1243.9,51
119.0,32422.0,1008.0,139.0,122.0,0.0,13.8,12.0,3,urban,6,2,0.2,2.0,0.0,1.8,82.4,9.5,10.6,888.4,33
38.0,33400.0,504.0,2321.0,75.8,10.0,8.0,16.0,1,rural,7,2,0.0,1.0,0.0,4.0,73.6,10.7,17.2,1224.0,39
36.6,36400.0,790.0,4495.0,91.6,10.0,8.0,16.0,1,rural,7,2,0.0,2.6,0.0,4.0,73.6,10.7,17.2,1224.0,39
59.2,47900.0,944.0,3104.0,107.4,13.0,13.0,10.0,1,urban,7,5,0.1,1.4,0.0,2.0,73.6,10.7,17.2,1224.0,39
55.0,123700.0,3093.0,5319.0,106.2,12.0,13.0,10.0,1,urban,7,5,0.1,3.3,0.0,2.0,73.6,10.7,17.2,1224.0,32
59.0,144900.0,3623.0,6231.0,96.0,12.0,13.0,10.0,1,urban,7,5,0.1,1.5,0.0,2.0,73.6,10.7,17.2,1224.0,32
40.5,59047.0,1949.0,7263.0,49.2,0.0,8.0,16.0,1,rural,2,2,0.0,0.0,0.0,4.0,73.6,10.7,17.2,1224.0,62
155.3,16900.0,759.0,1874.0,171.4,0.0,8.0,6.0,3,urban,2,5,0.3,3.7,0.0,2.0,73.6,10.7,17.2,1224.0,39
41.0,5200.0,338.0,275.0,104.6,0.0,8.0,6.0,3,urban,2,5,0.6,24.0,0.0,2.0,73.6,10.7,17.2,1224.0,69
74.0,18800.0,1692.0,564.0,78.4,0.0,8.0,6.0,3,urban,2,5,0.5,31.5,0.0,2.0,73.6,10.7,17.2,1224.0,39
66.2,12900.0,503.0,452.0,69.2,0.0,4.0,8.0,4,rural,2,2,0.3,1.0,0.0,2.0,73.6,10.7,17.2,1224.0,23
54.0,11900.0,595.0,357.0,57.7,0.0,10.0,12.0,2,urban,2,2,0.4,25.0,0.0,2.0,73.6,10.7,17.2,1224.0,14
105.1,16900.0,766.0,2479.0,115.1,0.0,6.0,4.5,4,urban,2,5,0.1,3.7,0.0,2.0,73.6,10.7,17.2,1224.0,85
120.0,950.0,17.0,3.0,148.0,0.0,6.0,4.5,5,urban,2,5,0.2,2.0,0.0,2.0,73.6,10.7,17.2,1224.0,85
140.0,4200.0,61.0,148.0,151.0,0.0,6.0,4.5,4,urban,2,5,0.2,44.0,0.0,2.0,73.6,10.7,17.2,1224.0,28
89.0,6737.0,98.0,71.0,90.0,0.0,6.0,4.5,4,urban,2,5,0.2,0.5,0.0,2.0,73.6,10.7,17.2,1224.0,78
151.3,1750.0,83.0,8.0,162.0,0.0,6.0,4.5,4,urban,2,5,0.4,21.3,0.0,2.0,73.6,10.7,17.2,1224.0,24
85.0,7000.0,474.0,50.0,126.0,0.0,6.0,4.5,5,urban,2,5,0.1,0.0,0.0,2.0,73.6,10.7,17.2,1224.0,13
97.0,5100.0,95.0,79.0,100.0,0.0,6.0,4.5,4,urban,2,5,0.3,3.0,0.0,2.0,73.6,10.7,17.2,1224.0,15
188.0,11417.0,180.0,40.0,211.0,6.0,7.0,12.0,3,urban,7,5,0.1,8.0,0.0,2.0,78.2,216.0,10.4,1435.3,26
77.2,3600.0,66.0,144.0,88.4,0.0,4.0,8.0,4,rural,2,2,0.3,1.5,0.0,2.0,74.2,10.0,16.9,1221.7,34
61.8,1593.0,43.0,158.0,173.7,0.0,4.0,8.0,4,rural,2,2,0.4,27.9,0.0,2.0,74.2,10.0,16.9,1221.7,92
171.5,627.0,13.0,39.0,181.5,0.0,4.0,8.0,4,rural,2,2,0.4,11.2,0.0,2.0,74.2,10.0,16.9,1221.7,46
107.3,1034.0,53.0,43.0,139.7,0.0,3.2,9.0,4,small urban,2,2,0.1,1.0,0.0,3.0,64.8,185.7,9.3,496.9,14
154.7,473.0,123.0,42.0,162.6,0.0,2.0,4.0,5,rural,6,2,0.2,1.0,0.0,2.0,64.8,185.7,9.3,496.9,21
121.0,4700.0,240.0,185.0,140.5,0.0,3.2,8.0,4,small urban,2,2,0.4,7.0,0.0,2.5,64.8,185.7,9.3,496.9,37
279.0,295.0,27.0,0.0,323.0,0.0,1.0,4.0,5,small urban,2,2,0.2,3.0,0.0,1.0,64.8,185.7,9.3,496.9,24
94.4,2693.0,512.0,54.0,96.2,0.0,2.0,4.0,4,small urban,2,2,0.2,2.8,0.0,1.0,64.8,185.7,9.3,496.9,31
183.0,1641.0,78.0,31.0,193.0,0.0,3.0,7.0,5,small urban,2,2,0.1,1.5,0.0,3.0,64.8,185.7,9.3,496.9,25
75.0,25600.0,3328.0,1536.0,82.1,0.0,6.0,8.0,3,rural,2,2,0.3,6.0,0.0,2.0,77.1,9.5,17.4,1306.2,31
137.5,8533.0,537.0,598.0,138.6,0.0,8.0,6.0,3,small urban,2,5,0.4,34.0,0.0,2.0,77.1,9.5,17.4,1306.2,34
144.1,3018.0,223.0,215.0,145.7,0.0,6.0,8.0,3,rural,2,2,0.3,14.9,0.0,2.0,77.1,9.5,17.4,1306.2,79
54.2,18697.0,1256.0,374.0,61.7,0.0,6.0,8.0,3,rural,2,2,0.3,0.0,0.0,2.0,77.1,9.5,17.4,1306.2,47
105.0,4800.0,241.0,114.0,146.8,0.0,6.0,4.5,4,small urban,2,5,0.4,13.0,0.0,2.0,77.1,9.5,17.4,1306.2,33
73.6,3750.0,207.0,1006.0,73.9,0.0,6.0,8.0,3,rural,2,2,0.5,25.0,0.0,2.0,75.2,14.3,16.9,1306.1,70
162.0,2000.0,84.0,100.0,241.0,0.0,6.0,4.5,4,small urban,2,5,0.4,22.5,0.0,2.0,75.2,14.3,16.9,1306.1,15
81.9,3400.0,111.0,64.0,96.3,0.0,6.0,4.5,5,small urban,2,5,0.3,0.0,0.0,2.0,75.2,14.3,16.9,1306.1,17
111.5,1200.0,30.0,6.0,207.0,0.0,6.0,4.5,5,small urban,2,5,0.2,45.0,0.0,2.0,75.2,14.3,16.9,1306.1,67
113.0,720.0,120.0,23.0,121.0,0.0,5.0,8.0,3,rural,6,2,0.1,0.0,0.0,3.0,69.7,363.8,6.6,720.7,70
86.0,190.0,32.0,6.0,88.0,0.0,5.0,8.0,3,rural,6,2,0.1,0.0,0.0,3.0,69.7,363.8,6.6,720.7,70
81.4,980.0,30.0,90.0,90.8,0.0,5.0,4.0,5,small urban,6,2,0.1,1.0,0.0,3.0,34.9,3.2,16.2,250.8,58
87.0,5400.0,166.0,492.0,90.0,0.0,5.0,4.0,5,small urban,6,2,0.1,1.0,0.0,3.0,34.9,3.2,16.2,250.8,58
89.0,5400.0,166.0,492.0,93.0,0.0,5.0,4.0,5,small urban,6,2,0.1,1.0,0.0,3.0,34.9,3.2,16.2,250.8,58
69.0,21000.0,907.0,374.0,74.0,0.0,3.0,10.0,4,urban,2,2,0.1,1.0,0.0,1.0,76.6,0.2,21.5,1123.5,37
85.2,1543.0,0.0,0.0,85.8,0.0,6.0,6.0,6,small urban,2,2,0.1,0.3,0.0,4.0,87.6,4.0,10.0,1914.9,17
111.0,380.0,0.0,0.0,112.0,0.0,5.0,4.0,6,small urban,2,2,0.0,0.0,0.0,2.0,87.6,4.0,10.0,1914.9,17
101.8,917.0,51.0,8.0,110.0,4.2,3.0,3.0,5,small urban,7,2,0.1,8.0,0.0,3.0,87.6,4.0,10.0,1914.9,27
63.6,9800.0,545.0,317.0,67.4,0.0,3.0,10.0,3,urban,6,2,0.1,0.0,0.0,1.0,76.6,0.2,21.5,1123.5,16
59.2,20500.0,791.0,460.0,113.8,0.0,2.0,10.0,3,urban,6,2,0.1,8.0,0.0,1.0,76.6,0.2,21.5,1123.5,20
52.3,17000.0,860.0,500.0,75.7,0.0,2.0,10.0,3,urban,6,2,0.0,8.0,0.0,1.0,76.6,0.2,21.5,1123.5,21
74.4,38800.0,989.0,4532.0,108.6,0.0,8.0,16.0,1,rural,2,2,0.2,22.2,0.0,4.0,73.9,11.6,17.0,1226.7,25
74.6,41200.0,1088.0,4248.0,83.8,0.0,13.0,10.0,1,small urban,2,5,0.1,15.4,0.0,2.0,73.9,11.6,17.0,1226.7,25
195.4,2500.0,142.0,129.0,209.9,0.0,6.0,8.0,3,rural,2,2,0.4,22.6,0.0,2.0,73.9,11.6,17.0,1226.7,58
304.0,3300.0,140.0,146.0,322.8,0.0,6.0,8.0,3,rural,2,2,0.6,68.5,0.0,2.0,73.9,11.6,17.0,1226.7,32
98.5,4500.0,354.0,411.0,98.7,0.0,6.0,4.5,4,small urban,2,5,0.5,43.5,0.0,2.0,73.9,11.6,17.0,1226.7,57
62.0,3800.0,245.0,62.0,62.9,0.0,4.0,8.0,5,rural,2,2,0.3,0.1,0.0,2.0,73.9,11.6,17.0,1226.7,57
56.3,78000.0,4269.0,13437.0,60.9,0.0,6.0,12.0,1,rural,6,2,0.2,8.0,0.0,1.0,76.6,0.2,21.5,1123.5,17
55.9,78000.0,5710.0,11996.0,62.6,0.0,6.0,12.0,1,small urban,6,2,0.2,8.0,0.0,1.0,76.6,0.2,21.5,1123.5,17
46.0,78500.0,4418.0,11204.0,55.4,0.0,6.0,12.0,1,urban,6,2,0.2,8.0,0.0,1.0,76.6,0.2,21.5,1123.5,16
47.2,78500.0,4418.0,11204.0,67.2,0.0,6.0,12.0,1,urban,6,2,0.2,8.0,0.0,1.0,76.6,0.2,21.5,1123.5,17
41.2,78500.0,4418.0,11204.0,51.6,0.0,6.0,12.0,1,urban,6,2,0.1,1.0,0.0,1.0,76.6,0.2,21.5,1123.5,29
44.8,75000.0,4624.0,11726.0,55.8,0.0,6.0,12.0,1,urban,6,2,0.1,1.0,0.0,1.0,76.6,0.2,21.5,1123.5,29
35.5,76000.0,5825.0,14771.0,35.6,0.0,6.0,12.0,1,urban,6,2,0.1,0.0,0.0,1.0,76.6,0.2,21.5,1123.5,8
38.9,42600.0,1406.0,5240.0,47.3,10.0,8.0,16.0,1,rural,7,2,0.1,0.1,0.0,4.0,75.3,20.9,15.5,1388.6,60
75.0,17600.0,1936.0,704.0,143.1,0.0,8.0,6.0,3,small urban,2,5,0.5,4.7,0.0,2.0,75.3,20.9,15.5,1388.6,38
47.5,22300.0,3122.0,669.0,55.5,0.0,8.0,6.0,3,small urban,2,5,0.3,12.2,0.0,2.0,75.3,20.9,15.5,1388.6,20
91.1,4653.0,200.0,109.0,133.3,0.0,4.0,8.0,4,rural,2,2,0.3,36.4,0.0,2.0,75.3,20.9,15.5,1388.6,42
93.0,1794.0,176.0,58.0,104.0,0.0,3.2,4.0,4,small urban,2,2,0.1,1.0,0.0,2.0,82.2,10.5,10.3,1177.5,37
56.1,52500.0,1733.0,6458.0,63.9,0.0,8.0,16.0,1,rural,2,2,0.2,7.1,0.0,4.0,74.5,8.7,17.5,1227.2,29
54.2,30639.0,788.0,3243.0,64.8,10.0,8.0,16.0,1,rural,7,2,0.1,0.0,0.0,4.0,74.5,8.7,17.5,1227.2,24
123.0,5200.0,260.0,416.0,184.5,0.0,6.0,8.0,3,rural,2,2,0.4,33.0,0.0,2.0,74.5,8.7,17.5,1227.2,54
69.5,2600.0,236.0,276.0,171.6,0.0,6.0,8.0,3,rural,2,2,0.8,7.0,0.0,2.0,74.5,8.7,17.5,1227.2,84
61.3,2670.0,287.0,247.0,87.9,0.0,6.0,8.0,3,rural,2,2,0.5,38.2,0.0,2.0,74.5,8.7,17.5,1227.2,14
53.0,6500.0,199.0,246.0,58.9,0.0,6.0,8.0,3,rural,2,2,0.2,10.0,0.0,2.0,74.5,8.7,17.5,1227.2,67
81.0,10500.0,561.0,975.0,96.3,0.0,8.0,6.0,3,small urban,2,5,0.4,0.0,0.0,2.0,74.5,8.7,17.5,1227.2,72
87.2,13500.0,423.0,1555.0,92.3,0.0,6.0,8.0,3,rural,2,2,0.5,20.2,0.0,2.0,74.5,8.7,17.5,1227.2,62
115.0,14800.0,1433.0,2306.0,123.4,0.0,8.0,6.0,3,small urban,2,5,0.4,2.5,0.0,2.0,74.5,8.7,17.5,1227.2,14
55.3,3700.0,190.0,186.0,56.3,0.0,4.0,8.0,4,rural,2,2,0.4,0.1,0.0,2.0,74.5,8.7,17.5,1227.2,84
89.0,3000.0,140.0,82.0,124.0,0.0,4.0,8.0,4,rural,2,2,0.2,4.3,0.0,2.0,74.5,8.7,17.5,1227.2,22
74.2,1433.0,99.0,19.0,75.1,0.0,4.0,10.0,3,rural,2,2,0.1,2.2,0.0,3.0,57.5,384.1,8.8,540.4,58
61.0,1994.0,32.0,38.0,95.1,0.0,5.0,6.0,3,rural,2,2,0.2,27.2,0.0,1.3,61.7,584.8,6.5,683.8,57
58.6,1685.0,30.0,37.0,92.4,0.0,5.0,6.8,3,rural,2,2,0.2,32.1,0.0,1.3,61.7,584.8,6.5,683.8,57
85.2,1618.0,31.0,32.0,102.7,0.0,7.0,1.0,3,rural,2,2,0.2,12.4,0.0,2.6,61.7,584.8,6.5,683.8,71
63.4,2133.0,36.0,17.0,87.9,0.0,4.1,11.8,3,rural,2,2,0.2,4.3,0.0,4.3,59.5,468.3,8.1,636.3,22
161.9,6415.0,170.0,130.0,181.4,0.0,3.0,16.0,3,rural,6,5,0.3,45.6,0.0,1.5,77.8,278.3,10.0,1321.7,24
132.5,7852.0,210.0,160.0,133.0,0.0,3.0,18.0,3,rural,6,5,0.2,0.0,0.0,1.5,77.8,278.3,10.0,1321.7,33
115.0,26000.0,2340.0,520.0,131.9,0.0,8.0,6.0,3,urban,2,5,0.6,23.0,0.0,2.0,74.8,41.0,14.4,1427.3,45
107.0,16000.0,3200.0,320.0,142.3,0.0,8.0,6.0,3,urban,2,5,0.4,19.0,0.0,2.0,74.8,41.0,14.4,1427.3,50
89.0,15375.0,1745.0,154.0,117.3,0.0,6.0,8.0,3,rural,2,2,0.4,29.5,0.0,2.0,74.8,41.0,14.4,1427.3,50
86.0,21300.0,2556.0,213.0,92.0,0.0,10.0,12.0,2,urban,2,2,0.4,19.0,0.0,2.0,74.8,41.0,14.4,1427.3,61
70.0,21300.0,2556.0,213.0,73.9,0.0,10.0,12.0,2,urban,2,2,0.6,32.0,0.0,2.0,74.8,41.0,14.4,1427.3,61
93.5,21300.0,2556.0,213.0,98.4,0.0,10.0,12.0,2,urban,2,2,0.6,34.0,0.0,2.0,74.8,41.0,14.4,1427.3,44
67.0,16000.0,1280.0,160.0,77.3,0.0,10.0,12.0,2,urban,2,2,0.6,25.0,0.0,2.0,74.8,41.0,14.4,1427.3,44
80.3,23800.0,3332.0,119.0,93.5,0.0,10.0,12.0,2,rural,2,2,0.3,20.7,0.0,2.0,74.8,41.0,14.4,1427.3,61
40.3,21500.0,1935.0,215.0,43.4,0.0,10.0,12.0,2,urban,2,2,0.3,0.0,0.0,2.0,74.8,41.0,14.4,1427.3,61
50.0,21500.0,1935.0,215.0,55.8,0.0,10.0,12.0,2,urban,2,2,0.3,0.0,0.0,2.0,74.8,41.0,14.4,1427.3,61
107.7,6569.0,242.0,206.0,110.4,0.0,6.0,4.5,4,urban,2,5,0.4,21.3,0.0,2.0,74.8,41.0,14.4,1427.3,58
124.0,7000.0,289.0,120.0,128.5,0.0,6.0,4.5,4,urban,2,5,0.8,34.0,0.0,2.0,74.8,41.0,14.4,1427.3,16
92.0,5500.0,414.0,80.0,102.0,0.0,6.0,4.5,5,urban,2,5,0.3,0.0,0.0,2.0,74.8,41.0,14.4,1427.3,85
62.0,6400.0,180.0,58.0,65.0,0.0,6.0,4.5,4,urban,2,5,0.2,0.0,0.0,2.0,74.8,41.0,14.4,1427.3,27
63.0,3500.0,94.0,22.0,75.0,0.0,6.0,4.5,4,urban,2,5,0.3,0.0,0.0,2.0,74.8,41.0,14.4,1427.3,66
166.5,175.0,7.0,9.0,218.5,0.0,6.0,4.5,4,urban,2,5,0.4,19.5,0.0,2.0,74.8,41.0,14.4,1427.3,64
132.5,1495.0,45.0,30.0,136.5,0.0,2.0,2.0,5,urban,2,3,0.0,0.0,0.0,0.0,72.3,244.0,12.6,1065.9,21
65.0,19258.0,947.0,3337.0,83.0,0.0,11.4,5.4,2,urban,6,2,0.3,37.0,0.0,1.8,59.6,60.5,12.1,451.3,52
48.0,13632.0,450.0,389.0,50.0,0.0,10.4,19.0,2,rural,6,2,0.2,0.0,0.0,1.8,69.7,269.2,8.3,666.7,59
62.8,7047.0,400.0,641.0,77.2,0.0,8.2,11.0,3,rural,6,2,0.9,5.5,0.0,1.8,68.2,377.2,7.8,622.8,85
134.0,7311.0,158.0,50.0,213.0,0.0,3.1,15.5,3,rural,6,2,0.2,1.0,0.0,1.8,68.2,377.2,7.8,622.8,63
87.0,12000.0,407.0,1015.0,90.0,0.0,5.0,8.0,4,small urban,2,3,0.2,0.0,0.0,0.0,44.6,76.5,10.9,231.4,11
71.0,20000.0,340.0,260.0,76.0,12.0,8.0,6.0,3,small urban,7,2,0.2,5.0,0.0,2.0,74.1,91.4,14.5,1195.8,19
63.0,20000.0,340.0,260.0,65.0,12.0,8.0,6.0,3,small urban,7,2,0.4,4.5,0.0,2.0,74.1,91.4,14.5,1195.8,19
49.0,64790.0,3300.0,1600.0,51.7,0.0,4.0,25.0,2,urban,6,5,0.1,0.0,0.0,2.0,78.2,216.0,10.4,1435.3,34
36.0,76167.0,3800.0,1800.0,71.7,0.0,4.0,25.0,2,urban,6,5,0.1,1.2,0.0,2.0,78.2,216.0,10.4,1435.3,34
64.0,99400.0,2167.0,9135.0,127.2,12.0,13.0,10.0,1,urban,7,5,0.1,0.8,0.0,2.0,73.6,10.7,17.2,1224.0,23
76.3,125955.0,3149.0,5416.0,76.7,12.0,13.0,10.0,1,urban,7,5,0.1,0.3,0.0,2.0,73.6,10.7,17.2,1224.0,32
78.3,11700.0,515.0,605.0,118.2,0.0,8.0,6.0,3,urban,2,5,0.3,0.3,0.0,2.0,73.6,10.7,17.2,1224.0,17
170.5,20800.0,609.0,849.0,176.9,0.0,8.0,6.0,3,urban,2,5,0.4,30.0,0.0,2.0,73.6,10.7,17.2,1224.0,67
123.7,40300.0,1951.0,7661.0,129.7,0.0,8.0,6.0,3,urban,2,5,0.3,28.7,0.0,2.0,73.6,10.7,17.2,1224.0,38
111.2,30100.0,4816.0,903.0,144.7,0.0,8.0,6.0,3,urban,2,5,0.4,7.8,0.0,2.0,73.6,10.7,17.2,1224.0,44
167.0,7500.0,651.0,207.0,231.8,0.0,8.0,6.0,3,urban,2,5,0.3,9.0,0.0,2.0,73.6,10.7,17.2,1224.0,57
76.2,3200.0,87.0,698.0,79.9,0.0,6.0,8.0,3,rural,2,2,0.3,0.0,0.0,2.0,73.6,10.7,17.2,1224.0,16
97.0,8100.0,279.0,1047.0,214.5,0.0,8.0,6.0,3,urban,2,5,0.2,1.0,0.0,2.0,73.6,10.7,17.2,1224.0,37
142.0,18962.0,1100.0,2702.0,145.0,0.0,8.0,6.0,3,urban,2,5,0.3,2.0,0.0,2.0,73.6,10.7,17.2,1224.0,66
98.5,25400.0,528.0,538.0,145.7,0.0,8.0,6.0,3,urban,2,5,0.2,3.5,0.0,2.0,73.6,10.7,17.2,1224.0,20
80.0,51300.0,5643.0,513.0,104.5,0.0,10.0,12.0,2,urban,2,2,0.3,1.0,0.0,2.0,73.6,10.7,17.2,1224.0,46
101.2,16376.0,520.0,967.0,108.9,0.0,6.0,4.5,4,urban,2,5,0.4,11.0,0.0,2.0,73.6,10.7,17.2,1224.0,26
143.5,27600.0,1581.0,3257.0,181.0,0.0,6.0,4.5,4,urban,2,5,0.3,10.5,0.0,2.0,73.6,10.7,17.2,1224.0,30
141.0,17120.0,550.0,1255.0,149.5,0.0,6.0,4.5,4,urban,2,5,0.2,61.5,0.0,2.0,73.6,10.7,17.2,1224.0,31
123.5,35100.0,1488.0,6494.0,131.5,0.0,8.0,6.0,3,urban,2,5,0.2,16.0,0.0,2.0,73.6,10.7,17.2,1224.0,80
82.3,3800.0,120.0,38.0,89.7,0.0,6.0,4.5,4,urban,2,5,0.3,44.0,0.0,2.0,73.6,10.7,17.2,1224.0,16
186.0,8300.0,700.0,588.0,232.2,0.0,6.0,4.5,4,urban,2,5,0.2,9.2,0.0,2.0,73.6,10.7,17.2,1224.0,57
176.0,2800.0,174.0,72.0,206.0,0.0,6.0,4.5,5,urban,2,5,0.3,22.0,0.0,2.0,73.6,10.7,17.2,1224.0,16
160.0,5000.0,192.0,314.0,207.0,0.0,6.0,4.5,5,urban,2,5,0.4,32.5,0.0,2.0,73.6,10.7,17.2,1224.0,13
111.0,4700.0,107.0,457.0,112.0,0.0,6.0,4.5,4,urban,2,5,0.1,0.5,0.0,2.0,73.6,10.7,17.2,1224.0,25
98.0,1000.0,39.0,2.0,210.0,0.0,6.0,4.5,5,urban,2,5,0.2,6.0,0.0,2.0,73.6,10.7,17.2,1224.0,22
174.0,3800.0,75.0,89.0,235.5,0.0,6.0,4.5,5,urban,2,5,0.5,40.0,0.0,2.0,73.6,10.7,17.2,1224.0,29
148.0,9900.0,406.0,350.0,187.0,0.0,6.0,4.5,5,urban,2,5,0.5,0.5,0.0,2.0,73.6,10.7,17.2,1224.0,38
189.0,2900.0,60.0,88.0,204.0,0.0,6.0,4.5,5,urban,2,5,0.3,2.0,0.0,2.0,73.6,10.7,17.2,1224.0,38
91.7,1600.0,55.0,137.0,96.0,0.0,6.0,6.0,5,rural,6,2,0.1,0.0,0.0,3.0,44.6,76.5,10.9,231.4,93
62.8,340.0,7.0,13.0,70.2,0.0,6.5,10.0,5,rural,6,2,0.1,0.0,0.0,3.0,44.6,76.5,10.9,231.4,67
62.3,440.0,15.0,38.0,68.5,0.0,5.5,12.0,5,rural,6,2,0.1,0.0,0.0,3.0,44.6,76.5,10.9,231.4,67
56.2,1700.0,58.0,145.0,56.3,0.0,5.5,12.0,5,rural,6,2,0.1,0.0,0.0,3.0,44.6,76.5,10.9,231.4,67
61.7,3000.0,103.0,256.0,68.5,0.0,5.5,12.0,5,rural,6,2,0.1,0.0,0.0,3.0,44.6,76.5,10.9,231.4,67
102.6,1533.0,27.0,178.0,107.5,0.0,4.0,8.0,4,rural,2,2,0.8,36.2,0.0,2.0,73.9,11.6,17.0,1226.7,64
123.0,1900.0,54.0,77.0,124.4,0.0,4.0,8.0,4,rural,2,2,0.5,21.0,0.0,2.0,73.9,11.6,17.0,1226.7,26
69.9,3000.0,91.0,40.0,72.9,0.0,6.0,8.0,3,rural,2,2,0.3,8.8,0.0,2.0,73.9,11.6,17.0,1226.7,22
290.2,125.0,7.0,25.0,292.8,0.0,4.0,8.0,5,rural,2,2,0.4,8.8,0.0,2.0,73.9,11.6,17.0,1226.7,29
175.1,1142.0,37.0,14.0,181.9,0.0,6.4,9.1,4,rural,6,2,0.1,0.1,0.0,2.2,84.0,25.0,9.4,1628.8,93
152.8,18400.0,1250.0,310.0,184.0,0.0,7.0,8.0,3,urban,2,2,0.6,14.5,0.0,0.0,70.3,169.2,7.3,532.3,8
133.5,29270.0,1392.0,696.0,137.7,0.0,4.0,6.0,3,urban,6,2,0.2,3.8,0.0,1.0,83.1,56.9,8.5,2080.8,37
184.3,19195.0,537.0,58.0,262.0,6.0,3.0,6.0,3,urban,7,2,0.2,16.0,0.0,6.0,83.1,56.9,8.5,2080.8,37
112.0,24731.0,1137.0,420.0,124.0,0.0,6.0,6.0,4,urban,6,2,0.1,1.3,0.0,2.0,83.1,56.9,8.5,2080.8,37
149.0,8471.0,508.0,85.0,181.0,0.0,7.0,6.0,4,urban,6,2,0.1,0.0,0.0,2.0,83.1,56.9,8.5,2080.8,37
114.7,10949.0,228.0,123.0,116.7,0.0,3.0,12.0,4,urban,6,2,0.2,0.7,0.0,3.0,83.1,56.9,8.5,2080.8,37
44.4,47736.0,1194.0,2053.0,56.7,0.0,13.0,10.0,1,urban,2,5,0.0,0.3,0.0,2.0,73.8,27.5,15.5,1206.3,26
43.7,63900.0,2038.0,3521.0,73.3,0.0,13.0,10.0,1,urban,2,5,0.0,9.3,0.0,2.0,73.8,27.5,15.5,1206.3,26
49.0,63900.0,2038.0,3521.0,89.0,0.0,13.0,10.0,1,urban,2,5,0.0,8.5,0.0,2.0,73.8,27.5,15.5,1206.3,26
41.8,48168.0,1243.0,2486.0,79.8,0.0,13.0,10.0,1,urban,2,5,0.1,2.2,0.0,2.0,73.8,27.5,15.5,1206.3,26
34.8,96000.0,2400.0,4128.0,59.8,13.0,13.0,10.0,1,urban,7,5,0.1,0.0,0.0,2.0,73.8,27.5,15.5,1206.3,23
47.0,93500.0,2338.0,4021.0,59.3,12.0,13.0,10.0,1,urban,7,5,0.1,4.7,0.0,2.0,73.8,27.5,15.5,1206.3,26
74.0,30700.0,718.0,795.0,136.0,0.0,13.0,10.0,1,urban,2,5,0.1,11.0,0.0,2.0,73.8,27.5,15.5,1206.3,29
37.4,31427.0,750.0,968.0,45.4,0.0,13.0,10.0,1,urban,2,5,0.0,0.0,0.0,2.0,73.8,27.5,15.5,1206.3,29
84.0,37900.0,1349.0,906.0,221.7,0.0,8.0,6.0,3,urban,2,5,0.6,10.0,0.0,2.0,73.8,27.5,15.5,1206.3,42
82.0,29400.0,573.0,667.0,90.0,0.0,8.0,6.0,3,urban,2,5,0.1,10.0,0.0,2.0,73.8,27.5,15.5,1206.3,71
67.5,19500.0,2187.0,265.0,95.1,0.0,8.0,6.0,3,urban,2,5,0.3,16.0,0.0,2.0,73.8,27.5,15.5,1206.3,57
67.2,19077.0,524.0,493.0,90.0,0.0,10.0,12.0,2,urban,2,2,0.2,3.7,0.0,2.0,73.8,27.5,15.5,1206.3,15
84.0,12000.0,392.0,606.0,98.6,0.0,8.0,6.0,3,urban,2,5,0.4,15.0,0.0,2.0,73.8,27.5,15.5,1206.3,50
100.0,2500.0,113.0,100.0,104.5,0.0,4.0,8.0,5,rural,2,2,0.5,38.0,0.0,2.0,73.8,27.5,15.5,1206.3,32
125.7,10800.0,454.0,540.0,126.2,0.0,6.0,4.5,4,urban,2,5,0.4,18.0,0.0,2.0,73.8,27.5,15.5,1206.3,16
143.2,18200.0,764.0,910.0,191.6,0.0,6.0,4.5,4,urban,2,5,0.4,31.8,0.0,2.0,73.8,27.5,15.5,1206.3,48
159.6,9400.0,168.0,111.0,160.0,0.0,6.0,4.5,4,urban,2,5,0.4,13.0,0.0,2.0,73.8,27.5,15.5,1206.3,27
116.2,9200.0,552.0,92.0,118.3,9.0,0.0,12.0,2,urban,3,2,0.0,0.0,0.0,2.0,73.8,27.5,15.5,1206.3,23
76.0,41300.0,2891.0,413.0,77.6,0.0,10.0,12.0,2,urban,2,2,0.4,1.3,0.0,2.0,73.8,27.5,15.5,1206.3,15
63.7,41070.0,5322.0,415.0,67.6,0.0,10.0,12.0,2,urban,2,2,0.4,0.9,0.0,2.0,73.8,27.5,15.5,1206.3,15
67.4,37939.0,3397.0,741.0,67.5,0.0,10.0,12.0,2,urban,2,2,0.4,6.8,0.0,2.0,73.8,27.5,15.5,1206.3,15
86.5,31800.0,2544.0,318.0,86.8,0.0,10.0,12.0,2,urban,2,2,0.3,18.0,0.0,2.0,73.8,27.5,15.5,1206.3,15
55.0,24744.0,1530.0,252.0,61.2,0.0,10.0,12.0,2,urban,2,2,0.4,23.0,0.0,2.0,73.8,27.5,15.5,1206.3,15
66.0,21650.0,1792.0,463.0,68.8,0.0,10.0,12.0,2,urban,2,2,0.3,8.9,0.0,2.0,73.8,27.5,15.5,1206.3,33
228.3,3200.0,144.0,128.0,316.9,0.0,4.0,8.0,5,rural,2,2,1.1,67.0,0.0,2.0,73.8,27.5,15.5,1206.3,17
84.3,7000.0,700.0,140.0,87.8,0.0,8.0,6.0,3,urban,2,5,0.4,12.0,0.0,2.0,73.8,27.5,15.5,1206.3,35
177.0,13400.0,444.0,516.0,189.0,0.0,6.0,4.5,4,urban,2,5,0.5,22.0,0.0,2.0,73.8,27.5,15.5,1206.3,83
168.0,334.0,21.0,2.0,171.0,0.0,6.0,4.5,5,urban,2,5,0.2,3.0,0.0,2.0,73.8,27.5,15.5,1206.3,54
178.0,1450.0,24.0,3.0,187.0,0.0,6.0,4.5,5,urban,2,5,0.5,3.0,0.0,2.0,73.8,27.5,15.5,1206.3,58
45.0,20450.0,480.0,800.0,46.0,9.0,5.5,13.0,4,urban,7,3,0.1,11.0,0.0,1.5,71.3,239.3,12.6,1045.7,54
59.0,12900.0,903.0,703.0,150.4,0.0,6.0,8.0,3,rural,2,2,0.5,39.8,0.0,2.0,73.3,10.8,17.4,1213.1,16
83.0,18600.0,517.0,1628.0,101.2,0.0,8.0,6.0,3,urban,2,5,0.3,4.5,0.0,2.0,73.3,10.8,17.4,1213.1,52
141.5,4600.0,337.0,172.0,152.6,0.0,8.0,6.0,3,urban,2,5,0.7,37.0,0.0,2.0,73.3,10.8,17.4,1213.1,16
43.6,8700.0,696.0,435.0,48.9,0.0,10.0,12.0,2,urban,2,2,0.3,0.0,0.0,2.0,73.3,10.8,17.4,1213.1,50
97.0,5600.0,239.0,270.0,177.0,0.0,8.0,6.0,3,urban,2,5,0.2,24.0,0.0,2.0,73.3,10.8,17.4,1213.1,44
77.5,5600.0,239.0,270.0,141.0,0.0,8.0,6.0,3,urban,2,5,0.3,29.0,0.0,2.0,73.3,10.8,17.4,1213.1,44
127.0,5600.0,239.0,270.0,209.0,0.0,8.0,6.0,3,urban,2,5,0.1,33.0,0.0,2.0,73.3,10.8,17.4,1213.1,44
96.0,17400.0,2088.0,522.0,113.9,0.0,8.0,6.0,3,urban,2,5,0.2,13.0,0.0,2.0,73.3,10.8,17.4,1213.1,39
138.0,18000.0,900.0,900.0,159.7,0.0,8.0,6.0,3,urban,2,5,0.3,0.0,0.0,2.0,73.3,10.8,17.4,1213.1,16
102.0,15200.0,942.0,1160.0,137.9,0.0,6.0,4.5,4,urban,2,5,0.4,0.0,0.0,2.0,73.3,10.8,17.4,1213.1,59
81.0,6400.0,132.0,173.0,94.2,0.0,8.0,6.0,3,urban,2,5,0.3,0.0,0.0,2.0,73.3,10.8,17.4,1213.1,72
88.5,5700.0,156.0,128.0,106.5,0.0,6.0,4.5,5,urban,2,5,0.5,8.0,0.0,2.0,73.3,10.8,17.4,1213.1,73
69.0,1300.0,25.0,8.0,112.0,0.0,6.0,4.5,5,urban,2,5,0.6,25.0,0.0,2.0,73.3,10.8,17.4,1213.1,53
67.0,1300.0,25.0,8.0,99.0,0.0,6.0,4.5,5,urban,2,5,0.6,41.0,0.0,2.0,73.3,10.8,17.4,1213.1,53
133.9,200.0,33.0,9.0,167.4,0.0,4.0,8.0,5,rural,2,2,0.6,5.0,0.0,2.0,73.3,10.8,17.4,1213.1,61
86.3,1000.0,57.0,64.0,96.8,0.0,3.5,11.0,4,rural,6,5,0.1,0.0,0.0,3.5,52.6,323.4,8.4,409.8,44
66.8,750.0,26.0,65.0,73.0,0.0,4.5,8.0,4,rural,2,3,0.1,0.0,0.0,3.0,52.6,323.4,8.4,409.8,23
101.1,340.0,12.0,29.0,102.3,0.0,3.0,7.0,4,rural,6,3,0.1,0.1,0.0,3.0,52.6,323.4,8.4,409.8,69
103.8,470.0,16.0,41.0,105.2,0.0,3.5,8.0,4,rural,6,3,0.1,0.2,0.0,3.0,52.6,323.4,8.4,409.8,83
82.0,2220.0,0.0,0.0,90.0,0.0,7.4,1.0,6,urban,2,2,0.1,8.0,0.0,5.4,82.4,9.5,10.6,888.4,54
183.2,483.0,0.0,0.0,192.8,0.0,1.0,1.0,6,urban,2,2,0.1,6.0,0.0,1.0,82.4,9.5,10.6,888.4,59
127.5,6118.0,473.0,427.0,129.0,0.0,5.0,1.0,4,urban,2,2,0.2,1.5,0.0,4.0,82.4,9.5,10.6,888.4,37
78.0,2916.0,280.0,4.0,104.0,0.0,3.0,1.0,6,urban,2,2,0.1,2.0,0.0,3.0,82.4,9.5,10.6,888.4,55
90.7,286.0,19.0,49.0,98.0,0.0,3.0,4.0,5,urban,2,2,0.1,1.0,0.0,1.0,82.4,9.5,10.6,888.4,37
157.7,4700.0,197.0,6.0,179.3,0.0,4.0,6.0,3,urban,2,2,0.1,8.5,0.0,2.0,82.4,9.5,10.6,888.4,10
115.0,1569.0,133.0,125.0,144.0,0.0,3.0,4.0,5,urban,2,2,0.1,6.0,0.0,1.0,82.4,9.5,10.6,888.4,37
122.5,1848.0,7.0,0.0,123.0,0.0,1.0,1.0,4,urban,2,2,0.2,3.5,0.0,1.0,82.4,9.5,10.6,888.4,55
173.0,4803.0,492.0,1.0,191.5,0.0,5.4,1.0,4,urban,2,2,0.2,0.0,0.0,3.4,82.4,9.5,10.6,888.4,37
140.3,5581.0,532.0,0.0,157.3,0.0,5.0,1.0,4,urban,2,2,0.2,8.0,0.0,2.0,82.4,9.5,10.6,888.4,37
77.1,2081.0,253.0,121.0,81.9,0.0,3.4,4.0,4,urban,2,2,0.1,1.1,0.0,1.0,82.4,9.5,10.6,888.4,37
112.0,1790.0,100.0,56.0,115.7,0.0,3.5,1.0,4,urban,2,2,0.1,1.0,0.0,2.0,82.4,9.5,10.6,888.4,37
86.0,1473.0,93.0,0.0,159.0,0.0,3.0,1.0,4,urban,2,2,0.1,2.0,0.0,3.0,82.4,9.5,10.6,888.4,35
134.5,11764.0,1138.0,2.0,144.8,0.0,4.2,6.0,5,urban,2,2,0.1,3.2,0.0,1.0,82.4,9.5,10.6,888.4,37
115.5,7500.0,315.0,375.0,125.1,0.0,6.0,4.5,4,small urban,2,5,0.4,18.5,0.0,2.0,73.8,27.5,15.5,1206.3,45
107.0,3100.0,88.0,208.0,116.3,0.0,4.0,8.0,5,rural,2,2,0.5,14.0,0.0,2.0,73.8,27.5,15.5,1206.3,15
69.0,3300.0,198.0,17.0,115.7,0.0,6.0,8.0,3,rural,2,2,0.2,11.5,0.0,2.0,73.8,27.5,15.5,1206.3,74
121.8,1550.0,32.0,19.0,122.7,0.0,6.0,4.5,4,small urban,2,5,0.2,11.2,0.0,2.0,73.8,27.5,15.5,1206.3,55
125.5,2600.0,52.0,24.0,157.5,0.0,6.0,4.5,5,small urban,2,5,0.1,11.0,0.0,2.0,73.8,27.5,15.5,1206.3,58
120.7,140.0,5.0,13.0,123.8,0.0,2.5,12.0,5,rural,6,3,0.1,0.0,0.0,2.0,52.6,323.4,8.4,409.8,68
175.0,62400.0,6477.0,17440.0,202.5,10.5,0.0,4.4,1,small urban,3,5,0.0,0.0,0.1,0.0,79.3,1.4,20.3,1148.6,52
157.6,62400.0,6477.0,17440.0,163.2,10.3,0.0,3.8,1,small urban,3,5,0.0,0.0,0.2,0.0,79.3,1.4,20.3,1148.6,52
157.5,58400.0,6061.0,16322.0,181.0,10.3,0.0,3.4,1,rural,3,5,0.0,0.0,0.2,0.0,79.3,1.4,20.3,1148.6,52
181.5,58400.0,6061.0,16322.0,197.5,10.0,0.0,4.0,1,rural,3,5,0.0,0.0,0.1,0.0,79.3,1.4,20.3,1148.6,52
110.0,50100.0,2371.0,1077.0,111.5,11.0,0.0,16.5,1,urban,3,2,0.0,0.0,0.0,0.0,78.8,0.6,20.6,1226.4,14
67.0,6000.0,270.0,240.0,68.6,0.0,4.0,8.0,5,rural,2,2,0.5,0.5,0.0,2.0,76.7,6.7,17.9,1284.6,28
74.0,5300.0,191.0,143.0,79.0,0.0,4.0,8.0,5,rural,2,2,0.2,9.0,0.0,2.0,76.7,6.7,17.9,1284.6,62
34.7,44400.0,5945.0,6704.0,60.1,0.0,7.5,5.5,1,urban,2,2,0.3,2.9,0.0,0.0,80.3,1.7,19.5,1363.8,19
35.6,44400.0,5798.0,6593.0,57.5,0.0,7.0,6.1,1,urban,2,2,0.3,1.6,0.0,0.0,80.3,1.7,19.5,1363.8,19
44.5,44400.0,5798.0,6593.0,64.0,0.0,6.7,6.1,1,urban,2,2,0.3,3.5,0.0,0.0,80.3,1.7,19.5,1363.8,30
126.7,17200.0,1351.0,3452.0,135.9,9.1,0.0,2.4,1,rural,3,5,0.0,0.0,0.1,0.0,78.6,3.5,19.2,1268.1,23
91.7,17200.0,1351.0,3452.0,105.8,10.7,0.0,2.1,1,rural,3,5,0.0,0.0,0.0,0.0,78.6,3.5,19.2,1268.1,23
108.9,17200.0,1131.0,2531.0,116.2,12.7,0.0,1.9,1,urban,3,5,0.0,0.0,0.1,0.0,78.6,3.5,19.2,1268.1,33
92.5,18900.0,1485.0,3793.0,103.5,12.2,0.0,2.5,1,urban,3,5,0.0,0.0,0.0,0.0,78.6,3.5,19.2,1268.1,33
52.0,17200.0,1339.0,4083.0,54.0,0.0,13.2,10.9,1,rural,2,3,0.3,2.0,0.0,0.0,80.2,2.6,19.4,1223.1,39
85.0,370.0,73.0,18.0,86.0,0.0,8.0,8.0,5,rural,6,2,0.1,0.0,0.0,3.0,52.9,278.4,8.1,560.1,95
85.9,1800.0,255.0,561.0,87.0,0.0,8.5,11.0,3,rural,6,2,0.1,0.1,0.0,4.0,52.9,278.4,8.1,560.1,52
70.1,1700.0,243.0,551.0,121.8,0.0,9.3,14.6,3,rural,6,2,0.2,7.8,0.0,4.9,52.9,278.4,8.1,560.1,50
87.7,1500.0,188.0,510.0,90.0,0.0,7.0,14.0,3,rural,6,2,0.2,0.4,0.0,7.0,52.9,278.4,8.1,560.1,61
78.0,1600.0,33.0,442.0,79.2,0.0,11.3,14.0,3,rural,6,2,0.2,0.1,0.0,8.0,52.9,278.4,8.1,560.1,48
81.7,1600.0,95.8,478.0,83.4,0.0,11.5,9.1,3,rural,6,2,0.2,0.0,0.0,7.4,52.9,278.4,8.1,560.1,53
45.7,25000.0,571.0,766.0,46.6,0.0,10.0,12.0,4,small urban,6,3,0.1,0.0,0.0,1.0,52.6,323.4,8.4,409.8,36
77.0,10713.0,656.0,410.0,236.0,5.0,0.5,12.0,3,small urban,7,2,0.5,8.0,0.0,2.0,86.6,505.9,3.8,2643.0,27
91.3,7793.0,2431.0,286.0,150.8,0.0,3.0,10.0,3,small urban,2,2,0.4,1.3,0.0,2.0,86.6,505.9,3.8,2643.0,12
108.0,12541.0,920.0,575.0,128.0,0.0,3.0,10.0,3,small urban,2,2,0.4,0.0,0.0,2.0,86.6,505.9,3.8,2643.0,13
78.7,17703.0,829.0,355.0,88.0,0.0,3.0,13.0,3,small urban,6,2,0.2,0.7,0.0,3.0,86.6,505.9,3.8,2643.0,37
32.0,54300.0,950.0,733.0,41.5,12.0,13.0,10.0,1,urban,7,5,0.1,0.0,0.0,2.0,73.1,25.0,15.8,1161.8,48
37.1,72300.0,2097.0,5068.0,46.3,12.0,13.0,10.0,1,urban,7,5,0.0,0.0,0.0,2.0,73.1,25.0,15.8,1161.8,50
42.7,88300.0,1713.0,1501.0,50.6,12.0,13.0,10.0,1,urban,7,5,0.0,0.1,0.0,2.0,73.1,25.0,15.8,1161.8,50
64.0,85800.0,2145.0,3689.0,105.0,12.0,13.0,10.0,1,urban,7,5,0.1,0.0,0.0,2.0,73.1,25.0,15.8,1161.8,50
41.0,114700.0,3785.0,14108.0,46.0,12.0,13.0,10.0,1,urban,7,5,0.1,0.0,0.0,2.0,73.1,25.0,15.8,1161.8,55
40.5,114700.0,3785.0,14108.0,48.0,10.0,8.0,16.0,1,rural,7,2,0.0,0.0,0.0,4.0,73.1,25.0,15.8,1161.8,17
52.2,116237.0,1950.0,2761.0,65.8,12.0,13.0,10.0,1,urban,7,5,0.0,0.0,0.0,2.0,73.1,25.0,15.8,1161.8,17
57.0,152700.0,3818.0,6566.0,75.3,0.0,13.0,10.0,1,urban,2,5,0.0,0.0,0.0,2.0,73.1,25.0,15.8,1161.8,17
107.0,21300.0,1433.0,1095.0,127.7,0.0,8.0,6.0,3,urban,2,5,0.2,3.0,0.0,2.0,73.1,25.0,15.8,1161.8,48
83.0,14300.0,1716.0,143.0,92.8,0.0,8.0,6.0,3,urban,2,5,0.4,8.0,0.0,2.0,73.1,25.0,15.8,1161.8,47
102.0,28700.0,761.0,290.0,104.6,0.0,6.0,8.0,3,rural,2,2,0.2,1.0,0.0,2.0,73.1,25.0,15.8,1161.8,24
100.0,9900.0,1188.0,198.0,104.7,0.0,8.0,6.0,3,urban,2,5,0.4,13.0,0.0,2.0,73.1,25.0,15.8,1161.8,38
104.3,5400.0,756.0,108.0,108.2,0.0,8.0,6.0,3,urban,2,5,0.4,19.0,0.0,2.0,73.1,25.0,15.8,1161.8,14
120.0,22000.0,2640.0,220.0,172.1,0.0,8.0,6.0,3,urban,2,5,0.2,11.5,0.0,2.0,73.1,25.0,15.8,1161.8,72
75.7,5600.0,333.0,235.0,81.7,0.0,4.0,8.0,4,rural,2,2,0.4,4.8,0.0,2.0,73.1,25.0,15.8,1161.8,58
92.2,8900.0,662.0,713.0,97.2,0.0,8.0,6.0,3,urban,2,5,0.3,1.1,0.0,2.0,73.1,25.0,15.8,1161.8,33
85.2,19200.0,768.0,384.0,90.6,0.0,8.0,6.0,3,urban,2,5,0.4,4.3,0.0,2.0,73.1,25.0,15.8,1161.8,14
175.5,3470.0,82.0,68.0,201.6,0.0,6.0,4.5,4,small urban,2,5,0.3,12.7,0.0,2.0,73.1,25.0,15.8,1161.8,16
159.0,9000.0,378.0,450.0,160.6,0.0,6.0,4.5,4,urban,2,5,0.5,11.0,0.0,2.0,73.1,25.0,15.8,1161.8,64
97.2,325.0,13.0,11.0,114.9,0.0,4.0,8.0,4,rural,2,2,0.2,9.2,0.0,2.0,73.1,25.0,15.8,1161.8,48
121.0,11700.0,1053.0,59.0,127.7,0.0,8.0,6.0,3,urban,2,5,0.3,12.0,0.0,2.0,73.1,25.0,15.8,1161.8,19
165.5,28100.0,1967.0,281.0,169.8,0.0,8.0,6.0,3,urban,2,5,0.3,5.2,0.0,2.0,73.1,25.0,15.8,1161.8,19
153.0,18654.0,2329.0,187.0,183.3,0.0,8.0,6.0,3,urban,2,5,0.2,15.0,0.0,2.0,73.1,25.0,15.8,1161.8,14
94.0,40900.0,4908.0,818.0,101.9,0.0,8.0,6.0,3,urban,2,5,0.4,2.8,0.0,2.0,73.1,25.0,15.8,1161.8,19
127.1,425.0,23.0,18.0,135.4,0.0,4.0,8.0,5,rural,2,2,0.2,9.9,0.0,2.0,73.1,25.0,15.8,1161.8,15
157.0,12000.0,158.0,220.0,208.5,0.0,6.0,4.5,5,urban,2,5,0.4,10.5,0.0,2.0,73.1,25.0,15.8,1161.8,31
192.0,300.0,11.0,8.0,194.0,0.0,6.0,4.5,5,urban,2,5,0.2,3.0,0.0,2.0,73.1,25.0,15.8,1161.8,47
108.0,1200.0,84.0,30.0,139.0,0.0,6.0,4.5,5,urban,2,5,0.2,5.0,0.0,2.0,73.1,25.0,15.8,1161.8,79
211.0,3100.0,71.0,45.0,221.0,0.0,6.0,4.5,5,urban,2,5,0.2,11.0,0.0,2.0,73.1,25.0,15.8,1161.8,76
282.4,4000.0,75.0,25.0,288.4,0.0,6.0,4.5,5,urban,2,5,0.6,21.7,0.0,2.0,73.1,25.0,15.8,1161.8,72
276.5,5000.0,234.0,41.0,286.5,0.0,6.0,4.5,5,urban,2,5,0.6,11.0,0.0,2.0,73.1,25.0,15.8,1161.8,72
230.4,6700.0,96.0,47.0,248.2,0.0,6.0,4.5,5,urban,2,5,0.5,36.4,0.0,2.0,73.1,25.0,15.8,1161.8,72
89.5,1800.0,41.0,55.0,92.2,0.0,7.5,8.0,5,rural,6,3,0.1,8.6,0.0,3.0,52.6,323.4,8.4,409.8,74
100.6,150.0,5.0,13.0,101.7,0.0,3.0,8.0,5,rural,6,3,0.0,0.0,0.0,3.0,52.6,323.4,8.4,409.8,71
94.3,1890.0,270.0,10.0,135.0,0.0,3.2,1.0,5,rural,6,2,0.2,4.0,0.0,1.0,78.0,185.2,7.1,860.7,37
42.8,13428.0,425.0,259.0,99.1,0.0,4.0,8.0,3,urban,6,2,0.3,8.0,0.0,1.0,79.6,3.7,18.9,1322.0,27
41.1,20000.0,708.0,432.0,98.0,0.0,4.0,8.0,3,urban,6,2,0.4,8.0,0.0,1.0,79.6,3.7,18.9,1322.0,28
91.0,8000.0,250.0,130.0,91.5,0.0,3.0,18.0,3,rural,6,5,0.1,1.8,0.0,1.5,78.2,216.0,10.4,1435.3,16
56.5,13800.0,270.0,80.0,103.6,0.0,5.0,18.0,3,urban,6,5,0.1,1.0,0.0,1.5,78.2,216.0,10.4,1435.3,9
46.8,36444.0,400.0,200.0,49.0,0.0,5.0,18.0,2,urban,6,5,0.1,0.0,0.0,1.5,78.2,216.0,10.4,1435.3,36
74.0,31500.0,700.0,500.0,172.5,0.0,4.0,20.0,2,urban,6,5,0.2,31.0,0.0,2.0,79.2,145.3,10.8,1498.0,31
115.4,31222.0,650.0,550.0,137.0,0.0,4.0,20.0,2,urban,6,5,0.2,23.5,0.0,2.0,79.2,145.3,10.8,1498.0,31
177.0,13215.0,650.0,480.0,359.0,6.0,2.0,6.0,3,urban,7,2,0.4,40.3,0.0,2.0,79.2,145.3,10.8,1498.0,34
193.5,1084.0,82.0,1.0,203.0,0.0,2.0,8.0,5,urban,2,2,0.1,0.0,0.0,2.0,78.2,402.4,9.1,1451.5,29
175.0,1570.0,26.0,6.0,178.0,0.0,2.0,3.0,5,urban,2,2,0.1,0.0,0.0,2.0,78.2,402.4,9.1,1451.5,30
134.0,2533.0,147.0,28.0,136.0,0.0,5.5,5.0,5,urban,2,2,0.2,1.0,0.0,5.5,76.2,292.1,10.6,1352.2,87
115.0,7900.0,352.0,19.0,167.0,0.0,5.0,5.0,5,urban,2,5,0.0,0.0,0.0,5.0,76.2,292.1,10.6,1352.2,125
121.3,7311.0,373.0,42.0,153.0,0.0,5.0,5.0,4,urban,2,5,0.0,0.0,0.0,5.0,76.2,292.1,10.6,1352.2,125
104.0,3727.0,171.0,15.0,106.0,0.0,7.5,6.0,5,urban,2,3,0.2,0.0,0.0,7.5,78.1,387.4,9.0,1321.0,20
71.8,3330.0,680.0,189.0,77.2,0.0,6.5,4.0,4,small urban,2,2,0.1,1.8,0.0,2.0,87.2,12.4,9.6,1637.3,11
65.6,11768.0,1297.0,360.0,66.6,0.0,7.2,3.0,4,small urban,6,5,0.2,1.0,0.0,4.0,87.2,12.4,9.6,1637.3,40
154.2,11595.0,983.0,498.0,179.8,0.0,8.0,10.0,4,small urban,6,5,0.3,0.0,0.0,2.0,87.2,12.4,9.6,1637.3,37
171.7,19699.0,838.0,484.0,175.0,0.0,8.0,10.0,3,small urban,6,5,0.2,31.7,0.0,2.0,87.2,12.4,9.6,1637.3,37
53.0,48809.0,1259.0,1001.0,56.0,0.0,11.4,10.2,2,urban,6,2,0.2,1.0,0.0,1.8,80.8,20.2,10.5,1335.9,41
96.7,53154.0,1371.0,1090.0,100.7,0.0,10.2,3.4,2,urban,6,2,0.3,15.7,0.0,4.6,80.8,20.2,10.5,1335.9,30
89.0,64023.0,1652.0,1312.0,89.5,0.0,13.2,4.2,2,urban,6,3,0.4,26.0,0.0,1.8,80.8,20.2,10.5,1335.9,48
103.5,68743.0,1774.0,1409.0,122.5,0.0,11.7,4.8,2,urban,6,2,0.3,15.0,0.0,6.0,80.8,20.2,10.5,1335.9,48
88.0,10910.0,635.0,154.0,107.7,0.0,9.5,8.0,4,rural,6,2,0.3,2.7,0.0,1.8,80.8,20.2,10.5,1335.9,57
201.0,9387.0,344.0,82.0,223.0,6.0,4.8,6.0,3,small urban,7,2,0.2,7.0,0.0,1.8,87.2,12.4,9.6,1637.3,88
88.5,9001.0,226.0,38.0,151.0,6.0,4.2,6.0,3,small urban,7,2,0.2,8.5,0.0,1.8,87.2,12.4,9.6,1637.3,88
54.8,7544.0,422.0,367.0,91.5,0.0,5.7,8.0,4,rural,6,2,0.3,1.0,0.0,1.8,86.7,10.3,10.0,1629.6,86
95.5,21017.0,799.0,353.0,100.0,7.0,4.6,6.9,4,small urban,6,2,0.1,0.0,0.0,1.8,84.0,25.0,9.4,1628.8,102
59.7,31183.0,1381.0,218.0,136.3,0.0,9.4,4.8,2,urban,6,3,0.3,22.3,0.0,1.0,83.1,56.9,8.5,2080.8,53
80.9,110.0,11.0,9.0,85.8,0.0,2.9,1.0,5,rural,6,2,0.2,1.5,0.0,1.0,63.8,202.9,9.5,542.0,37
146.0,1650.0,10.0,29.0,158.1,0.0,2.9,16.0,5,rural,2,2,0.1,0.6,0.0,2.5,63.8,202.9,9.5,542.0,37
63.0,20017.0,913.0,442.0,64.0,0.0,9.0,3.6,2,urban,6,2,0.1,0.0,0.0,1.8,84.6,61.5,8.3,2488.0,53
136.5,15561.0,582.0,140.0,142.0,0.0,6.4,12.0,3,urban,6,2,0.2,2.0,0.0,2.4,84.6,61.5,8.3,2488.0,84
156.0,22319.0,571.0,290.0,161.0,0.0,6.0,3.6,4,urban,6,2,0.2,2.0,0.0,1.8,84.6,61.5,8.3,2488.0,37
64.4,20943.0,872.0,631.0,121.5,0.0,7.6,16.0,3,rural,6,2,0.4,16.8,0.0,2.4,84.6,61.5,8.3,2488.0,71
98.3,21195.0,788.0,155.0,101.0,0.0,6.0,9.4,4,rural,6,2,0.3,8.3,0.0,4.6,82.2,10.5,10.3,1177.5,29
72.0,19160.0,786.0,222.0,109.0,0.0,8.5,16.0,4,small urban,6,2,0.2,0.0,0.0,1.8,84.6,61.5,8.3,2488.0,63
71.0,17813.0,730.0,207.0,73.0,0.0,8.5,10.7,4,small urban,6,2,0.3,5.7,0.0,4.0,84.6,61.5,8.3,2488.0,56
98.8,20069.0,419.0,341.0,101.4,0.0,8.4,27.6,3,rural,6,2,0.3,2.0,0.0,8.4,82.7,44.3,9.6,1629.7,16
54.1,16871.0,353.0,287.0,62.3,0.0,8.4,8.4,3,small urban,6,2,0.3,0.0,0.0,8.4,82.7,44.3,9.6,1629.7,15
219.0,32829.0,972.0,450.0,220.5,0.0,5.5,8.0,4,urban,6,2,0.4,4.0,0.0,1.8,82.7,44.3,9.6,1629.7,69
61.0,9906.0,281.0,415.0,85.0,7.0,4.3,6.0,3,small urban,7,2,0.3,13.0,0.0,2.4,82.7,44.3,9.6,1629.7,88
60.6,3653.0,120.0,100.0,61.1,0.0,12.5,10.0,4,rural,6,5,0.2,0.0,0.0,2.0,78.2,216.0,10.4,1435.3,11
49.1,2519.0,120.0,100.0,50.5,0.0,12.5,10.0,4,rural,6,5,0.1,0.1,0.0,2.0,78.2,216.0,10.4,1435.3,11
68.8,2548.0,160.0,110.0,69.2,0.0,12.5,10.0,4,rural,6,5,0.1,0.0,0.0,2.0,78.2,216.0,10.4,1435.3,11
124.7,60.0,2.0,5.0,134.7,0.0,4.5,2.0,5,rural,6,2,0.1,0.0,0.0,2.5,39.9,73.9,11.5,311.6,74
113.5,24600.0,1280.0,1080.0,116.5,0.0,0.0,17.0,3,urban,6,2,0.2,2.5,0.0,3.5,83.5,7.3,10.8,1007.2,21
120.0,480.0,17.0,42.0,122.1,0.0,3.5,4.0,5,rural,6,2,0.1,7.7,0.0,3.0,45.2,246.1,8.8,361.0,73
63.0,10600.0,780.0,170.0,65.5,0.0,8.3,10.0,3,urban,6,2,0.1,0.0,0.0,4.0,83.5,7.3,10.8,1007.2,29
60.0,13200.0,355.0,146.0,73.0,0.0,1.0,8.0,4,urban,2,2,0.1,0.0,0.0,1.0,78.6,0.7,19.9,1311.2,48
76.8,2500.0,85.0,213.0,80.2,0.0,5.0,8.0,4,small urban,2,3,0.0,0.0,0.0,0.0,45.8,90.1,11.1,265.7,25
38.2,9346.2,141.0,82.0,47.0,0.0,5.0,28.0,1,small urban,6,5,0.0,0.0,0.0,4.0,44.6,76.5,10.9,231.4,60
35.2,9346.2,141.0,82.0,47.0,0.0,5.0,28.0,1,small urban,6,5,0.0,0.0,0.0,4.0,44.6,76.5,10.9,231.4,60
30.7,10000.0,486.0,3370.0,40.7,0.0,16.5,12.0,1,rural,6,2,0.0,0.0,0.0,4.0,44.6,76.5,10.9,231.4,58
33.5,30000.0,1181.0,7376.0,67.1,0.0,12.5,23.0,1,rural,6,5,0.4,0.0,0.0,1.0,55.2,175.0,8.7,426.6,63
31.3,46000.0,1931.0,12055.0,62.0,0.0,11.5,23.0,1,urban,6,5,0.3,0.0,0.0,1.0,55.2,175.0,8.7,426.6,63
34.0,41000.0,1469.0,1738.0,75.0,0.0,11.5,35.0,1,urban,6,5,0.5,0.0,0.0,1.0,55.2,175.0,8.7,426.6,57
49.5,12000.0,400.0,300.0,166.0,0.0,5.0,9.0,3,rural,6,5,0.2,39.7,0.0,2.0,77.8,278.3,10.0,1321.7,30
68.0,52219.0,1400.0,770.0,69.3,0.0,3.0,19.0,2,urban,6,5,0.1,0.7,0.0,1.5,77.8,278.3,10.0,1321.7,21
141.0,6488.0,190.0,60.0,142.0,0.0,2.0,8.0,4,urban,6,3,0.2,3.0,0.0,2.0,79.2,145.3,10.8,1498.0,32
149.5,6488.0,190.0,60.0,151.0,0.0,2.0,8.0,4,urban,6,3,0.1,0.2,0.0,2.0,79.2,145.3,10.8,1498.0,32
150.0,9500.0,67.0,67.0,154.0,0.0,3.0,7.0,4,urban,2,2,0.1,0.0,0.0,3.0,84.0,25.0,9.4,1628.8,20
166.0,12235.0,933.0,720.0,197.2,0.0,3.0,7.0,4,urban,6,5,0.2,7.4,0.0,3.0,84.0,25.0,9.4,1628.8,37
144.0,2412.0,143.0,8.0,146.0,0.0,3.0,6.0,3,urban,2,2,0.2,2.0,0.0,3.0,84.0,25.0,9.4,1628.8,20
116.0,3693.0,140.0,13.0,118.0,0.0,3.0,6.0,3,urban,6,2,0.2,0.0,0.0,3.0,84.0,25.0,9.4,1628.8,37
110.3,8875.0,502.0,28.0,116.3,0.0,6.5,12.0,4,urban,6,2,0.1,0.3,0.0,2.6,84.0,25.0,9.4,1628.8,43
181.0,7320.0,315.0,315.0,188.0,0.0,4.5,8.0,4,urban,2,2,0.1,1.0,0.0,2.0,84.0,25.0,9.4,1628.8,99
101.0,33401.0,1765.0,706.0,104.0,0.0,6.5,12.0,3,urban,6,2,0.3,0.0,0.0,3.0,84.0,25.0,9.4,1628.8,40
211.0,1980.0,139.0,59.0,221.3,0.0,6.0,2.0,5,urban,2,2,0.1,0.3,0.0,2.0,84.0,25.0,9.4,1628.8,33
248.0,2600.0,295.0,20.0,270.8,0.0,4.4,12.0,4,urban,2,2,0.2,0.5,0.0,2.0,84.0,25.0,9.4,1628.8,43
138.7,3646.0,36.0,47.0,178.5,0.0,3.2,2.0,4,urban,2,2,0.2,9.3,0.0,2.0,84.0,25.0,9.4,1628.8,37
152.5,1030.0,11.0,4.0,180.5,0.0,4.0,4.0,4,urban,6,2,0.1,2.0,0.0,2.0,84.0,25.0,9.4,1628.8,37
217.5,1431.0,336.0,760.0,222.0,0.0,6.0,6.0,4,urban,2,2,0.2,5.0,0.0,3.0,84.0,25.0,9.4,1628.8,73
304.0,3490.0,91.0,91.0,331.0,4.0,3.0,6.0,3,urban,7,2,0.2,1.0,0.0,3.0,84.0,25.0,9.4,1628.8,100
39.0,44237.0,1600.0,3700.0,47.0,8.0,4.0,18.0,1,rural,7,5,0.1,21.0,0.0,2.0,78.2,216.0,10.4,1435.3,16
45.3,47876.0,1500.0,3600.0,46.2,8.0,4.0,18.0,1,rural,7,5,0.1,8.3,0.0,2.0,78.2,216.0,10.4,1435.3,16
45.7,52000.0,1700.0,3700.0,52.2,8.0,4.0,18.0,1,rural,7,5,0.1,3.0,0.0,2.0,78.2,216.0,10.4,1435.3,16
49.5,43134.0,2000.0,3400.0,50.5,8.0,5.0,11.0,1,rural,7,5,0.1,0.0,0.0,1.0,78.2,216.0,10.4,1435.3,15
46.7,43134.0,2000.0,3400.0,47.7,8.0,5.0,11.0,1,rural,7,5,0.1,0.3,0.0,1.0,78.2,216.0,10.4,1435.3,15
47.8,163907.0,4700.0,7600.0,78.4,8.0,4.0,18.0,1,urban,7,5,0.1,8.9,0.0,2.0,78.2,216.0,10.4,1435.3,30
59.0,131817.0,3400.0,4000.0,63.0,8.0,5.5,18.0,1,urban,7,5,0.2,1.3,0.0,2.0,77.8,278.3,10.0,1321.7,23
82.5,166593.0,3500.0,4100.0,90.0,8.0,5.5,18.0,1,urban,7,5,0.1,0.0,0.0,2.0,77.8,278.3,10.0,1321.7,23
51.0,760.0,26.0,66.0,75.0,0.0,6.0,8.0,5,rural,2,3,0.1,0.0,0.0,0.0,43.4,159.8,9.6,445.5,20
46.0,3300.0,115.0,286.0,140.0,0.0,6.0,8.0,5,rural,2,3,0.1,0.0,0.0,0.0,43.4,159.8,9.6,445.5,20
63.3,136729.0,5100.0,3100.0,103.0,0.0,5.0,15.0,1,urban,6,3,0.2,5.3,0.0,3.0,77.8,278.3,10.0,1321.7,25
122.5,89143.0,2600.0,1700.0,141.8,0.0,5.0,15.0,1,urban,6,3,0.3,1.0,0.0,3.0,77.8,278.3,10.0,1321.7,25
172.5,1149.0,80.0,0.0,176.5,0.0,4.0,18.0,5,urban,2,2,0.2,1.2,0.0,1.0,84.0,148.9,6.9,3145.3,37
299.0,1100.0,63.0,21.0,318.5,3.0,3.0,2.0,5,small urban,7,2,0.2,17.0,0.0,2.0,84.0,148.9,6.9,3145.3,37
211.3,1100.0,146.0,33.0,232.8,2.0,9.0,18.0,5,small urban,7,2,0.2,4.5,0.0,3.0,84.0,148.9,6.9,3145.3,37
146.8,205.0,8.0,4.0,206.2,0.0,4.0,20.0,5,small urban,2,2,0.2,0.6,0.0,1.0,84.0,148.9,6.9,3145.3,37
256.0,1304.0,104.0,52.0,273.0,0.0,7.0,3.0,4,small urban,6,2,0.3,5.0,0.0,3.0,84.0,148.9,6.9,3145.3,37
121.0,765.0,44.0,10.0,163.0,0.0,4.0,18.0,5,rural,2,2,0.1,0.0,0.0,1.0,84.0,148.9,6.9,3145.3,37
125.0,10605.0,1288.0,19.0,129.0,0.0,6.1,6.0,4,urban,2,2,0.1,0.0,0.0,2.8,84.0,148.9,6.9,3145.3,37
83.0,3307.0,165.0,33.0,95.2,0.0,6.1,6.0,4,urban,2,2,0.1,0.2,0.0,3.0,84.0,148.9,6.9,3145.3,25
126.8,21885.0,1313.0,1313.0,138.0,3.1,3.0,15.0,3,urban,7,2,0.2,0.0,0.0,2.5,84.0,148.9,6.9,3145.3,37
196.0,3070.0,60.0,40.0,200.0,0.0,4.0,19.0,5,urban,2,2,0.1,0.5,0.0,4.0,84.0,148.9,6.9,3145.3,16
126.6,3259.0,163.0,33.0,130.8,0.0,6.0,18.0,5,rural,6,2,0.1,0.1,0.0,2.0,84.0,148.9,6.9,3145.3,37
79.3,14638.0,1172.0,340.0,84.3,0.0,6.0,24.0,5,rural,6,3,0.2,0.0,0.0,6.0,84.0,148.9,6.9,3145.3,25
40.6,1800.0,54.0,161.0,41.6,0.0,6.5,4.0,3,rural,6,2,0.0,0.0,0.0,4.0,34.7,11.1,15.0,178.0,45
56.0,62100.0,1400.0,1800.0,58.5,0.0,4.5,22.0,1,urban,6,5,0.1,12.5,0.0,1.0,77.8,278.3,10.0,1321.7,21
49.0,87033.0,3100.0,3200.0,58.0,0.0,7.5,21.0,1,urban,6,5,0.1,6.2,0.0,1.0,77.8,278.3,10.0,1321.7,25
61.0,60497.0,1300.0,1400.0,62.2,0.0,4.5,21.0,1,urban,6,5,0.2,1.9,0.0,1.0,77.8,278.3,10.0,1321.7,21
63.2,55111.0,1000.0,1100.0,69.0,0.0,6.0,21.0,1,urban,6,5,0.1,4.2,0.0,1.0,77.8,278.3,10.0,1321.7,27
41.7,33000.0,1157.0,2880.0,42.1,0.0,8.5,12.0,3,rural,6,3,0.1,0.1,0.0,3.0,44.6,76.5,10.9,231.4,37
40.6,38000.0,1335.0,3324.0,41.0,0.0,8.5,12.0,3,urban,6,3,0.1,1.0,0.0,3.0,44.6,76.5,10.9,231.4,37
61.3,68000.0,2437.0,2883.0,70.0,0.0,4.0,12.0,2,urban,6,5,0.3,0.0,0.0,4.0,55.2,175.0,8.7,426.6,49
166.7,10438.0,350.0,180.0,172.0,0.0,4.0,17.0,3,urban,6,5,0.3,4.2,0.0,2.0,77.8,278.3,10.0,1321.7,34
171.5,11064.0,300.0,230.0,186.0,0.0,2.0,15.0,3,urban,6,5,0.2,44.0,0.0,2.0,77.8,278.3,10.0,1321.7,35
158.3,2322.0,124.0,6.0,185.8,0.0,6.1,6.0,4,urban,6,2,0.2,3.8,0.0,2.8,84.6,61.5,8.3,2488.0,33
218.0,2361.0,143.0,10.0,219.0,0.0,4.0,6.0,5,urban,6,2,0.2,3.0,0.0,2.0,84.6,61.5,8.3,2488.0,40
152.5,1838.0,447.0,32.0,297.5,0.0,3.0,5.0,5,urban,2,2,0.2,5.0,0.0,2.0,84.6,61.5,8.3,2488.0,37
90.0,4231.0,1800.0,53.0,181.0,0.0,3.4,5.0,4,urban,2,2,0.3,22.0,0.0,2.0,84.6,61.5,8.3,2488.0,37
133.0,12553.0,552.0,45.0,193.5,0.0,6.0,6.0,5,urban,2,2,0.2,0.5,0.0,2.0,84.6,61.5,8.3,2488.0,20
189.9,9524.0,422.0,169.0,199.1,0.0,9.0,3.0,3,urban,6,2,0.2,9.7,0.0,2.0,84.6,61.5,8.3,2488.0,31
130.0,8363.0,331.0,132.0,169.0,0.0,9.0,3.0,3,urban,6,2,0.2,5.5,0.0,2.0,84.6,61.5,8.3,2488.0,37
144.3,17400.0,1523.0,203.0,148.7,6.0,9.0,3.0,3,urban,7,2,0.2,1.7,0.0,2.0,84.6,61.5,8.3,2488.0,37
173.4,4159.0,0.0,0.0,192.0,0.0,6.0,3.0,4,urban,2,2,0.2,7.5,0.0,2.0,84.6,61.5,8.3,2488.0,8
108.0,8769.0,548.0,63.0,114.2,0.0,4.0,6.0,4,urban,2,2,0.2,0.2,0.0,2.0,84.6,61.5,8.3,2488.0,32
169.5,28997.0,2697.0,1248.0,194.5,0.0,4.4,3.0,3,urban,6,2,0.1,1.0,0.0,3.0,84.6,61.5,8.3,2488.0,37
148.3,6915.0,284.0,24.0,164.7,0.0,6.1,6.0,4,urban,2,2,0.2,17.3,0.0,2.0,84.6,61.5,8.3,2488.0,37
240.0,6060.0,238.0,61.0,252.0,4.0,3.0,6.0,5,urban,7,2,0.2,4.0,0.0,2.0,84.6,61.5,8.3,2488.0,37
232.0,969.0,102.0,8.0,236.7,0.0,3.0,6.0,6,urban,2,2,0.2,1.7,0.0,2.0,84.6,61.5,8.3,2488.0,34
196.0,2503.0,178.0,29.0,203.5,0.0,4.0,6.0,6,urban,2,2,0.1,1.0,0.0,2.0,84.6,61.5,8.3,2488.0,34
88.0,15400.0,458.0,266.0,89.0,0.0,1.0,8.0,3,urban,6,2,0.0,1.0,0.0,1.0,77.5,0.0,23.1,1286.4,62
117.4,4100.0,213.2,156.0,169.2,0.0,8.0,6.0,3,small urban,6,2,0.4,12.8,0.0,2.0,75.1,10.0,18.1,1338.3,29
86.0,11000.0,110.0,55.0,100.0,0.0,8.0,6.0,3,small urban,6,2,0.2,0.0,0.0,2.0,75.1,10.0,18.1,1338.3,27
126.0,3577.0,99.2,83.0,133.5,0.0,8.0,6.0,3,small urban,6,2,0.2,6.5,0.0,2.0,75.1,10.0,18.1,1338.3,26
153.3,16026.0,873.0,325.0,178.3,0.0,7.5,12.0,4,rural,2,2,0.4,9.1,0.0,1.5,69.7,269.2,8.3,666.7,63
185.0,10582.0,855.0,61.0,199.5,0.0,7.0,9.0,4,urban,6,2,0.3,12.0,0.0,2.0,69.7,269.2,8.3,666.7,14
191.5,341.0,16.0,0.0,210.5,0.0,4.0,6.0,5,urban,2,2,0.1,2.0,0.0,2.0,69.7,269.2,8.3,666.7,20
97.4,12219.0,582.0,184.0,110.2,0.0,8.0,12.0,4,urban,2,2,0.3,1.0,0.0,2.0,69.7,269.2,8.3,666.7,54
136.7,5785.0,296.0,6.0,145.7,0.0,6.0,9.0,4,urban,2,2,0.2,0.0,0.0,6.0,69.7,269.2,8.3,666.7,16
153.5,3446.0,219.0,4.0,176.0,0.0,5.0,7.0,4,urban,2,2,0.1,0.0,0.0,5.0,69.7,269.2,8.3,666.7,8
110.0,10760.0,946.0,63.0,112.0,0.0,6.0,10.0,3,urban,6,2,0.2,0.0,0.0,2.0,69.7,269.2,8.3,666.7,12
129.0,13240.0,948.0,66.0,145.3,0.0,6.0,10.0,3,urban,2,2,0.2,0.7,0.0,2.0,69.7,269.2,8.3,666.7,12
154.0,24204.0,1239.0,611.0,182.0,0.0,8.0,7.0,3,urban,6,2,0.2,0.0,0.0,2.0,69.7,269.2,8.3,666.7,37
167.5,3444.0,278.0,28.0,185.0,0.0,4.0,6.0,5,urban,2,2,0.1,0.0,0.0,4.0,69.7,269.2,8.3,666.7,37
106.0,5574.0,337.0,144.0,107.9,0.0,4.0,8.0,5,urban,2,3,0.2,0.7,0.0,3.0,69.7,269.2,8.3,666.7,16
170.7,8246.0,197.0,25.0,206.3,0.0,7.0,5.0,4,urban,6,2,0.1,0.7,0.0,2.0,69.7,269.2,8.3,666.7,12
190.0,6950.0,576.0,38.0,195.0,0.0,6.0,4.0,5,urban,6,2,0.4,18.0,0.0,1.5,69.7,269.2,8.3,666.7,71
155.0,6029.0,319.0,106.0,162.0,0.0,5.0,4.0,5,urban,2,2,0.3,2.0,0.0,4.0,69.7,269.2,8.3,666.7,63
144.0,4251.0,220.0,5.0,158.0,0.0,4.0,4.0,5,urban,6,2,0.0,0.0,0.0,2.0,69.7,269.2,8.3,666.7,62
146.3,22890.0,1535.0,400.0,180.7,0.0,4.0,6.0,3,urban,2,2,0.5,0.0,0.0,2.0,69.7,269.2,8.3,666.7,33
158.5,8951.0,638.0,63.0,221.8,0.0,6.0,9.0,4,urban,2,2,0.6,1.2,0.0,2.0,69.7,269.2,8.3,666.7,19
148.0,4810.0,250.0,125.0,156.5,0.0,7.5,10.0,3,urban,2,3,0.1,0.0,0.0,4.0,69.7,269.2,8.3,666.7,10
138.0,1897.0,118.0,4.0,159.5,0.0,6.0,7.0,4,urban,2,2,0.2,0.0,0.0,2.0,69.7,269.2,8.3,666.7,9
121.0,6458.0,509.0,27.0,134.5,0.0,4.0,6.0,4,urban,2,2,0.2,6.0,0.0,4.0,69.7,269.2,8.3,666.7,37
91.0,5520.0,411.0,67.0,110.0,0.0,2.0,4.0,5,urban,6,2,0.1,1.0,0.0,2.0,69.7,269.2,8.3,666.7,37
130.0,3102.0,336.0,86.0,147.5,0.0,4.0,8.0,4,urban,2,2,0.2,0.5,0.0,4.0,69.7,269.2,8.3,666.7,37
133.0,489.0,14.0,0.0,174.0,0.0,2.0,4.0,5,urban,2,2,0.1,0.0,0.0,2.0,69.7,269.2,8.3,666.7,37
115.0,1073.0,56.0,5.0,159.0,0.0,4.0,6.0,4,urban,2,2,0.0,0.0,0.0,4.0,69.7,269.2,8.3,666.7,37
130.0,4844.0,311.0,25.0,136.5,0.0,4.0,8.0,4,urban,2,2,0.2,1.0,0.0,4.0,69.7,269.2,8.3,666.7,37
149.0,4051.0,612.0,500.0,156.0,0.0,4.5,5.0,5,urban,6,5,0.2,10.8,0.0,2.5,69.7,269.2,8.3,666.7,37
140.0,5431.0,307.0,102.0,157.0,0.0,3.0,2.0,5,small urban,6,2,0.2,9.0,0.0,2.0,69.7,269.2,8.3,666.7,37
89.2,1797.0,160.0,128.0,123.4,0.0,4.0,6.0,5,rural,6,2,0.1,0.1,0.0,2.0,69.7,269.2,8.3,666.7,37
58.7,38000.0,494.0,684.0,66.0,0.0,12.0,11.0,2,urban,6,3,0.1,1.7,0.0,2.0,73.8,88.2,14.4,1279.1,44
42.7,16500.0,1230.0,750.0,43.7,0.0,3.0,8.0,3,urban,2,2,0.1,1.0,0.0,0.0,78.1,0.0,21.7,1157.5,19
34.0,10600.0,365.0,504.0,46.0,0.0,4.0,8.0,3,rural,2,2,0.0,1.0,0.0,0.0,78.1,0.0,21.7,1157.5,19
176.0,10055.0,165.0,132.0,249.0,12.0,8.0,6.0,3,small urban,7,2,0.6,23.0,0.0,2.0,73.7,38.7,16.3,1378.2,26
47.0,67500.0,1638.0,3289.0,50.0,0.0,7.0,8.0,2,rural,2,2,0.2,1.0,0.0,4.0,76.4,0.0,22.1,1216.0,60
50.0,51210.0,1515.0,3042.0,54.2,0.0,6.0,8.0,2,rural,2,2,0.1,1.4,0.0,4.0,76.4,0.0,22.1,1216.0,48
41.0,60500.0,1288.0,890.0,57.5,0.0,5.0,10.0,2,urban,6,2,0.1,1.0,0.0,3.5,76.4,0.0,22.1,1216.0,36
102.2,55500.0,2207.0,1345.0,102.3,0.0,4.0,12.0,3,urban,6,2,0.1,0.0,0.0,3.0,76.4,0.0,22.1,1216.0,41
70.0,60000.0,2901.0,1359.0,73.0,0.0,4.0,12.0,3,urban,6,2,0.2,8.0,0.0,3.0,76.4,0.0,22.1,1216.0,41
75.0,69500.0,2745.0,1008.0,83.0,0.0,3.0,10.0,4,urban,2,2,0.0,0.0,0.0,2.0,76.4,0.0,22.1,1216.0,37
101.5,41500.0,1808.0,848.0,104.0,0.0,3.0,10.0,3,urban,2,2,0.2,19.0,0.0,0.0,76.4,0.0,22.1,1216.0,44
105.5,20500.0,893.0,419.0,112.5,0.0,3.0,8.0,3,urban,2,2,0.2,1.0,0.0,0.0,76.4,0.0,22.1,1216.0,60
67.7,38668.0,1290.0,605.0,73.7,0.0,3.0,10.0,3,urban,2,2,0.1,0.0,0.0,0.0,76.4,0.0,22.1,1216.0,14
123.7,46000.0,752.0,352.0,145.3,0.0,3.0,8.0,3,urban,2,2,0.1,0.0,0.0,0.0,76.4,0.0,22.1,1216.0,24
41.5,51500.0,2189.0,2189.0,113.0,0.0,4.0,10.0,3,small urban,2,2,0.1,8.0,0.0,0.0,76.4,0.0,22.1,1216.0,34
41.6,210000.0,6297.0,8403.0,46.0,0.0,7.0,10.0,1,urban,2,2,0.0,0.0,0.0,0.0,76.4,0.0,22.1,1216.0,22
50.7,73000.0,1900.0,1312.0,54.3,0.0,5.0,10.0,2,urban,2,2,0.0,8.0,0.0,0.0,76.4,0.0,22.1,1216.0,19
52.8,13600.0,354.0,244.0,60.8,0.0,4.0,10.0,2,urban,2,2,0.0,0.0,0.0,0.0,76.4,0.0,22.1,1216.0,25
96.2,2300.0,79.0,198.0,116.8,0.0,5.0,8.0,5,rural,6,2,0.1,0.0,0.0,4.0,46.3,72.8,11.2,247.9,24
176.0,10318.0,74.0,7.0,212.5,0.0,2.0,8.0,5,urban,6,3,0.3,6.0,0.0,2.0,86.7,10.3,10.0,1629.6,37
187.7,24100.0,567.0,63.0,227.3,0.0,4.0,8.0,3,urban,6,3,0.4,4.7,0.0,2.0,86.7,10.3,10.0,1629.6,22
198.0,17940.0,506.0,56.0,226.0,8.0,4.0,8.0,3,urban,7,2,0.3,4.0,0.0,2.0,86.7,10.3,10.0,1629.6,37
83.0,29283.0,1521.0,709.0,86.2,8.0,8.0,19.0,3,urban,7,2,0.2,0.0,0.0,3.0,86.7,10.3,10.0,1629.6,20
89.8,11770.0,828.0,143.0,90.0,0.0,4.0,13.0,3,urban,6,5,0.2,0.5,0.0,1.0,86.7,10.3,10.0,1629.6,16
155.0,10793.0,380.0,95.0,173.5,0.0,3.4,2.0,4,urban,6,2,0.2,13.0,0.0,2.0,86.7,10.3,10.0,1629.6,37
134.5,1344.0,111.0,17.0,177.0,0.0,3.0,11.0,4,urban,2,3,0.1,0.5,0.0,1.0,86.7,10.3,10.0,1629.6,37
136.0,770.0,71.0,13.0,154.3,0.0,3.0,10.0,4,urban,2,5,0.1,1.0,0.0,1.0,86.7,10.3,10.0,1629.6,37
147.2,19949.0,961.0,311.0,166.5,0.0,3.0,4.0,3,urban,6,2,0.3,3.5,0.0,3.0,86.7,10.3,10.0,1629.6,37
117.0,936.0,48.0,13.0,135.8,0.0,4.0,8.0,4,urban,2,5,0.1,3.8,0.0,2.0,86.7,10.3,10.0,1629.6,37
114.0,6766.0,0.0,0.0,114.5,0.0,4.5,5.0,5,urban,2,2,0.1,1.5,0.0,3.4,86.7,10.3,10.0,1629.6,37
161.3,11181.0,408.0,60.0,167.0,0.0,3.0,1.0,5,urban,6,2,0.1,2.3,0.0,1.0,86.7,10.3,10.0,1629.6,37
121.0,5232.0,0.0,0.0,176.0,0.0,4.0,8.0,5,small urban,2,2,0.1,12.0,0.0,2.0,86.7,10.3,10.0,1629.6,8
70.0,79000.0,1560.0,731.0,73.0,0.0,2.0,8.0,3,urban,2,2,0.0,0.0,0.0,0.0,76.4,0.0,22.1,1216.0,9
77.9,530.0,13.0,45.0,78.5,0.0,3.5,15.0,4,rural,6,5,0.1,0.0,0.0,3.5,41.8,105.5,10.7,263.8,82
34.2,41500.0,1435.0,2757.0,42.2,0.0,5.0,10.0,1,urban,2,2,0.1,0.0,0.0,0.0,77.0,0.1,21.7,1191.9,9
45.4,41500.0,1435.0,2757.0,46.2,0.0,5.0,10.0,1,urban,2,2,0.1,0.0,0.0,0.0,77.0,0.1,21.7,1191.9,9
68.9,62500.0,1348.0,2590.0,79.6,0.0,5.0,10.0,1,urban,2,2,0.3,19.0,0.0,0.0,77.0,0.1,21.7,1191.9,19
69.6,87000.0,3008.0,5779.0,70.8,0.0,5.0,10.0,1,urban,2,2,0.2,19.0,0.0,0.0,77.0,0.1,21.7,1191.9,19
67.4,47500.0,1642.0,3155.0,76.7,0.0,5.0,10.0,1,urban,2,2,0.2,38.0,0.0,0.0,77.0,0.1,21.7,1191.9,20
65.9,62000.0,2143.0,4119.0,70.2,0.0,5.0,10.0,1,urban,2,2,0.1,38.0,0.0,0.0,77.0,0.1,21.7,1191.9,19
91.0,30500.0,1762.0,1074.0,93.8,0.0,2.0,8.0,3,urban,2,2,0.1,1.0,0.0,0.0,77.0,0.1,21.7,1191.9,15
57.0,24500.0,1309.0,798.0,79.5,0.0,2.0,8.0,3,urban,2,2,0.1,19.0,0.0,0.0,77.0,0.1,21.7,1191.9,19
70.3,28000.0,1151.0,669.0,73.0,0.0,3.0,12.0,3,urban,2,2,0.2,8.0,0.0,0.0,77.0,0.1,21.7,1191.9,24
55.0,30000.0,1233.0,717.0,153.0,0.0,3.0,8.0,3,urban,2,2,0.0,8.0,0.0,0.0,77.0,0.1,21.7,1191.9,10
52.0,17300.0,1061.0,617.0,54.4,0.0,3.0,6.0,3,urban,6,3,0.1,8.0,0.0,1.0,77.0,0.1,21.7,1191.9,16
140.0,25500.0,1030.0,628.0,149.0,0.0,5.0,6.0,3,urban,2,2,0.1,1.0,0.0,0.0,77.0,0.1,21.7,1191.9,24
59.6,6800.0,300.0,414.0,60.8,0.0,4.0,12.0,3,rural,2,2,0.2,8.0,0.0,0.0,77.0,0.1,21.7,1191.9,18
68.0,6800.0,444.0,270.0,87.0,0.0,4.0,12.0,3,urban,2,2,0.2,8.0,0.0,0.0,77.0,0.1,21.7,1191.9,18
77.4,2500.0,37.0,23.0,92.8,0.0,3.0,8.0,3,urban,2,2,0.2,8.0,0.0,0.0,77.0,0.1,21.7,1191.9,19
88.7,2500.0,37.0,23.0,101.2,0.0,3.0,8.0,3,urban,2,2,0.2,8.0,0.0,0.0,77.0,0.1,21.7,1191.9,19
72.0,6900.0,99.0,60.0,102.0,0.0,3.0,8.0,3,urban,2,2,0.1,8.0,0.0,0.0,77.0,0.1,21.7,1191.9,19
65.0,35000.0,826.0,504.0,85.5,0.0,6.0,10.0,3,urban,2,2,0.2,19.0,0.0,0.0,77.0,0.1,21.7,1191.9,26
110.0,28000.0,1096.0,668.0,123.0,0.0,6.0,8.0,3,urban,2,2,0.2,8.0,0.0,0.0,77.0,0.1,21.7,1191.9,20
53.0,49000.0,1096.0,668.0,54.0,0.0,2.0,8.0,3,urban,2,2,0.0,0.0,0.0,0.0,77.0,0.1,21.7,1191.9,10
53.4,15300.0,530.0,1321.0,64.9,0.0,15.5,6.0,3,rural,6,2,0.3,1.6,0.0,3.0,57.1,226.3,8.0,716.8,68
59.9,2100.0,74.0,184.0,60.0,0.0,5.0,8.0,3,rural,2,3,0.1,0.0,0.0,0.0,41.1,34.9,13.2,246.5,29
62.8,2300.0,34.0,68.0,111.7,0.0,5.0,8.0,3,rural,2,3,0.2,0.0,0.0,0.0,41.1,34.9,13.2,246.5,29
83.0,13000.0,462.0,1150.0,94.0,0.0,6.5,16.0,3,small urban,2,2,0.2,18.0,0.0,0.0,41.1,34.9,13.2,246.5,23
65.5,19000.0,676.0,1683.0,77.5,0.0,7.5,4.0,3,small urban,6,2,0.1,2.0,0.0,4.0,41.1,34.9,13.2,246.5,44
71.0,930.0,32.0,79.0,85.8,0.0,4.5,6.0,3,rural,6,2,0.1,0.0,0.0,3.5,41.1,34.9,13.2,246.5,93
60.7,650.0,23.0,57.0,62.5,0.0,6.5,6.0,3,rural,6,2,0.0,0.0,0.0,3.5,45.2,246.1,8.8,361.0,65
69.0,590.0,20.0,51.0,70.0,0.0,6.5,6.0,3,rural,6,2,0.1,0.0,0.0,3.5,45.2,246.1,8.8,361.0,65
69.0,610.0,26.0,47.0,69.1,0.0,7.5,8.0,3,rural,6,2,0.0,0.0,0.0,3.0,43.4,159.8,9.6,445.5,58
58.0,21000.0,740.0,1842.0,69.0,0.0,11.5,15.0,3,small urban,6,2,0.2,0.0,0.0,4.0,44.6,76.5,10.9,231.4,70
60.2,590.0,20.0,51.0,62.5,0.0,9.0,6.0,3,rural,6,2,0.1,0.1,0.0,3.5,46.7,279.0,8.7,349.3,65
58.1,660.0,23.0,57.0,62.9,0.0,9.0,6.0,3,rural,6,2,0.0,0.1,0.0,3.5,46.7,279.0,8.7,349.3,65
58.0,2100.0,73.0,182.0,81.1,0.0,8.0,9.0,3,rural,6,2,0.1,0.3,0.0,3.0,46.7,279.0,8.7,349.3,66
187.8,366.0,17.0,19.0,266.8,0.0,3.6,8.0,5,urban,2,2,0.3,1.0,0.0,1.0,60.2,49.6,12.1,616.0,35
215.0,529.0,19.0,38.0,260.0,0.0,3.6,8.0,5,urban,2,2,0.2,0.0,0.0,1.0,60.2,49.6,12.1,616.0,46
91.0,8769.0,702.0,438.0,117.0,4.0,0.5,18.0,3,urban,7,2,0.0,0.0,0.0,5.0,60.2,49.6,12.1,616.0,9
100.0,7181.0,574.0,359.0,127.0,4.0,5.0,18.0,3,urban,7,2,0.1,0.0,0.0,5.0,60.2,49.6,12.1,616.0,9
162.0,791.0,23.0,184.0,248.0,0.0,3.8,8.0,4,urban,2,2,0.1,0.0,0.0,1.0,60.2,49.6,12.1,616.0,37
174.2,10090.0,1773.0,245.0,201.8,0.0,5.0,10.0,3,urban,6,2,0.1,0.5,0.0,5.0,60.2,49.6,12.1,616.0,10
258.0,352.0,7.0,4.0,300.0,0.0,3.8,8.0,4,urban,2,2,0.1,1.0,0.0,1.0,60.2,49.6,12.1,616.0,37
204.0,11325.0,1110.0,333.0,313.0,0.0,5.0,12.0,3,urban,2,3,0.3,10.3,0.0,5.0,60.2,49.6,12.1,616.0,8
243.5,2817.0,160.0,132.0,263.5,8.0,3.0,4.0,3,urban,7,2,0.2,0.0,0.0,1.0,60.2,49.6,12.1,616.0,37
149.5,978.0,25.0,67.0,149.8,0.0,3.6,8.0,5,urban,2,2,0.2,0.2,0.0,1.0,60.2,49.6,12.1,616.0,41
158.0,978.0,352.0,23.0,216.0,0.0,3.0,6.0,5,urban,2,2,0.3,25.0,0.0,3.0,60.2,49.6,12.1,616.0,8
56.0,1100.0,35.0,103.0,57.4,0.0,4.0,8.0,4,small urban,6,3,0.0,0.0,0.0,4.0,39.9,73.9,11.5,311.6,69
57.6,9100.0,282.0,835.0,85.7,0.0,7.5,8.0,4,small urban,6,3,0.0,0.0,0.0,3.0,39.9,73.9,11.5,311.6,22
298.5,20400.0,759.0,304.0,305.0,0.0,3.4,6.0,3,urban,2,2,0.4,6.3,0.0,2.5,82.7,44.3,9.6,1629.7,37
121.0,26000.0,1203.0,481.0,167.0,0.0,3.0,6.0,3,urban,6,2,0.2,5.0,0.0,2.5,82.7,44.3,9.6,1629.7,37
148.7,19000.0,774.0,387.0,235.3,0.0,3.0,6.0,3,urban,6,2,0.1,0.7,0.0,2.5,82.7,44.3,9.6,1629.7,37
95.8,5405.0,285.0,143.0,98.4,0.0,6.0,8.0,5,urban,2,2,0.1,0.4,0.0,3.0,82.7,44.3,9.6,1629.7,37
79.0,3599.0,204.0,102.0,90.5,0.0,3.4,8.0,4,urban,2,2,0.2,1.5,0.0,3.0,82.7,44.3,9.6,1629.7,37
277.0,2200.0,74.0,25.0,281.0,6.0,0.0,6.0,4,urban,3,2,0.0,0.0,0.1,2.5,82.7,44.3,9.6,1629.7,37
209.0,6200.0,259.0,130.0,214.0,0.0,3.0,6.0,3,urban,2,2,0.1,1.0,0.0,2.5,82.7,44.3,9.6,1629.7,37
137.5,13800.0,383.0,128.0,150.5,0.0,3.0,6.0,3,urban,2,2,0.1,2.8,0.0,2.5,82.7,44.3,9.6,1629.7,37
166.0,900.0,21.0,11.0,199.0,4.0,3.0,6.0,5,urban,7,2,0.1,2.0,0.0,2.5,82.7,44.3,9.6,1629.7,37
195.0,1000.0,191.0,96.0,201.0,0.0,3.2,6.0,5,urban,2,2,0.2,2.0,0.0,2.5,82.7,44.3,9.6,1629.7,37
162.0,700.0,11.0,6.0,184.0,0.0,3.2,6.0,5,urban,2,2,0.1,1.0,0.0,2.5,82.7,44.3,9.6,1629.7,37
164.0,325.0,20.0,61.0,194.0,0.0,2.8,5.0,3,small urban,2,2,0.1,0.0,0.0,3.0,75.2,12.2,18.3,1304.5,50
108.0,2796.0,363.0,84.0,117.0,0.0,5.0,19.0,4,small urban,6,2,0.2,0.0,0.0,2.0,69.3,185.2,9.0,813.7,11
101.9,170.0,10.0,18.0,105.2,0.0,5.0,7.0,5,rural,6,2,0.0,0.0,0.0,2.5,39.9,73.9,11.5,311.6,68
150.3,1667.0,623.0,51.0,197.7,0.0,0.5,12.0,6,small urban,2,2,0.1,1.0,0.0,1.0,79.3,351.1,5.4,1016.7,45
104.8,1005.0,249.0,16.0,112.8,0.0,0.5,12.0,6,small urban,2,2,0.2,3.7,0.0,1.0,79.3,351.1,5.4,1016.7,45
219.0,1642.0,453.0,35.0,318.5,0.0,0.5,12.0,6,small urban,2,2,0.2,1.5,0.0,1.0,79.3,351.1,5.4,1016.7,27
125.3,20496.0,1191.0,192.0,130.0,0.0,5.0,6.0,3,urban,2,2,0.1,0.0,0.0,2.0,79.3,351.1,5.4,1016.7,37
94.7,12540.0,957.0,96.0,102.0,0.0,5.0,6.0,4,urban,2,2,0.1,0.3,0.0,2.0,79.3,351.1,5.4,1016.7,37
122.5,597.0,10.0,0.0,162.5,0.0,6.0,6.0,5,urban,2,2,0.1,19.0,0.0,6.0,79.3,351.1,5.4,1016.7,9
209.2,22268.0,1130.0,123.0,253.0,0.0,6.0,6.0,3,urban,2,2,0.6,5.0,0.0,2.0,79.3,351.1,5.4,1016.7,37
85.0,12107.0,1187.0,102.0,157.2,0.0,5.5,6.0,4,urban,2,2,0.1,0.2,0.0,2.0,79.3,351.1,5.4,1016.7,37
165.7,18085.0,699.0,175.0,171.3,0.0,7.0,6.0,3,urban,6,5,0.1,3.0,0.0,2.0,79.3,351.1,5.4,1016.7,37
129.0,27822.0,2033.0,910.0,130.0,0.0,8.0,7.0,3,urban,2,2,0.1,0.0,0.0,4.4,79.3,351.1,5.4,1016.7,37
257.0,16566.0,552.0,164.0,279.0,0.0,5.0,6.0,4,urban,2,2,0.1,0.0,0.0,2.0,79.3,351.1,5.4,1016.7,37
211.2,2210.0,700.0,57.0,226.2,0.0,0.5,12.0,5,urban,2,2,0.2,2.6,0.0,1.0,79.3,351.1,5.4,1016.7,45
163.5,2206.0,889.0,15.0,188.0,0.0,3.4,12.0,4,rural,2,2,0.1,1.5,0.0,1.0,79.3,351.1,5.4,1016.7,37
103.0,9610.0,2376.0,193.0,171.0,0.0,4.0,12.0,3,urban,6,2,0.3,3.0,0.0,2.0,79.3,351.1,5.4,1016.7,37
189.0,346.0,107.0,1.0,243.0,0.0,3.5,12.0,4,rural,2,2,0.3,0.0,0.0,1.0,79.3,351.1,5.4,1016.7,37
169.0,685.0,288.0,1.0,185.0,0.0,3.0,12.0,5,urban,2,2,0.2,12.0,0.0,1.0,79.3,351.1,5.4,1016.7,37
142.0,8806.0,171.0,59.0,278.0,0.0,3.0,6.0,4,urban,2,2,0.1,0.0,0.0,2.0,79.3,351.1,5.4,1016.7,37
265.0,9096.0,90.0,36.0,360.0,0.0,3.5,6.0,4,urban,2,2,0.1,1.0,0.0,2.0,79.3,351.1,5.4,1016.7,37
129.0,3006.0,71.0,15.0,162.0,0.0,3.0,6.0,5,urban,2,2,0.1,6.0,0.0,3.0,79.3,351.1,5.4,1016.7,18
359.0,778.0,257.0,35.0,374.0,0.0,3.0,12.0,4,urban,2,2,0.2,3.0,0.0,1.0,79.3,351.1,5.4,1016.7,37
140.5,1214.0,261.0,7.0,161.9,0.0,4.0,12.0,4,urban,2,2,0.1,1.4,0.0,1.0,79.3,351.1,5.4,1016.7,37
106.5,737.0,244.0,21.0,109.2,0.0,4.0,12.0,4,rural,2,2,0.2,0.3,0.0,1.0,79.3,351.1,5.4,1016.7,37
234.0,1661.0,534.0,27.0,255.5,0.0,2.9,12.0,5,small urban,2,2,0.2,4.5,0.0,1.0,79.3,351.1,5.4,1016.7,37
102.8,2851.0,735.0,119.0,128.5,0.0,3.2,12.0,5,rural,6,2,0.2,0.0,0.0,1.0,79.3,351.1,5.4,1016.7,37
78.0,18900.0,677.0,249.0,85.0,0.0,3.0,8.0,4,urban,2,2,0.1,38.0,0.0,0.0,74.7,0.0,24.5,1263.6,11
63.0,12600.0,781.0,366.0,67.0,0.0,3.0,8.0,3,urban,2,2,0.1,0.0,0.0,0.0,73.1,0.0,25.3,1154.8,35
59.0,93000.0,2971.0,2051.0,73.9,0.0,3.0,8.0,2,urban,2,2,0.1,1.0,0.0,0.0,73.1,0.0,25.3,1154.8,32
80.8,24500.0,555.0,768.0,84.3,0.0,8.0,8.0,3,rural,2,2,0.1,1.0,0.0,0.0,73.1,0.0,25.3,1154.8,19
126.7,33000.0,899.0,421.0,127.0,0.0,3.0,8.0,3,urban,2,2,0.1,8.0,0.0,0.0,73.1,0.0,25.3,1154.8,27
128.0,4000.0,113.0,43.0,142.5,0.0,3.0,8.0,5,urban,2,2,0.1,8.0,0.0,0.0,73.1,0.0,25.3,1154.8,17
220.4,33500.0,3057.0,1432.0,221.5,0.0,3.0,8.0,3,urban,2,2,0.2,8.0,0.0,0.0,73.1,0.0,25.3,1154.8,28
100.0,58000.0,3712.0,1740.0,113.3,0.0,3.0,10.0,3,urban,2,2,0.1,8.0,0.0,0.0,73.1,0.0,25.3,1154.8,19
53.0,13000.0,754.0,520.0,59.0,0.0,2.0,8.0,2,urban,2,2,0.1,1.0,0.0,0.0,73.1,0.0,25.3,1154.8,19
68.7,12500.0,821.0,567.0,73.7,0.0,2.0,8.0,2,urban,2,2,0.1,1.0,0.0,0.0,73.1,0.0,25.3,1154.8,19
50.0,35000.0,580.0,400.0,57.5,0.0,2.0,8.0,2,urban,2,2,0.0,0.0,0.0,0.0,73.1,0.0,25.3,1154.8,21
55.5,24000.0,668.0,388.0,66.0,0.0,4.0,8.0,3,urban,2,2,0.1,2.7,0.0,0.0,77.4,0.0,23.1,1332.6,27
63.0,6976.0,747.0,1032.0,67.3,0.0,3.0,8.0,3,rural,2,2,0.1,1.0,0.0,0.0,77.4,0.0,23.1,1332.6,20
44.8,4600.0,492.0,681.0,56.8,0.0,2.0,6.0,3,rural,2,2,0.1,1.0,0.0,0.0,77.4,0.0,23.1,1332.6,20
89.0,6900.0,610.0,90.0,91.0,0.0,4.0,10.0,3,small urban,2,5,0.1,0.0,0.0,0.0,70.3,169.2,7.3,532.3,34
80.0,15100.0,707.0,411.0,85.6,0.0,3.0,8.0,3,urban,2,2,0.1,0.0,0.0,0.0,77.4,0.0,23.1,1332.6,11
112.0,1900.0,31.0,94.0,126.0,0.0,3.5,7.0,5,rural,6,2,0.1,0.0,0.0,3.0,41.9,50.5,12.5,250.7,70
115.2,2100.0,72.0,178.0,126.5,0.0,3.5,7.0,5,rural,6,2,0.1,0.0,0.0,3.0,41.9,50.5,12.5,250.7,70
66.7,1300.0,44.0,109.0,75.0,0.0,6.0,7.0,5,rural,6,2,0.1,0.0,0.0,3.0,41.9,50.5,12.5,250.7,70
143.0,30000.0,1062.0,648.0,148.0,0.0,3.0,8.0,3,urban,2,2,0.3,8.0,0.0,0.0,76.1,0.0,23.6,1322.7,11
122.0,41000.0,764.0,466.0,163.3,0.0,5.0,8.0,3,urban,2,2,0.1,8.0,0.0,0.0,76.1,0.0,23.6,1322.7,25
86.7,140.0,5.0,12.0,94.1,0.0,8.0,11.0,5,rural,6,2,0.0,0.0,0.0,2.0,41.9,50.5,12.5,250.7,70
78.0,8400.0,291.0,726.0,83.0,0.0,11.5,9.0,4,small urban,6,2,0.1,0.0,0.0,3.0,44.6,76.5,10.9,231.4,85
137.7,12300.0,289.0,289.0,142.3,0.0,2.0,8.0,3,small urban,2,2,0.0,0.0,0.0,0.0,75.4,0.0,24.8,1090.0,19
94.0,18547.0,534.0,143.0,95.8,6.0,5.6,6.0,3,rural,7,2,0.2,1.2,0.0,1.8,83.1,56.9,8.5,2080.8,104
86.5,22500.0,1148.0,1148.0,88.0,0.0,2.0,8.0,3,small urban,6,2,0.3,8.0,0.0,1.5,77.4,0.0,23.1,1332.6,9
61.0,11500.0,483.0,483.0,66.0,0.0,2.0,8.0,3,small urban,6,2,0.3,8.0,0.0,1.5,77.4,0.0,23.1,1332.6,9
54.1,9000.0,954.0,954.0,74.0,0.0,2.0,8.0,3,small urban,6,2,0.3,12.1,0.0,1.5,77.4,0.0,23.1,1332.6,10
109.3,260.0,7.0,18.0,112.2,0.0,4.5,10.0,5,rural,6,2,0.1,0.0,0.0,2.0,41.9,50.5,12.5,250.7,66
246.7,3200.0,833.0,261.0,266.0,0.0,2.0,8.0,5,urban,2,3,0.2,19.0,0.0,1.0,76.8,0.0,22.3,1219.3,27
53.0,51500.0,1792.0,1092.0,60.0,0.0,4.0,10.0,3,urban,2,2,0.1,8.0,0.0,0.0,76.8,0.0,22.3,1219.3,18
52.7,1600.0,276.0,382.0,77.4,0.0,4.0,6.0,3,rural,2,2,0.1,8.0,0.0,2.0,76.8,0.0,22.3,1219.3,34
47.5,2600.0,384.0,531.0,79.5,0.0,7.0,6.0,3,rural,2,2,0.0,8.0,0.0,0.0,76.8,0.0,22.3,1219.3,53
49.0,7600.0,1283.0,1773.0,50.4,0.0,5.0,8.0,3,rural,2,2,0.2,7.4,0.0,0.0,76.8,0.0,22.3,1219.3,78
40.1,7600.0,1283.0,1773.0,42.1,0.0,4.0,8.0,3,rural,2,2,0.0,0.0,0.0,0.0,76.8,0.0,22.3,1219.3,78
49.2,9200.0,1402.0,1938.0,55.8,0.0,5.0,10.0,3,rural,2,2,0.1,1.0,0.0,0.0,76.8,0.0,22.3,1219.3,17
75.5,65402.0,1016.0,619.0,81.5,0.0,4.0,10.0,3,urban,6,2,0.2,1.0,0.0,2.0,76.8,0.0,22.3,1219.3,28
59.0,65402.0,1016.0,619.0,62.0,0.0,4.0,8.0,3,urban,6,2,0.3,19.0,0.0,2.0,76.8,0.0,22.3,1219.3,28
95.0,123500.0,5457.0,11463.0,98.0,0.0,6.0,9.0,1,small urban,6,2,0.2,8.0,0.0,1.0,76.8,0.0,22.3,1219.3,64
136.3,200.0,7.0,18.0,137.1,0.0,4.5,7.0,5,rural,6,2,0.1,0.2,0.0,2.0,41.9,50.5,12.5,250.7,67
117.0,6100.0,450.0,60.0,142.0,0.0,6.0,17.0,3,urban,6,2,0.2,24.0,0.0,2.5,74.1,11.3,11.0,860.5,71
42.2,7300.0,245.0,149.0,113.5,0.0,3.0,8.0,3,urban,2,2,0.0,19.0,0.0,0.0,77.4,0.0,23.1,1332.6,22
53.6,2600.0,92.0,229.0,55.5,0.0,4.0,8.0,6,small urban,2,3,0.1,0.0,0.0,2.8,55.2,175.0,8.7,426.6,22
61.8,35571.0,712.0,1993.0,62.2,0.0,6.5,24.0,3,small urban,2,2,0.2,0.0,0.0,0.0,77.6,652.8,7.1,1094.4,10
86.5,550.0,19.0,48.0,87.5,0.0,5.0,8.0,4,rural,2,3,0.1,0.3,0.0,0.0,41.8,105.5,10.7,263.8,30
47.0,6100.0,189.0,558.0,48.0,0.0,7.5,10.0,3,rural,6,3,0.0,0.0,0.0,3.5,39.9,73.9,11.5,311.6,32
35.0,1800.0,64.0,159.0,38.3,0.0,12.0,8.0,3,rural,6,3,0.0,0.0,0.0,3.0,46.7,279.0,8.7,349.3,42
33.8,1800.0,64.0,159.0,36.5,0.0,12.0,8.0,3,rural,6,3,0.0,0.0,0.0,3.0,46.7,279.0,8.7,349.3,42
53.7,3200.0,110.0,274.0,69.1,0.0,7.5,5.0,3,rural,6,2,0.1,0.4,0.0,3.5,46.7,279.0,8.7,349.3,48
52.0,1200.0,42.0,106.0,59.6,0.0,7.5,14.0,3,rural,6,3,0.1,0.0,0.0,3.5,46.7,279.0,8.7,349.3,41
56.8,900.0,34.0,78.0,62.8,0.0,7.5,14.0,3,rural,6,3,0.1,0.5,0.0,3.5,46.7,279.0,8.7,349.3,41
65.1,590.0,39.0,41.0,71.6,0.0,9.0,6.0,3,rural,6,3,0.0,0.1,0.0,4.0,46.7,279.0,8.7,349.3,36
81.5,590.0,39.0,41.0,90.4,0.0,5.0,8.0,3,rural,2,3,0.1,0.5,0.0,0.0,46.7,279.0,8.7,349.3,31
66.6,590.0,39.0,41.0,85.2,0.0,5.0,8.0,3,rural,2,3,0.0,0.0,0.0,0.0,46.7,279.0,8.7,349.3,31
122.0,22400.0,1111.0,636.0,280.0,0.0,11.0,19.0,3,urban,6,5,0.4,13.0,0.0,2.5,78.2,130.1,11.5,1379.0,49
162.0,11400.0,778.0,255.0,244.0,9.0,6.0,13.0,3,urban,7,2,0.2,20.0,0.0,2.5,78.2,130.1,11.5,1379.0,42
91.0,24700.0,1264.0,723.0,208.0,9.0,6.0,13.0,3,urban,7,2,0.5,0.0,0.0,2.5,78.2,130.1,11.5,1379.0,62
132.5,23000.0,1136.0,650.0,253.5,8.0,2.0,8.0,3,urban,7,2,0.2,16.0,0.0,2.5,78.2,130.1,11.5,1379.0,86
124.0,19600.0,1121.0,367.0,177.0,8.0,4.0,10.0,3,urban,7,2,0.2,1.5,0.0,2.8,78.2,130.1,11.5,1379.0,63
181.0,19600.0,1121.0,367.0,223.5,9.0,4.0,11.0,3,urban,7,2,0.2,16.5,0.0,2.5,78.2,130.1,11.5,1379.0,63
89.2,17700.0,1034.0,338.0,92.2,9.0,2.0,9.0,3,urban,7,2,0.1,0.6,0.0,2.5,77.8,330.7,9.9,1303.1,97
116.0,15100.0,773.0,283.0,123.0,0.0,7.0,15.0,4,urban,6,5,0.1,0.0,0.0,2.5,77.6,254.6,10.4,1398.8,51
81.0,9300.0,407.0,127.0,99.0,0.0,8.0,16.0,4,urban,6,5,0.1,0.0,0.0,2.5,78.2,216.0,10.4,1435.3,40
92.0,9300.0,407.0,127.0,95.0,0.0,10.0,18.0,4,urban,6,5,0.1,1.0,0.0,2.5,78.2,216.0,10.4,1435.3,45
161.5,12900.0,831.0,272.0,183.5,8.0,4.0,10.0,3,urban,7,2,0.2,4.5,0.0,2.5,78.2,216.0,10.4,1435.3,101
140.0,24900.0,399.0,35.0,142.0,0.0,10.0,18.0,3,urban,6,5,0.2,13.0,0.0,2.5,78.2,216.0,10.4,1435.3,59
55.0,49500.0,1391.0,1234.0,56.0,9.0,3.0,11.0,2,urban,7,2,0.1,0.0,0.0,4.5,77.6,254.6,10.4,1398.8,61
83.2,16900.0,732.0,363.0,84.0,0.0,10.0,10.0,3,urban,6,2,0.1,0.0,0.0,2.5,78.2,216.0,10.4,1435.3,64
79.0,16200.0,732.0,363.0,80.9,0.0,10.7,10.0,3,rural,6,2,0.1,1.4,0.0,2.5,78.2,216.0,10.4,1435.3,64
132.0,21000.0,732.0,363.0,137.0,0.0,13.0,10.0,3,rural,6,2,0.1,6.0,0.0,2.5,78.2,216.0,10.4,1435.3,34
102.0,19800.0,1010.0,370.0,103.0,0.0,9.0,17.0,4,urban,6,5,0.1,0.0,0.0,2.5,77.6,254.6,10.4,1398.8,23
119.0,2500.0,131.0,24.0,126.0,0.0,12.0,8.0,4,rural,6,3,0.1,6.0,0.0,2.5,78.9,489.4,8.6,1569.7,84
117.8,6900.0,236.0,78.0,118.2,0.0,10.0,8.0,4,rural,6,3,0.1,6.8,0.0,2.5,78.9,489.4,8.6,1569.7,83
149.0,6900.0,236.0,78.0,150.0,8.0,4.0,10.0,4,rural,7,2,0.1,2.0,0.0,2.5,78.9,489.4,8.6,1569.7,99
132.0,25200.0,1244.0,712.0,206.0,0.0,10.0,18.0,3,small urban,6,5,0.3,11.0,0.0,2.5,78.9,489.4,8.6,1569.7,61
135.0,7300.0,236.0,78.0,143.0,0.0,12.0,20.0,3,small urban,6,5,0.1,5.0,0.0,2.5,78.9,489.4,8.6,1569.7,66
172.0,10400.0,236.0,78.0,177.0,0.0,12.0,20.0,3,small urban,6,5,0.1,5.0,0.0,2.5,78.9,489.4,8.6,1569.7,66
53.0,10700.0,546.0,200.0,143.0,8.0,2.0,8.0,4,urban,7,2,0.2,17.0,0.0,2.5,77.8,330.7,9.9,1303.1,67
124.5,6700.0,115.0,171.0,127.0,0.0,11.0,19.0,3,urban,6,5,0.1,0.0,0.0,2.5,77.6,254.6,10.4,1398.8,44
84.0,6700.0,115.0,171.0,119.5,9.0,2.0,9.0,3,urban,7,2,0.1,1.0,0.0,2.5,77.6,254.6,10.4,1398.8,44
110.5,14400.0,836.0,274.0,113.5,8.0,4.0,10.0,3,urban,7,2,0.1,7.0,0.0,2.5,77.6,254.6,10.4,1398.8,98
183.0,15300.0,889.0,291.0,215.0,8.0,5.0,11.0,3,urban,7,2,0.1,13.0,0.0,2.5,78.2,130.1,11.5,1379.0,52
80.8,4800.0,247.0,57.0,81.4,9.0,9.2,10.8,4,rural,6,3,0.1,0.0,0.0,2.5,78.9,489.4,8.6,1569.7,76
96.7,8700.0,342.0,101.0,102.7,9.0,5.0,12.0,3,urban,7,2,0.1,0.0,0.0,2.5,78.9,489.4,8.6,1569.7,53
49.0,14600.0,1058.0,418.0,49.5,8.0,9.0,15.0,3,rural,7,2,0.1,0.0,0.0,3.0,77.8,397.1,9.3,1337.7,64
38.0,31900.0,1740.0,1304.0,85.5,7.0,4.0,9.0,2,urban,7,2,0.1,7.0,0.0,2.5,78.2,130.1,11.5,1379.0,33
52.0,31900.0,1740.0,1304.0,84.0,7.0,4.0,9.0,2,urban,7,2,0.2,5.0,0.0,2.5,78.2,130.1,11.5,1379.0,33
203.0,29600.0,1303.0,745.0,238.0,8.0,6.0,12.0,3,urban,7,2,0.2,1.0,0.0,2.5,78.2,130.1,11.5,1379.0,65
67.0,23900.0,1067.0,610.0,115.5,8.0,4.0,10.0,3,urban,7,2,0.2,17.0,0.0,2.5,78.2,130.1,11.5,1379.0,47
92.0,31700.0,1564.0,894.0,93.2,0.0,10.0,16.0,3,rural,6,5,0.1,1.6,0.0,4.5,78.2,130.1,11.5,1379.0,17
57.3,32100.0,1668.0,1250.0,62.5,0.0,11.0,19.0,2,urban,6,5,0.1,1.5,0.0,2.5,78.2,130.1,11.5,1379.0,48
158.0,27600.0,1578.0,903.0,167.0,7.0,3.0,6.0,3,urban,7,2,0.2,13.0,0.0,4.5,78.9,489.4,8.6,1569.7,19
98.0,6300.0,277.0,86.0,108.5,0.0,11.0,17.0,4,rural,6,5,0.1,12.0,0.0,2.5,78.9,489.4,8.6,1569.7,43
85.0,3900.0,188.0,82.0,109.0,9.0,8.0,15.5,3,rural,6,2,0.1,12.0,0.0,2.5,78.9,489.4,8.6,1569.7,44
109.0,6900.0,425.0,109.0,119.0,0.0,14.0,22.0,3,rural,6,5,0.1,11.0,0.0,2.5,78.9,489.4,8.6,1569.7,44
78.0,82900.0,4159.0,3117.0,78.5,9.0,4.0,9.0,2,urban,7,2,0.1,0.0,0.0,4.5,77.8,330.7,9.9,1303.1,44
43.3,55100.0,2733.0,2049.0,59.3,9.0,2.0,9.0,2,urban,7,2,0.2,0.0,0.0,1.5,77.8,330.7,9.9,1303.1,61
59.2,42900.0,2183.0,1636.0,83.0,9.0,2.0,8.0,2,urban,7,2,0.2,12.2,0.0,3.5,78.9,489.4,8.6,1569.7,61
55.2,30200.0,1539.0,1154.0,91.2,9.0,3.0,9.0,2,urban,7,2,0.2,12.0,0.0,3.5,78.9,489.4,8.6,1569.7,61
63.0,33800.0,433.0,373.0,93.5,9.0,3.0,9.0,2,rural,7,2,0.2,7.4,0.0,3.5,78.9,489.4,8.6,1569.7,61
101.0,33800.0,433.0,373.0,105.0,9.0,3.0,9.0,2,urban,7,2,0.1,0.0,0.0,2.5,78.9,489.4,8.6,1569.7,61
82.4,25400.0,433.0,373.0,101.2,9.0,3.0,9.2,2,rural,7,2,0.2,5.2,0.0,3.5,78.9,489.4,8.6,1569.7,65
70.0,19400.0,433.0,373.0,77.0,9.0,3.0,9.0,2,small urban,7,2,0.2,1.0,0.0,3.5,78.9,489.4,8.6,1569.7,59
47.0,22500.0,433.0,373.0,51.0,9.0,3.0,9.0,2,small urban,7,2,0.1,0.0,0.0,3.5,78.9,489.4,8.6,1569.7,59
85.0,14200.0,820.0,502.0,86.0,9.0,3.0,9.0,2,small urban,7,2,0.2,1.0,0.0,3.5,78.9,489.4,8.6,1569.7,61
63.6,2000.0,75.0,62.0,162.6,0.0,20.0,25.0,4,rural,6,5,0.3,24.4,0.0,5.5,78.9,489.4,8.6,1569.7,59
53.0,30400.0,1168.0,909.0,54.0,0.0,14.0,23.0,2,urban,6,5,0.1,0.0,0.0,2.5,77.6,254.6,10.4,1398.8,57
70.0,62000.0,1168.0,909.0,70.3,0.0,18.0,25.0,2,urban,6,5,0.1,0.7,0.0,3.5,77.6,254.6,10.4,1398.8,56
103.0,23500.0,202.0,104.0,112.0,8.0,3.0,9.0,3,urban,7,2,0.1,0.0,0.0,2.5,77.8,330.7,9.9,1303.1,43
97.0,23300.0,202.0,104.0,142.0,8.0,6.0,12.0,3,urban,7,2,0.1,9.0,0.0,2.5,77.8,330.7,9.9,1303.1,63
136.0,14700.0,232.0,341.0,198.0,8.0,7.0,13.0,3,urban,7,2,0.6,25.0,0.0,2.5,77.8,330.7,9.9,1303.1,70
131.8,17600.0,350.0,928.0,135.8,9.0,8.0,15.0,3,urban,7,2,0.2,14.8,0.0,2.5,77.8,330.7,9.9,1303.1,77
113.5,5800.0,130.0,37.0,128.0,7.0,4.0,9.0,3,urban,7,2,0.1,0.0,0.0,2.5,77.6,254.6,10.4,1398.8,103
85.0,7600.0,130.0,37.0,94.0,7.0,3.0,8.0,3,urban,7,2,0.1,0.0,0.0,2.5,77.6,254.6,10.4,1398.8,105
73.2,7300.0,148.0,156.0,130.8,0.0,11.5,19.5,3,urban,6,5,0.2,24.3,0.0,2.5,77.6,254.6,10.4,1398.8,55
98.3,8700.0,148.0,156.0,154.0,0.0,11.0,19.0,3,rural,6,5,0.2,26.0,0.0,2.5,77.6,254.6,10.4,1398.8,55
92.2,13100.0,148.0,156.0,131.2,0.0,13.0,21.0,3,rural,6,5,0.3,25.5,0.0,2.5,77.6,254.6,10.4,1398.8,55
95.0,7700.0,387.0,182.0,96.3,0.0,14.0,10.0,3,urban,6,3,0.1,0.4,0.0,2.5,77.6,254.6,10.4,1398.8,85
91.2,9100.0,561.0,144.0,92.2,0.0,11.8,15.8,3,urban,6,3,0.2,0.0,0.0,2.5,77.6,254.6,10.4,1398.8,85
85.3,23400.0,1131.0,647.0,195.0,0.0,9.0,17.0,3,urban,6,5,0.4,15.0,0.0,2.5,78.2,216.0,10.4,1435.3,52
76.7,13000.0,691.0,226.0,77.7,0.0,11.0,8.7,3,urban,6,3,0.1,0.0,0.0,2.8,78.2,216.0,10.4,1435.3,79
114.5,11400.0,582.0,213.0,170.0,8.0,2.0,8.0,4,small urban,7,2,0.2,14.0,0.0,2.5,77.9,386.5,9.3,1426.3,100
72.0,8500.0,380.0,119.0,258.0,7.0,6.0,11.0,4,urban,7,2,0.2,11.0,0.0,2.5,77.9,386.5,9.3,1426.3,63
83.0,4200.0,219.0,40.0,151.0,7.0,4.0,9.0,4,urban,7,2,0.1,11.0,0.0,2.5,77.9,386.5,9.3,1426.3,89
101.0,4200.0,219.0,40.0,208.0,7.0,4.0,9.0,4,urban,7,2,0.1,21.0,0.0,2.5,77.9,386.5,9.3,1426.3,89
106.0,3600.0,188.0,35.0,270.0,0.0,11.0,8.0,4,urban,6,3,0.1,6.0,0.0,2.5,77.9,386.5,9.3,1426.3,72
388.0,2100.0,110.0,20.0,391.0,0.0,11.0,19.0,4,urban,6,3,0.2,22.0,0.0,2.5,77.9,386.5,9.3,1426.3,87
51.0,70500.0,0.0,0.0,52.0,8.0,3.0,10.0,2,urban,7,2,0.1,0.0,0.0,1.5,78.2,130.1,11.5,1379.0,55
64.5,62500.0,0.0,0.0,65.0,8.0,2.0,8.0,2,urban,7,2,0.1,6.0,0.0,1.5,78.2,130.1,11.5,1379.0,54
88.0,72100.0,0.0,0.0,155.0,9.0,3.0,10.0,2,urban,7,2,0.1,2.0,0.0,1.5,78.2,130.1,11.5,1379.0,44
94.7,69400.0,0.0,0.0,119.6,10.0,4.0,10.0,2,urban,7,2,0.2,1.7,0.0,2.5,78.2,130.1,11.5,1379.0,44
64.7,70800.0,0.0,0.0,66.0,8.0,4.0,10.0,2,urban,7,2,0.1,0.0,0.0,3.0,77.8,330.7,9.9,1303.1,51
83.0,30500.0,1505.0,861.0,86.0,8.0,3.0,9.0,3,urban,7,2,0.1,0.0,0.0,2.5,77.6,254.6,10.4,1398.8,55
78.0,28900.0,1426.0,816.0,78.5,8.0,3.0,9.0,3,urban,7,2,0.1,0.0,0.0,2.5,77.6,254.6,10.4,1398.8,54
70.0,33900.0,1672.0,956.0,75.0,8.0,4.0,10.0,3,urban,7,2,0.1,0.0,0.0,2.5,77.6,254.6,10.4,1398.8,54
55.3,5500.0,113.0,127.0,105.0,0.0,12.0,10.0,4,small urban,6,3,0.2,0.0,0.0,2.5,77.6,254.6,10.4,1398.8,86
120.7,5800.0,357.0,92.0,135.7,8.0,5.0,11.0,3,urban,7,2,0.1,10.7,0.0,2.5,77.8,330.7,9.9,1303.1,55
89.0,19100.0,218.0,175.0,113.0,0.0,10.0,18.0,3,urban,6,5,0.1,8.0,0.0,2.5,77.6,254.6,10.4,1398.8,67
91.5,3600.0,174.0,76.0,92.0,0.0,10.0,6.0,3,urban,6,3,0.1,0.0,0.0,2.5,77.6,254.6,10.4,1398.8,85
43.0,14100.0,736.0,552.0,79.0,8.0,3.0,9.0,2,urban,7,2,0.1,6.0,0.0,2.5,77.6,254.6,10.4,1398.8,73
120.2,12600.0,644.0,236.0,129.5,0.0,14.0,22.0,4,rural,6,5,0.2,1.2,0.0,2.5,77.6,254.6,10.4,1398.8,44
119.0,20500.0,1051.0,385.0,121.0,0.0,10.0,16.0,4,rural,6,5,0.2,6.5,0.0,4.0,77.6,254.6,10.4,1398.8,16
73.0,21000.0,1077.0,394.0,145.5,0.0,13.0,16.0,4,urban,6,3,0.3,9.0,0.0,2.5,77.6,254.6,10.4,1398.8,50
50.0,32900.0,1685.0,617.0,97.0,0.0,11.0,19.0,4,urban,6,5,0.3,1.0,0.0,2.5,77.6,254.6,10.4,1398.8,43
48.5,35800.0,1874.0,1404.0,50.5,8.0,6.0,8.0,2,urban,7,2,0.1,0.0,0.0,6.5,77.6,254.6,10.4,1398.8,64
88.0,59900.0,3017.0,2261.0,89.0,8.0,5.0,11.0,2,urban,7,2,0.1,0.0,0.0,2.5,77.6,254.6,10.4,1398.8,64
135.0,1400.0,79.0,13.0,137.0,0.0,11.0,9.0,5,urban,6,3,0.1,10.0,0.0,2.5,77.9,386.5,9.3,1426.3,85
118.0,21200.0,1047.0,599.0,121.0,8.0,5.0,8.0,3,urban,7,2,0.2,1.0,0.0,5.0,78.2,130.1,11.5,1379.0,98
77.7,20800.0,629.0,1104.0,80.3,8.0,6.0,12.0,3,urban,7,2,0.1,0.0,0.0,2.5,78.2,130.1,11.5,1379.0,67
92.7,7100.0,96.0,92.0,95.0,0.0,12.0,18.0,4,urban,6,5,0.1,0.0,0.0,2.5,78.2,130.1,11.5,1379.0,46
103.5,7300.0,180.0,87.0,142.0,0.0,10.0,8.0,3,urban,6,3,0.2,20.5,0.0,2.5,77.6,254.6,10.4,1398.8,103
86.0,7200.0,180.0,87.0,177.0,0.0,12.0,10.0,3,urban,6,3,0.2,32.0,0.0,2.5,77.6,254.6,10.4,1398.8,103
74.0,8600.0,180.0,87.0,172.0,0.0,9.0,7.0,3,urban,6,3,0.2,45.0,0.0,2.5,77.6,254.6,10.4,1398.8,82
101.0,24400.0,1350.0,1017.0,101.5,8.0,3.0,8.0,3,urban,7,2,0.2,4.0,0.0,3.5,78.2,216.0,10.4,1435.3,52
101.0,11100.0,1350.0,1017.0,104.0,8.0,2.0,8.0,4,urban,7,2,0.1,8.0,0.0,2.5,78.2,216.0,10.4,1435.3,99
74.0,10000.0,330.0,178.0,77.0,8.0,8.0,14.0,3,small urban,7,2,0.1,0.0,0.0,2.5,77.9,386.5,9.3,1426.3,48
154.0,8300.0,371.0,116.0,183.0,0.0,10.0,17.0,4,small urban,6,5,0.2,5.0,0.0,3.0,77.9,386.5,9.3,1426.3,61
163.0,8200.0,556.0,70.0,172.0,0.0,11.0,9.0,4,urban,6,3,0.3,32.0,0.0,2.5,77.8,397.1,9.3,1337.7,106
76.0,6000.0,268.0,84.0,77.0,0.0,11.0,9.0,4,urban,6,3,0.1,0.0,0.0,2.5,78.2,130.1,11.5,1379.0,87
95.0,11300.0,656.0,215.0,191.0,0.0,17.0,15.0,3,urban,6,3,0.2,26.0,0.0,2.5,77.8,330.7,9.9,1303.1,87
80.0,15400.0,900.0,295.0,111.0,8.0,4.0,10.0,3,urban,7,2,0.1,13.5,0.0,2.5,78.2,130.1,11.5,1379.0,97
83.7,1800.0,30.0,61.0,231.7,0.0,9.0,17.0,4,urban,6,5,0.2,19.0,0.0,2.5,78.2,130.1,11.5,1379.0,41
232.0,4200.0,251.0,42.0,233.0,0.0,11.0,9.0,5,urban,6,3,0.1,2.0,0.0,2.5,77.8,330.7,9.9,1303.1,80
106.5,5600.0,345.0,88.0,107.0,9.0,5.0,11.0,3,rural,7,2,0.1,1.0,0.0,2.5,78.9,489.4,8.6,1569.7,48
44.4,5900.0,363.0,93.0,97.8,9.0,7.0,14.0,3,rural,7,2,0.2,1.4,0.0,2.5,78.9,489.4,8.6,1569.7,49
39.2,5900.0,363.0,93.0,97.5,9.0,7.0,14.0,3,rural,7,2,0.2,5.0,0.0,2.5,78.9,489.4,8.6,1569.7,49
229.0,15400.0,900.0,295.0,295.0,8.0,4.0,10.0,3,small urban,7,2,0.2,5.0,0.0,2.5,78.9,489.4,8.6,1569.7,67
83.0,14700.0,860.0,281.0,114.0,8.0,5.0,11.0,3,small urban,7,2,0.2,4.5,0.0,2.5,78.9,489.4,8.6,1569.7,48
52.7,13500.0,790.0,258.0,85.3,8.3,5.7,12.0,3,rural,7,2,0.1,2.0,0.0,2.5,78.9,489.4,8.6,1569.7,48
64.2,9000.0,554.0,142.0,116.8,9.0,7.0,14.0,3,rural,7,2,0.1,2.4,0.0,2.5,78.9,489.4,8.6,1569.7,49
71.5,10500.0,610.0,200.0,119.0,9.0,7.0,14.0,3,urban,7,2,0.2,8.0,0.0,2.5,78.9,489.4,8.6,1569.7,49
122.0,10500.0,610.0,200.0,159.7,9.0,6.0,13.0,3,urban,7,2,0.2,4.7,0.0,2.5,78.9,489.4,8.6,1569.7,49
120.3,10700.0,622.0,203.0,121.7,8.0,3.3,9.3,3,urban,7,2,0.2,1.3,0.0,2.5,78.9,489.4,8.6,1569.7,67
168.0,7700.0,57.0,55.0,251.5,0.0,13.0,21.0,3,urban,6,5,0.2,16.5,0.0,2.5,77.8,397.1,9.3,1337.7,46
193.0,1000.0,43.0,10.0,199.5,0.0,11.0,8.0,4,rural,6,3,0.1,2.0,0.0,2.5,77.9,386.5,9.3,1426.3,101
127.0,5200.0,233.0,73.0,128.0,0.0,12.0,10.0,4,urban,6,3,0.2,6.0,0.0,2.5,77.9,386.5,9.3,1426.3,102
130.0,4600.0,222.0,97.0,357.0,0.0,9.0,17.0,3,urban,6,5,0.4,39.0,0.0,2.5,77.9,386.5,9.3,1426.3,43
70.0,11300.0,179.0,157.0,125.0,8.0,2.0,8.0,3,urban,7,2,0.1,6.0,0.0,2.5,77.9,386.5,9.3,1426.3,43
83.0,13300.0,179.0,157.0,166.0,8.0,1.0,7.0,3,urban,7,2,0.2,2.0,0.0,2.5,77.9,386.5,9.3,1426.3,43
119.0,13300.0,773.0,253.0,135.0,8.0,1.0,7.0,3,urban,7,2,0.1,2.0,0.0,2.5,77.9,386.5,9.3,1426.3,47
132.0,5400.0,111.0,11.0,212.0,0.0,9.0,7.0,5,urban,6,3,0.1,16.0,0.0,2.5,78.2,216.0,10.4,1435.3,84
90.0,14300.0,118.0,91.0,116.0,0.0,13.0,21.0,3,urban,6,5,0.1,5.0,0.0,2.5,77.8,330.7,9.9,1303.1,55
84.6,8800.0,178.0,88.0,156.5,0.0,13.0,19.0,3,rural,6,5,0.2,18.4,0.0,4.5,77.6,254.6,10.4,1398.8,43
64.0,10000.0,229.0,193.0,121.0,8.0,5.0,11.0,3,rural,7,2,0.1,4.0,0.0,2.5,77.8,397.1,9.3,1337.7,56
70.2,10600.0,265.0,243.0,124.2,8.0,4.0,10.0,4,rural,7,2,0.2,17.5,0.0,2.5,77.8,330.7,9.9,1303.1,92
93.0,14800.0,517.0,268.0,228.0,0.0,8.0,6.0,3,urban,6,3,0.1,22.0,0.0,2.5,77.8,330.7,9.9,1303.1,63
95.0,24400.0,517.0,268.0,211.0,0.0,13.0,21.0,3,urban,6,5,0.3,4.0,0.0,2.5,77.8,330.7,9.9,1303.1,56
72.5,6200.0,378.0,151.0,183.0,0.0,13.0,21.0,3,urban,6,5,0.3,34.0,0.0,2.5,77.8,330.7,9.9,1303.1,55
79.0,6700.0,378.0,151.0,116.0,0.0,12.0,20.0,3,urban,6,5,0.2,18.0,0.0,2.5,77.6,254.6,10.4,1398.8,61
127.0,4300.0,146.0,42.0,179.0,0.0,11.0,9.0,4,urban,6,3,0.2,23.0,0.0,2.5,77.6,254.6,10.4,1398.8,63
78.3,5000.0,146.0,42.0,184.1,0.0,10.7,8.7,4,rural,6,3,0.2,29.7,0.0,2.5,77.6,254.6,10.4,1398.8,63
78.0,1800.0,47.0,50.0,79.0,0.0,13.0,19.0,4,urban,6,5,0.1,0.0,0.0,2.5,77.8,330.7,9.9,1303.1,90
92.4,7000.0,47.0,50.0,93.8,2.0,2.0,8.0,4,urban,7,2,0.1,0.0,0.0,2.5,77.8,330.7,9.9,1303.1,109
104.0,8800.0,62.0,8.0,228.0,0.0,11.0,9.0,3,urban,6,3,0.2,21.0,0.0,2.5,77.8,330.7,9.9,1303.1,90
227.0,2700.0,62.0,8.0,235.0,0.0,8.0,16.0,3,urban,6,5,0.2,28.0,0.0,2.5,77.6,254.6,10.4,1398.8,42
80.0,10300.0,153.0,15.0,129.0,0.0,12.0,10.0,4,urban,6,5,0.2,0.0,0.0,2.5,77.6,254.6,10.4,1398.8,33
46.0,61700.0,3248.0,2434.0,73.0,9.0,2.0,9.0,2,urban,7,2,0.1,0.0,0.0,3.0,77.6,254.6,10.4,1398.8,47
41.0,67900.0,3567.0,2674.0,129.0,9.0,2.0,9.0,2,urban,7,2,0.2,0.0,0.0,3.0,77.6,254.6,10.4,1398.8,50
45.0,54200.0,2878.0,2157.0,153.0,9.0,2.0,9.0,2,urban,7,2,0.3,0.0,0.0,3.0,77.6,254.6,10.4,1398.8,55
46.0,66500.0,3500.0,2623.0,126.5,9.0,2.0,9.0,2,urban,7,2,0.3,0.0,0.0,3.0,77.6,254.6,10.4,1398.8,55
59.3,52700.0,2775.0,2079.0,153.3,9.0,2.0,9.0,2,urban,7,2,0.2,13.0,0.0,3.0,77.6,254.6,10.4,1398.8,43
94.0,9600.0,266.0,254.0,173.0,8.0,4.0,10.0,3,urban,7,2,0.2,5.0,0.0,2.5,77.6,254.6,10.4,1398.8,25
118.0,8000.0,266.0,254.0,120.0,8.0,2.0,8.0,3,urban,7,2,0.1,2.0,0.0,2.5,78.9,489.4,8.6,1569.7,29
159.0,19200.0,284.0,332.0,232.0,8.0,5.0,11.0,3,urban,7,2,0.1,11.0,0.0,2.5,77.8,330.7,9.9,1303.1,43
122.0,26600.0,284.0,332.0,136.5,9.0,11.0,18.0,3,urban,6,2,0.1,2.5,0.0,3.0,77.8,330.7,9.9,1303.1,60
86.0,20600.0,1013.0,579.0,195.0,0.0,9.0,17.0,3,urban,6,5,0.3,9.0,0.0,2.5,77.6,254.6,10.4,1398.8,44
71.7,10500.0,420.0,410.0,129.7,0.0,9.0,16.0,3,urban,6,5,0.3,19.7,0.0,3.5,77.6,254.6,10.4,1398.8,26
140.0,3200.0,451.0,165.0,159.2,0.0,2.0,11.0,4,rural,6,5,0.2,12.5,0.0,2.0,77.6,254.6,10.4,1398.8,24
100.0,6700.0,86.0,30.0,110.6,0.0,13.2,9.0,3,urban,6,3,0.1,0.0,0.0,2.5,77.6,254.6,10.4,1398.8,63
90.0,14300.0,260.0,237.0,189.0,0.0,17.0,15.0,3,urban,6,3,0.4,9.0,0.0,2.5,77.8,397.1,9.3,1337.7,98
97.5,10200.0,260.0,237.0,211.5,0.0,17.0,15.0,3,urban,6,3,0.3,29.0,0.0,2.5,77.8,397.1,9.3,1337.7,98
191.0,9500.0,58.0,25.0,194.0,0.0,9.0,7.0,3,urban,6,3,0.5,4.0,0.0,2.5,77.8,397.1,9.3,1337.7,112
86.0,3400.0,39.0,66.0,89.0,0.0,11.0,19.0,3,urban,6,5,0.1,0.0,0.0,2.5,77.8,397.1,9.3,1337.7,25
45.0,128900.0,776.0,3090.0,46.5,9.0,4.0,9.0,1,urban,7,2,0.1,0.0,0.0,4.5,78.2,130.1,11.5,1379.0,63
76.5,82400.0,2202.0,5239.0,80.5,9.0,2.0,8.0,1,urban,7,2,0.1,3.0,0.0,3.5,78.2,130.1,11.5,1379.0,45
141.3,80700.0,2202.0,5239.0,146.0,9.0,6.0,9.0,1,urban,7,2,0.3,1.0,0.0,5.5,78.2,130.1,11.5,1379.0,63
46.0,64700.0,2202.0,5239.0,67.0,9.0,3.0,9.0,1,urban,7,2,0.1,5.0,0.0,3.5,78.2,130.1,11.5,1379.0,52
42.0,69400.0,2202.0,5239.0,43.0,0.0,15.0,23.0,1,urban,6,5,0.1,0.0,0.0,3.0,77.8,330.7,9.9,1303.1,62
63.8,71300.0,2202.0,5239.0,64.6,0.0,16.4,23.4,1,urban,6,5,0.1,0.0,0.0,3.0,77.8,330.7,9.9,1303.1,62
71.0,71300.0,2202.0,5239.0,73.5,0.0,16.0,23.0,1,urban,6,5,0.1,0.0,0.0,3.0,77.8,330.7,9.9,1303.1,62
52.0,73000.0,2202.0,5239.0,54.0,0.0,14.0,10.0,1,urban,6,2,0.2,0.0,0.0,3.5,77.8,330.7,9.9,1303.1,60
52.3,82400.0,2202.0,5239.0,56.3,0.0,14.0,10.0,1,urban,6,2,0.1,0.0,0.0,3.5,77.8,330.7,9.9,1303.1,60
73.0,87100.0,2956.0,5680.0,82.0,10.0,7.0,12.0,1,urban,7,2,0.1,0.0,0.0,1.0,77.6,254.6,10.4,1398.8,11
49.5,93200.0,2956.0,5680.0,53.0,10.0,4.0,11.0,1,urban,7,2,0.1,4.5,0.0,3.5,77.6,254.6,10.4,1398.8,43
50.0,89600.0,2956.0,5680.0,51.3,10.0,4.0,9.0,1,urban,7,2,0.1,0.3,0.0,2.5,77.6,254.6,10.4,1398.8,43
74.0,73600.0,2956.0,5680.0,81.0,10.0,2.0,10.0,1,urban,7,2,0.1,0.0,0.0,2.5,77.6,254.6,10.4,1398.8,43
121.0,73500.0,2956.0,5680.0,141.0,10.0,3.0,10.0,1,urban,7,2,0.3,0.0,0.0,4.5,77.6,254.6,10.4,1398.8,43
38.0,165200.0,2182.0,3727.0,40.5,0.0,13.0,19.0,1,urban,6,5,0.1,0.0,0.0,3.5,77.6,254.6,10.4,1398.8,37
32.0,121600.0,2182.0,3727.0,34.0,0.0,13.0,19.0,1,urban,6,5,0.1,0.0,0.0,3.5,77.6,254.6,10.4,1398.8,37
32.0,98000.0,3537.0,3173.0,33.0,8.0,5.0,8.0,1,urban,7,2,0.1,0.0,0.0,3.5,77.8,397.1,9.3,1337.7,45
217.0,25400.0,676.0,136.0,245.0,0.0,11.0,19.0,3,urban,6,5,0.4,2.0,0.0,2.5,78.2,216.0,10.4,1435.3,41
70.0,127800.0,6476.0,9104.0,102.0,8.0,3.0,10.0,1,urban,7,2,0.1,0.0,0.0,1.5,77.8,330.7,9.9,1303.1,60
75.0,135000.0,6476.0,9104.0,96.5,9.0,3.5,7.5,1,urban,7,2,0.2,1.0,0.0,1.5,77.8,330.7,9.9,1303.1,59
51.7,112200.0,6476.0,9104.0,54.8,9.0,4.0,9.0,1,urban,7,2,0.1,0.0,0.0,3.5,77.8,330.7,9.9,1303.1,60
47.0,83500.0,6476.0,9104.0,66.0,9.0,3.0,10.0,1,urban,7,2,0.1,1.0,0.0,3.5,77.8,330.7,9.9,1303.1,60
53.7,152500.0,2812.0,5075.0,54.0,9.0,5.0,9.0,1,urban,7,2,0.1,0.0,0.0,3.0,77.6,254.6,10.4,1398.8,47
36.0,149400.0,2812.0,5075.0,61.0,9.0,5.0,9.0,1,urban,7,2,0.1,15.0,0.0,3.0,77.6,254.6,10.4,1398.8,47
55.5,131600.0,2812.0,5075.0,62.0,9.0,5.0,9.0,1,urban,7,2,0.2,0.0,0.0,1.5,77.6,254.6,10.4,1398.8,45
34.0,135500.0,4702.0,8843.0,40.3,0.0,11.0,21.0,1,urban,6,5,0.1,2.0,0.0,1.5,77.6,254.6,10.4,1398.8,33
68.0,125900.0,6168.0,13878.0,71.0,11.0,2.0,9.0,1,urban,7,2,0.1,0.0,0.0,3.5,78.2,130.1,11.5,1379.0,44
81.0,137300.0,6168.0,13878.0,81.2,9.0,3.0,9.0,1,urban,7,2,0.1,0.0,0.0,3.5,78.2,130.1,11.5,1379.0,55
57.0,131100.0,6168.0,13878.0,58.0,9.0,5.0,9.0,1,urban,7,2,0.1,0.0,0.0,5.5,78.2,130.1,11.5,1379.0,52
73.0,123800.0,9084.0,13027.0,111.5,9.0,5.5,13.5,1,urban,7,2,0.2,1.5,0.0,1.5,78.2,130.1,11.5,1379.0,67
73.0,111800.0,9084.0,13027.0,142.0,9.0,7.0,15.0,1,urban,7,2,0.2,15.0,0.0,1.5,78.2,130.1,11.5,1379.0,43
63.5,119700.0,9084.0,13027.0,65.2,9.0,2.0,9.0,1,urban,7,2,0.2,0.0,0.0,2.5,78.2,130.1,11.5,1379.0,51
50.0,117700.0,9084.0,13027.0,51.0,9.0,3.0,9.0,1,urban,7,2,0.1,0.0,0.0,3.5,78.2,130.1,11.5,1379.0,51
104.5,122900.0,9119.0,12024.0,107.0,0.0,14.0,22.0,1,urban,6,5,0.2,12.0,0.0,1.8,77.8,330.7,9.9,1303.1,46
70.0,152700.0,9119.0,12024.0,169.7,0.0,11.0,17.0,1,urban,6,5,0.2,2.7,0.0,4.5,77.8,330.7,9.9,1303.1,46
54.0,72800.0,3362.0,5754.0,56.5,0.0,13.0,21.0,1,urban,6,5,0.1,4.0,0.0,2.5,77.8,330.7,9.9,1303.1,55
55.4,76700.0,3362.0,5754.0,56.0,0.0,12.0,19.0,1,urban,6,5,0.2,0.0,0.0,4.5,77.8,330.7,9.9,1303.1,55
54.0,75900.0,3362.0,5754.0,58.0,0.0,12.0,19.0,1,urban,6,5,0.2,0.0,0.0,4.5,77.8,330.7,9.9,1303.1,55
63.0,57300.0,2154.0,5552.0,63.2,9.0,2.0,9.0,1,urban,7,2,0.1,0.0,0.0,3.5,77.6,254.6,10.4,1398.8,68
57.7,55400.0,2154.0,5552.0,58.7,9.0,2.0,9.0,1,urban,7,2,0.1,0.0,0.0,3.5,77.6,254.6,10.4,1398.8,68
65.0,58500.0,2154.0,5552.0,68.0,0.0,13.0,18.0,1,urban,6,5,0.1,0.0,0.0,3.5,77.6,254.6,10.4,1398.8,32
56.6,70900.0,2154.0,5552.0,72.4,9.0,2.9,10.0,1,urban,7,2,0.1,0.1,0.0,3.4,78.2,216.0,10.4,1435.3,67
42.0,51700.0,3092.0,5265.0,92.0,0.0,16.0,23.0,1,urban,6,5,0.1,8.0,0.0,3.5,78.2,216.0,10.4,1435.3,61
45.5,49700.0,3092.0,5265.0,77.0,0.0,13.0,20.0,1,urban,6,5,0.1,9.5,0.0,3.5,78.2,216.0,10.4,1435.3,61
135.0,19200.0,553.0,123.0,180.0,0.0,11.0,19.0,3,urban,6,5,0.4,0.0,0.0,2.5,78.2,130.1,11.5,1379.0,44
125.0,3800.0,413.0,158.0,127.0,0.0,14.0,10.0,3,urban,6,3,0.1,0.0,0.0,2.5,78.2,130.1,11.5,1379.0,63
91.5,13400.0,680.0,249.0,93.0,8.0,3.0,9.0,4,urban,7,2,0.1,0.0,0.0,2.5,78.2,130.1,11.5,1379.0,102
117.0,7200.0,415.0,130.0,119.0,0.0,15.5,23.0,5,urban,6,5,0.1,0.0,0.0,2.5,77.6,254.6,10.4,1398.8,70
139.0,10000.0,351.0,151.0,143.0,0.0,10.0,6.0,5,urban,6,3,0.1,0.0,0.0,2.5,77.6,254.6,10.4,1398.8,15
299.0,19900.0,1010.0,370.0,316.0,7.0,3.0,8.0,4,urban,7,2,0.1,5.0,0.0,2.5,78.2,130.1,11.5,1379.0,85
187.0,1500.0,98.0,13.0,190.0,0.0,2.0,1.0,5,rural,6,3,0.2,9.0,0.0,2.0,78.9,489.4,8.6,1569.7,21
140.0,5600.0,51.0,56.0,144.0,8.0,4.0,10.0,3,urban,7,2,0.2,4.0,0.0,2.5,78.2,130.1,11.5,1379.0,95
133.0,6400.0,137.0,139.0,145.0,0.0,7.0,5.0,4,urban,6,3,0.2,5.0,0.0,2.5,77.6,254.6,10.4,1398.8,15
204.0,20300.0,310.0,147.0,350.0,0.0,9.0,17.0,4,urban,6,5,0.4,5.0,0.0,2.5,77.6,254.6,10.4,1398.8,28
97.0,18400.0,310.0,147.0,249.5,0.0,11.0,19.0,4,urban,6,5,0.5,11.0,0.0,2.5,77.6,254.6,10.4,1398.8,43
70.5,14800.0,310.0,147.0,199.5,0.0,11.0,19.0,4,urban,6,5,0.3,22.5,0.0,2.5,77.6,254.6,10.4,1398.8,43
130.8,1300.0,137.0,139.0,212.5,0.0,11.0,9.0,5,small urban,6,3,0.2,10.5,0.0,2.5,77.8,397.1,9.3,1337.7,63
111.0,2100.0,137.0,139.0,161.0,0.0,11.0,9.0,5,rural,6,3,0.1,5.0,0.0,2.5,77.6,254.6,10.4,1398.8,63
124.0,2100.0,114.0,41.0,189.0,7.0,3.0,8.0,5,urban,7,2,0.2,23.0,0.0,2.5,77.8,330.7,9.9,1303.1,37
106.0,8300.0,130.0,40.0,108.0,0.0,12.0,17.0,4,urban,6,5,0.1,2.0,0.0,3.0,78.2,216.0,10.4,1435.3,34
137.0,24800.0,769.0,153.0,141.0,0.0,12.0,18.0,4,urban,6,5,0.3,1.0,0.0,4.0,78.2,216.0,10.4,1435.3,66
94.0,9100.0,769.0,153.0,184.0,0.0,12.0,10.0,5,urban,6,3,0.2,32.0,0.0,2.5,78.2,216.0,10.4,1435.3,74
98.5,13200.0,675.0,247.0,100.0,9.0,6.0,13.0,4,urban,7,2,0.1,0.0,0.0,2.5,77.8,330.7,9.9,1303.1,44
135.0,6000.0,341.0,125.0,185.0,0.0,10.0,18.0,4,urban,6,5,0.2,17.0,0.0,2.5,78.2,216.0,10.4,1435.3,68
140.0,2400.0,174.0,12.0,142.0,0.0,10.0,8.0,5,rural,6,3,0.1,4.0,0.0,2.5,78.2,216.0,10.4,1435.3,90
163.0,10600.0,372.0,160.0,214.3,0.0,7.0,14.0,5,urban,6,5,0.2,12.0,0.0,2.8,77.6,254.6,10.4,1398.8,29
79.0,9100.0,131.0,93.0,82.0,0.0,10.0,8.0,4,urban,6,3,0.1,5.0,0.0,2.5,77.9,386.5,9.3,1426.3,74
83.0,10000.0,443.0,138.0,89.0,0.0,10.0,8.0,4,urban,6,3,0.1,0.0,0.0,2.5,77.6,254.6,10.4,1398.8,87
94.0,8600.0,105.0,196.0,164.0,0.0,17.0,25.0,4,urban,6,5,0.2,17.0,0.0,2.5,77.6,254.6,10.4,1398.8,46
129.0,5000.0,144.0,58.0,130.0,0.0,10.0,18.0,4,urban,6,5,0.2,26.0,0.0,2.5,77.6,254.6,10.4,1398.8,63
110.0,9300.0,407.0,127.0,122.0,0.0,11.0,19.0,4,urban,6,5,0.1,31.0,0.0,2.5,78.2,130.1,11.5,1379.0,48
123.0,7200.0,287.0,30.0,130.0,8.0,4.0,10.0,3,urban,7,2,0.1,4.0,0.0,2.5,78.9,489.4,8.6,1569.7,94
146.0,5300.0,329.0,68.0,161.2,8.0,5.0,11.0,3,rural,7,2,0.2,16.0,0.0,2.5,78.9,489.4,8.6,1569.7,46
177.0,17900.0,1046.0,342.0,210.0,9.0,3.0,10.0,3,small urban,7,2,0.2,11.0,0.0,2.5,78.9,489.4,8.6,1569.7,42
136.0,15600.0,912.0,298.0,144.0,9.0,3.0,10.0,3,small urban,7,2,0.3,6.0,0.0,2.5,78.9,489.4,8.6,1569.7,42
130.0,15800.0,924.0,302.0,154.0,0.0,12.0,20.0,3,small urban,6,5,0.1,5.0,0.0,2.5,78.9,489.4,8.6,1569.7,42
86.3,11800.0,685.0,224.0,92.0,0.0,13.0,19.0,3,urban,6,5,0.1,3.7,0.0,2.5,77.6,254.6,10.4,1398.8,43
88.0,19100.0,1115.0,365.0,89.0,0.0,10.0,8.0,3,urban,6,3,0.1,0.0,0.0,2.5,77.6,254.6,10.4,1398.8,63
65.0,4100.0,52.0,81.0,105.0,0.0,13.0,21.0,4,small urban,6,5,0.1,2.0,0.0,2.5,77.9,386.5,9.3,1426.3,52
76.0,4100.0,52.0,81.0,134.0,0.0,11.0,9.0,4,small urban,6,3,0.1,5.0,0.0,2.5,77.9,386.5,9.3,1426.3,66
89.0,36200.0,1421.0,1488.0,90.0,0.0,10.0,16.0,1,urban,6,5,0.1,4.0,0.0,3.5,77.6,254.6,10.4,1398.8,31
152.0,19500.0,1184.0,887.0,162.0,0.0,10.0,18.0,2,urban,6,5,0.2,2.0,0.0,2.5,78.2,216.0,10.4,1435.3,59
97.0,7900.0,349.0,109.0,194.0,0.0,11.0,9.0,4,urban,6,3,0.2,37.0,0.0,2.5,77.6,254.6,10.4,1398.8,63
86.5,2800.0,146.0,27.0,159.0,0.0,12.0,20.0,4,urban,6,5,0.2,19.0,0.0,2.5,77.6,254.6,10.4,1398.8,60
145.0,12700.0,649.0,238.0,176.0,8.0,2.0,8.0,4,urban,7,2,0.4,0.0,0.0,3.5,77.6,254.6,10.4,1398.8,98
64.0,25100.0,1278.0,468.0,76.0,0.0,11.0,19.0,4,urban,6,5,0.1,0.0,0.0,3.0,77.6,254.6,10.4,1398.8,41
65.5,47300.0,895.0,458.0,66.0,9.0,3.0,9.0,1,urban,7,2,0.1,0.0,0.0,2.5,77.6,254.6,10.4,1398.8,54
62.5,52600.0,895.0,458.0,70.0,9.0,3.0,9.0,1,urban,7,2,0.1,0.0,0.0,2.5,77.6,254.6,10.4,1398.8,54
40.5,60500.0,3304.0,2854.0,44.0,0.0,11.0,18.0,1,urban,6,5,0.1,0.0,0.0,3.5,78.2,216.0,10.4,1435.3,67
44.0,38500.0,1852.0,2418.0,44.3,0.0,12.0,19.0,1,urban,6,5,0.1,0.0,0.0,3.5,78.2,216.0,10.4,1435.3,67
84.0,25900.0,1852.0,2418.0,86.0,0.0,12.0,19.0,1,rural,6,5,0.1,2.0,0.0,3.5,77.9,386.5,9.3,1426.3,67
66.0,24100.0,1852.0,2418.0,68.0,0.0,13.0,10.0,1,urban,6,2,0.0,0.5,0.0,3.5,77.9,386.5,9.3,1426.3,63
43.0,24600.0,650.0,2130.0,44.0,0.0,13.0,10.0,1,urban,6,2,0.1,0.0,0.0,3.5,77.9,386.5,9.3,1426.3,63
49.0,31700.0,650.0,2130.0,57.5,0.0,13.0,10.0,1,urban,6,2,0.1,0.0,0.0,3.5,77.9,386.5,9.3,1426.3,63
42.8,31700.0,650.0,2130.0,48.0,0.0,13.0,10.0,1,urban,6,2,0.1,0.0,0.0,3.5,77.9,386.5,9.3,1426.3,63
61.0,24300.0,650.0,2130.0,78.0,0.0,13.0,20.0,1,urban,6,5,0.1,16.0,0.0,3.5,77.9,386.5,9.3,1426.3,57
60.4,33000.0,650.0,2130.0,89.9,0.0,17.0,24.0,1,urban,6,5,0.2,9.1,0.0,3.5,77.9,386.5,9.3,1426.3,57
42.5,33000.0,650.0,2130.0,103.0,0.0,17.0,24.0,1,urban,6,5,0.2,5.0,0.0,3.5,77.9,386.5,9.3,1426.3,57
99.5,22000.0,650.0,2130.0,105.0,0.0,17.0,24.0,1,urban,6,5,0.2,8.0,0.0,3.5,77.9,386.5,9.3,1426.3,57
92.0,24000.0,650.0,2130.0,96.0,0.0,17.0,24.0,1,urban,6,5,0.2,6.0,0.0,3.5,77.9,386.5,9.3,1426.3,57
119.0,25400.0,650.0,2130.0,126.0,0.0,16.0,23.0,1,rural,6,5,0.3,4.0,0.0,3.5,77.9,386.5,9.3,1426.3,60
151.0,12700.0,649.0,238.0,173.0,0.0,9.0,17.0,4,urban,6,5,0.2,10.0,0.0,2.5,77.6,254.6,10.4,1398.8,41
181.0,13800.0,706.0,258.0,185.0,0.0,9.0,17.0,4,urban,6,5,0.2,5.0,0.0,2.5,77.6,254.6,10.4,1398.8,39
184.1,400.0,23.0,4.0,186.9,0.0,10.0,7.0,5,rural,6,3,0.1,0.0,0.0,1.5,77.6,254.6,10.4,1398.8,63
158.0,9200.0,530.0,166.0,159.0,0.0,11.0,19.0,5,urban,6,5,0.1,1.0,0.0,2.5,77.6,254.6,10.4,1398.8,57
236.0,5300.0,40.0,26.0,240.0,0.0,11.0,9.0,4,urban,6,3,0.3,32.0,0.0,2.5,77.8,397.1,9.3,1337.7,63
94.2,2200.0,131.0,24.0,106.8,0.0,7.0,14.0,4,urban,6,5,0.2,12.0,0.0,3.5,78.2,216.0,10.4,1435.3,30
88.0,2200.0,131.0,24.0,166.0,0.0,7.0,14.0,4,urban,6,5,0.2,21.0,0.0,3.5,78.2,216.0,10.4,1435.3,42
153.0,1000.0,57.0,9.0,155.0,0.0,11.0,7.0,5,urban,6,3,0.1,0.0,0.0,2.5,77.9,386.5,9.3,1426.3,70
121.7,4800.0,237.0,177.0,158.1,0.0,11.0,17.0,2,rural,6,5,0.3,11.9,0.0,4.5,77.9,386.5,9.3,1426.3,67
95.0,8700.0,443.0,332.0,99.0,9.0,3.0,10.0,2,urban,7,2,0.1,0.0,0.0,2.5,77.8,330.7,9.9,1303.1,60
138.0,3000.0,157.0,29.0,144.0,0.0,11.0,9.0,4,urban,6,3,0.1,0.0,0.0,2.5,77.8,330.7,9.9,1303.1,63
99.0,12900.0,664.0,498.0,100.0,8.0,3.0,8.0,2,urban,7,2,0.1,1.0,0.0,3.0,77.8,330.7,9.9,1303.1,84
176.0,12900.0,755.0,247.0,182.5,0.0,12.0,20.0,3,small urban,6,5,0.1,17.5,0.0,2.5,78.9,489.4,8.6,1569.7,70
146.0,13934.0,1254.0,1198.0,150.7,0.0,6.0,12.0,3,small urban,2,2,0.2,3.0,0.0,1.5,42.5,5.3,18.7,344.6,73
155.7,15080.0,1327.0,1252.0,168.5,0.0,6.0,12.0,3,small urban,2,2,0.2,0.0,0.0,1.5,42.5,5.3,18.7,344.6,73
101.0,4723.0,104.0,241.0,108.5,0.0,6.0,12.0,3,small urban,2,2,0.2,9.5,0.0,1.5,44.3,4.5,19.5,329.1,73
39.7,30320.0,546.0,455.0,218.4,0.0,6.0,12.0,3,urban,2,2,0.2,0.4,0.0,1.5,52.0,9.7,18.0,419.4,34
97.5,9768.0,225.0,20.0,105.0,0.0,6.0,12.0,3,urban,6,2,0.1,0.0,0.0,1.5,67.2,0.0,24.0,650.1,22
113.3,5628.0,73.0,17.0,127.9,0.0,6.0,12.0,3,urban,6,2,0.2,1.5,0.0,1.5,71.3,0.0,24.2,776.5,15
57.3,3472.0,34.0,84.0,96.0,0.0,5.2,10.2,3,rural,2,2,0.3,4.7,0.0,2.4,77.8,935.5,3.8,740.0,35
52.1,2688.0,141.0,107.0,53.9,0.0,5.4,10.2,3,rural,2,2,0.2,0.3,0.0,1.8,77.8,935.5,3.8,740.0,35
103.3,3338.0,141.0,107.0,116.3,0.0,4.8,22.0,3,rural,2,2,0.2,1.0,0.0,4.8,77.8,935.5,3.8,740.0,54
66.4,1374.0,66.0,123.0,82.3,0.0,3.6,15.0,3,rural,2,2,0.2,0.1,0.0,3.6,77.8,935.5,3.8,740.0,23
176.0,23874.0,408.0,237.0,245.0,4.8,0.0,16.8,3,small urban,3,2,0.0,0.0,0.0,4.8,73.8,798.8,4.8,709.3,64
79.0,26235.0,408.0,237.0,89.0,0.0,6.6,12.0,3,small urban,2,2,0.1,0.0,0.0,4.8,73.8,798.8,4.8,709.3,58
99.0,25753.0,408.0,237.0,128.0,0.0,6.6,24.0,3,small urban,2,2,0.2,0.0,0.0,4.8,73.8,798.8,4.8,709.3,58
83.0,16792.0,560.0,423.0,93.7,0.0,3.6,19.8,3,small urban,2,2,0.1,0.0,0.0,3.6,73.8,798.8,4.8,709.3,30
41.5,19397.0,165.0,394.0,61.5,0.0,7.8,13.2,3,small urban,2,2,0.2,0.0,0.0,2.4,73.8,798.8,4.8,709.3,19
69.3,7832.0,201.0,171.0,74.7,0.0,4.7,16.1,3,rural,2,2,0.2,0.0,0.0,2.4,73.8,798.8,4.8,709.3,21
76.0,6549.0,201.0,171.0,95.0,0.0,5.4,8.4,3,rural,2,2,0.2,2.0,0.0,5.4,73.8,798.8,4.8,709.3,38
63.7,1684.0,62.0,121.0,69.3,0.0,5.4,16.0,3,rural,2,2,0.1,0.0,0.0,2.0,74.4,1020.9,2.8,628.8,62
74.0,5080.0,329.0,111.0,78.0,0.0,7.2,21.0,3,rural,2,2,0.1,4.0,0.0,7.2,74.4,1020.9,2.8,628.8,51
55.7,2142.0,329.0,111.0,59.2,0.0,3.9,18.1,3,rural,2,2,0.2,1.7,0.0,3.9,74.4,1020.9,2.8,628.8,19
162.0,3406.0,50.0,142.0,176.0,0.0,3.9,15.8,3,rural,2,3,0.1,1.0,0.0,3.9,74.4,1020.9,2.8,628.8,17
91.7,1838.0,50.0,142.0,100.6,0.0,7.2,18.0,3,rural,2,2,0.2,0.1,0.0,2.4,61.9,592.3,6.6,457.4,60
52.0,8723.0,313.0,314.0,82.7,0.0,3.5,31.1,3,small urban,2,2,0.2,0.0,0.0,3.5,60.8,577.5,7.3,442.2,24
64.9,2580.0,156.0,179.0,66.3,0.0,5.9,11.0,3,rural,2,2,0.2,0.5,0.0,4.9,61.6,589.7,7.0,568.2,87
95.7,3166.0,83.0,163.0,105.0,0.0,6.6,17.0,3,rural,2,2,0.2,1.0,0.0,6.6,59.5,555.4,7.9,534.2,58
81.0,1427.0,83.0,163.0,81.5,0.0,6.6,17.0,3,rural,2,2,0.2,1.0,0.0,6.6,59.5,555.4,7.9,534.2,58
68.1,1712.0,56.0,179.0,129.4,0.0,4.3,26.2,3,rural,2,2,0.1,5.9,0.0,4.3,59.6,612.0,8.1,497.4,18
150.0,1780.0,93.0,94.0,164.0,0.0,7.2,15.0,3,small urban,2,2,0.2,0.0,0.0,3.5,57.2,437.0,9.1,502.6,71
69.3,717.0,52.0,67.0,92.8,0.0,3.5,20.5,4,rural,2,2,0.1,1.1,0.0,3.5,57.2,437.0,9.1,502.6,24
57.0,2843.0,52.0,67.0,63.0,0.0,4.7,21.9,4,rural,2,2,0.2,0.0,0.0,3.6,60.2,569.5,7.9,559.0,64
100.0,636.0,38.0,80.0,105.2,0.0,8.8,18.0,4,rural,2,2,0.1,0.2,0.0,1.8,60.2,569.5,7.9,559.0,57
69.9,686.0,26.0,51.0,102.9,0.0,4.3,9.0,4,rural,2,2,0.1,0.6,0.0,1.8,70.1,821.4,4.1,548.7,104
43.0,958.0,59.0,68.0,55.0,0.0,4.8,16.0,4,rural,2,2,0.0,2.0,0.0,3.0,62.8,556.7,6.7,496.9,59
74.8,1305.0,47.0,308.0,76.0,0.0,4.8,14.0,3,rural,2,3,0.1,0.2,0.0,4.1,57.0,387.5,8.3,637.4,21
64.3,1910.0,47.0,308.0,68.7,0.0,3.3,19.0,3,rural,2,2,0.2,0.5,0.0,3.0,57.0,387.5,8.3,637.4,13
59.2,4052.0,139.0,333.0,60.6,0.0,7.2,10.8,3,rural,2,2,0.1,0.6,0.0,7.2,57.0,387.5,8.3,637.4,37
71.0,9022.0,149.0,368.0,76.7,0.0,4.7,13.4,3,rural,2,2,0.2,2.0,0.0,4.7,74.3,731.9,4.7,651.7,15
44.0,8974.0,149.0,368.0,48.0,0.0,4.7,20.3,3,rural,2,2,0.1,1.0,0.0,4.7,74.3,731.9,4.7,651.7,15
87.0,7884.0,149.0,368.0,110.0,0.0,5.9,7.9,3,rural,2,2,0.2,1.0,0.0,2.4,72.6,723.4,5.3,733.1,17
62.6,11406.0,409.0,275.0,64.8,0.0,4.7,15.8,3,rural,2,2,0.2,0.4,0.0,4.7,72.6,723.4,5.3,733.1,16
48.0,11433.0,409.0,275.0,55.9,0.0,4.7,15.8,3,rural,2,2,0.2,0.5,0.0,4.7,72.6,723.4,5.3,733.1,16
58.6,11433.0,409.0,275.0,59.0,0.0,4.7,15.8,3,rural,2,2,0.2,0.8,0.0,4.7,72.6,723.4,5.3,733.1,16
47.0,8592.0,81.0,162.0,48.0,0.0,5.0,24.0,3,rural,2,2,0.2,0.0,0.0,5.0,72.6,723.4,5.3,733.1,71
72.0,12001.0,345.0,369.0,74.0,0.0,10.7,18.0,3,small urban,2,2,0.2,0.0,0.0,4.7,73.8,798.8,4.8,709.3,19
117.3,14284.0,345.0,369.0,142.7,10.8,0.0,12.0,3,small urban,3,2,0.0,0.0,0.0,10.8,73.8,798.8,4.8,709.3,19
72.0,22589.0,405.0,149.0,189.7,0.0,6.6,19.2,3,small urban,2,2,0.7,10.3,0.0,5.4,73.8,798.8,4.8,709.3,65
53.5,35331.0,405.0,149.0,164.0,0.0,9.0,12.0,3,small urban,2,2,0.7,10.0,0.0,9.0,73.8,798.8,4.8,709.3,28
71.0,19011.0,405.0,149.0,72.0,0.0,4.8,21.0,3,small urban,2,2,0.5,3.0,0.0,4.8,73.8,798.8,4.8,709.3,28
41.4,1039.0,51.0,75.0,76.0,0.0,2.0,21.0,4,rural,2,2,0.2,2.6,0.0,1.5,76.8,722.0,4.4,1027.7,73
64.0,2391.0,74.0,94.0,67.0,0.0,3.8,15.0,4,rural,2,2,0.2,1.0,0.0,1.5,76.8,722.0,4.4,1027.7,73
110.0,5135.0,109.0,149.0,112.3,0.0,4.2,16.2,4,rural,2,2,0.3,0.3,0.0,4.2,76.8,722.0,4.4,1027.7,34
60.7,1014.0,24.0,52.0,61.7,0.0,4.0,17.8,3,rural,2,2,0.1,1.1,0.0,3.5,72.2,1021.2,2.8,812.6,22
81.8,2843.0,76.0,65.0,83.5,0.0,3.6,11.4,3,rural,2,2,0.4,1.8,0.0,3.0,72.2,1021.2,2.8,812.6,34
104.0,19438.0,154.0,132.0,108.0,0.0,7.8,16.2,3,small urban,2,2,0.3,4.0,0.0,7.8,72.2,1021.2,2.8,812.6,44
77.8,17828.0,154.0,132.0,94.9,0.0,7.5,12.6,3,small urban,2,2,0.2,2.9,0.0,4.7,72.2,1021.2,2.8,812.6,44
94.5,12933.0,154.0,132.0,101.5,0.0,4.7,9.8,3,small urban,2,2,0.2,0.0,0.0,3.0,72.2,1021.2,2.8,812.6,15
47.6,11711.0,154.0,132.0,52.3,0.0,4.7,9.8,3,rural,2,2,0.2,1.9,0.0,3.0,72.2,1021.2,2.8,812.6,15
52.1,11711.0,154.0,132.0,55.1,0.0,4.7,9.8,3,rural,2,2,0.3,0.8,0.0,4.7,72.2,1021.2,2.8,812.6,13
41.0,8419.0,154.0,132.0,46.5,0.0,4.7,9.8,3,rural,2,2,0.2,0.0,0.0,4.7,72.2,1021.2,2.8,812.6,13
55.9,8419.0,154.0,132.0,62.6,0.0,4.7,9.8,3,rural,2,2,0.3,0.9,0.0,4.7,72.2,1021.2,2.8,812.6,12
46.3,8419.0,154.0,132.0,51.3,0.0,4.7,16.3,3,rural,2,2,0.3,0.7,0.0,4.7,72.2,1021.2,2.8,812.6,13
53.4,8156.0,154.0,132.0,56.7,0.0,4.7,16.3,3,rural,2,2,0.2,0.0,0.0,4.7,72.2,1021.2,2.8,812.6,13
59.7,10736.0,261.0,209.0,70.1,0.0,4.7,16.3,3,rural,2,2,0.2,2.6,0.0,4.7,72.2,1021.2,2.8,812.6,15
40.2,10757.0,261.0,209.0,40.9,0.0,4.7,16.3,3,rural,2,2,0.1,0.2,0.0,1.8,72.2,1021.2,2.8,812.6,20
65.0,15658.0,594.0,197.0,71.0,0.0,4.7,15.6,3,rural,2,2,0.1,2.0,0.0,2.4,72.2,1021.2,2.8,812.6,26
54.0,15658.0,594.0,197.0,55.5,0.0,4.7,15.6,3,rural,2,2,0.2,0.5,0.0,2.4,72.2,1021.2,2.8,812.6,24
55.5,17143.0,594.0,197.0,66.0,0.0,4.7,15.6,3,rural,2,2,0.2,2.8,0.0,4.7,74.3,731.9,4.7,651.7,24
64.5,17143.0,594.0,197.0,71.5,0.0,4.7,15.6,3,rural,2,2,0.2,1.0,0.0,4.7,74.3,731.9,4.7,651.7,24
59.5,24237.0,697.0,167.0,62.6,0.0,8.1,17.0,3,rural,2,2,0.2,3.3,0.0,4.7,74.3,731.9,4.7,651.7,56
57.2,24237.0,697.0,167.0,60.5,0.0,8.1,17.0,3,urban,2,2,0.2,2.5,0.0,8.1,74.3,731.9,4.7,651.7,56
63.5,26707.0,697.0,167.0,65.0,0.0,8.1,17.0,3,urban,2,2,0.2,3.0,0.0,8.1,74.3,731.9,4.7,651.7,56
35.0,26707.0,697.0,167.0,49.0,0.0,8.1,17.0,3,urban,2,2,0.2,2.0,0.0,8.1,74.3,731.9,4.7,651.7,56
55.5,7431.0,93.0,200.0,56.0,0.0,6.0,14.4,3,rural,2,2,0.1,0.0,0.0,2.4,73.2,887.3,3.5,710.8,38
53.5,7431.0,93.0,200.0,68.0,0.0,6.0,14.4,3,small urban,2,2,0.1,0.0,0.0,2.4,73.2,887.3,3.5,710.8,38
78.0,16935.0,425.0,361.0,81.0,0.0,5.4,14.0,3,small urban,2,2,0.2,0.0,0.0,2.4,73.2,887.3,3.5,710.8,57
72.0,21032.0,425.0,361.0,222.5,0.0,5.4,14.0,3,small urban,2,2,0.2,0.0,0.0,2.4,73.2,887.3,3.5,710.8,57
145.0,20729.0,425.0,361.0,245.0,0.0,13.9,14.8,3,small urban,2,2,0.1,0.0,0.0,5.9,73.2,887.3,3.5,710.8,21
92.0,17099.0,788.0,532.0,96.0,2.4,0.0,10.0,3,small urban,3,3,0.0,0.0,0.1,2.4,73.2,887.3,3.5,710.8,46
67.7,6805.0,101.0,319.0,70.4,0.0,4.7,17.2,3,rural,2,2,0.2,0.4,0.0,3.6,73.2,887.3,3.5,710.8,56
55.1,6805.0,101.0,319.0,57.0,0.0,4.8,17.0,3,rural,2,2,0.2,0.0,0.0,4.8,65.6,723.5,4.9,601.7,56
55.2,6216.0,90.0,326.0,55.5,0.0,4.8,17.0,3,rural,2,2,0.2,0.2,0.0,4.8,69.8,873.3,4.1,695.4,56
39.6,6216.0,90.0,326.0,40.1,0.0,7.9,16.1,3,rural,2,2,0.2,0.1,0.0,4.7,69.8,873.3,4.1,695.4,53
54.1,6216.0,90.0,326.0,55.3,0.0,9.3,10.0,3,rural,2,2,0.2,0.1,0.0,7.2,69.8,873.3,4.1,695.4,69
49.0,6216.0,90.0,326.0,57.4,0.0,7.2,10.0,3,rural,2,2,0.3,0.2,0.0,7.2,69.8,873.3,4.1,695.4,22
36.8,3779.0,148.0,316.0,63.4,0.0,4.5,19.4,3,rural,2,2,0.2,0.8,0.0,2.0,69.8,873.3,4.1,695.4,19
46.0,4438.0,148.0,316.0,55.0,0.0,4.7,20.5,3,rural,2,2,0.1,0.0,0.0,4.7,69.8,873.3,4.1,695.4,18
82.1,553.0,9.0,20.0,116.8,0.0,3.5,23.0,4,rural,2,2,0.1,0.4,0.0,3.0,73.2,887.3,3.5,710.8,15
93.0,4768.0,132.0,219.0,94.0,0.0,3.0,19.2,3,urban,2,2,0.2,0.0,0.0,3.6,61.3,498.0,6.9,554.1,62
93.2,4768.0,132.0,219.0,104.5,0.0,7.2,16.0,3,urban,2,2,0.1,0.0,0.0,4.8,61.3,498.0,6.9,554.1,78
52.0,2556.0,132.0,219.0,54.3,0.0,4.2,18.0,3,rural,2,2,0.2,0.9,0.0,7.2,60.4,506.9,7.5,506.3,61
100.0,7485.0,115.0,199.0,133.0,0.0,3.1,12.0,3,small urban,2,2,0.1,1.0,0.0,1.2,69.3,1060.2,3.0,717.4,91
142.4,968.0,32.0,81.0,142.7,0.0,3.6,13.8,4,rural,2,2,0.2,0.2,0.0,3.6,69.8,873.3,4.1,695.4,27
129.9,1234.0,32.0,81.0,130.6,0.0,3.6,13.8,4,rural,2,2,0.2,0.1,0.0,3.6,69.8,873.3,4.1,695.4,27
81.2,433.0,10.0,30.0,83.8,0.0,4.3,12.0,4,rural,2,2,0.1,1.5,0.0,4.3,60.8,530.9,6.8,519.1,90
53.5,4096.0,199.0,708.0,53.7,0.0,9.2,19.0,1,rural,2,2,0.1,1.1,0.0,2.4,67.7,832.0,3.6,546.0,49
63.0,19118.0,521.0,2079.0,82.0,0.0,8.4,16.2,1,small urban,2,2,0.1,8.0,0.0,8.4,67.7,832.0,3.6,546.0,10
119.0,13468.0,521.0,2079.0,244.0,0.0,8.0,6.0,1,small urban,2,3,0.3,2.0,0.0,8.0,67.7,832.0,3.6,546.0,38
110.0,13468.0,521.0,2079.0,151.0,0.0,5.9,30.3,1,small urban,2,3,0.2,1.0,0.0,5.9,67.7,832.0,3.6,546.0,38
86.0,17928.0,459.0,1770.0,98.0,0.0,10.4,6.0,1,small urban,2,3,0.2,0.3,0.0,10.4,67.7,832.0,3.6,546.0,38
63.5,3122.0,100.0,534.0,77.0,0.0,7.2,10.8,1,rural,2,2,0.1,2.5,0.0,2.4,65.6,723.5,4.9,601.7,38
51.7,3122.0,100.0,534.0,53.4,0.0,7.2,10.9,1,rural,2,2,0.1,1.2,0.0,2.4,65.6,723.5,4.9,601.7,38
65.6,3037.0,100.0,534.0,82.0,0.0,7.8,12.0,1,rural,2,2,0.1,5.0,0.0,4.2,65.6,723.5,4.9,601.7,39
57.0,14244.0,112.0,593.0,100.0,0.0,7.2,24.0,1,small urban,2,2,0.4,1.0,0.0,7.2,73.2,887.3,3.5,710.8,63
52.0,12261.0,199.0,648.0,87.5,0.0,7.2,24.0,1,small urban,2,2,0.3,1.5,0.0,2.4,73.2,887.3,3.5,710.8,62
65.8,5121.0,199.0,648.0,67.8,0.0,7.8,24.0,1,rural,2,2,0.2,0.7,0.0,2.4,73.2,887.3,3.5,710.8,62
60.0,4437.0,252.0,663.0,61.0,0.0,8.0,13.5,1,rural,2,2,0.1,2.0,0.0,8.0,73.2,887.3,3.5,710.8,58
53.7,11233.0,130.0,877.0,54.0,0.0,11.9,11.0,1,urban,2,2,0.2,0.7,0.0,5.9,61.3,498.0,6.9,554.1,58
51.9,3821.0,156.0,776.0,76.3,0.0,5.0,21.4,1,rural,2,2,0.3,2.9,0.0,2.4,70.1,821.4,4.1,548.7,19
70.9,3404.0,156.0,776.0,71.2,0.0,6.0,25.2,1,rural,2,2,0.1,2.6,0.0,6.0,62.8,556.7,6.7,496.9,52
64.7,427.0,14.0,45.0,66.0,0.0,3.5,10.4,3,rural,2,2,0.2,0.0,0.0,1.8,56.7,421.4,9.1,489.1,17
70.5,4393.0,162.0,381.0,71.0,0.0,7.2,20.0,3,small urban,2,2,0.2,0.0,0.0,7.2,59.9,591.7,8.1,467.0,61
67.4,2244.0,162.0,381.0,69.9,0.0,9.0,22.2,3,rural,2,2,0.2,0.8,0.0,3.5,59.9,591.7,8.1,467.0,56
62.2,3099.0,162.0,381.0,77.0,0.0,5.6,20.0,3,rural,2,2,0.2,0.5,0.0,5.6,60.5,729.5,7.5,464.1,49
51.8,3780.0,162.0,381.0,64.9,0.0,6.8,15.9,3,rural,2,2,0.1,0.8,0.0,2.6,60.5,729.5,7.5,464.1,38
79.0,6693.0,147.0,41.0,90.0,0.0,4.2,31.2,3,small urban,2,2,0.1,0.0,0.0,1.8,57.2,437.0,9.1,502.6,40
132.0,4107.0,40.0,138.0,155.2,0.0,6.6,29.4,3,small urban,2,2,0.4,1.2,0.0,4.2,57.2,437.0,9.1,502.6,38
77.0,4107.0,40.0,138.0,87.0,0.0,6.6,29.4,3,small urban,2,2,0.3,0.0,0.0,6.6,57.2,437.0,9.1,502.6,38
74.0,4690.0,25.0,184.0,78.0,0.0,4.8,12.6,3,urban,2,2,0.2,1.0,0.0,4.8,74.3,731.9,4.7,651.7,35
88.8,3094.0,63.0,153.0,90.7,0.0,3.6,15.6,3,rural,2,2,0.1,3.3,0.0,3.6,74.3,731.9,4.7,651.7,35
64.5,3094.0,63.0,153.0,67.0,0.0,3.6,15.6,3,rural,2,2,0.2,2.0,0.0,3.6,74.3,731.9,4.7,651.7,35
66.7,2905.0,63.0,153.0,72.0,0.0,3.6,18.0,3,rural,2,2,0.1,5.2,0.0,3.6,74.3,731.9,4.7,651.7,31
44.5,2905.0,63.0,153.0,47.5,0.0,3.6,18.0,3,rural,2,2,0.2,4.0,0.0,3.6,74.3,731.9,4.7,651.7,31
57.8,2059.0,37.0,181.0,58.7,0.0,8.4,18.0,3,rural,2,2,0.2,0.1,0.0,8.4,61.3,498.0,6.9,554.1,66
65.0,542.0,5.0,4.0,121.5,0.0,4.4,10.0,4,rural,2,2,0.1,0.7,0.0,4.4,57.0,387.5,8.3,637.4,60
107.9,719.0,5.0,4.0,170.9,0.0,4.4,10.0,4,rural,2,2,0.1,0.6,0.0,4.4,57.0,387.5,8.3,637.4,60
54.7,3030.0,83.0,123.0,68.7,0.0,5.0,15.5,4,rural,2,2,0.1,0.6,0.0,4.2,57.0,387.5,8.3,637.4,51
58.6,1749.0,74.0,75.0,58.7,0.0,3.6,35.4,4,rural,2,2,0.1,0.2,0.0,3.6,66.9,936.4,3.5,499.4,86
137.0,988.0,19.0,7.0,138.0,0.0,4.8,6.0,4,small urban,2,2,0.1,0.0,0.0,1.8,67.7,832.0,3.6,546.0,97
170.0,3773.0,125.0,118.0,379.0,0.0,4.0,5.0,3,small urban,2,2,0.1,1.0,0.0,4.0,67.7,832.0,3.6,546.0,89
114.0,275.0,32.0,50.0,121.2,0.0,5.2,13.0,4,rural,2,2,0.1,2.2,0.0,3.6,62.4,872.2,6.2,483.2,37
112.7,275.0,32.0,50.0,118.7,0.0,6.0,9.6,4,rural,2,2,0.1,3.0,0.0,1.8,62.4,872.2,6.2,483.2,37
73.0,5979.0,280.0,55.0,75.0,0.0,3.6,23.0,4,rural,2,2,0.2,0.0,0.0,3.6,77.8,935.5,3.8,740.0,14
80.6,408.0,13.0,83.0,84.8,0.0,5.1,18.0,3,rural,2,2,0.1,4.4,0.0,1.8,63.0,934.5,6.3,477.1,24
131.0,1535.0,30.0,100.0,131.7,0.0,1.5,6.0,4,rural,2,2,0.2,0.7,0.0,1.8,76.8,722.0,4.4,1027.7,84
70.0,1201.0,63.0,144.0,77.8,0.0,6.7,8.5,4,rural,2,2,0.1,0.0,0.0,5.7,73.8,798.8,4.8,709.3,88
78.8,12301.0,450.0,219.0,88.3,0.0,4.8,16.0,3,rural,2,2,0.6,3.1,0.0,3.0,73.8,798.8,4.8,709.3,50
74.6,1110.0,57.0,114.0,75.2,0.0,3.5,12.6,4,rural,2,3,0.1,0.1,0.0,3.5,56.7,421.4,9.1,489.1,21
48.1,1201.0,30.0,116.0,48.4,0.0,5.2,16.2,4,rural,2,2,0.1,0.2,0.0,2.4,65.8,895.7,3.7,723.1,26
94.0,534.0,14.0,19.0,99.2,0.0,3.5,12.0,4,rural,2,2,0.1,3.0,0.0,3.0,72.0,1111.6,2.3,728.9,64
61.0,2709.0,51.0,96.0,119.0,0.0,4.8,18.0,4,rural,2,2,0.2,0.5,0.0,2.4,55.2,366.6,8.8,611.7,49
60.0,7789.0,648.0,527.0,60.2,0.0,8.1,24.0,3,rural,2,2,0.2,0.1,0.0,2.4,74.5,1590.4,0.5,711.8,65
61.0,11409.0,648.0,527.0,63.0,0.0,7.8,24.0,3,rural,2,2,0.2,0.0,0.0,2.7,74.5,1590.4,0.5,711.8,65
56.6,12350.0,648.0,527.0,61.2,0.0,7.8,31.0,3,rural,2,2,0.2,0.3,0.0,2.7,74.5,1590.4,0.5,711.8,61
56.7,15696.0,648.0,527.0,57.0,0.0,7.8,31.0,3,rural,2,2,0.2,0.0,0.0,2.8,74.5,1590.4,0.5,711.8,61
61.7,22416.0,933.0,415.0,62.7,0.0,4.8,15.6,3,rural,2,2,0.2,1.3,0.0,4.8,74.5,1590.4,0.5,711.8,28
96.0,13585.0,332.0,158.0,173.0,0.0,6.0,27.0,3,small urban,2,2,0.4,2.0,0.0,4.2,74.5,1590.4,0.5,711.8,54
88.6,10551.0,63.0,102.0,89.0,0.0,6.8,13.0,4,rural,2,2,0.2,0.7,0.0,5.0,73.8,798.8,4.8,709.3,69
55.3,9256.0,199.0,596.0,66.2,0.0,3.6,16.2,4,rural,2,2,0.3,0.8,0.0,1.8,73.8,798.8,4.8,709.3,16
44.0,12714.0,199.0,596.0,85.0,0.0,3.6,16.2,4,rural,2,2,0.3,1.0,0.0,4.8,73.8,798.8,4.8,709.3,10
56.1,12714.0,199.0,596.0,83.0,0.0,3.6,16.4,4,rural,2,2,0.4,3.7,0.0,4.8,73.8,798.8,4.8,709.3,16
142.0,6304.0,41.0,182.0,145.0,0.0,8.6,18.0,3,small urban,2,2,0.4,8.0,0.0,2.0,63.9,646.7,5.7,753.0,62
101.0,525.0,16.0,73.0,151.0,0.0,4.2,12.6,3,rural,2,2,0.3,0.2,0.0,4.2,57.8,489.3,8.4,494.9,32
52.0,525.0,16.0,73.0,84.0,0.0,4.2,12.6,3,rural,2,2,0.3,1.0,0.0,4.2,57.8,489.3,8.4,494.9,32
54.7,525.0,16.0,73.0,124.2,0.0,4.2,12.6,3,rural,2,2,0.3,1.3,0.0,4.2,57.8,489.3,8.4,494.9,32
53.9,525.0,16.0,73.0,120.7,0.0,4.2,12.6,3,rural,2,2,0.3,0.5,0.0,4.2,57.8,489.3,8.4,494.9,32
70.7,813.0,41.0,147.0,75.4,0.0,7.8,18.0,3,rural,2,2,0.2,0.0,0.0,7.8,59.9,591.7,8.1,467.0,58
45.5,2212.0,41.0,147.0,73.2,0.0,7.2,18.0,3,rural,2,2,0.2,0.0,0.0,7.2,59.9,591.7,8.1,467.0,64
50.0,7260.0,211.0,224.0,58.0,0.0,7.8,18.0,3,small urban,2,2,0.2,0.0,0.0,1.8,59.9,591.7,8.1,467.0,65
51.0,8060.0,216.0,46.0,60.0,0.0,7.8,18.0,3,small urban,2,2,0.2,0.0,0.0,7.8,59.9,591.7,8.1,467.0,65
138.0,5832.0,216.0,46.0,148.0,0.0,6.0,27.0,3,small urban,2,2,0.1,0.0,0.0,6.0,59.9,591.7,8.1,467.0,56
62.6,548.0,24.0,31.0,63.2,0.0,4.8,14.0,4,rural,2,2,0.1,0.0,0.0,1.8,69.8,873.3,4.1,695.4,70
67.3,427.0,24.0,31.0,69.0,0.0,4.8,14.0,4,rural,2,2,0.1,0.0,0.0,1.8,69.8,873.3,4.1,695.4,70
67.7,427.0,24.0,31.0,75.5,0.0,4.8,6.0,4,rural,2,2,0.1,1.5,0.0,4.8,69.8,873.3,4.1,695.4,66
62.0,398.0,24.0,31.0,65.8,0.0,6.6,6.0,4,rural,2,2,0.1,0.8,0.0,1.8,61.3,498.0,6.9,554.1,66
76.0,3200.0,211.0,364.0,76.3,0.0,6.2,13.9,3,rural,2,2,0.1,0.7,0.0,2.4,61.3,498.0,6.9,554.1,70
136.5,26107.0,241.0,509.0,146.5,0.0,4.8,15.0,3,urban,2,2,0.2,0.0,0.0,4.8,61.3,498.0,6.9,554.1,63
158.5,30978.0,241.0,509.0,163.5,4.8,4.8,15.0,3,urban,2,2,0.3,0.0,0.0,4.8,61.3,498.0,6.9,554.1,63
170.0,38806.0,554.0,420.0,171.0,9.0,0.0,6.0,3,urban,3,2,0.0,0.0,0.1,2.4,61.3,498.0,6.9,554.1,25
77.3,1264.0,48.0,127.0,80.7,0.0,4.2,17.0,3,rural,2,2,0.2,0.3,0.0,4.2,58.2,454.0,8.0,519.9,48
106.0,374.0,90.0,45.0,110.5,0.0,2.5,10.0,3,rural,2,2,0.2,0.5,0.0,2.5,59.5,555.4,7.9,534.2,76
138.7,374.0,90.0,45.0,143.2,0.0,3.8,7.5,3,rural,2,2,0.2,2.5,0.0,2.3,59.5,555.4,7.9,534.2,83
109.0,374.0,90.0,45.0,110.0,0.0,3.8,7.5,3,rural,2,2,0.1,1.0,0.0,3.8,59.5,555.4,7.9,534.2,83
93.8,1036.0,58.0,147.0,94.3,0.0,7.6,35.0,3,rural,2,3,0.1,1.0,0.0,7.5,60.5,729.5,7.5,464.1,21
90.8,1435.0,263.0,232.0,101.5,0.0,3.5,13.2,3,rural,2,3,0.1,2.5,0.0,3.5,60.5,729.5,7.5,464.1,20
76.9,1855.0,263.0,232.0,86.7,0.0,3.5,13.2,3,rural,2,3,0.1,1.6,0.0,3.5,60.5,729.5,7.5,464.1,20
58.2,6481.0,263.0,232.0,103.0,0.0,5.2,9.6,3,small urban,2,3,0.3,0.6,0.0,1.8,60.5,729.5,7.5,464.1,24
78.0,8953.0,306.0,265.0,89.0,0.0,4.8,9.6,3,small urban,2,3,0.0,3.0,0.0,1.8,60.5,729.5,7.5,464.1,24
77.8,1990.0,112.0,423.0,85.0,0.0,4.7,18.1,3,rural,2,2,0.2,0.3,0.0,4.7,64.6,689.2,5.3,532.8,12
55.0,1988.0,112.0,423.0,58.5,0.0,4.7,18.1,3,rural,2,2,0.1,0.5,0.0,4.7,64.6,689.2,5.3,532.8,12
66.0,1932.0,112.0,423.0,66.4,0.0,4.7,7.9,3,rural,2,2,0.2,0.4,0.0,4.7,64.6,689.2,5.3,532.8,14
80.0,4053.0,175.0,242.0,84.0,0.0,7.2,14.0,3,small urban,2,2,0.4,1.0,0.0,7.2,63.9,646.7,5.7,753.0,76
97.0,4019.0,175.0,242.0,113.0,0.0,7.2,14.0,3,small urban,2,2,0.5,1.0,0.0,7.2,63.9,646.7,5.7,753.0,76
72.4,616.0,26.0,78.0,94.3,0.0,3.0,16.0,4,rural,2,2,0.3,0.0,0.0,3.0,60.4,506.9,7.5,506.3,69
111.4,296.0,12.0,24.0,112.9,0.0,4.8,13.0,4,rural,2,2,0.2,0.9,0.0,4.8,63.9,646.7,5.7,753.0,52
56.2,16807.0,974.0,691.0,58.2,0.0,6.0,12.0,3,rural,2,2,0.2,0.0,0.0,5.4,74.5,1590.4,0.5,711.8,11
66.2,7489.0,415.0,1859.0,69.9,0.0,16.0,10.2,1,rural,2,2,0.1,2.9,0.0,8.0,77.8,819.7,3.8,842.0,49
68.9,6418.0,334.0,1870.0,69.0,0.0,8.4,19.7,1,rural,2,2,0.2,1.1,0.0,4.2,77.8,819.7,3.8,842.0,59
60.5,6418.0,334.0,1870.0,63.2,0.0,8.4,36.0,1,rural,2,2,0.2,1.0,0.0,8.4,77.8,819.7,3.8,842.0,58
68.6,6418.0,334.0,1870.0,72.2,0.0,6.5,36.0,1,rural,2,2,0.1,1.6,0.0,6.0,77.8,819.7,3.8,842.0,58
68.0,6724.0,334.0,1870.0,83.5,0.0,6.6,15.6,1,rural,2,2,0.3,0.5,0.0,6.6,77.8,819.7,3.8,842.0,43
63.6,7514.0,334.0,1870.0,68.7,0.0,6.6,15.6,1,rural,2,2,0.3,1.4,0.0,6.6,77.8,819.7,3.8,842.0,43
48.0,11522.0,334.0,1870.0,127.7,11.1,12.7,13.7,1,urban,2,2,0.4,0.6,0.2,2.4,74.3,731.9,4.7,651.7,59
49.5,16530.0,722.0,2055.0,79.3,0.0,12.7,12.0,1,urban,2,2,0.5,1.8,0.0,1.8,74.3,731.9,4.7,651.7,59
53.0,19074.0,722.0,2055.0,60.0,0.0,12.7,12.0,1,urban,2,2,0.6,1.0,0.0,12.7,74.3,731.9,4.7,651.7,59
60.3,19052.0,502.0,1736.0,61.0,0.0,11.6,16.8,1,urban,2,2,0.1,2.0,0.0,11.6,74.3,731.9,4.7,651.7,59
58.3,19052.0,502.0,1736.0,59.3,0.0,11.6,16.8,1,urban,2,2,0.1,0.0,0.0,11.6,74.3,731.9,4.7,651.7,59
56.3,19052.0,502.0,1736.0,56.7,0.0,11.6,16.8,1,urban,2,2,0.1,0.0,0.0,11.6,74.3,731.9,4.7,651.7,59
51.0,12968.0,623.0,1889.0,52.5,0.0,7.9,21.0,1,urban,2,2,0.1,0.5,0.0,2.4,74.3,731.9,4.7,651.7,61
58.7,9004.0,379.0,1787.0,63.3,0.0,7.2,22.2,1,rural,2,2,0.2,1.9,0.0,7.2,65.6,723.5,4.9,601.7,40
46.4,26930.0,341.0,1790.0,50.4,0.0,12.4,24.0,1,small urban,2,2,0.1,0.0,0.0,2.4,74.5,1590.4,0.5,711.8,59
69.1,15073.0,240.0,2441.0,71.9,0.0,9.6,12.0,1,rural,2,3,0.2,1.1,0.0,2.4,74.5,1590.4,0.5,711.8,46
46.2,15073.0,240.0,2441.0,48.8,0.0,9.9,12.0,1,rural,2,2,0.1,3.3,0.0,2.4,69.3,1060.2,3.0,717.4,46
53.5,15124.0,240.0,2441.0,54.9,0.0,9.6,12.0,1,rural,2,2,0.1,2.5,0.0,2.4,69.3,1060.2,3.0,717.4,47
50.0,14116.0,240.0,2441.0,52.0,0.0,6.6,20.0,1,rural,2,2,0.1,0.7,0.0,1.8,69.3,1060.2,3.0,717.4,63
65.8,11453.0,258.0,1864.0,77.4,0.0,6.6,20.0,1,rural,2,2,0.2,3.1,0.0,6.6,69.3,1060.2,3.0,717.4,63
51.1,11890.0,301.0,2169.0,51.5,0.0,7.6,20.6,1,rural,2,2,0.1,1.3,0.0,1.8,56.2,395.3,7.8,590.1,53
66.6,15549.0,697.0,2186.0,67.8,0.0,7.3,17.4,1,rural,2,2,0.4,0.4,0.0,1.8,56.8,385.2,8.6,549.9,58
60.7,15549.0,697.0,2186.0,65.7,0.0,8.0,17.4,1,small urban,2,2,0.3,0.0,0.0,1.8,56.8,385.2,8.6,549.9,58
53.5,15101.0,697.0,2186.0,68.5,0.0,7.2,17.4,1,small urban,2,2,0.3,0.0,0.0,1.8,56.8,385.2,8.6,549.9,58
36.0,26629.0,1222.0,2666.0,74.5,0.0,7.2,24.0,1,small urban,2,2,0.3,0.5,0.0,1.8,56.8,385.2,8.6,549.9,61
69.7,26629.0,1222.0,2666.0,95.0,0.0,7.2,24.0,1,small urban,2,2,0.2,0.0,0.0,1.8,56.8,385.2,8.6,549.9,61
56.5,29997.0,722.0,3008.0,62.5,0.0,7.2,24.0,1,urban,2,2,0.3,5.5,0.0,7.2,56.8,385.2,8.6,549.9,59
49.4,16324.0,722.0,3008.0,65.2,0.0,7.8,24.0,1,urban,2,2,0.2,1.8,0.0,7.8,56.8,385.2,8.6,549.9,58
40.0,8118.0,451.0,1475.0,51.0,0.0,4.2,24.0,1,urban,2,2,0.2,0.0,0.0,4.2,56.8,385.2,8.6,549.9,58
62.8,8176.0,451.0,1475.0,63.1,0.0,10.8,32.0,1,rural,2,2,0.3,3.2,0.0,10.8,56.8,385.2,8.6,549.9,53
233.0,29913.0,950.0,401.0,242.0,9.0,0.0,5.0,3,urban,3,2,0.0,0.0,0.2,9.0,74.3,731.9,4.7,651.7,31
75.1,895.0,26.0,105.0,75.7,0.0,7.9,11.0,3,rural,2,2,0.1,1.1,0.0,6.0,74.3,731.9,4.7,651.7,61
50.0,4887.0,180.0,1171.0,56.0,0.0,8.4,16.2,1,small urban,2,2,0.1,0.0,0.0,8.4,57.2,437.0,9.1,502.6,50
50.5,4887.0,180.0,1171.0,53.0,0.0,8.4,16.2,1,small urban,2,2,0.2,3.0,0.0,8.4,57.2,437.0,9.1,502.6,51
56.0,4548.0,203.0,1188.0,58.6,0.0,5.8,22.0,1,rural,2,2,0.1,0.4,0.0,2.4,59.6,574.2,8.0,476.4,54
41.7,4446.0,248.0,1002.0,43.0,0.0,8.4,22.0,1,rural,2,2,0.2,1.0,0.0,2.4,59.6,574.2,8.0,476.4,53
46.0,3150.0,190.0,995.0,97.0,0.0,11.4,31.2,1,rural,2,2,0.4,4.0,0.0,11.4,60.8,634.9,7.9,502.2,62
71.7,3482.0,190.0,995.0,97.7,0.0,10.8,27.0,1,rural,2,2,0.2,0.7,0.0,10.8,60.8,634.9,7.9,502.2,62
73.3,3796.0,68.0,117.0,77.3,0.0,7.8,22.0,3,small urban,2,2,0.1,0.0,0.0,7.8,59.9,591.7,8.1,467.0,77
85.1,123.0,3.0,5.0,88.2,0.0,4.8,11.9,3,rural,2,2,0.1,2.5,0.0,4.8,59.5,555.4,7.9,534.2,49
101.6,90.0,3.0,5.0,102.0,0.0,4.8,9.7,3,rural,2,2,0.1,2.1,0.0,4.8,59.5,555.4,7.9,534.2,42
52.0,2900.0,35.0,199.0,71.7,0.0,4.8,12.0,5,rural,2,2,0.2,2.7,0.0,4.8,72.2,1021.2,2.8,812.6,89
47.0,6514.0,226.0,121.0,114.0,0.0,1.5,12.0,4,rural,2,2,0.4,0.0,0.0,1.5,74.5,1590.4,0.5,711.8,103
43.5,6514.0,226.0,121.0,100.5,0.0,1.5,5.0,4,rural,2,2,0.3,0.0,0.0,1.5,74.5,1590.4,0.5,711.8,103
45.9,6514.0,226.0,121.0,116.7,0.0,1.5,5.0,4,small urban,2,2,0.4,0.7,0.0,1.5,74.5,1590.4,0.5,711.8,103
113.5,6514.0,226.0,121.0,121.0,0.0,3.1,11.8,4,small urban,2,2,0.3,1.0,0.0,4.7,74.5,1590.4,0.5,711.8,88
90.0,2019.0,60.0,17.0,97.0,0.0,6.8,23.0,5,rural,2,2,0.2,0.0,0.0,6.8,73.8,798.8,4.8,709.3,61
56.2,286.0,85.0,67.0,113.0,0.0,3.8,8.0,5,rural,2,2,0.1,0.6,0.0,3.8,70.1,821.4,4.1,548.7,72
61.6,301.0,85.0,67.0,132.4,0.0,3.8,8.0,5,rural,2,2,0.2,1.2,0.0,3.8,70.1,821.4,4.1,548.7,72
129.0,516.0,20.0,32.0,156.0,0.0,6.8,13.0,4,urban,2,2,0.6,0.0,0.0,6.8,61.3,498.0,6.9,554.1,50
77.0,605.0,5.0,8.0,97.7,0.0,4.4,14.8,5,rural,2,2,0.1,0.0,0.0,3.5,60.8,577.5,7.3,442.2,23
72.1,236.0,6.0,13.0,78.5,0.0,3.9,9.8,5,rural,2,2,0.1,0.6,0.0,3.9,69.8,866.8,3.7,1023.8,62
78.5,671.0,28.0,39.0,83.5,0.0,4.2,25.0,5,rural,2,2,0.1,0.0,0.0,3.8,61.6,589.7,7.0,568.2,61
66.5,124.0,9.0,15.0,68.0,0.0,4.2,16.0,5,rural,2,2,0.1,0.5,0.0,3.0,61.6,589.7,7.0,568.2,60
118.6,254.0,6.0,14.0,123.7,0.0,3.8,10.0,5,rural,2,2,0.1,0.8,0.0,3.8,62.4,872.2,6.2,483.2,71
58.1,212.0,16.0,59.0,111.2,0.0,3.8,10.5,5,rural,2,2,0.1,1.0,0.0,3.5,59.9,591.7,8.1,467.0,24
52.0,4596.0,134.0,16.0,53.0,0.0,6.9,7.0,5,small urban,2,2,0.1,1.0,0.0,1.8,72.2,1021.2,2.8,812.6,76
75.0,8193.0,73.0,54.0,114.8,0.0,4.3,4.0,5,rural,2,2,0.2,1.7,0.0,2.4,72.2,1021.2,2.8,812.6,73
103.9,1945.0,14.0,48.0,105.8,0.0,4.3,9.0,5,rural,2,2,0.3,0.0,0.0,2.5,65.6,723.5,4.9,601.7,86
67.0,152.0,21.0,7.0,69.0,0.0,4.8,7.8,5,rural,2,2,0.1,5.0,0.0,1.8,66.9,936.4,3.5,499.4,9
88.2,290.0,7.0,3.0,88.8,0.0,3.8,4.5,5,rural,2,3,0.1,1.7,0.0,3.0,69.8,873.3,4.1,695.4,50
139.3,5297.0,160.0,48.0,216.4,0.0,3.3,12.0,4,small urban,2,2,0.3,0.0,0.0,1.5,73.8,798.8,4.8,709.3,72
133.0,5497.0,160.0,48.0,195.0,0.0,3.3,12.0,4,small urban,2,2,0.2,0.0,0.0,1.5,73.8,798.8,4.8,709.3,72
125.6,143.0,13.0,25.0,127.6,0.0,4.2,15.8,5,rural,2,2,0.2,0.8,0.0,4.2,62.4,872.2,6.2,483.2,39
96.8,354.0,21.0,13.0,98.7,0.0,4.2,17.0,5,rural,2,2,0.1,0.7,0.0,4.2,69.8,873.3,4.1,695.4,63
64.8,1071.0,11.0,72.0,65.0,0.0,6.0,12.0,5,rural,2,2,0.1,0.8,0.0,6.0,76.8,722.0,4.4,1027.7,50
65.3,349.0,10.0,14.0,68.0,0.0,6.0,12.0,5,rural,2,2,0.1,0.3,0.0,6.0,76.8,722.0,4.4,1027.7,50
67.4,1155.0,33.0,24.0,68.4,0.0,8.2,10.0,5,rural,2,2,0.1,0.0,0.0,6.6,74.3,731.9,4.7,651.7,80
74.2,3104.0,33.0,24.0,86.8,0.0,8.5,10.0,5,urban,2,2,0.1,0.0,0.0,2.5,74.3,731.9,4.7,651.7,80
44.8,682.0,22.9,9.9,45.8,0.0,5.9,33.3,5,rural,2,2,0.1,0.1,0.0,3.5,56.8,385.2,8.6,549.9,22
127.8,10676.0,170.0,271.0,136.9,0.0,2.4,16.8,5,urban,2,2,0.2,1.9,0.0,2.4,56.8,385.2,8.6,549.9,66
71.5,18589.0,605.0,239.0,128.0,0.0,5.4,15.0,4,small urban,2,2,0.7,4.0,0.0,1.5,73.8,798.8,4.8,709.3,40
70.0,14321.0,396.0,256.0,139.5,0.0,5.4,15.0,4,small urban,2,2,0.5,2.0,0.0,3.9,73.8,798.8,4.8,709.3,40
111.0,170.0,3.0,12.0,217.7,0.0,3.6,10.8,5,rural,2,2,0.1,0.3,0.0,3.6,69.8,866.8,3.7,1023.8,31
134.7,88.0,1.0,1.0,154.8,0.0,3.6,10.8,5,rural,2,2,0.1,2.6,0.0,3.6,69.8,866.8,3.7,1023.8,31
93.0,4742.0,73.0,10.0,100.0,0.0,5.0,6.0,3,urban,2,2,0.1,1.0,0.0,1.8,56.8,385.2,8.6,549.9,17
205.0,43554.0,626.0,334.0,208.0,0.0,4.7,29.9,3,urban,2,2,0.2,0.0,0.0,4.7,56.8,385.2,8.6,549.9,60
66.0,4199.0,98.0,103.0,79.0,0.0,4.8,32.0,4,urban,2,2,0.2,0.5,0.0,4.8,56.8,385.2,8.6,549.9,24
104.0,4703.0,173.0,40.0,118.0,0.0,3.0,6.0,4,urban,2,2,0.0,1.0,0.0,2.0,56.8,385.2,8.6,549.9,38
144.0,4583.0,58.0,28.0,149.0,0.0,6.8,6.0,4,urban,2,2,0.1,2.0,0.0,6.8,56.8,385.2,8.6,549.9,35
133.0,12451.0,155.0,47.0,135.0,0.0,4.0,12.0,4,small urban,2,2,0.3,1.0,0.0,3.0,74.5,1590.4,0.5,711.8,32
120.0,9584.0,194.0,20.0,126.0,0.0,7.8,10.0,3,small urban,2,2,0.4,0.0,0.0,7.8,67.7,832.0,3.6,546.0,103
73.0,1950.0,21.0,26.0,78.0,0.0,2.4,11.0,4,small urban,2,2,0.1,0.0,0.0,2.4,67.7,832.0,3.6,546.0,56
63.0,1528.0,37.0,9.0,66.0,0.0,3.0,11.4,5,small urban,2,2,0.1,1.0,0.0,3.0,67.7,832.0,3.6,546.0,43
109.5,22590.0,601.0,317.0,148.5,0.0,6.7,20.4,3,urban,2,2,0.2,0.0,0.0,6.7,61.3,498.0,6.9,554.1,54
119.2,15181.0,508.0,377.0,129.4,0.0,9.2,6.0,3,urban,2,2,0.2,0.0,0.0,1.8,61.3,498.0,6.9,554.1,80
108.0,13073.0,220.0,300.0,188.5,0.0,7.3,20.0,3,urban,2,2,0.2,0.0,0.0,7.3,61.3,498.0,6.9,554.1,59
188.3,1829.0,72.0,8.0,197.7,0.0,3.3,10.3,4,urban,2,2,0.2,0.0,0.0,1.5,61.3,498.0,6.9,554.1,76
199.0,1298.0,72.0,8.0,210.0,0.0,3.3,6.0,4,urban,2,2,0.4,0.0,0.0,3.3,61.3,498.0,6.9,554.1,89
217.0,1425.0,81.0,10.0,256.0,0.0,4.8,6.0,4,small urban,2,2,0.2,0.0,0.0,4.8,60.8,577.5,7.3,442.2,12
86.0,16976.0,407.0,181.0,87.0,0.0,4.8,11.4,3,small urban,2,2,0.3,3.0,0.0,4.8,73.2,887.3,3.5,710.8,13
66.5,4436.0,459.0,31.0,67.5,0.0,3.0,6.0,4,urban,2,2,0.2,1.5,0.0,3.0,74.3,731.9,4.7,651.7,80
146.0,14523.0,277.0,46.0,160.0,0.0,6.0,12.0,3,urban,2,2,0.3,2.0,0.0,6.0,74.3,731.9,4.7,651.7,46
130.0,655.0,21.0,53.0,140.0,0.0,10.0,6.0,5,urban,6,3,0.0,1.0,0.0,2.0,75.8,280.2,11.5,1194.5,75
98.7,15975.0,1146.0,475.0,102.3,0.0,10.0,6.0,4,urban,6,3,0.3,7.0,0.0,2.0,75.8,280.2,11.5,1194.5,75
73.5,1709.0,130.0,28.0,169.5,0.0,10.0,6.0,6,urban,6,3,0.1,1.0,0.0,2.0,75.8,280.2,11.5,1194.5,75
170.0,4843.0,507.0,25.0,343.0,0.0,10.0,6.0,5,urban,6,3,0.2,4.0,0.0,2.0,75.8,280.2,11.5,1194.5,75
119.4,8328.0,782.0,30.0,168.0,0.0,10.0,6.0,4,urban,6,3,0.1,2.9,0.0,2.0,75.8,280.2,11.5,1194.5,75
123.2,7478.0,443.0,12.0,158.8,0.0,10.0,6.0,4,urban,6,3,0.1,1.0,0.0,2.0,75.8,280.2,11.5,1194.5,75
103.5,24655.0,1305.0,374.0,141.0,0.0,10.0,6.0,4,urban,6,3,0.1,1.0,0.0,2.0,75.8,280.2,11.5,1194.5,75
88.0,2119.0,69.0,171.0,192.0,0.0,10.0,6.0,6,urban,6,3,0.2,19.0,0.0,2.0,75.8,332.0,10.7,1187.0,75
91.3,816.0,26.0,66.0,160.7,0.0,10.0,6.0,6,urban,6,3,0.1,14.0,0.0,2.0,75.8,332.0,10.7,1187.0,75
138.0,1452.0,47.0,117.0,154.0,0.0,10.0,6.0,6,urban,6,3,0.1,12.0,0.0,2.0,75.8,332.0,10.7,1187.0,75
189.3,1907.0,76.0,4.0,201.3,0.0,10.0,6.0,5,urban,6,3,0.1,30.3,0.0,2.0,75.3,227.2,12.2,1246.0,75
144.7,3573.0,268.0,20.0,154.8,0.0,10.0,6.0,5,urban,6,3,0.2,12.4,0.0,2.0,75.3,227.2,12.2,1246.0,75
137.2,8597.0,43.0,80.0,204.2,0.0,10.0,6.0,5,urban,6,3,0.2,4.0,0.0,2.0,77.2,289.2,10.1,1183.5,75
240.7,1391.0,366.0,489.0,255.0,0.0,10.0,6.0,4,urban,6,3,0.1,3.0,0.0,2.0,77.2,289.2,10.1,1183.5,75
201.7,1053.0,18.0,7.0,202.6,0.0,10.0,6.0,5,urban,6,3,0.2,14.9,0.0,2.0,77.2,289.2,10.1,1183.5,75
194.0,13790.0,365.0,62.0,388.0,0.0,10.0,6.0,5,urban,6,3,0.2,3.0,0.0,2.0,77.2,289.2,10.1,1183.5,75
187.3,4511.0,56.0,7.0,205.3,0.0,10.0,6.0,5,urban,6,3,0.1,2.7,0.0,2.0,77.2,289.2,10.1,1183.5,75
202.0,4383.0,221.0,86.0,238.7,0.0,10.0,6.0,4,urban,6,3,0.1,6.3,0.0,2.0,77.2,289.2,10.1,1183.5,75
204.4,4893.0,203.0,55.0,231.4,0.0,10.0,6.0,5,urban,6,3,0.2,5.1,0.0,2.0,77.2,289.2,10.1,1183.5,75
204.0,6061.0,139.0,11.0,286.5,0.0,10.0,6.0,6,urban,6,3,0.1,22.5,0.0,2.0,77.2,289.2,10.1,1183.5,75
57.0,869.0,15.0,15.0,106.3,0.0,10.0,6.0,6,small urban,6,3,0.1,26.7,0.0,2.0,76.1,331.9,10.8,1166.8,75
89.0,603.0,7.0,5.0,116.7,0.0,10.0,6.0,6,small urban,6,3,0.1,8.0,0.0,2.0,76.1,331.9,10.8,1166.8,75
86.8,4276.0,190.0,74.0,116.0,0.0,10.0,6.0,4,urban,6,3,0.1,6.5,0.0,2.0,75.6,317.4,10.8,1179.5,75
82.8,2142.0,69.0,173.0,84.0,0.0,10.0,6.0,6,urban,6,3,0.1,1.0,0.0,2.0,75.6,317.4,10.8,1179.5,75
248.0,24584.0,554.0,111.0,340.0,0.0,10.0,6.0,4,urban,6,3,0.1,2.0,0.0,2.0,75.6,317.4,10.8,1179.5,75
93.5,5946.0,192.0,481.0,102.3,0.0,10.0,6.0,4,urban,6,3,0.3,1.3,0.0,2.0,75.6,317.4,10.8,1179.5,75
192.3,4640.0,132.0,42.0,197.0,0.0,10.0,6.0,4,urban,6,3,0.1,2.0,0.0,2.0,75.6,317.4,10.8,1179.5,75
106.7,1051.0,34.0,85.0,117.3,0.0,10.0,6.0,5,small urban,6,3,0.1,7.0,0.0,2.0,75.0,263.9,11.5,1251.7,75
165.3,4693.0,285.0,68.0,166.0,0.0,10.0,6.0,5,urban,6,3,0.2,36.3,0.0,2.0,75.0,263.9,11.5,1251.7,75
142.0,4910.0,133.0,43.0,161.0,0.0,10.0,6.0,5,urban,6,3,0.1,12.0,0.0,2.0,75.6,317.4,10.8,1179.5,75
143.0,21459.0,322.0,52.0,263.0,0.0,10.0,6.0,4,urban,6,3,0.1,2.0,0.0,2.0,75.6,317.4,10.8,1179.5,75
148.0,9322.0,208.0,14.0,174.5,0.0,10.0,6.0,5,urban,6,3,0.1,2.5,0.0,2.0,75.6,317.4,10.8,1179.5,75
175.8,3813.0,122.0,74.0,199.4,0.0,10.0,6.0,5,urban,6,3,0.4,9.4,0.0,2.0,75.6,317.4,10.8,1179.5,75
99.0,10990.0,107.0,319.0,104.2,0.0,10.0,6.0,4,rural,6,3,0.2,1.0,0.0,2.0,75.7,289.8,11.2,1233.5,75
191.0,21462.0,552.0,267.0,209.0,0.0,10.0,6.0,4,urban,6,3,0.1,3.0,0.0,2.0,75.3,227.2,12.2,1246.0,75
159.0,4972.0,60.0,154.0,192.7,0.0,10.0,6.0,4,urban,6,3,0.2,2.0,0.0,2.0,75.3,227.2,12.2,1246.0,75
216.0,1204.0,50.0,126.0,220.0,0.0,10.0,6.0,4,urban,6,3,0.3,17.0,0.0,2.0,75.3,227.2,12.2,1246.0,75
174.6,8131.0,86.0,100.0,178.8,0.0,10.0,6.0,5,urban,6,3,0.2,6.9,0.0,2.0,75.3,227.2,12.2,1246.0,75
158.7,149.0,18.0,44.0,163.0,0.0,10.0,6.0,4,urban,6,3,0.2,11.3,0.0,2.0,75.3,227.2,12.2,1246.0,75
153.8,9399.0,324.0,214.0,170.5,0.0,10.0,6.0,5,urban,6,3,0.2,6.8,0.0,2.0,75.3,227.2,12.2,1246.0,75
124.0,6145.0,199.0,497.0,132.0,0.0,10.0,6.0,3,urban,6,3,0.2,1.0,0.0,2.0,75.3,227.2,12.2,1246.0,75
142.7,1415.0,32.0,8.0,157.0,0.0,10.0,6.0,6,urban,6,3,0.2,4.8,0.0,2.0,75.9,339.0,10.3,1231.6,75
140.5,1306.0,7.0,7.0,197.0,0.0,10.0,6.0,4,urban,6,3,0.1,6.0,0.0,2.0,75.9,339.0,10.3,1231.6,75
140.0,5094.0,83.0,76.0,181.3,0.0,10.0,6.0,4,urban,6,3,0.2,19.3,0.0,2.0,76.7,380.8,9.6,1347.3,75
71.9,2645.0,130.0,101.0,191.3,0.0,10.0,6.0,6,urban,6,3,0.1,30.1,0.0,2.0,76.7,380.8,9.6,1347.3,75
77.5,6482.0,210.0,524.0,82.2,0.0,10.0,6.0,5,urban,6,3,0.1,2.8,0.0,2.0,74.6,175.9,12.7,1202.9,75
259.0,2107.0,34.0,1.0,268.0,0.0,10.0,6.0,5,urban,6,3,0.1,10.0,0.0,2.0,74.6,175.9,12.7,1202.9,75
84.5,9292.0,203.0,267.0,135.0,0.0,10.0,6.0,4,urban,6,3,0.2,11.7,0.0,2.0,75.6,310.8,10.9,1231.6,75
88.0,11995.0,165.0,155.0,130.2,0.0,10.0,6.0,4,urban,6,3,0.3,25.0,0.0,2.0,75.6,310.8,10.9,1231.6,75
126.0,4412.0,79.0,101.0,168.0,0.0,10.0,6.0,6,urban,6,3,0.1,8.5,0.0,2.0,75.6,310.8,10.9,1231.6,75
194.0,932.0,25.0,3.0,206.0,0.0,10.0,6.0,5,urban,6,3,0.2,4.3,0.0,2.0,77.2,289.2,10.1,1183.5,75
44.5,3943.0,52.0,9.0,84.0,0.0,10.0,6.0,5,urban,6,3,0.2,16.0,0.0,2.0,74.8,388.0,10.1,1082.3,75
105.5,4645.0,94.0,29.0,117.3,0.0,10.0,6.0,5,urban,6,3,0.2,7.0,0.0,2.0,74.8,388.0,10.1,1082.3,75
134.5,1479.0,159.0,33.0,135.0,0.0,10.0,6.0,5,urban,6,3,0.1,1.0,0.0,2.0,74.8,388.0,10.1,1082.3,75
72.9,3507.0,76.0,12.0,117.1,0.0,10.0,6.0,5,urban,6,3,0.2,15.3,0.0,2.0,74.8,388.0,10.1,1082.3,75
112.1,2354.0,83.0,34.0,115.4,0.0,10.0,6.0,4,urban,6,2,0.1,12.6,0.0,2.0,74.8,388.0,10.1,1082.3,75
239.7,6823.0,139.0,55.0,257.3,0.0,10.0,6.0,4,urban,6,3,0.1,1.0,0.0,2.0,74.8,388.0,10.1,1082.3,75
58.0,3026.0,51.0,64.0,73.5,0.0,10.0,6.0,5,urban,6,3,0.1,1.0,0.0,2.0,74.8,388.0,10.1,1082.3,75
102.0,1831.0,29.0,36.0,107.0,0.0,10.0,6.0,6,urban,6,3,0.1,11.0,0.0,2.0,74.8,388.0,10.1,1082.3,75
164.0,19032.0,224.0,353.0,259.0,0.0,10.0,6.0,4,urban,6,3,0.2,4.0,0.0,2.0,74.8,388.0,10.1,1082.3,75
83.0,10619.0,438.0,1104.0,143.2,0.0,10.0,6.0,5,urban,6,3,0.2,26.0,0.0,2.0,76.2,384.0,9.8,1249.2,75
145.5,1373.0,14.0,6.0,261.0,0.0,10.0,6.0,5,urban,6,3,0.2,27.7,0.0,2.0,76.2,384.0,9.8,1249.2,75
198.0,1882.0,34.0,43.0,267.0,0.0,10.0,6.0,6,urban,6,3,0.1,5.0,0.0,2.0,76.5,376.7,9.9,1235.4,75
74.0,6957.0,107.0,107.0,99.0,0.0,10.0,6.0,4,urban,6,3,0.1,2.0,0.0,2.0,76.1,331.9,10.8,1166.8,75
108.1,11377.0,174.0,173.0,113.3,0.0,10.0,6.0,4,urban,6,3,0.2,2.7,0.0,2.0,76.1,331.9,10.8,1166.8,75
202.7,1900.0,47.0,11.0,218.0,0.0,10.0,6.0,5,urban,6,3,0.2,7.0,0.0,2.0,75.8,280.2,11.5,1194.5,75
112.7,15147.0,96.0,71.0,153.5,0.0,10.0,6.0,4,urban,6,3,0.1,6.0,0.0,2.0,75.8,280.2,11.5,1194.5,75
89.0,11332.0,124.0,511.0,379.0,0.0,10.0,6.0,5,urban,6,3,0.2,3.0,0.0,2.0,75.8,280.2,11.5,1194.5,75
50.7,15428.0,251.0,824.0,77.7,0.0,10.0,6.0,2,urban,6,3,0.1,1.3,0.0,2.0,75.8,280.2,11.5,1194.5,75
98.6,1571.0,60.0,7.0,119.5,0.0,10.0,6.0,5,urban,6,3,0.1,1.0,0.0,2.0,76.5,393.3,9.8,1269.4,75
113.0,2849.0,30.0,8.0,117.0,0.0,10.0,6.0,5,urban,6,3,0.1,6.0,0.0,2.0,76.4,371.3,10.1,1247.1,75
88.5,908.0,52.0,35.0,102.4,0.0,10.0,6.0,5,rural,6,3,0.2,3.4,0.0,2.0,75.4,275.8,11.4,1202.2,75
115.9,1463.0,41.0,23.0,132.3,0.0,10.0,6.0,5,urban,6,3,0.2,5.3,0.0,2.0,76.5,393.3,9.8,1269.4,75
162.8,963.0,6.0,18.0,164.6,0.0,10.0,6.0,4,urban,6,3,0.2,2.8,0.0,2.0,76.5,393.3,9.8,1269.4,75
92.6,3612.0,177.0,194.0,211.0,0.0,10.0,6.0,5,urban,6,3,0.2,30.8,0.0,2.0,76.5,393.3,9.8,1269.4,75
101.2,12108.0,320.0,442.0,122.2,0.0,10.0,6.0,4,urban,6,3,0.2,1.0,0.0,2.0,76.5,393.3,9.8,1269.4,75
114.5,12130.0,392.0,981.0,356.0,0.0,10.0,6.0,5,urban,6,3,0.3,12.0,0.0,2.0,76.5,393.3,9.8,1269.4,75
187.8,3467.0,49.0,48.0,354.2,0.0,10.0,6.0,5,urban,6,2,0.2,12.0,0.0,2.0,76.5,393.3,9.8,1269.4,75
172.0,870.0,25.0,6.0,185.0,0.0,10.0,6.0,6,urban,6,3,0.4,1.0,0.0,2.0,76.5,393.3,9.8,1269.4,75
105.4,1721.0,69.0,8.0,107.8,0.0,10.0,6.0,6,urban,6,3,0.2,1.0,0.0,2.0,76.5,393.3,9.8,1269.4,75
166.9,3717.0,72.0,42.0,177.4,0.0,10.0,6.0,5,urban,6,3,0.1,1.4,0.0,2.0,76.5,393.3,9.8,1269.4,75
123.0,6492.0,91.0,218.0,356.0,0.0,10.0,6.0,5,urban,6,3,0.2,14.0,0.0,2.0,76.5,393.3,9.8,1269.4,75
328.0,1049.0,34.0,85.0,391.0,0.0,10.0,6.0,4,urban,6,3,0.1,24.0,0.0,2.0,76.5,393.3,9.8,1269.4,75
109.7,11730.0,94.0,422.0,121.0,0.0,10.0,6.0,4,urban,6,3,0.1,5.0,0.0,2.0,76.5,393.3,9.8,1269.4,75
97.0,19650.0,585.0,606.0,234.2,0.0,10.0,6.0,4,urban,6,3,0.4,3.2,0.0,2.0,76.5,393.3,9.8,1269.4,75
126.0,9121.0,135.0,313.0,212.0,0.0,10.0,6.0,4,urban,6,3,0.3,8.5,0.0,2.0,76.5,393.3,9.8,1269.4,75
122.0,13453.0,313.0,387.0,145.0,0.0,10.0,6.0,4,urban,6,3,0.1,1.0,0.0,2.0,76.5,393.3,9.8,1269.4,75
213.3,10557.0,580.0,971.0,232.0,0.0,10.0,6.0,5,urban,6,3,0.2,15.0,0.0,2.0,76.5,393.3,9.8,1269.4,75
99.2,8533.0,131.0,222.0,154.7,0.0,10.0,6.0,4,urban,6,3,0.2,5.6,0.0,2.0,76.5,393.3,9.8,1269.4,75
65.0,3284.0,58.0,35.0,66.0,0.0,10.0,6.0,4,urban,6,3,0.1,1.0,0.0,2.0,76.5,393.3,9.8,1269.4,75
193.4,3266.0,205.0,129.0,196.0,0.0,10.0,6.0,5,urban,6,3,0.2,11.2,0.0,2.0,76.5,393.3,9.8,1269.4,75
95.2,26492.0,1033.0,1060.0,111.0,0.0,6.0,12.0,3,urban,6,2,0.1,0.0,0.0,1.5,67.2,0.0,24.0,650.1,23
75.3,16912.0,237.0,203.0,169.8,0.0,6.0,10.0,3,rural,6,2,0.2,0.8,0.0,3.0,68.3,2.4,19.9,1025.2,17
122.2,5388.0,129.0,156.0,125.7,0.0,6.0,8.0,3,urban,6,2,0.2,0.1,0.0,1.5,67.6,1.1,20.3,894.7,45
78.0,20821.0,396.0,812.0,99.0,0.0,6.0,12.0,3,urban,6,2,0.1,0.0,0.0,1.5,68.1,3.8,19.6,973.3,10
71.5,25889.0,518.0,155.0,75.1,0.0,6.0,12.0,3,urban,6,2,0.2,0.0,0.0,1.5,73.2,8.6,18.5,1160.7,19
50.0,44961.0,2428.0,494.0,57.0,0.0,5.5,48.0,1,small urban,6,2,0.2,4.0,0.0,1.5,81.9,776.7,6.5,1396.5,66
47.0,46655.0,2519.0,514.0,52.0,0.0,5.5,48.0,1,small urban,6,2,0.3,4.0,0.0,1.5,81.9,776.7,6.5,1396.5,66
38.8,46655.0,2519.0,514.0,46.8,0.0,5.5,48.0,1,rural,6,2,0.3,1.0,0.0,1.5,81.9,776.7,6.5,1396.5,66
39.4,40740.0,2201.0,448.0,45.5,0.0,5.5,36.0,1,rural,6,2,0.2,3.9,0.0,1.5,81.9,776.7,6.5,1396.5,67
43.6,40087.0,2164.0,441.0,49.9,0.0,6.5,24.0,1,rural,6,2,0.4,4.1,0.0,3.0,81.9,776.7,6.5,1396.5,18
40.8,37674.0,2034.0,415.0,46.8,0.0,0.0,24.0,1,rural,6,2,0.3,13.3,0.0,1.0,81.9,776.7,6.5,1396.5,18
33.6,22134.0,1195.0,243.0,38.0,0.0,6.5,39.0,1,rural,6,3,0.2,1.4,0.0,1.0,81.9,776.7,6.5,1396.5,31
37.7,22134.0,1195.0,243.0,60.7,0.0,5.5,36.0,1,rural,6,2,0.3,4.7,0.0,4.0,81.9,776.7,6.5,1396.5,59
39.3,19410.0,1048.0,213.0,42.3,0.0,5.5,36.0,1,rural,6,2,0.2,3.6,0.0,1.0,81.9,776.7,6.5,1396.5,58
40.0,18450.0,996.0,202.0,41.5,0.0,6.5,42.0,1,rural,6,3,0.2,1.5,0.0,1.0,81.9,776.7,6.5,1396.5,23
38.2,21543.0,1164.0,238.0,39.8,0.0,6.5,36.0,1,rural,6,2,0.2,0.7,0.0,1.0,81.9,776.7,6.5,1396.5,66
39.0,22766.0,1230.0,250.0,40.3,0.0,5.5,36.0,1,rural,6,2,0.2,1.9,0.0,1.0,83.6,978.5,5.1,1469.2,67
44.6,30986.0,1673.0,341.0,62.6,0.0,5.5,36.0,1,small urban,6,2,0.5,2.3,0.0,1.0,83.6,978.5,5.1,1469.2,60
35.4,89475.0,4831.0,983.0,35.5,0.0,5.5,36.0,1,urban,6,2,0.1,0.0,0.0,1.0,79.2,482.5,8.5,1306.4,11
32.5,73697.0,3980.0,811.0,41.0,0.0,5.5,36.0,1,urban,6,2,0.1,0.0,0.0,1.0,79.2,482.5,8.5,1306.4,11
33.0,73697.0,3980.0,811.0,48.0,0.0,5.5,36.0,1,urban,6,2,0.2,0.0,0.0,1.5,79.2,482.5,8.5,1306.4,11
38.7,73868.0,3989.0,813.0,41.1,0.0,5.5,36.0,1,urban,6,2,0.2,2.8,0.0,1.5,79.2,482.5,8.5,1306.4,11
37.2,79071.0,4269.0,869.0,56.6,0.0,5.5,36.0,1,rural,6,2,0.2,4.8,0.0,1.0,79.2,482.5,8.5,1306.4,11
47.1,79071.0,4269.0,869.0,67.6,0.0,5.5,36.0,1,urban,6,2,0.2,0.7,0.0,1.0,79.5,622.1,7.5,1291.3,62
40.3,46387.0,2505.0,510.0,41.9,0.0,5.5,36.0,1,small urban,6,2,0.2,1.3,0.0,1.5,81.9,776.7,6.5,1396.5,63
33.7,35888.0,1938.0,395.0,34.8,0.0,0.0,24.0,1,rural,6,2,0.1,0.0,0.0,1.5,81.9,776.7,6.5,1396.5,19
36.0,34788.0,1879.0,383.0,44.4,0.0,5.5,8.0,1,rural,6,3,0.2,3.7,0.0,1.5,81.9,776.7,6.5,1396.5,32
32.7,27033.0,1460.0,297.0,36.1,0.0,5.5,6.0,1,rural,6,3,0.2,7.0,0.0,1.0,81.0,695.3,7.1,1354.0,32
35.5,26870.0,1451.0,296.0,46.2,0.0,5.5,5.0,1,rural,6,3,0.2,7.6,0.0,1.0,81.0,695.3,7.1,1354.0,29
35.5,21008.0,1134.0,231.0,40.9,0.0,5.5,6.0,1,rural,6,3,0.3,6.4,0.0,1.0,81.0,695.3,7.1,1354.0,28
39.7,18182.0,982.0,200.0,42.8,0.0,6.5,42.0,1,rural,6,3,0.3,1.0,0.0,1.0,83.6,978.5,5.1,1469.2,22
38.5,9683.0,523.0,107.0,41.6,0.0,6.5,35.0,1,rural,6,2,0.1,0.2,0.0,1.0,83.6,978.5,5.1,1469.2,44
44.5,8159.0,441.0,89.0,48.0,0.0,5.5,36.0,1,rural,6,2,0.1,4.0,0.0,1.0,83.6,978.5,5.1,1469.2,66
37.4,7905.0,427.0,87.0,39.2,0.0,2.5,48.0,1,rural,6,2,0.1,0.0,0.0,2.5,83.6,978.5,5.1,1469.2,42
49.2,90515.0,4889.0,997.0,51.0,0.0,5.5,48.0,1,urban,6,2,0.2,0.8,0.0,1.5,79.5,622.1,7.5,1291.3,17
46.4,11435.0,250.0,2480.0,62.6,12.0,0.0,2.0,1,rural,3,3,0.0,0.0,0.0,4.0,69.2,1296.4,5.2,666.8,11
49.3,14450.0,270.0,2320.0,95.8,11.0,0.0,8.0,1,urban,3,2,0.0,0.0,0.0,0.0,69.2,1296.4,5.2,666.8,16
35.2,6345.0,165.0,1585.0,81.8,10.0,0.0,4.0,1,rural,3,2,0.0,0.0,0.0,0.0,69.2,1296.4,5.2,666.8,34
36.8,4930.0,95.0,1485.0,49.0,10.0,0.0,8.0,1,rural,3,3,0.0,0.0,0.0,0.0,69.7,1406.5,4.5,655.7,26
44.8,4530.0,140.0,1530.0,50.3,9.0,0.0,8.0,1,rural,3,3,0.0,0.0,0.0,0.0,69.7,1406.5,4.5,655.7,30
44.1,4000.0,160.0,1090.0,46.3,9.0,4.0,3.0,1,rural,7,2,0.1,0.0,0.0,4.0,63.2,751.1,7.1,539.7,62
36.6,4000.0,160.0,1090.0,39.8,9.0,4.0,3.0,1,rural,7,2,0.1,0.0,0.0,2.0,63.2,751.1,7.1,539.7,62
52.8,9125.0,460.0,1425.0,59.4,10.5,0.0,12.0,1,rural,3,2,0.0,0.0,0.0,0.0,62.8,691.9,7.3,553.5,17
44.4,7305.0,320.0,1460.0,53.0,9.0,3.0,8.0,1,small urban,7,3,0.1,0.0,0.0,3.0,62.8,691.9,7.3,553.5,25
44.0,7730.0,710.0,1760.0,54.0,9.0,3.0,8.0,1,small urban,7,3,0.1,0.0,0.0,3.0,62.8,691.9,7.3,553.5,25
39.6,8060.0,350.0,1510.0,51.0,9.0,3.0,8.0,1,small urban,7,3,0.1,0.0,0.0,3.0,62.8,691.9,7.3,553.5,25
41.4,8060.0,350.0,1510.0,53.8,9.0,3.0,8.0,1,rural,7,3,0.1,0.0,0.0,3.0,62.8,691.9,7.3,553.5,25
35.0,7885.0,290.0,2225.0,36.5,10.5,3.0,8.0,1,rural,7,2,0.1,0.0,0.0,3.0,62.8,691.9,7.3,553.5,26
51.9,8110.0,250.0,1940.0,57.2,10.5,0.0,8.0,1,rural,3,2,0.0,0.0,0.0,0.0,62.8,691.9,7.3,553.5,16
46.6,8110.0,250.0,1940.0,55.7,10.5,0.0,8.0,1,rural,3,2,0.0,0.0,0.0,0.0,64.6,814.8,7.2,593.8,16
47.5,6415.0,395.0,1670.0,61.9,9.0,0.0,8.0,1,rural,3,3,0.0,0.0,0.0,0.0,64.6,814.8,7.2,593.8,26
53.9,7630.0,230.0,1750.0,66.5,9.0,0.0,8.0,1,rural,3,3,0.0,0.0,0.0,0.0,64.6,814.8,7.2,593.8,26
35.0,9440.0,560.0,1980.0,42.6,11.0,0.0,8.0,1,rural,3,2,0.0,0.0,0.0,0.0,64.6,814.8,7.2,593.8,21
39.5,9415.0,310.0,2360.0,42.0,7.0,5.0,3.0,1,urban,7,2,0.1,0.0,0.0,2.0,66.1,980.8,6.4,611.0,29
37.4,7865.0,390.0,2220.0,64.8,10.0,3.0,3.0,1,rural,7,2,0.1,0.2,0.0,3.0,66.9,1043.4,6.1,612.6,66
50.2,8580.0,305.0,2200.0,55.8,9.0,0.0,8.0,1,rural,3,2,0.0,0.0,0.0,0.0,67.2,1075.7,6.0,622.1,27
42.3,9400.0,490.0,2160.0,50.0,10.0,2.0,6.0,1,small urban,7,2,0.0,0.0,0.0,2.0,67.2,1075.7,6.0,622.1,32
60.1,8060.0,420.0,1820.0,69.0,11.0,0.0,8.0,1,small urban,3,2,0.0,0.0,0.0,0.0,67.2,1075.7,6.0,622.1,32
64.1,8725.0,440.0,1820.0,68.0,11.0,0.0,8.0,1,small urban,3,2,0.0,0.0,0.0,0.0,67.2,1075.7,6.0,622.1,32
84.1,9560.0,160.0,2600.0,97.8,10.0,0.0,12.0,1,small urban,3,3,0.0,0.0,0.0,0.0,68.3,1116.1,5.9,674.0,24
73.4,9560.0,245.0,2380.0,84.1,10.0,0.0,12.0,1,small urban,3,3,0.0,0.0,0.0,0.0,68.3,1116.1,5.9,674.0,24
57.9,10800.0,330.0,2540.0,62.3,8.0,4.0,3.0,1,rural,7,2,0.1,0.2,0.0,2.0,68.3,1116.1,5.9,674.0,64
57.6,12290.0,320.0,3230.0,64.4,8.0,4.0,3.0,1,rural,7,2,0.1,0.3,0.0,2.0,68.3,1116.1,5.9,674.0,64
56.8,12380.0,160.0,2760.0,68.4,11.5,0.0,8.0,1,rural,3,2,0.0,0.0,0.0,0.0,69.0,1122.7,6.1,696.1,17
92.7,14170.0,460.0,3055.0,99.9,11.5,0.0,8.0,1,rural,3,2,0.0,0.0,0.0,0.0,69.0,1122.7,6.1,696.1,17
86.4,15510.0,650.0,3050.0,94.6,10.0,0.0,8.0,1,rural,3,2,0.0,0.0,0.0,0.0,69.0,1122.7,6.1,696.1,23
78.0,72804.0,1428.0,3186.0,80.0,11.0,0.0,12.0,1,urban,3,3,0.0,0.0,0.0,0.0,69.0,1122.7,6.1,696.1,32
75.6,77560.0,1076.0,4095.0,77.8,10.0,0.0,12.0,1,urban,3,2,0.0,0.0,0.0,0.0,69.0,1122.7,6.1,696.1,35
110.3,73510.0,1076.0,4095.0,118.0,11.0,0.0,15.0,1,urban,3,3,0.0,0.0,0.0,0.0,69.0,1122.7,6.1,696.1,33
98.7,5489.0,187.0,2421.0,102.5,0.0,7.5,12.0,1,rural,2,2,0.3,0.0,0.0,4.5,42.5,5.3,18.7,344.6,73
73.3,7568.0,280.0,2830.0,78.2,0.0,7.5,16.0,1,small urban,2,2,0.2,0.0,0.0,3.0,48.1,5.6,17.7,410.9,73
62.0,6178.0,253.0,2570.0,81.0,0.0,7.5,16.0,1,small urban,2,2,0.2,0.0,0.0,3.0,48.1,5.6,17.7,410.9,33
51.2,9602.0,298.0,3524.0,56.2,0.0,7.5,12.0,1,rural,6,2,0.2,0.0,0.0,4.5,62.6,4.9,18.6,637.4,55
51.0,13415.0,376.0,4172.0,104.9,0.0,7.5,12.0,1,small urban,6,2,0.2,1.1,0.0,3.0,66.3,3.7,18.7,835.5,73
57.4,35115.0,1826.0,9025.0,63.2,0.0,7.5,16.0,1,rural,6,2,0.3,1.6,0.0,4.5,69.2,1.1,20.6,975.2,22
35.2,19139.0,976.0,4919.0,35.7,0.0,7.5,12.0,1,small urban,2,2,0.0,0.0,0.0,3.0,44.3,4.5,19.5,329.1,73
57.0,59916.0,2157.0,2636.0,63.0,0.0,7.5,16.0,1,urban,2,2,0.1,1.0,0.0,3.0,67.6,1.1,20.3,894.7,66
106.7,303.0,20.0,40.0,108.7,0.0,6.0,6.0,5,rural,2,2,0.1,0.1,0.0,2.0,66.5,1159.0,5.3,573.7,48
57.0,86.0,11.0,2.0,58.8,0.0,4.0,6.0,5,rural,2,2,0.1,0.0,0.0,2.0,67.8,1172.3,5.5,628.4,26
130.7,348.0,21.0,6.0,131.9,0.0,6.0,6.0,5,rural,2,2,0.1,0.6,0.0,2.0,66.1,980.8,6.4,611.0,34
177.7,16705.0,206.0,16.0,192.5,8.0,0.0,24.0,3,urban,3,2,0.0,0.0,0.1,2.0,66.1,980.8,6.4,611.0,27
84.0,200.0,20.0,30.0,84.1,0.0,6.0,6.0,5,rural,2,2,0.0,0.0,0.0,2.0,64.0,994.6,6.0,503.4,39
60.2,115.0,25.0,35.0,61.0,0.0,6.0,6.0,5,rural,2,2,0.1,0.0,0.0,2.0,64.0,994.6,6.0,503.4,39
89.7,250.0,17.0,44.0,92.3,0.0,8.0,6.0,5,rural,2,2,0.1,5.5,0.0,1.5,68.8,1209.7,5.4,658.1,59
122.5,30697.0,1787.0,829.0,127.5,9.0,0.0,4.0,3,urban,3,2,0.0,0.0,0.4,2.0,69.0,1122.7,6.1,696.1,17
115.0,19431.0,759.0,393.0,131.5,9.5,0.0,16.0,3,urban,3,2,0.0,0.0,0.2,2.0,66.1,980.8,6.4,611.0,14
152.7,44.0,6.0,1.0,153.8,0.0,4.0,6.0,5,rural,2,2,0.1,3.8,0.0,2.0,67.5,955.6,6.4,615.4,53
101.5,166.0,6.0,6.0,106.8,0.0,4.0,6.0,5,rural,2,2,0.1,19.2,0.0,2.0,69.1,1311.6,5.0,653.4,32
69.9,245.0,35.0,30.0,72.9,0.0,2.0,6.0,5,rural,2,2,0.1,0.2,0.0,2.0,66.7,1150.6,5.1,580.5,29
77.0,103.0,11.0,16.0,80.1,0.0,2.0,6.0,5,rural,2,2,0.1,4.8,0.0,2.0,66.3,882.6,7.0,584.6,30
272.0,480.0,59.0,26.0,306.0,0.0,6.0,6.0,5,rural,2,2,0.1,7.0,0.0,2.0,67.7,1005.4,7.0,674.2,27
153.2,3225.0,174.0,36.0,155.0,0.0,3.0,24.0,5,urban,6,3,0.2,0.2,0.0,3.0,79.5,622.1,7.5,1291.3,14
133.5,5720.0,310.0,63.0,191.5,0.0,3.0,24.0,4,urban,6,2,0.1,7.0,0.0,3.5,79.5,622.1,7.5,1291.3,17
173.5,6564.0,355.0,73.0,187.5,0.0,5.0,24.0,4,urban,6,2,0.1,0.0,0.0,1.0,79.5,622.1,7.5,1291.3,34
62.0,12485.0,673.0,136.0,84.0,0.0,3.0,36.0,4,urban,6,2,0.1,1.0,0.0,1.5,81.0,695.3,7.1,1354.0,18
121.7,335.0,10.0,10.0,137.5,0.0,4.0,6.0,5,rural,2,2,0.2,0.0,0.0,2.0,64.7,841.2,6.8,580.9,30
142.0,1685.0,45.0,35.0,180.5,0.0,4.0,6.0,5,rural,2,2,0.1,1.7,0.0,2.0,64.7,841.2,6.8,580.9,30
122.6,824.0,61.0,21.0,123.1,0.0,6.0,6.0,5,rural,2,2,0.1,0.0,0.0,2.0,68.2,1279.8,5.1,626.0,50
171.0,35646.0,527.0,261.0,176.0,7.0,0.0,5.0,3,urban,3,2,0.0,0.0,0.2,0.0,69.0,1122.7,6.1,696.1,15
157.0,35646.0,515.0,249.0,170.0,7.0,0.0,5.0,3,urban,3,2,0.0,0.0,0.2,0.0,69.0,1122.7,6.1,696.1,15
51.1,1085.0,65.0,75.0,51.8,0.0,4.0,4.0,5,rural,2,2,0.1,0.2,0.0,2.0,62.8,691.9,7.3,553.5,42
130.5,1575.0,100.0,40.0,170.0,0.0,6.0,6.0,5,rural,2,2,0.1,0.5,0.0,2.0,64.0,994.6,6.0,503.4,48
122.0,2969.0,51.0,66.0,133.7,0.0,4.0,2.0,3,urban,2,2,0.1,3.3,0.0,2.0,69.2,1296.4,5.2,666.8,30
147.0,4411.0,157.0,132.0,149.5,0.0,4.0,4.0,3,urban,2,2,0.2,2.5,0.0,2.0,69.2,1296.4,5.2,666.8,20
81.7,51.0,10.0,6.0,143.8,0.0,4.0,6.0,5,rural,2,2,0.2,4.8,0.0,2.0,65.4,913.1,6.6,606.9,41
84.2,11569.0,456.0,186.0,107.9,0.0,2.0,12.0,4,urban,6,2,0.1,0.9,0.0,2.0,54.3,597.0,6.3,398.0,44
118.6,426.0,51.0,21.0,119.4,0.0,2.0,12.0,5,rural,6,2,0.1,0.7,0.0,2.0,54.3,597.0,6.3,398.0,52
45.8,6067.0,520.0,202.0,46.3,0.0,10.5,12.0,4,rural,6,2,0.1,0.1,0.0,3.0,63.7,1237.0,1.8,836.9,34
63.1,530.0,11.0,1.0,63.4,0.0,3.0,12.0,5,rural,6,2,0.1,0.1,0.0,2.0,68.9,1405.8,1.5,1213.8,8
58.0,172.0,20.0,2.0,59.3,0.0,3.0,12.0,5,rural,6,2,0.0,0.0,0.0,2.0,68.9,1405.8,1.5,1213.8,8
113.6,821.0,70.0,27.0,138.1,0.0,5.9,12.0,4,rural,6,2,0.1,1.7,0.0,1.1,57.5,903.2,3.5,517.0,59
56.0,8800.0,342.0,26.0,57.1,0.0,5.0,12.0,4,rural,6,2,0.1,0.4,0.0,2.0,70.8,1442.5,1.2,967.3,48
61.4,673.0,41.0,29.0,61.5,0.0,4.5,12.0,5,rural,6,2,0.0,1.4,0.0,2.0,51.9,314.7,9.2,287.2,26
68.5,883.0,37.0,29.0,72.6,0.0,4.2,12.0,5,rural,6,2,0.1,0.6,0.0,2.0,51.9,314.7,9.2,287.2,26
97.0,8433.0,160.0,5.0,102.0,8.0,0.0,6.0,4,small urban,3,2,0.0,0.0,0.1,9.0,63.7,1237.0,1.8,836.9,38
92.5,2000.0,223.0,91.0,102.5,0.0,4.0,12.0,5,rural,6,2,0.1,0.2,0.0,5.0,63.7,1237.0,1.8,836.9,10
159.4,512.0,62.0,25.0,159.5,0.0,4.0,12.0,5,rural,6,2,0.2,11.5,0.0,3.2,63.7,1237.0,1.8,836.9,24
121.2,357.0,43.0,17.0,125.8,0.0,7.5,12.0,5,rural,6,2,0.1,0.2,0.0,1.0,63.2,975.2,3.8,470.2,26
53.4,1272.0,24.0,1.0,59.2,0.0,8.0,12.0,4,small urban,6,2,0.1,0.0,0.0,2.0,50.9,292.2,9.4,366.9,73
80.1,1618.0,138.0,53.0,87.0,0.0,7.0,12.0,4,rural,6,2,0.1,8.0,0.0,2.5,57.9,769.8,5.5,553.1,62
83.0,800.0,68.0,26.0,83.8,0.0,7.1,12.0,4,rural,6,2,0.2,1.3,0.0,2.5,58.3,455.1,8.3,533.1,27
79.8,1385.0,118.0,46.0,83.5,0.0,8.0,12.0,4,rural,6,2,0.0,0.0,0.0,3.0,58.3,455.1,8.3,533.1,27
66.8,472.0,40.0,15.0,67.6,0.0,6.0,12.0,4,rural,6,2,0.1,0.5,0.0,2.0,57.9,769.8,5.5,553.1,24
105.0,8058.0,144.0,5.0,107.8,8.5,0.0,6.0,4,urban,3,2,0.0,19.2,0.0,5.5,54.3,597.0,6.3,398.0,12
85.0,11319.0,2865.0,381.0,98.0,10.5,0.0,6.0,1,urban,3,2,0.0,0.0,0.0,8.0,52.8,337.1,8.2,623.9,38
90.0,11773.0,2980.0,396.0,109.8,10.5,0.0,6.0,1,urban,3,2,0.0,2.5,0.0,7.5,52.8,337.1,8.2,623.9,27
84.0,8457.0,2141.0,285.0,134.5,10.5,0.0,6.0,1,urban,3,2,0.0,12.5,0.0,7.5,52.8,337.1,8.2,623.9,27
130.0,23026.0,3784.0,1319.0,139.0,9.0,0.0,6.0,1,urban,3,2,0.0,5.0,0.1,4.5,54.3,597.0,6.3,398.0,36
49.6,6054.0,995.0,347.0,51.6,0.0,12.0,12.0,1,urban,6,2,0.1,1.4,0.0,3.0,54.3,597.0,6.3,398.0,45
60.1,1356.0,74.0,11.0,89.0,0.0,4.5,12.0,3,rural,6,2,0.2,0.0,0.0,2.0,75.8,1678.8,-0.1,908.4,90
58.3,348.0,57.0,15.0,66.8,0.0,3.0,12.0,5,small urban,2,2,0.2,0.0,0.0,2.5,57.9,769.8,5.5,553.1,17
71.5,348.0,57.0,15.0,75.3,0.0,3.0,12.0,5,rural,2,2,0.2,0.0,0.0,2.5,57.9,769.8,5.5,553.1,17
65.2,331.0,55.0,12.0,70.9,0.0,3.0,12.0,5,rural,2,2,0.2,0.0,0.0,2.5,57.9,769.8,5.5,553.1,17
68.9,1486.0,80.0,36.0,69.8,0.0,6.0,12.0,3,rural,6,2,0.1,0.0,0.0,2.5,58.3,455.1,8.3,533.1,59
89.1,540.0,65.0,27.0,89.4,0.0,5.5,12.0,5,rural,6,2,0.1,6.3,0.0,2.4,56.2,581.1,6.5,649.8,48
65.9,108.0,13.0,5.0,66.8,0.0,3.5,10.0,5,rural,6,3,0.2,0.0,0.0,2.0,56.2,581.1,6.5,649.8,48
175.0,17000.0,614.0,251.0,183.0,0.0,6.0,12.0,3,small urban,6,2,0.0,35.0,0.0,2.0,68.2,1260.1,2.2,615.7,12
100.3,843.0,102.0,42.0,249.8,0.0,5.4,12.0,5,rural,6,2,0.3,0.0,0.0,2.0,51.2,226.1,10.3,542.2,66
70.5,13425.0,5267.0,824.0,93.5,16.5,0.0,6.0,1,rural,3,2,0.0,15.0,0.0,17.0,63.7,1237.0,1.8,836.9,30
76.5,13298.0,5217.0,816.0,119.8,16.5,0.0,6.0,1,rural,3,2,0.0,2.7,0.0,17.0,63.7,1237.0,1.8,836.9,30
67.0,25281.0,6564.0,1576.0,114.0,13.0,13.0,12.0,1,small urban,7,2,0.1,0.0,0.0,4.5,57.5,903.2,3.5,517.0,37
95.0,25281.0,6564.0,1576.0,103.9,13.0,13.0,12.0,1,rural,7,2,0.1,0.0,0.0,4.5,57.5,903.2,3.5,517.0,37
96.0,25281.0,6564.0,1576.0,98.0,13.0,13.0,12.0,1,small urban,7,2,0.1,0.0,0.0,4.5,57.5,903.2,3.5,517.0,37
33.4,14002.0,6837.0,780.0,72.9,0.0,15.0,10.8,1,rural,6,3,0.1,3.0,0.0,3.7,52.8,337.1,8.2,623.9,62
39.4,14164.0,6916.0,789.0,62.0,0.0,12.0,12.0,1,rural,6,2,0.1,3.8,0.0,2.5,52.8,337.1,8.2,623.9,22
37.8,14171.0,6919.0,789.0,53.8,0.0,12.0,12.0,1,rural,6,2,0.1,6.9,0.0,2.5,52.8,337.1,8.2,623.9,22
104.1,4216.0,885.0,160.0,121.4,0.0,8.0,10.0,1,rural,6,3,0.2,2.8,0.0,4.5,68.9,1405.8,1.5,1213.8,40
46.6,6945.0,891.0,182.0,57.8,0.0,8.5,11.2,1,rural,6,2,0.1,2.9,0.0,3.2,68.9,1405.8,1.5,1213.8,27
46.2,8766.0,1124.0,231.0,65.0,0.0,8.2,10.0,1,small urban,6,3,0.1,9.0,0.0,3.9,68.9,1405.8,1.5,1213.8,54
46.5,3370.0,432.0,88.0,48.4,0.0,8.9,10.0,1,rural,6,3,0.2,2.6,0.0,4.6,56.2,546.1,6.7,470.1,33
45.6,4560.0,554.0,110.0,68.0,0.0,7.2,10.0,1,rural,6,3,0.2,0.0,0.0,3.5,55.9,422.5,8.1,512.8,60
58.0,4422.0,538.0,107.0,58.2,0.0,7.6,11.2,1,rural,6,2,0.2,0.9,0.0,3.2,55.9,422.5,8.1,512.8,25
57.2,4057.0,520.0,107.0,71.0,0.0,9.0,12.0,1,rural,6,2,0.2,0.0,0.0,1.0,58.3,455.1,8.3,533.1,31
52.0,13525.0,731.0,150.0,101.7,0.0,3.0,24.0,5,urban,6,2,0.2,3.3,0.0,1.0,79.5,622.1,7.5,1291.3,43
83.0,8627.0,466.0,95.0,104.5,0.0,3.0,24.0,5,urban,6,2,0.1,0.0,0.0,1.0,79.5,622.1,7.5,1291.3,46
113.8,1399.0,75.0,15.0,212.0,0.0,3.0,6.0,5,rural,6,3,0.2,11.0,0.0,1.0,81.0,695.3,7.1,1354.0,25
114.0,2393.0,129.0,26.0,271.0,0.0,3.0,41.0,5,rural,6,3,0.4,9.0,0.0,1.0,81.0,695.3,7.1,1354.0,24
114.0,2393.0,129.0,26.0,257.5,0.0,3.0,41.0,5,urban,6,3,0.4,9.5,0.0,1.0,81.0,695.3,7.1,1354.0,24
85.0,3537.0,192.0,40.0,160.0,0.0,3.0,24.0,5,urban,6,2,0.2,1.0,0.0,1.0,79.2,482.5,8.5,1306.4,48
71.0,20857.0,1126.0,230.0,74.0,0.0,3.0,24.0,3,urban,6,2,0.1,10.0,0.0,2.0,79.2,482.5,8.5,1306.4,54
34.0,9332.0,229.0,1964.0,100.7,0.0,12.2,5.5,1,rural,2,5,0.2,12.0,0.0,2.0,77.0,284.0,10.0,1343.7,8
52.5,20066.0,493.0,4219.0,68.0,0.0,10.2,5.5,1,rural,2,5,0.1,0.5,0.0,2.0,77.0,284.0,10.0,1343.7,12
74.3,9267.0,228.0,1948.0,75.1,0.0,9.2,5.1,1,rural,2,5,0.2,4.6,0.0,1.7,77.0,284.0,10.0,1343.7,15
58.0,9267.0,228.0,1948.0,58.1,0.0,13.5,7.5,1,rural,2,5,0.2,0.3,0.0,1.5,75.5,223.8,10.9,1303.7,14
55.0,10717.0,263.0,2252.0,122.0,0.0,13.0,7.5,1,rural,2,5,0.2,0.5,0.0,2.0,75.5,223.8,10.9,1303.7,8
63.2,43094.0,946.0,3908.0,63.3,0.0,10.9,5.5,1,urban,2,5,0.1,0.8,0.0,2.0,,,,,14
49.6,35428.0,780.0,4608.0,51.5,0.0,9.4,7.5,1,rural,2,5,0.2,0.3,0.0,1.5,73.8,195.1,11.8,1269.6,33
43.5,40221.0,886.0,5230.0,50.5,0.0,12.8,7.5,1,small urban,2,5,0.1,0.5,0.0,1.5,73.8,195.1,11.8,1269.6,28
48.0,41804.0,888.0,5723.0,51.2,0.0,13.1,6.0,1,rural,2,5,0.2,0.8,0.0,1.5,74.9,118.1,13.1,1287.8,15
94.0,71715.0,652.0,20.0,94.5,0.0,11.5,7.4,1,urban,2,5,0.1,0.0,0.0,2.0,74.7,164.3,12.4,1300.1,10
86.5,75556.0,688.0,21.0,89.0,0.0,11.5,7.4,1,urban,2,5,0.1,0.0,0.0,2.0,,,,,10
53.5,43074.0,857.0,8260.0,73.0,0.0,8.8,3.0,1,urban,2,5,0.2,6.0,0.0,2.0,77.2,191.1,11.0,1489.8,8
53.0,43074.0,857.0,8260.0,62.0,0.0,8.7,3.0,1,urban,2,5,0.1,9.0,0.0,2.0,,,,,8
62.1,43234.0,860.0,8290.0,64.3,0.0,5.9,2.5,1,urban,2,5,0.2,2.0,0.0,1.6,,,,,33
53.6,50290.0,1000.0,9636.0,61.6,0.0,4.6,2.3,1,urban,2,5,0.1,6.0,0.0,1.7,77.2,191.1,11.0,1489.8,22
42.5,47087.0,998.0,8696.0,43.0,0.0,9.5,2.0,1,urban,2,5,0.1,0.0,0.0,2.0,77.2,191.1,11.0,1489.8,9
61.0,31371.0,661.0,5758.0,63.0,0.0,4.8,2.9,1,rural,2,5,0.2,0.0,0.0,1.5,77.2,191.1,11.0,1489.8,20
56.8,25393.0,515.6,4488.9,60.0,0.0,6.4,3.2,1,rural,2,5,0.1,4.4,0.0,1.7,76.8,222.2,10.6,1350.7,17
54.5,29955.0,635.0,5536.0,58.6,0.0,5.9,2.4,1,small urban,2,5,0.1,2.0,0.0,2.0,76.8,222.2,10.6,1350.7,14
45.7,27992.0,635.0,5536.0,46.5,0.0,6.2,4.2,1,rural,2,5,0.2,0.0,0.0,2.0,76.8,222.2,10.6,1350.7,22
52.5,31212.0,670.0,5832.0,55.3,0.0,10.0,4.2,1,rural,2,5,0.1,5.2,0.0,2.0,76.8,222.2,10.6,1350.7,9
59.0,56298.0,1250.0,13225.0,67.8,0.0,12.7,7.8,1,rural,2,5,0.1,1.4,0.0,2.0,76.8,222.2,10.6,1350.7,25
99.0,48665.0,1135.0,11391.0,101.0,0.0,13.1,7.5,1,urban,2,5,0.3,3.0,0.0,1.5,75.7,171.3,11.5,1214.3,24
67.7,63578.0,1215.0,11708.0,68.0,0.0,3.0,8.0,1,urban,2,5,0.2,0.3,0.0,2.0,75.5,180.8,11.5,1253.0,22
48.0,62297.0,1540.0,17147.0,49.0,0.0,13.5,10.5,1,rural,2,5,0.1,2.0,0.0,1.5,75.5,223.8,10.9,1303.7,15
51.4,21893.0,475.0,3824.0,64.6,0.0,9.8,4.3,1,rural,2,5,0.2,1.7,0.0,2.0,75.8,49.5,14.8,1262.5,11
41.7,21893.0,475.0,3824.0,116.2,0.0,9.9,5.8,1,rural,2,5,0.2,7.4,0.0,1.5,75.5,66.6,14.2,1246.1,8
43.2,21160.0,459.0,3696.0,47.8,0.0,10.0,5.0,1,rural,2,5,0.1,0.0,0.0,1.5,75.5,66.6,14.2,1246.1,12
119.0,95325.0,1907.0,6333.0,133.0,0.0,14.9,8.0,1,urban,2,5,0.2,0.0,0.0,4.0,,,,,14
171.0,109799.0,2198.0,7298.0,194.0,0.0,13.5,7.9,1,urban,2,5,0.3,0.0,0.0,4.0,,,,,14
79.1,105791.0,2118.0,7033.0,85.4,0.0,18.6,8.7,1,urban,2,5,0.2,0.1,0.0,4.0,,,,,13
76.0,112469.0,2252.0,7479.0,86.7,0.0,11.0,7.9,1,urban,2,5,0.3,0.0,0.0,1.5,75.0,72.5,14.2,1234.5,22
73.0,107178.0,2475.0,7038.0,74.0,0.0,15.7,7.2,1,urban,2,5,0.4,0.0,0.0,7.0,75.0,72.5,14.2,1234.5,13
72.9,105511.0,2282.0,12239.0,73.3,0.0,16.1,8.0,1,rural,2,5,0.2,0.0,0.0,2.0,74.6,89.5,13.7,1244.3,13
56.1,20937.0,368.0,362.0,56.4,0.0,9.9,4.0,3,rural,2,5,0.1,0.0,0.0,2.0,75.2,91.8,13.5,1268.5,9
97.0,23924.0,327.0,69.0,147.0,0.0,9.3,4.4,3,rural,2,5,0.1,0.0,0.0,2.0,74.9,103.4,13.2,1231.7,10
68.5,26167.0,556.0,399.0,69.0,0.0,7.5,4.0,2,small urban,2,5,0.1,0.0,0.0,2.0,74.7,164.3,12.4,1300.1,29
49.5,26167.0,556.0,399.0,50.0,0.0,7.0,4.0,2,small urban,2,5,0.1,0.0,0.0,1.5,74.7,164.3,12.4,1300.1,29
65.0,66854.0,1366.0,615.0,66.5,0.0,12.5,3.0,2,urban,2,5,0.1,0.0,0.0,1.5,74.7,164.3,12.4,1300.1,14
51.7,60095.0,1228.0,553.0,51.9,0.0,9.4,3.0,2,urban,2,5,0.1,0.6,0.0,1.8,74.7,164.3,12.4,1300.1,9
77.3,92961.0,1416.0,526.0,83.0,0.0,10.5,4.0,3,urban,2,5,0.1,4.1,0.0,2.0,74.7,164.3,12.4,1300.1,14
63.8,2776.0,54.0,24.0,71.8,0.0,8.5,4.0,5,rural,2,2,0.1,15.4,0.0,1.5,74.9,103.4,13.2,1231.7,19
94.7,348.0,14.0,7.0,96.6,0.0,4.9,12.0,4,rural,2,2,0.1,2.8,0.0,1.5,74.4,82.7,13.6,1245.8,21
50.0,30323.0,544.0,1169.0,51.0,0.0,8.9,3.0,2,urban,2,5,0.2,0.0,0.0,1.5,73.8,195.1,11.8,1269.6,17
97.0,1311.0,112.0,65.0,134.0,0.0,11.2,4.0,5,rural,2,5,0.3,3.0,0.0,2.0,75.7,183.9,11.5,1260.9,8
55.0,85631.0,924.0,715.0,77.0,0.0,10.8,6.0,2,urban,2,5,0.2,5.0,0.0,1.8,75.0,72.5,14.2,1234.5,17
70.0,95968.0,1035.0,802.0,81.0,0.0,10.9,6.0,2,urban,2,5,0.1,1.0,0.0,1.8,75.0,72.5,14.2,1234.5,17
158.5,16817.0,108.0,10.0,169.0,0.0,11.0,6.0,5,urban,2,5,0.1,0.5,0.0,1.5,75.0,72.5,14.2,1234.5,25
60.3,27526.0,433.0,365.0,74.0,0.0,9.8,8.0,2,urban,2,5,0.1,4.3,0.0,2.9,75.7,58.3,14.5,1297.4,20
74.0,30769.0,484.0,408.0,75.0,0.0,8.8,4.0,2,urban,2,5,0.1,0.0,0.0,2.0,75.7,58.3,14.5,1297.4,9
66.0,8126.0,128.0,108.0,73.5,0.0,8.9,6.0,2,rural,2,5,0.1,0.5,0.0,1.5,75.7,58.3,14.5,1297.4,23
73.0,23548.0,555.0,198.0,98.0,0.0,15.5,8.0,4,urban,2,5,0.2,4.0,0.0,3.2,74.6,89.5,13.7,1244.3,19
62.0,40869.0,964.0,343.0,63.5,0.0,8.1,2.9,4,urban,2,5,0.1,0.0,0.0,1.6,74.6,89.5,13.7,1244.3,17
52.5,94264.0,1225.0,504.0,55.7,0.0,5.3,3.8,2,urban,2,5,0.1,1.0,0.0,0.0,74.7,164.3,12.4,1300.1,29
54.0,61655.0,1083.0,1226.0,55.0,0.0,9.0,4.0,2,rural,2,5,0.1,5.0,0.0,0.0,74.9,103.4,13.2,1231.7,21
51.9,15588.0,666.0,857.0,75.0,0.0,8.5,8.0,2,urban,2,5,0.2,18.2,0.0,0.0,75.0,72.5,14.2,1234.5,23
65.0,7685.0,338.0,430.0,81.0,0.0,8.5,8.0,2,urban,2,5,0.2,4.0,0.0,0.0,75.0,72.5,14.2,1234.5,23
57.1,7685.0,338.0,430.0,74.0,0.0,8.5,8.0,2,urban,2,5,0.1,6.3,0.0,0.0,75.0,72.5,14.2,1234.5,23
167.0,25160.0,385.0,160.0,170.0,0.0,10.5,5.5,3,urban,2,5,0.2,10.0,0.0,1.5,77.2,191.1,11.0,1489.8,22
57.3,19136.0,487.0,1994.0,75.3,0.0,12.4,6.0,3,small urban,2,5,0.2,0.0,0.0,1.7,74.9,118.1,13.1,1287.8,23
55.0,19136.0,487.0,1994.0,160.0,0.0,13.7,6.0,3,rural,2,5,0.2,11.0,0.0,2.0,74.9,118.1,13.1,1287.8,8
80.8,13030.0,280.0,412.0,90.2,0.0,9.5,9.0,3,rural,2,5,0.3,0.0,0.0,0.0,75.7,183.9,11.5,1260.9,25
74.9,10570.0,227.0,335.0,75.9,0.0,10.9,9.0,3,rural,2,5,0.1,2.9,0.0,1.5,75.7,183.9,11.5,1260.9,19
69.7,12229.0,262.0,387.0,76.8,0.0,11.5,5.0,3,small urban,2,5,0.1,0.4,0.0,3.0,75.7,183.9,11.5,1260.9,30
71.8,9400.0,152.0,443.0,98.0,0.0,12.3,4.3,3,rural,2,5,0.2,8.7,0.0,2.0,75.0,107.9,13.2,1353.4,8
68.0,9400.0,152.0,443.0,110.0,0.0,14.0,6.0,3,small urban,2,5,0.2,7.0,0.0,2.0,75.0,107.9,13.2,1353.4,8
101.7,10081.0,163.0,475.0,109.5,0.0,8.4,4.0,3,small urban,2,5,0.2,4.3,0.0,1.5,75.8,168.4,11.8,1486.4,26
82.3,15114.0,245.0,712.0,85.1,0.0,9.1,6.0,2,rural,2,5,0.2,2.3,0.0,1.5,75.8,168.4,11.8,1486.4,22
96.4,22595.0,266.0,671.0,106.7,0.0,7.5,6.0,2,small urban,2,5,0.1,8.0,0.0,1.5,75.8,168.4,11.8,1486.4,20
42.4,11340.0,332.0,1291.0,75.4,0.0,14.8,11.3,2,rural,2,5,0.4,0.5,0.0,1.5,74.4,82.7,13.6,1245.8,30
46.5,10949.0,321.0,1246.0,79.0,0.0,14.8,11.3,2,rural,2,5,0.4,0.0,0.0,1.5,74.4,82.7,13.6,1245.8,30
47.0,15462.0,453.0,1760.0,68.8,0.0,7.7,4.8,3,rural,2,5,0.2,10.2,0.0,1.5,74.4,82.7,13.6,1245.8,18
52.5,18521.0,397.0,249.0,77.5,0.0,11.0,4.8,3,small urban,2,5,0.1,14.0,0.0,2.0,,,,,14
60.6,2265.0,55.0,35.0,71.1,0.0,8.3,3.0,3,rural,2,5,0.1,20.9,0.0,2.0,74.2,144.3,12.5,1206.7,9
63.0,15326.0,393.0,2116.0,100.0,0.0,12.0,5.4,2,small urban,2,5,0.1,0.0,0.0,1.5,74.2,73.9,13.6,1256.0,9
43.7,15326.0,393.0,2116.0,81.0,0.0,12.4,4.0,2,rural,2,5,0.2,9.7,0.0,2.0,74.2,73.9,13.6,1256.0,25
56.4,15207.0,390.0,2099.0,59.3,0.0,17.2,10.0,2,small urban,2,5,0.1,0.0,0.0,2.0,74.2,73.9,13.6,1256.0,12
73.0,14483.0,372.0,2000.0,84.0,0.0,11.6,6.0,2,small urban,2,5,0.1,3.0,0.0,1.5,74.2,73.9,13.6,1256.0,15
55.7,50963.0,1328.0,5142.0,60.7,0.0,14.0,6.0,2,urban,2,5,0.1,2.3,0.0,1.5,,,,,13
119.0,18961.0,300.0,376.0,120.0,0.0,9.6,4.6,3,small urban,2,5,0.1,0.0,0.0,1.5,74.2,73.9,13.6,1256.0,9
80.5,24593.0,771.0,470.0,101.2,0.0,5.8,8.0,4,rural,2,5,0.1,7.0,0.0,1.5,76.1,45.8,14.9,1352.8,15
174.0,7546.0,72.0,86.0,177.0,0.0,12.4,8.0,3,urban,2,5,0.1,16.0,0.0,0.0,,,,,24
80.0,37437.0,972.0,1446.0,80.3,0.0,10.6,7.0,2,urban,2,5,0.1,1.7,0.0,1.7,75.7,171.3,11.5,1214.3,13
75.0,8624.0,255.0,791.0,86.0,0.0,10.1,9.0,3,rural,2,5,0.2,1.0,0.0,1.5,75.5,66.6,14.2,1246.1,21
69.9,7395.0,219.0,678.0,70.4,0.0,10.4,4.0,3,rural,2,5,0.3,2.2,0.0,2.0,75.5,66.6,14.2,1246.1,10
58.6,5291.0,156.0,485.0,90.3,0.0,8.3,4.0,3,rural,2,5,0.2,11.7,0.0,1.5,75.5,66.6,14.2,1246.1,26
57.7,4878.0,144.0,448.0,83.3,0.0,6.4,3.4,3,rural,2,5,0.3,12.0,0.0,1.4,75.5,66.6,14.2,1246.1,35
57.8,4878.0,144.0,448.0,81.2,0.0,7.0,4.0,3,rural,2,5,0.3,12.7,0.0,1.4,75.5,66.6,14.2,1246.1,35
46.1,5696.0,167.3,520.6,54.0,0.0,7.5,3.6,3,rural,2,5,0.1,9.6,0.0,2.0,75.5,56.9,14.6,1283.3,19
69.1,9544.0,146.0,131.0,95.9,0.0,7.5,4.0,4,urban,2,5,0.2,8.9,0.0,1.5,74.4,82.7,13.6,1245.8,23
85.0,14927.0,368.0,1520.0,88.0,0.0,10.0,5.0,4,urban,2,5,0.2,0.0,0.0,1.5,73.8,195.1,11.8,1269.6,29
84.2,8193.0,169.0,1056.0,86.4,0.0,9.4,7.6,3,rural,2,5,0.2,0.6,0.0,0.0,73.8,195.1,11.8,1269.6,33
93.3,3017.0,163.0,33.0,139.0,0.0,1.0,16.0,4,urban,6,2,0.2,8.0,0.0,1.0,79.2,482.5,8.5,1306.4,72
79.0,23924.0,1292.0,263.0,166.0,0.0,5.0,24.0,3,urban,6,2,0.1,12.0,0.0,1.0,81.9,776.7,6.5,1396.5,50
98.2,10500.0,568.0,117.0,111.4,0.0,5.0,14.0,5,urban,6,2,0.2,11.2,0.0,1.0,81.9,776.7,6.5,1396.5,86
108.7,400.0,21.0,4.0,112.1,0.0,1.0,24.0,5,rural,6,2,0.1,5.4,0.0,1.0,81.9,776.7,6.5,1396.5,70
63.0,25680.0,1387.0,283.0,66.0,0.0,2.0,25.0,3,small urban,6,2,0.3,0.0,0.0,1.0,80.2,695.0,7.0,1299.6,60
45.0,17720.0,958.0,195.0,75.0,0.0,2.0,25.0,3,small urban,6,2,0.2,2.0,0.0,1.0,80.2,695.0,7.0,1299.6,58
84.0,9160.0,495.0,100.0,119.0,0.0,6.0,24.0,5,small urban,6,2,0.1,5.0,0.0,1.0,81.9,776.7,6.5,1396.5,36
97.0,7261.0,392.0,80.0,204.0,0.0,3.0,24.0,4,rural,6,2,0.5,31.0,0.0,1.0,80.2,695.0,7.0,1299.6,64
85.1,7869.0,425.0,87.0,121.8,0.0,3.0,38.0,4,rural,6,2,0.2,18.6,0.0,1.0,80.2,695.0,7.0,1299.6,66
158.0,22977.0,1241.0,253.0,165.0,0.0,6.0,36.0,4,small urban,6,2,0.4,1.0,0.0,6.0,80.2,695.0,7.0,1299.6,17
58.5,30120.0,1627.0,331.0,102.0,0.0,2.0,25.0,3,small urban,6,2,0.4,1.5,0.0,1.0,80.2,695.0,7.0,1299.6,60
78.4,8217.0,443.0,91.0,81.0,0.0,3.0,32.0,4,small urban,6,2,0.2,5.4,0.0,1.0,83.6,978.5,5.1,1469.2,62
46.8,8217.0,443.0,91.0,58.5,0.0,3.0,44.0,4,small urban,6,2,0.2,11.0,0.0,1.0,83.6,978.5,5.1,1469.2,68
37.0,8217.0,91.0,91.0,42.0,0.0,3.0,44.0,4,rural,6,2,0.2,11.0,0.0,1.0,83.6,978.5,5.1,1469.2,68
45.3,4100.0,222.0,45.0,49.8,0.0,3.0,44.0,4,rural,6,2,0.2,7.7,0.0,1.0,83.6,978.5,5.1,1469.2,68
76.7,1365.0,74.0,15.0,169.5,0.0,2.0,32.0,4,rural,6,2,0.3,16.5,0.0,1.0,83.6,978.5,5.1,1469.2,25
125.9,1343.0,72.0,14.0,260.5,0.0,1.0,26.0,4,rural,6,2,0.3,21.8,0.0,1.0,83.6,978.5,5.1,1469.2,73
166.0,10540.0,570.0,117.0,190.0,0.0,5.5,24.0,4,rural,6,2,0.3,17.0,0.0,1.5,81.9,776.7,6.5,1396.5,62
206.0,4902.0,265.0,54.0,362.0,0.0,1.0,12.0,4,rural,6,2,0.3,22.0,0.0,1.0,81.0,695.3,7.1,1354.0,107
150.2,4902.0,265.0,54.0,251.8,0.0,1.0,10.0,4,rural,6,2,0.3,18.5,0.0,1.0,81.0,695.3,7.1,1354.0,100
98.5,1007.0,54.0,11.0,283.5,0.0,1.0,25.0,5,rural,6,2,0.4,39.5,0.0,1.0,81.9,776.7,6.5,1396.5,59
113.0,2002.0,108.0,22.0,273.0,0.0,3.0,32.0,5,rural,6,2,0.3,18.0,0.0,1.0,81.9,776.7,6.5,1396.5,49
158.0,2002.0,108.0,22.0,348.0,0.0,3.0,32.0,5,small urban,6,2,0.4,17.0,0.0,1.0,81.9,776.7,6.5,1396.5,49
79.5,23625.0,1276.0,260.0,90.0,0.0,2.0,25.0,3,small urban,6,2,0.2,3.0,0.0,1.0,80.2,695.0,7.0,1299.6,60
40.0,17720.0,958.0,195.0,60.0,0.0,2.0,25.0,3,small urban,6,2,0.2,33.0,0.0,1.0,80.2,695.0,7.0,1299.6,60
41.0,15238.0,823.0,167.0,58.0,0.0,2.0,25.0,4,small urban,6,2,0.3,31.0,0.0,3.5,80.2,695.0,7.0,1299.6,60
178.0,4684.0,253.0,52.0,243.0,0.0,0.0,6.0,4,small urban,7,2,0.5,24.0,0.0,1.0,81.9,776.7,6.5,1396.5,96
46.0,9297.0,501.0,102.0,80.3,0.0,3.0,36.0,4,rural,6,2,0.2,20.7,0.0,1.5,81.9,776.7,6.5,1396.5,57
62.3,9953.0,538.0,110.0,95.0,0.0,5.0,24.0,3,rural,6,2,0.2,3.0,0.0,1.0,83.5,956.7,5.2,1506.1,35
141.8,782.0,43.0,8.0,209.1,0.0,1.0,10.0,5,rural,6,2,0.3,26.7,0.0,1.0,83.6,978.5,5.1,1469.2,95
118.0,1135.0,61.0,12.0,194.0,0.0,1.0,14.0,5,rural,6,2,0.2,27.2,0.0,1.0,83.6,978.5,5.1,1469.2,94
62.0,5618.0,304.0,62.0,62.5,0.0,3.0,25.0,4,urban,6,3,0.1,0.0,0.0,1.0,79.5,622.1,7.5,1291.3,24
71.5,13954.0,754.0,154.0,75.0,0.0,3.0,20.0,3,rural,6,2,0.2,6.0,0.0,1.0,79.5,622.1,7.5,1291.3,73
91.0,13954.0,754.0,154.0,92.0,0.0,3.0,20.0,3,urban,6,2,0.2,1.0,0.0,1.0,79.5,622.1,7.5,1291.3,73
197.0,30172.0,1629.0,332.0,209.0,0.0,3.0,36.0,4,urban,6,2,0.4,13.0,0.0,1.0,79.2,482.5,8.5,1306.4,40
44.5,12485.0,673.0,136.0,45.0,0.0,3.0,37.0,4,urban,6,3,0.1,0.0,0.0,1.5,79.5,622.1,7.5,1291.3,24
57.7,9239.0,498.0,102.0,60.3,0.0,5.5,37.0,4,urban,6,3,0.1,1.0,0.0,1.5,79.5,622.1,7.5,1291.3,24
98.7,2921.0,158.0,32.0,103.8,0.0,1.0,16.0,5,rural,6,2,0.2,21.5,0.0,1.0,79.5,622.1,7.5,1291.3,74
59.0,13353.0,721.0,146.0,70.5,0.0,3.0,6.0,3,small urban,6,2,0.2,1.5,0.0,1.5,80.2,695.0,7.0,1299.6,61
46.0,7499.0,404.0,81.0,67.0,0.0,3.0,20.0,3,rural,6,2,0.2,8.0,0.0,1.0,79.5,622.1,7.5,1291.3,69
55.2,9732.0,526.0,107.0,81.9,0.0,3.0,20.0,3,rural,6,2,0.2,12.6,0.0,1.0,79.5,622.1,7.5,1291.3,73
54.3,25416.0,1372.0,279.0,95.5,0.0,5.5,36.0,3,urban,6,2,0.1,2.0,0.0,1.0,79.5,622.1,7.5,1291.3,29
78.6,25416.0,1372.0,279.0,101.8,0.0,5.5,36.0,3,urban,6,2,0.3,5.2,0.0,1.0,79.5,622.1,7.5,1291.3,29
40.3,43385.0,2343.0,477.0,46.6,0.0,5.5,36.0,3,urban,6,2,0.2,2.2,0.0,2.0,79.5,622.1,7.5,1291.3,29
49.0,49316.0,2662.0,542.0,72.0,0.0,5.5,36.0,3,urban,6,2,0.2,4.0,0.0,1.0,79.5,622.1,7.5,1291.3,29
38.0,60343.0,3258.0,663.0,50.3,0.0,5.5,36.0,2,urban,6,2,0.3,1.3,0.0,1.0,79.5,622.1,7.5,1291.3,63
45.0,55141.0,2978.0,606.0,45.6,0.0,7.5,31.0,2,urban,6,2,0.2,0.7,0.0,1.0,79.2,482.5,8.5,1306.4,53
32.0,45778.0,2472.0,503.0,32.5,0.0,3.0,36.0,2,urban,6,2,0.2,0.0,0.0,1.5,79.2,482.5,8.5,1306.4,27
59.7,10040.0,542.0,110.0,63.7,0.0,3.0,36.0,3,urban,6,2,0.2,6.7,0.0,1.5,79.2,482.5,8.5,1306.4,62
62.7,14542.0,786.0,161.0,82.0,0.0,1.0,20.0,3,urban,6,2,0.2,5.7,0.0,1.0,79.5,622.1,7.5,1291.3,75
55.2,8105.0,438.0,89.0,62.7,0.0,3.0,30.0,3,rural,6,2,0.1,2.7,0.0,1.5,81.0,695.3,7.1,1354.0,69
49.1,11788.0,637.0,130.0,81.7,0.0,3.0,10.0,3,rural,6,2,0.1,17.3,0.0,3.5,81.0,695.3,7.1,1354.0,84
40.0,12583.0,680.0,139.0,49.0,0.0,4.0,20.0,3,small urban,6,2,0.1,6.0,0.0,1.0,81.0,695.3,7.1,1354.0,69
62.0,2763.0,150.0,30.0,203.0,0.0,3.0,32.0,5,small urban,6,2,0.4,31.0,0.0,1.0,81.0,695.3,7.1,1354.0,13
81.5,20574.0,1112.0,227.0,84.7,0.0,3.0,27.0,4,urban,6,2,0.2,0.0,0.0,1.0,79.2,482.5,8.5,1306.4,70
60.0,10404.0,561.0,114.0,81.0,0.0,1.0,18.0,5,urban,6,2,0.1,3.3,0.0,1.0,81.0,695.3,7.1,1354.0,105
67.0,13525.0,731.0,150.0,94.0,0.0,5.5,24.0,5,urban,6,2,0.2,10.0,0.0,1.0,81.0,695.3,7.1,1354.0,34
55.2,13525.0,731.0,150.0,72.1,0.0,3.0,36.0,3,urban,6,2,0.2,13.1,0.0,1.0,79.2,482.5,8.5,1306.4,29
127.0,1817.0,98.0,20.0,350.0,0.0,3.0,41.0,5,rural,6,3,0.4,21.0,0.0,1.0,83.5,956.7,5.2,1506.1,14
80.0,2590.0,140.0,29.0,180.8,0.0,3.0,32.0,4,rural,6,2,0.3,8.6,0.0,1.0,84.1,1098.9,4.4,1333.3,41
44.0,2873.0,155.0,32.0,89.0,0.0,3.0,26.0,4,rural,6,2,0.3,2.0,0.0,1.0,84.1,1098.9,4.4,1333.3,56
85.4,1914.0,19.0,21.0,141.5,0.0,3.0,25.0,5,rural,6,2,0.2,20.5,0.0,1.0,80.2,695.0,7.0,1299.6,44
87.5,11008.0,594.0,121.0,96.0,0.0,5.0,24.0,4,small urban,6,2,0.1,6.0,0.0,2.0,83.6,978.5,5.1,1469.2,19
82.0,12800.0,691.0,141.0,91.0,0.0,3.0,27.0,4,small urban,6,2,0.3,8.0,0.0,1.0,83.6,978.5,5.1,1469.2,70
92.5,7610.0,411.0,84.0,152.2,0.0,0.0,8.0,4,urban,6,2,0.2,19.0,0.0,1.0,79.2,482.5,8.5,1306.4,88
47.0,19768.0,1068.0,217.0,89.0,0.0,3.5,16.0,3,rural,6,2,0.2,16.0,0.0,3.5,79.2,482.5,8.5,1306.4,77
94.5,12485.0,673.0,136.0,163.5,0.0,3.0,36.0,4,urban,6,2,0.2,18.0,0.0,1.0,79.5,622.1,7.5,1291.3,43
87.4,2981.0,161.0,33.0,161.8,0.0,4.0,24.0,5,rural,6,2,0.2,9.8,0.0,1.0,79.2,482.5,8.5,1306.4,30
82.9,3180.0,172.0,35.0,150.0,0.0,1.0,14.0,5,rural,6,2,0.2,12.4,0.0,1.0,79.2,482.5,8.5,1306.4,90
58.3,1379.0,36.0,157.0,58.7,0.0,7.0,7.0,4,rural,2,2,0.1,0.1,0.0,2.0,69.0,1004.8,7.0,752.9,75
70.7,698.0,6.0,26.0,70.8,0.0,7.0,7.0,4,rural,2,3,0.1,0.0,0.0,2.0,69.0,1004.8,7.0,752.9,68
76.3,429.0,16.0,39.0,77.2,0.0,2.0,16.0,3,rural,2,2,0.1,0.0,0.0,2.0,67.5,955.6,6.4,615.4,14
42.8,2338.0,76.0,394.0,82.6,0.0,7.0,18.0,3,rural,2,2,0.2,0.0,0.0,3.0,69.0,1004.8,7.0,752.9,27
53.0,355.0,16.0,40.0,53.2,0.0,3.0,7.0,4,rural,2,3,0.1,0.0,0.0,1.5,66.4,1176.4,5.4,567.9,57
88.8,302.0,16.0,46.0,116.8,0.0,5.0,3.0,4,rural,2,2,0.1,0.4,0.0,2.0,67.1,1187.9,5.4,592.1,51
201.7,3561.0,490.0,626.0,211.7,0.0,6.0,12.0,4,rural,2,2,0.1,0.0,0.0,2.0,69.7,1406.5,4.5,655.7,56
238.0,3625.0,495.0,780.0,272.0,8.0,0.0,24.0,3,small urban,3,2,0.0,0.0,0.1,0.0,64.0,994.6,6.0,503.4,30
53.1,1504.0,56.0,76.0,58.4,0.0,7.0,4.0,4,rural,2,2,0.1,0.0,0.0,2.0,64.6,814.8,7.2,593.8,55
174.0,10300.0,193.0,46.0,178.0,0.0,5.0,12.0,3,urban,2,2,0.1,0.0,0.0,0.0,64.6,814.8,7.2,593.8,28
140.6,700.0,40.0,105.0,144.1,0.0,5.0,5.0,5,rural,2,2,0.1,0.0,0.0,1.5,64.7,841.2,6.8,580.9,45
79.8,785.0,75.0,105.0,81.2,0.0,5.0,12.0,4,rural,2,2,0.3,3.1,0.0,0.0,69.0,1122.7,6.1,696.1,22
49.1,1090.0,40.0,255.0,119.0,0.0,7.0,10.0,4,rural,2,3,0.2,0.3,0.0,3.5,69.0,1122.7,6.1,696.1,67
53.7,2588.0,66.0,46.0,54.3,0.0,7.0,10.0,3,small urban,2,2,0.1,0.0,0.0,3.5,68.2,1279.8,5.1,626.0,27
174.5,4140.0,94.0,22.0,233.5,0.0,4.0,10.0,3,small urban,2,2,0.1,0.5,0.0,2.0,68.2,1279.8,5.1,626.0,27
49.3,462.0,25.0,129.0,50.0,0.0,7.0,6.0,4,rural,2,2,0.1,0.1,0.0,2.0,67.5,946.1,6.7,637.3,62
122.3,2381.0,70.0,199.0,130.4,0.0,16.0,6.0,4,rural,2,2,0.1,0.6,0.0,6.0,67.5,946.1,6.7,637.3,60
64.0,784.0,56.0,275.0,67.0,0.0,9.0,8.0,3,rural,2,2,0.1,0.3,0.0,3.0,68.3,1116.1,5.9,674.0,31
85.2,384.0,11.0,56.0,100.9,0.0,5.0,7.0,3,rural,2,2,0.1,0.6,0.0,2.0,69.1,1311.6,5.0,653.4,67
92.2,548.0,36.0,121.0,104.2,0.0,5.0,12.0,3,rural,2,2,0.1,0.0,0.0,2.0,69.5,1473.2,4.2,653.7,32
101.6,2430.0,105.0,340.0,102.2,0.0,8.0,6.0,3,rural,2,2,0.1,0.8,0.0,3.0,66.3,1016.1,6.1,585.9,54
47.6,2913.0,105.0,630.0,154.0,0.0,12.0,7.0,3,rural,6,3,0.2,3.1,0.0,6.0,63.9,794.1,7.0,559.5,65
121.5,870.0,46.0,80.0,123.5,0.0,7.0,7.0,3,rural,2,3,0.2,10.8,0.0,2.0,63.9,794.1,7.0,559.5,67
111.7,685.0,41.0,95.0,116.2,0.0,7.0,6.0,3,rural,2,2,0.1,0.9,0.0,2.0,64.7,841.2,6.8,580.9,68
77.6,3108.0,150.0,250.0,77.9,0.0,8.0,7.0,3,rural,2,3,0.2,3.2,0.0,3.0,64.7,841.2,6.8,580.9,60
77.1,1060.0,40.0,130.0,78.7,0.0,7.0,7.0,3,rural,2,2,0.2,0.1,0.0,1.5,67.8,1172.3,5.5,628.4,70
81.8,665.0,20.0,205.0,89.1,0.0,6.0,7.0,3,rural,2,2,0.1,0.1,0.0,1.5,67.8,1172.3,5.5,628.4,72
109.7,1450.0,45.0,305.0,114.7,0.0,8.0,7.0,3,rural,2,2,0.1,3.0,0.0,1.5,68.8,1209.7,5.4,658.1,58
73.3,1280.0,58.0,500.0,80.7,7.0,0.0,8.0,5,rural,3,2,0.0,0.0,0.0,0.0,69.9,1237.6,5.7,720.5,14
125.0,7529.0,106.0,46.0,153.2,0.0,11.0,4.0,3,small urban,2,2,0.1,4.8,0.0,3.0,67.2,1075.7,6.0,622.1,47
70.0,3730.0,61.0,71.0,127.0,0.0,6.0,7.0,3,small urban,6,2,0.2,2.5,0.0,2.0,67.2,1075.7,6.0,622.1,75
65.8,2465.0,61.0,71.0,135.2,0.0,6.0,7.0,3,small urban,6,2,0.1,3.8,0.0,2.0,67.2,1075.7,6.0,622.1,75
65.4,1669.0,66.0,121.0,149.8,0.0,6.0,7.0,4,rural,6,2,0.1,5.4,0.0,2.0,67.2,1075.7,6.0,622.1,75
103.0,5172.0,126.0,364.0,122.0,8.0,0.0,8.0,3,small urban,3,3,0.0,0.0,0.1,0.0,69.0,1004.8,7.0,752.9,25
110.9,250.0,25.0,55.0,125.3,0.0,3.0,5.0,3,rural,2,3,0.1,3.6,0.0,2.0,61.0,639.4,7.7,531.2,70
109.5,430.0,40.0,70.0,112.0,0.0,3.0,5.0,3,rural,2,3,0.1,1.5,0.0,2.0,63.5,730.7,7.2,561.6,70
67.5,1121.0,49.0,119.0,67.9,0.0,9.0,7.0,3,rural,2,3,0.1,0.1,0.0,3.0,63.7,763.3,7.3,585.7,70
63.6,668.0,21.0,46.0,65.9,0.0,9.0,7.0,3,rural,2,3,0.1,0.2,0.0,4.0,63.7,763.3,7.3,585.7,70
56.6,401.0,21.0,74.0,58.7,0.0,9.0,7.0,3,rural,2,3,0.1,0.0,0.0,4.0,63.7,763.3,7.3,585.7,70
44.0,772.0,36.0,71.0,46.6,0.0,9.0,7.0,3,rural,2,3,0.1,0.0,0.0,3.0,64.6,814.8,7.2,593.8,69
42.9,1240.0,46.0,97.0,47.3,0.0,9.0,7.0,3,rural,2,3,0.1,0.0,0.0,3.0,64.6,814.8,7.2,593.8,69
69.5,11831.0,250.0,232.0,70.0,0.0,5.0,15.0,3,small urban,2,2,0.3,0.0,0.0,2.0,62.8,691.9,7.3,553.5,23
62.9,179.0,11.0,25.0,65.0,0.0,8.0,6.0,5,rural,2,2,0.1,16.5,0.0,2.0,68.3,1116.1,5.9,674.0,29
64.8,343.0,15.0,55.0,65.4,0.0,5.0,5.0,4,rural,2,2,0.1,1.2,0.0,3.0,66.4,1176.4,5.4,567.9,63
63.3,17681.0,222.0,86.0,84.3,9.0,0.0,24.0,3,urban,3,2,0.0,0.0,0.0,0.0,69.2,1296.4,5.2,666.8,32
84.0,22194.0,247.0,66.0,100.0,9.0,0.0,24.0,3,urban,3,2,0.0,0.0,0.0,0.0,69.2,1296.4,5.2,666.8,32
90.0,24771.0,268.0,46.0,107.0,9.0,0.0,24.0,3,urban,3,2,0.0,0.0,0.0,0.0,69.2,1296.4,5.2,666.8,32
80.0,218.0,21.0,41.0,85.0,0.0,5.0,3.0,4,rural,2,3,0.1,6.2,0.0,2.0,63.7,763.3,7.3,585.7,58
74.3,3301.0,126.0,242.0,104.3,0.0,5.0,10.0,4,rural,2,2,0.1,0.0,0.0,5.0,67.5,1049.6,6.6,697.9,61
162.7,5075.0,126.0,242.0,165.8,0.0,9.0,12.0,4,rural,2,2,0.1,0.0,0.0,5.0,67.5,1049.6,6.6,697.9,61
52.8,604.0,41.0,136.0,88.7,0.0,9.0,5.0,4,rural,6,2,0.1,0.0,0.0,2.0,69.2,1215.2,5.6,685.6,62
62.1,479.0,41.0,71.0,71.3,0.0,9.0,9.0,4,rural,2,2,0.2,0.0,0.0,3.0,69.1,1311.6,5.0,653.4,56
71.6,589.0,16.0,67.0,114.3,0.0,6.0,7.0,4,rural,2,3,0.0,0.2,0.0,3.0,66.3,882.6,7.0,584.6,67
43.5,1060.0,51.0,217.0,80.6,0.0,7.0,12.0,3,rural,6,2,0.1,0.0,0.0,2.0,68.3,1326.9,4.8,569.0,32
42.6,1090.0,36.0,212.0,74.4,0.0,7.0,12.0,3,rural,6,2,0.2,0.0,0.0,2.0,68.3,1326.9,4.8,569.0,32
54.8,811.0,36.0,46.0,55.0,0.0,2.0,4.0,5,rural,2,3,0.1,0.0,0.0,2.0,65.4,913.1,6.6,606.9,55
79.1,341.0,16.0,64.0,87.3,0.0,4.0,6.0,4,rural,2,2,0.1,0.0,0.0,2.0,63.7,763.3,7.3,585.7,50
52.8,1145.0,46.0,122.0,126.7,0.0,6.0,7.0,3,rural,6,3,0.1,0.3,0.0,3.0,64.6,814.8,7.2,593.8,47
85.1,4463.0,95.0,130.0,87.8,0.0,5.0,16.0,3,rural,2,2,0.2,0.0,0.0,0.0,64.7,841.2,6.8,580.9,14
107.7,2485.0,205.0,615.0,110.3,0.0,6.0,6.0,5,rural,2,2,0.1,0.0,0.0,3.5,64.0,994.6,6.0,503.4,40
104.9,340.0,25.0,70.0,109.4,0.0,4.0,7.0,3,rural,2,3,0.2,2.3,0.0,1.5,66.4,1176.4,5.4,567.9,67
43.4,920.0,75.0,136.0,125.3,0.0,7.0,7.0,3,rural,6,3,0.1,1.1,0.0,3.0,66.4,1176.4,5.4,567.9,72
61.0,300.0,26.0,55.0,147.0,0.0,6.0,7.0,3,rural,2,3,0.1,1.0,0.0,3.0,68.8,1363.6,4.6,601.2,67
81.1,400.0,25.0,80.0,84.1,0.0,5.0,7.0,3,rural,2,3,0.1,0.0,0.0,2.0,69.5,1473.2,4.2,653.7,66
96.0,135.0,10.0,20.0,107.2,0.0,4.0,7.0,5,rural,2,2,0.2,1.9,0.0,2.0,61.0,639.4,7.7,531.2,58
105.4,3080.0,460.0,750.0,112.3,0.0,6.0,6.0,5,rural,2,2,0.2,2.4,0.0,2.0,62.0,755.5,7.3,505.9,38
119.8,1680.0,273.0,313.0,125.6,0.0,6.0,6.0,5,rural,2,2,0.2,2.6,0.0,2.0,62.0,755.5,7.3,505.9,38
140.0,26300.0,469.0,153.0,167.3,0.0,12.0,2.0,3,urban,2,2,0.2,2.3,0.0,3.0,66.1,980.8,6.4,611.0,43
104.0,23736.0,725.0,230.0,107.0,0.0,12.0,2.0,3,urban,2,2,0.2,0.0,0.0,3.0,66.1,980.8,6.4,611.0,43
102.0,23231.0,725.0,230.0,114.0,0.0,12.0,2.0,3,urban,2,2,0.2,0.0,0.0,3.0,66.1,980.8,6.4,611.0,43
94.0,22221.0,725.0,230.0,99.0,0.0,12.0,2.0,3,urban,2,2,0.2,0.0,0.0,3.0,66.1,980.8,6.4,611.0,43
41.3,3070.0,305.0,800.0,42.9,0.0,6.0,12.0,4,rural,2,2,0.1,0.0,0.0,0.0,65.8,1015.3,6.0,539.9,14
60.6,385.0,45.0,120.0,61.4,0.0,6.0,15.0,4,rural,2,2,0.1,0.1,0.0,0.0,66.7,1150.6,5.1,580.5,12
44.0,2390.0,163.0,137.0,77.0,0.0,6.0,18.0,3,urban,2,2,0.2,0.0,0.0,2.0,64.6,814.8,7.2,593.8,17
58.0,16675.0,234.0,407.0,96.0,0.0,10.0,6.0,4,urban,2,2,0.1,2.0,0.0,5.0,64.6,814.8,7.2,593.8,44
81.5,7740.0,135.0,50.0,104.5,0.0,3.0,12.0,3,small urban,2,2,0.1,0.5,0.0,2.0,62.8,691.9,7.3,553.5,72
56.5,5610.0,150.0,235.0,85.0,0.0,9.0,7.0,3,small urban,2,2,0.1,0.0,0.0,3.0,62.8,691.9,7.3,553.5,76
96.9,1612.0,89.0,362.0,109.1,0.0,10.0,6.0,4,rural,6,3,0.2,6.5,0.0,2.0,77.2,398.8,9.5,1224.1,95
68.7,4172.0,121.0,56.0,119.5,0.0,3.0,6.0,4,small urban,6,3,0.1,2.0,0.0,1.3,77.2,398.8,9.5,1224.1,95
89.7,2149.0,56.0,26.0,114.7,0.0,10.0,6.0,4,rural,6,2,0.2,3.3,0.0,2.0,75.1,256.2,11.6,1257.0,95
258.0,1924.0,64.0,38.0,282.5,9.0,10.0,6.0,5,urban,7,2,0.2,3.0,0.0,1.8,75.7,302.3,10.7,1258.5,95
50.0,14997.0,328.0,476.0,54.0,0.0,3.0,6.0,4,urban,6,3,0.1,1.0,0.0,2.3,75.7,302.3,10.7,1258.5,95
74.0,10277.0,194.0,68.0,76.0,0.0,10.0,6.0,4,urban,6,2,0.1,1.0,0.0,1.5,75.7,302.3,10.7,1258.5,95
75.0,3674.0,112.0,198.0,144.0,0.0,10.0,6.0,5,urban,6,3,0.1,1.0,0.0,3.0,75.7,302.3,10.7,1258.5,95
84.5,3590.0,146.0,592.0,99.5,0.0,10.0,6.0,5,urban,6,2,0.1,1.0,0.0,3.0,75.7,302.3,10.7,1258.5,95
60.5,1771.0,45.0,90.0,160.3,0.0,3.0,6.0,3,rural,6,3,0.3,1.7,0.0,1.3,76.1,245.1,11.8,1292.4,95
91.3,37446.0,2908.0,381.0,136.5,0.0,3.0,6.0,3,urban,6,2,0.3,2.9,0.0,1.5,75.8,280.2,11.5,1194.5,40
157.5,8057.0,414.0,151.0,181.0,0.0,10.0,6.0,3,urban,6,3,0.1,1.0,0.0,1.8,75.8,280.2,11.5,1194.5,40
147.0,3605.0,354.0,188.0,164.0,0.0,10.0,6.0,3,urban,6,3,0.1,17.0,0.0,3.3,75.8,280.2,11.5,1194.5,95
108.8,2022.0,127.0,17.0,121.2,0.0,10.0,6.0,5,rural,6,2,0.1,2.0,0.0,3.0,75.3,227.2,12.2,1246.0,95
65.4,891.0,17.0,89.0,66.9,9.0,3.0,6.0,3,small urban,7,2,0.1,1.0,0.0,2.3,75.9,339.0,10.3,1231.6,95
99.0,2424.0,54.0,91.0,181.0,0.0,10.0,6.0,6,small urban,6,2,0.2,1.0,0.0,5.0,75.9,339.0,10.3,1231.6,95
73.5,9352.0,198.0,527.0,81.0,0.0,3.0,6.0,5,small urban,6,3,0.2,3.0,0.0,2.0,75.9,339.0,10.3,1231.6,95
111.3,12301.0,234.0,61.0,126.5,0.0,10.0,6.0,3,urban,6,3,0.1,1.0,0.0,2.0,75.6,317.4,10.8,1179.5,16
55.2,11456.0,576.0,2954.0,58.0,0.0,14.0,6.0,2,rural,6,3,0.2,1.7,0.0,3.0,75.4,275.8,11.4,1202.2,22
51.0,15216.0,550.0,1656.0,105.0,0.0,10.0,6.0,3,rural,6,2,0.2,6.0,0.0,1.0,76.7,380.8,9.6,1347.3,95
76.0,21189.0,614.0,148.0,92.0,0.0,6.0,9.0,3,urban,6,2,0.1,0.0,0.0,1.5,39.5,3.1,17.3,240.0,65
131.3,38793.0,892.0,194.0,151.3,0.0,6.0,12.0,3,urban,6,2,0.1,0.3,0.0,1.5,39.5,3.1,17.3,240.0,27
187.3,42636.0,981.0,213.0,223.7,0.0,6.0,12.0,3,urban,6,2,0.2,19.7,0.0,1.5,39.5,3.1,17.3,240.0,19
45.0,18913.0,586.0,1229.0,47.0,0.0,6.0,6.0,3,urban,2,2,0.1,0.0,0.0,1.5,68.1,3.8,19.6,973.3,14
81.5,28205.0,1833.0,2115.0,125.0,0.0,6.0,8.0,2,urban,6,2,0.1,0.0,0.0,3.0,74.7,0.0,23.0,840.2,73
58.4,33346.0,800.0,367.0,60.9,0.0,6.0,10.0,3,rural,2,2,0.2,2.3,0.0,3.0,67.1,3.7,19.6,933.1,14
54.3,33346.0,800.0,367.0,81.5,0.0,6.0,10.0,3,rural,2,2,0.2,4.0,0.0,3.0,67.1,3.7,19.6,933.1,36
47.0,18981.0,645.0,1329.0,48.5,0.0,6.0,10.0,3,small urban,6,2,0.1,0.0,0.0,1.5,70.0,1.8,20.4,1073.9,36
64.3,7037.0,331.0,429.0,90.3,0.0,6.0,12.0,3,urban,2,2,0.2,0.0,0.0,1.0,78.2,0.4,20.8,1293.6,14
70.5,22624.0,339.0,475.0,72.0,0.0,6.0,12.0,3,small urban,6,2,0.2,1.0,0.0,1.5,69.2,1.1,20.6,975.2,73
73.0,5680.0,318.0,204.0,110.0,0.0,6.0,12.0,3,small urban,2,2,0.1,3.0,0.0,3.0,65.4,1.1,20.2,827.7,18
42.0,30312.0,1243.0,182.0,118.0,0.0,6.0,10.0,2,urban,2,2,0.1,22.0,0.0,3.0,49.5,8.8,17.9,395.0,45
33.8,30312.0,1243.0,182.0,62.0,0.0,6.0,2.0,2,urban,2,2,0.1,6.0,0.0,3.0,49.5,8.8,17.9,395.0,45
90.3,25138.0,1031.0,427.0,91.5,0.0,6.0,12.0,3,urban,2,2,0.2,0.0,0.0,1.5,68.1,3.8,19.6,973.3,21
126.0,1351.0,26.0,297.0,155.0,0.0,6.0,8.0,3,small urban,6,2,0.1,3.0,0.0,1.5,61.0,22.3,17.7,721.4,47
71.9,2798.0,66.0,42.0,73.0,0.0,10.0,6.0,4,small urban,6,2,0.1,1.2,0.0,1.5,75.0,263.9,11.5,1251.7,95
71.8,1851.0,106.0,74.0,84.6,0.0,10.0,6.0,4,rural,6,3,0.2,2.0,0.0,2.0,75.0,263.9,11.5,1251.7,95
68.5,976.0,28.0,15.0,276.0,0.0,10.0,6.0,5,small urban,6,2,0.3,24.5,0.0,2.0,74.8,215.8,12.2,1233.4,95
101.0,5655.0,328.0,1159.0,103.5,0.0,6.0,10.0,3,urban,2,2,0.1,0.0,0.0,1.5,49.5,8.8,17.9,395.0,25
76.5,5297.0,302.0,1065.0,77.6,0.0,6.0,12.0,3,urban,2,2,0.1,0.6,0.0,1.5,49.5,8.8,17.9,395.0,14
59.0,9628.0,501.0,298.0,84.7,0.0,6.0,12.0,3,urban,2,2,0.2,0.1,0.0,1.5,68.1,3.8,19.6,973.3,35
51.0,11732.0,610.0,364.0,81.2,0.0,6.0,12.0,3,urban,2,2,0.2,0.2,0.0,1.5,68.1,3.8,19.6,973.3,40
121.7,4335.0,140.0,51.0,137.8,0.0,10.0,6.0,5,urban,6,3,0.1,5.0,0.0,1.3,76.7,380.8,9.6,1347.3,14
162.2,4384.0,78.0,100.0,196.2,9.0,10.0,6.0,4,urban,6,2,0.2,2.5,0.0,2.0,76.7,380.8,9.6,1347.3,95
142.8,4877.0,101.0,38.0,158.7,0.0,3.0,6.0,4,urban,6,3,0.3,12.7,0.0,3.5,76.7,380.8,9.6,1347.3,95
69.0,8995.0,284.0,356.0,74.0,0.0,3.0,6.0,3,urban,6,2,0.1,1.0,0.0,2.0,75.6,310.8,10.9,1231.6,95
77.5,2802.0,59.0,39.0,78.5,0.0,10.0,6.0,4,urban,6,3,0.1,4.0,0.0,3.5,77.2,289.2,10.1,1183.5,95
66.0,6780.0,132.0,91.0,67.0,0.0,3.0,6.0,4,urban,6,3,0.1,1.0,0.0,1.5,77.2,289.2,10.1,1183.5,95
54.0,12137.0,404.0,173.0,87.0,0.0,10.0,6.0,4,urban,6,3,0.2,4.0,0.0,2.0,77.2,289.2,10.1,1183.5,95
112.3,29176.0,431.0,109.0,146.7,0.0,10.0,6.0,4,urban,6,3,0.2,1.7,0.0,1.3,77.2,289.2,10.1,1183.5,95
111.7,11111.0,141.0,57.0,117.2,0.0,3.0,6.0,3,urban,6,3,0.1,16.8,0.0,1.5,77.2,289.2,10.1,1183.5,95
61.5,53187.0,3095.0,15441.0,69.2,0.0,14.0,6.0,1,rural,6,3,0.1,1.5,0.0,2.0,75.6,317.4,10.8,1179.5,18
77.5,22770.0,251.0,490.0,87.0,0.0,10.0,6.0,4,urban,6,3,0.1,1.0,0.0,1.0,76.2,384.0,9.8,1249.2,95
117.0,25434.0,900.0,2928.0,126.7,0.0,3.0,6.0,4,urban,6,3,0.1,1.2,0.0,1.8,76.5,376.7,9.9,1235.4,39
66.5,3866.0,241.0,370.0,67.2,0.0,14.0,6.0,3,rural,6,3,0.1,1.0,0.0,3.0,75.0,212.1,12.2,1227.5,29
60.0,3289.0,95.0,166.0,112.5,0.0,3.0,6.0,4,rural,6,3,0.4,5.0,0.0,2.0,75.1,256.2,11.6,1257.0,95
55.3,4712.0,187.0,252.0,82.4,0.0,3.0,6.0,3,rural,6,2,0.2,15.8,0.0,2.3,76.4,371.3,10.1,1247.1,95
54.6,12017.0,474.0,3733.0,55.2,0.0,14.0,6.0,2,rural,6,3,0.1,1.0,0.0,1.3,75.4,275.8,11.4,1202.2,95
128.3,29169.0,635.0,344.0,136.5,0.0,3.0,6.0,3,small urban,6,3,0.1,1.0,0.0,1.5,75.1,189.9,12.5,1224.6,95
55.6,11379.0,433.0,878.0,83.9,0.0,3.0,6.0,4,rural,6,3,0.3,3.6,0.0,2.5,76.5,393.3,9.8,1269.4,95
74.5,14115.0,360.0,344.0,104.5,0.0,3.0,6.0,3,urban,6,2,0.1,1.0,0.0,1.5,76.5,393.3,9.8,1269.4,95
64.4,4833.0,170.0,139.0,76.6,0.0,10.0,6.0,4,urban,6,2,0.1,1.0,0.0,2.3,76.5,393.3,9.8,1269.4,95
85.0,17653.0,304.0,1092.0,174.0,0.0,3.0,6.0,4,urban,6,3,0.3,9.5,0.0,2.0,76.2,384.0,9.8,1249.2,95
41.4,31614.0,496.0,2652.0,73.0,0.0,14.0,6.0,2,rural,6,3,0.2,2.4,0.0,2.0,75.9,358.6,10.3,1179.5,37
49.4,3866.0,241.0,370.0,92.5,0.0,14.0,6.0,3,rural,6,3,0.2,10.1,0.0,2.0,74.8,215.8,12.2,1233.4,95
85.5,12228.0,292.0,404.0,94.0,0.0,10.0,6.0,3,urban,6,3,0.2,7.0,0.0,3.5,75.8,280.2,11.5,1194.5,40
44.1,14662.0,507.0,3504.0,53.9,0.0,14.0,6.0,3,rural,6,3,0.1,1.2,0.0,1.5,75.4,373.5,10.2,1169.5,40
67.0,32857.0,1834.0,374.0,70.0,0.0,9.0,36.0,2,urban,6,2,0.1,6.0,0.0,1.0,79.2,482.5,8.5,1306.4,54
53.0,70333.0,3798.0,773.0,62.0,0.0,3.0,36.0,2,urban,6,2,0.2,0.0,0.0,1.0,81.0,695.3,7.1,1354.0,60
46.4,41642.0,2249.0,458.0,49.5,0.0,3.0,45.0,2,urban,6,2,0.2,1.3,0.0,1.0,81.0,695.3,7.1,1354.0,69
49.0,45560.0,2461.0,502.0,57.0,0.0,3.0,24.0,2,urban,6,2,0.1,8.0,0.0,1.5,81.0,695.3,7.1,1354.0,69
45.5,47642.0,2573.0,524.0,51.2,0.0,3.0,24.0,2,urban,6,2,0.2,24.5,0.0,1.0,81.0,695.3,7.1,1354.0,68
31.5,124931.0,6747.0,1375.0,33.5,0.0,3.0,24.0,2,urban,6,2,0.1,0.0,0.0,1.5,79.5,622.1,7.5,1291.3,70
38.0,115484.0,6235.0,1269.0,39.0,0.0,3.0,36.0,2,urban,6,2,0.1,0.0,0.0,1.5,79.5,622.1,7.5,1291.3,70
44.5,94677.0,5112.0,1042.0,68.0,0.0,3.0,36.0,2,urban,6,2,0.1,1.0,0.0,1.0,79.5,622.1,7.5,1291.3,70
62.5,94677.0,5112.0,1042.0,83.0,0.0,3.0,36.0,2,urban,6,2,0.2,9.0,0.0,1.0,79.5,622.1,7.5,1291.3,70
44.5,79070.0,4269.0,869.0,55.0,0.0,3.0,24.0,2,urban,6,2,0.1,9.5,0.0,1.5,79.5,622.1,7.5,1291.3,70
49.2,71788.0,3877.0,790.0,54.8,0.0,6.0,24.0,2,urban,6,2,0.2,6.2,0.0,1.0,79.5,622.1,7.5,1291.3,71
38.8,62424.0,3370.0,686.0,45.7,0.0,3.0,24.0,2,urban,6,2,0.1,4.7,0.0,1.0,79.5,622.1,7.5,1291.3,70
44.4,50980.0,2753.0,561.0,59.2,0.0,4.0,24.0,1,urban,6,2,0.2,9.0,0.0,1.5,79.5,622.1,7.5,1291.3,68
45.2,45777.0,2472.0,503.0,55.2,0.0,6.5,36.0,1,urban,6,3,0.1,12.4,0.0,1.5,79.5,622.1,7.5,1291.3,21
42.8,35374.0,2172.0,447.0,51.8,0.0,3.0,24.0,1,urban,6,2,0.2,3.6,0.0,1.5,79.5,622.1,7.5,1291.3,70
36.0,35363.0,1967.0,400.0,51.1,0.0,3.0,24.0,1,urban,6,2,0.2,6.9,0.0,1.5,81.9,776.7,6.5,1396.5,69
37.2,79408.0,4288.0,873.0,39.4,0.0,5.5,32.0,1,urban,6,2,0.1,0.7,0.0,3.0,81.9,776.7,6.5,1396.5,63
39.1,79408.0,4288.0,873.0,39.3,0.0,5.5,36.0,1,rural,6,2,0.2,0.6,0.0,3.0,81.9,776.7,6.5,1396.5,63
43.5,74057.0,3999.0,814.0,44.0,0.0,5.5,36.0,1,small urban,6,2,0.2,0.5,0.0,1.0,81.9,776.7,6.5,1396.5,63
36.2,104738.0,5656.0,1150.0,46.5,0.0,5.0,36.0,1,urban,6,2,0.1,0.2,0.0,1.5,79.2,482.5,8.5,1306.4,51
35.0,104738.0,5656.0,1150.0,54.8,0.0,5.0,36.0,1,urban,6,2,0.1,0.0,0.0,1.0,79.2,482.5,8.5,1306.4,50
33.0,69489.0,3752.0,763.0,42.0,0.0,5.0,36.0,1,urban,6,2,0.1,0.0,0.0,1.0,79.2,482.5,8.5,1306.4,50
34.0,95716.0,5225.0,1064.0,38.0,0.0,5.5,36.0,1,urban,6,2,0.1,0.0,0.0,1.0,79.2,482.5,8.5,1306.4,51
48.5,95716.0,5225.0,1064.0,50.0,0.0,5.5,36.0,1,urban,6,2,0.2,0.0,0.0,1.5,79.2,482.5,8.5,1306.4,51
48.0,62053.0,3350.0,681.0,55.0,0.0,9.0,36.0,1,urban,6,2,0.1,0.0,0.0,1.5,79.2,482.5,8.5,1306.4,54
101.4,1166.0,38.0,94.0,110.5,0.0,10.0,6.0,6,urban,6,3,0.0,14.4,0.0,2.0,75.0,263.9,11.5,1251.7,75
107.7,9292.0,203.0,267.0,158.0,0.0,10.0,6.0,4,urban,6,3,0.2,26.6,0.0,2.0,75.6,310.8,10.9,1231.6,75
170.5,2196.0,34.0,21.0,180.5,0.0,10.0,6.0,6,urban,6,3,0.1,5.0,0.0,2.0,75.8,280.2,11.5,1194.5,75
90.0,3472.0,31.0,31.0,119.0,0.0,10.0,6.0,4,urban,6,3,0.1,1.0,0.0,2.0,75.8,280.2,11.5,1194.5,75
227.0,6778.0,62.0,18.0,233.5,0.0,10.0,6.0,5,urban,6,3,0.2,10.5,0.0,2.0,75.8,280.2,11.5,1194.5,75
113.0,10659.0,61.0,44.0,175.2,0.0,10.0,6.0,4,urban,6,3,0.2,6.5,0.0,2.0,75.8,280.2,11.5,1194.5,75
206.5,3363.0,35.0,3.0,219.0,0.0,10.0,6.0,5,urban,6,3,0.1,1.0,0.0,2.0,75.8,280.2,11.5,1194.5,75
191.5,2939.0,49.0,10.0,198.5,0.0,10.0,6.0,5,urban,6,3,0.3,1.0,0.0,2.0,75.8,280.2,11.5,1194.5,75
95.0,20808.0,1124.0,229.0,170.0,0.0,5.5,36.0,4,urban,6,3,0.2,24.0,0.0,1.0,79.2,482.5,8.5,1306.4,24
139.0,20808.0,1124.0,229.0,270.0,0.0,5.5,36.0,4,urban,6,3,0.2,6.0,0.0,1.0,79.2,482.5,8.5,1306.4,24
59.0,22889.0,1236.0,252.0,120.0,0.0,5.5,36.0,4,urban,6,3,0.2,25.0,0.0,6.0,79.2,482.5,8.5,1306.4,23
76.5,16356.0,883.0,179.0,80.2,0.0,2.0,10.0,3,urban,6,2,0.2,5.0,0.0,1.0,79.2,482.5,8.5,1306.4,21
89.0,19475.0,1051.0,213.0,91.0,0.0,2.0,10.0,3,urban,7,2,0.2,10.5,0.0,1.0,79.2,482.5,8.5,1306.4,96
50.0,5400.0,291.0,59.0,171.5,0.0,6.0,24.0,3,small urban,6,2,0.4,4.5,0.0,1.0,84.1,1098.9,4.4,1333.3,43
76.0,8347.0,451.0,91.0,85.0,0.0,3.0,12.0,3,urban,6,2,0.2,4.5,0.0,1.0,81.9,776.7,6.5,1396.5,27
51.6,14566.0,787.0,161.0,84.2,0.0,2.0,6.0,3,urban,6,2,0.2,13.0,0.0,1.0,81.9,776.7,6.5,1396.5,42
56.8,15606.0,843.0,172.0,87.4,0.0,2.0,6.0,3,rural,6,2,0.2,12.6,0.0,1.0,81.9,776.7,6.5,1396.5,42
55.5,15793.0,853.0,174.0,95.0,0.0,8.0,14.0,3,rural,6,2,0.1,10.5,0.0,1.0,81.9,776.7,6.5,1396.5,29
81.0,15793.0,853.0,174.0,95.0,0.0,4.0,20.0,3,small urban,6,2,0.1,8.5,0.0,1.5,81.9,776.7,6.5,1396.5,70
75.3,12875.0,695.0,142.0,112.3,0.0,1.0,12.0,5,rural,7,2,0.3,1.7,0.0,1.0,81.9,776.7,6.5,1396.5,85
78.8,5342.0,288.0,58.0,139.7,0.0,3.0,6.0,5,rural,7,2,0.2,16.5,0.0,1.0,81.9,776.7,6.5,1396.5,87
101.0,1847.0,100.0,21.0,243.0,0.0,0.0,16.0,4,rural,6,2,0.3,23.0,0.0,1.0,84.1,1098.9,4.4,1333.3,94
69.1,1746.0,95.0,19.0,103.0,0.0,1.0,10.0,4,rural,6,2,0.2,24.4,0.0,1.0,83.6,978.5,5.1,1469.2,78
187.0,5049.0,272.0,55.0,199.0,0.0,3.0,44.0,4,rural,6,2,0.2,26.0,0.0,1.0,81.9,776.7,6.5,1396.5,66
44.7,8969.0,684.0,402.0,48.8,0.0,3.0,48.0,4,small urban,6,2,0.2,3.0,0.0,1.0,81.9,776.7,6.5,1396.5,66
45.6,11802.0,637.0,130.0,51.2,0.0,3.0,36.0,3,urban,6,2,0.1,1.8,0.0,3.5,81.0,695.3,7.1,1354.0,60
81.0,6745.0,365.0,74.0,96.0,0.0,4.0,30.0,3,urban,6,2,0.1,8.0,0.0,1.0,81.0,695.3,7.1,1354.0,46
53.7,11444.0,617.0,125.0,97.0,0.0,3.0,24.0,3,urban,6,2,0.2,6.0,0.0,1.5,81.0,695.3,7.1,1354.0,59
70.0,10926.0,590.0,120.0,96.0,0.0,3.0,48.0,3,urban,6,3,0.2,20.5,0.0,1.0,81.0,695.3,7.1,1354.0,60
96.8,13768.0,744.0,151.0,117.3,0.0,7.5,36.0,5,rural,6,2,0.5,14.0,0.0,2.0,83.6,978.5,5.1,1469.2,33
69.5,2876.0,155.0,32.0,73.3,0.0,3.0,26.0,3,rural,6,2,0.2,6.0,0.0,1.0,84.1,1098.9,4.4,1333.3,60
46.0,5758.0,444.0,157.0,59.0,0.0,1.0,23.0,3,rural,6,2,0.1,0.0,0.0,1.0,83.5,956.7,5.2,1506.1,69
69.0,7696.0,415.0,85.0,72.0,0.0,5.5,32.0,3,rural,6,2,0.2,16.5,0.0,1.0,83.5,956.7,5.2,1506.1,35
174.0,23967.0,476.0,297.0,203.0,11.0,0.0,12.0,3,urban,3,2,0.0,0.0,0.0,0.0,69.0,1122.7,6.1,696.1,21
53.0,825.0,55.0,135.0,98.1,0.0,6.0,15.0,3,rural,6,2,0.2,0.0,0.0,2.0,60.2,589.4,7.9,554.8,18
49.0,5650.0,111.0,126.0,50.0,0.0,5.0,12.0,3,rural,2,2,0.1,0.0,0.0,2.0,68.3,1326.9,4.8,569.0,26
64.0,4370.0,70.0,135.0,65.8,0.0,7.0,12.0,3,rural,2,2,0.2,0.0,0.0,2.0,68.3,1326.9,4.8,569.0,26
126.8,13800.0,156.0,45.0,134.7,8.0,0.0,24.0,3,small urban,3,2,0.0,0.0,0.0,0.0,64.0,994.6,6.0,503.4,25
80.4,18350.0,725.0,1050.0,116.2,0.0,9.0,9.0,3,small urban,2,2,0.4,3.8,0.0,5.5,64.0,994.6,6.0,503.4,64
140.5,16875.0,340.0,330.0,151.3,0.0,7.0,9.0,3,small urban,2,3,0.2,2.3,0.0,2.0,64.0,994.6,6.0,503.4,64
80.0,20875.0,465.0,280.0,86.0,0.0,8.0,11.0,3,small urban,2,2,0.5,1.0,0.0,1.5,64.0,994.6,6.0,503.4,69
78.3,13253.0,355.0,335.0,98.7,0.0,8.0,11.0,3,small urban,2,2,0.4,3.8,0.0,1.5,64.0,994.6,6.0,503.4,69
52.3,5360.0,560.0,1130.0,56.5,8.0,0.0,15.0,3,rural,3,2,0.0,0.0,0.0,0.0,64.0,994.6,6.0,503.4,12
36.2,5510.0,645.0,1130.0,38.4,0.0,12.0,15.0,3,rural,2,2,0.1,2.4,0.0,6.0,65.8,1015.3,6.0,539.9,20
44.2,6210.0,230.0,720.0,48.3,0.0,12.0,15.0,3,rural,2,2,0.1,0.6,0.0,6.0,65.8,1015.3,6.0,539.9,20
42.0,5165.0,230.0,720.0,46.8,0.0,12.0,15.0,3,rural,2,2,0.1,0.7,0.0,6.0,65.8,1015.3,6.0,539.9,20
54.5,4375.0,255.0,700.0,60.6,0.0,12.0,9.0,3,rural,2,2,0.2,8.6,0.0,1.5,66.5,1159.0,5.3,573.7,69
60.0,16639.0,291.0,1347.0,76.0,0.0,7.0,8.0,3,small urban,2,2,0.1,0.0,0.0,2.0,66.5,1159.0,5.3,573.7,45
40.2,3590.0,80.0,530.0,46.8,0.0,7.0,8.0,3,rural,2,2,0.2,0.0,0.0,3.0,66.2,1129.4,5.7,579.6,43
52.2,3005.0,135.0,536.0,52.8,0.0,9.0,6.0,3,rural,2,2,0.1,0.0,0.0,2.0,66.2,1129.4,5.7,579.6,44
65.0,11345.0,231.0,472.0,208.0,11.0,0.0,12.0,3,small urban,3,2,0.0,0.0,0.0,0.0,68.2,1279.8,5.1,626.0,22
56.0,11345.0,231.0,472.0,149.3,11.0,0.0,12.0,3,small urban,3,2,0.0,0.0,0.0,0.0,68.2,1279.8,5.1,626.0,22
71.8,3020.0,190.0,490.0,110.7,7.0,0.0,5.0,3,rural,3,2,0.0,0.0,0.0,0.0,69.2,1296.4,5.2,666.8,12
88.0,4311.0,135.0,185.0,95.8,8.0,0.0,10.0,3,small urban,3,2,0.0,0.0,0.0,2.0,66.5,1159.0,5.3,573.7,31
46.9,1150.0,65.0,450.0,73.2,0.0,8.0,19.0,3,rural,6,2,0.2,0.0,0.0,3.0,66.7,1150.6,5.1,580.5,26
41.2,1425.0,85.0,565.0,62.6,0.0,9.0,12.0,3,rural,6,2,0.3,0.0,0.0,3.0,66.7,1150.6,5.1,580.5,34
43.5,2565.0,80.0,560.0,67.3,0.0,8.0,18.0,3,rural,6,2,0.2,0.0,0.0,2.0,66.5,1159.0,5.3,573.7,21
42.5,1835.0,80.0,560.0,52.5,0.0,8.0,18.0,3,rural,6,2,0.2,0.0,0.0,2.0,66.5,1159.0,5.3,573.7,21
73.7,2238.0,95.0,665.0,74.7,0.0,8.0,7.0,3,rural,2,2,0.1,0.0,0.0,2.0,66.2,1129.4,5.7,579.6,78
56.0,1953.0,71.0,51.0,58.0,0.0,8.0,18.0,3,small urban,2,2,0.1,0.0,0.0,2.0,67.2,1075.7,6.0,622.1,87
99.0,18395.0,226.0,91.0,101.0,10.0,0.0,12.0,3,small urban,3,2,0.0,0.0,0.0,0.0,67.2,1075.7,6.0,622.1,24
69.0,19650.0,346.0,126.0,87.0,10.0,0.0,12.0,3,small urban,3,2,0.0,0.0,0.0,0.0,67.2,1075.7,6.0,622.1,18
146.0,18681.0,495.0,182.0,158.0,10.0,0.0,20.0,3,urban,3,2,0.0,0.0,0.0,0.0,69.0,1122.7,6.1,696.1,17
123.6,8908.0,197.0,237.0,125.6,9.0,0.0,12.0,3,urban,3,2,0.0,0.0,0.0,0.0,69.0,1122.7,6.1,696.1,16
130.7,9156.0,197.0,237.0,133.3,10.0,0.0,12.0,3,urban,3,2,0.0,0.0,0.0,0.0,69.0,1122.7,6.1,696.1,31
79.5,3409.0,106.0,515.0,94.0,8.0,0.0,24.0,3,rural,3,2,0.0,0.0,0.0,0.0,69.7,1406.5,4.5,655.7,33
33.0,740.0,70.0,220.0,34.4,0.0,7.0,19.0,3,rural,2,2,0.1,0.0,0.0,0.0,64.0,994.6,6.0,503.4,12
36.0,15361.0,476.0,3088.0,73.6,0.0,6.0,12.0,3,urban,6,2,0.2,0.0,0.0,1.5,73.2,16.2,17.9,1284.0,31
94.5,30495.0,1128.0,3964.0,119.6,14.0,0.0,12.0,2,urban,3,2,0.0,0.0,0.0,3.0,68.6,9.0,18.7,1015.6,17
50.0,33349.0,1267.0,1734.0,137.0,0.0,6.0,12.0,2,urban,6,2,0.0,0.0,0.0,3.0,57.4,7.4,18.5,583.1,28
108.0,19178.0,307.0,1458.0,117.0,0.0,6.0,12.0,3,urban,2,2,0.4,0.0,0.0,1.5,67.6,5.2,19.2,943.4,36
48.0,18769.0,676.0,1614.0,60.0,0.0,6.0,9.0,2,urban,6,3,0.1,0.0,0.0,3.0,51.2,24.2,16.4,454.6,73
50.5,3112.0,93.0,868.0,50.6,0.0,6.0,10.0,3,rural,6,2,0.1,0.0,0.0,3.0,53.8,10.2,18.2,494.3,25
45.0,18643.0,1268.0,1361.0,55.5,0.0,6.0,12.0,3,urban,6,2,0.1,0.0,0.0,1.5,74.5,0.5,21.3,994.2,25
111.0,1394.0,125.0,446.0,114.2,0.0,6.0,10.0,3,rural,6,2,0.3,2.2,0.0,3.0,55.3,1.2,20.3,539.7,36
111.8,1398.0,126.0,447.0,120.9,0.0,6.0,10.0,3,rural,6,2,0.3,0.5,0.0,3.0,55.3,1.2,20.3,539.7,78
75.0,4675.0,271.0,561.0,81.5,0.0,6.0,10.0,3,rural,6,2,0.1,0.1,0.0,3.0,55.3,1.2,20.3,539.7,36
99.5,3735.0,243.0,508.0,103.4,0.0,6.0,10.0,3,rural,6,2,0.1,0.3,0.0,3.0,59.0,0.7,20.9,603.6,36
118.3,3864.0,189.0,599.0,147.0,0.0,6.0,10.0,3,small urban,6,2,0.1,0.0,0.0,1.5,51.8,13.1,17.6,432.4,51
72.2,11941.0,287.0,370.0,137.3,0.0,6.0,12.0,3,small urban,2,2,0.2,0.0,0.0,1.5,66.3,5.0,19.1,880.0,38
55.3,22220.0,1133.0,3355.0,61.0,0.0,6.0,14.0,2,urban,6,2,0.2,0.0,0.0,3.0,74.1,2.2,19.9,1084.0,40
93.1,2380.0,107.0,388.0,105.5,0.0,6.0,10.0,3,rural,6,2,0.1,0.0,0.0,3.0,73.2,16.2,17.9,1284.0,59
103.4,761.0,66.0,177.0,107.9,0.0,6.0,10.0,3,rural,6,2,0.2,0.1,0.0,3.0,55.3,1.2,20.3,539.7,36
125.9,761.0,66.0,177.0,141.4,0.0,6.0,10.0,3,rural,2,2,0.1,0.0,0.0,3.0,55.3,1.2,20.3,539.7,36
90.8,3830.0,54.0,80.0,127.2,0.0,6.0,10.0,3,rural,6,2,0.2,0.2,0.0,3.0,57.1,0.3,21.9,574.0,36
55.3,13556.0,298.0,190.0,90.5,0.0,6.0,12.0,3,urban,6,2,0.1,0.0,0.0,1.5,67.6,1.1,20.3,894.7,50
66.3,15768.0,599.0,4289.0,113.0,0.0,6.0,12.0,2,small urban,6,2,0.1,2.3,0.0,3.0,66.2,20.7,17.9,980.3,65
132.0,39938.0,879.0,80.0,146.7,12.0,0.0,12.0,3,urban,3,5,0.0,4.8,0.0,1.5,68.5,12.5,18.4,1015.9,22
