row_id,feature_set,model_name,y_true,y_pred,residual,absolute_error,squared_error
4137,baseline_condition_allowed,RandomForestRegressor,67.2,74.10631388888888,-6.906313888888874,6.906313888888874,47.69717153185937
1393,baseline_condition_allowed,RandomForestRegressor,119.0,102.03060833333333,16.969391666666667,16.969391666666667,287.9602535367361
1802,baseline_condition_allowed,RandomForestRegressor,86.7,68.8702087301587,17.82979126984131,17.82979126984131,317.90145672610936
2552,baseline_condition_allowed,RandomForestRegressor,68.0,77.41472857142857,-9.414728571428569,9.414728571428569,88.63711407367342
1606,baseline_condition_allowed,RandomForestRegressor,87.0,73.68327420634918,13.316725793650818,13.316725793650818,177.335185863285
1420,baseline_condition_allowed,RandomForestRegressor,72.8,66.17218174603177,6.627818253968229,6.627818253968229,43.92797480763446
17,baseline_condition_allowed,RandomForestRegressor,87.0,91.3589273809524,-4.3589273809523945,4.3589273809523945,19.0002479124165
3749,baseline_condition_allowed,RandomForestRegressor,35.0,51.47971785714285,-16.47971785714285,16.47971785714285,271.581100651033
3909,baseline_condition_allowed,RandomForestRegressor,164.0,124.99135198412696,39.008648015873035,39.008648015873035,1521.6746200262753
3840,baseline_condition_allowed,RandomForestRegressor,69.2,63.23799642857144,5.962003571428561,5.962003571428561,35.54548658572691
2562,baseline_condition_allowed,RandomForestRegressor,160.4,132.9902238095238,27.409776190476208,27.409776190476208,751.2958308119964
2356,baseline_condition_allowed,RandomForestRegressor,257.0,192.1725833333334,64.82741666666661,64.82741666666661,4202.593951673603
4899,baseline_condition_allowed,RandomForestRegressor,117.3,108.19363849206349,9.106361507936512,9.106361507936512,82.92581991322774
2317,baseline_condition_allowed,RandomForestRegressor,55.0,51.098040476190434,3.901959523809566,3.901959523809566,15.225288125448175
4567,baseline_condition_allowed,RandomForestRegressor,136.3,118.19878849206343,18.101211507936583,18.101211507936583,327.65385805505576
4594,baseline_condition_allowed,RandomForestRegressor,55.0,50.22971607142858,4.770283928571423,4.770283928571423,22.755608759186813
4976,baseline_condition_allowed,RandomForestRegressor,44.5,44.92875059523811,-0.42875059523810677,0.42875059523810677,0.18382707291703088
619,baseline_condition_allowed,RandomForestRegressor,63.2,57.135296230158765,6.064703769841238,6.064703769841238,36.78063181592652
824,baseline_condition_allowed,RandomForestRegressor,58.7,56.37187500000001,2.328124999999993,2.328124999999993,5.420166015624967
3255,baseline_condition_allowed,RandomForestRegressor,181.3,146.6726696428571,34.62733035714291,34.62733035714291,1199.0520076627108
2413,baseline_condition_allowed,RandomForestRegressor,62.0,63.87649523809526,-1.8764952380952593,1.8764952380952593,3.5212343785941838
307,baseline_condition_allowed,RandomForestRegressor,126.0,99.50028286435789,26.499717135642115,26.499717135642115,702.2350082690443
847,baseline_condition_allowed,RandomForestRegressor,64.5,62.86157738095237,1.6384226190476312,1.6384226190476312,2.684428678606899
864,baseline_condition_allowed,RandomForestRegressor,80.7,75.51632242063489,5.18367757936511,5.18367757936511,26.870513246812525
4578,baseline_condition_allowed,RandomForestRegressor,56.8,57.70155575396828,-0.9015557539682817,0.9015557539682817,0.8128027775133169
483,baseline_condition_allowed,RandomForestRegressor,65.1,56.46251011904766,8.637489880952337,8.637489880952337,74.60623144355402
4217,baseline_condition_allowed,RandomForestRegressor,77.0,152.7806523809524,-75.7806523809524,75.7806523809524,5742.707275282747
5299,baseline_condition_allowed,RandomForestRegressor,35.2,36.09033015873015,-0.8903301587301442,0.8903301587301442,0.7926877915444438
2454,baseline_condition_allowed,RandomForestRegressor,57.0,47.93398373015872,9.066016269841278,9.066016269841278,82.19265100502675
3238,baseline_condition_allowed,RandomForestRegressor,108.0,162.48469246031746,-54.48469246031746,54.48469246031746,2968.5817124953746
2621,baseline_condition_allowed,RandomForestRegressor,108.0,171.27733015873014,-63.27733015873014,63.27733015873014,4004.0205120169385
5174,baseline_condition_allowed,RandomForestRegressor,142.7,132.99964821428583,9.700351785714162,9.700351785714162,94.09682476660792
2736,baseline_condition_allowed,RandomForestRegressor,69.0,50.807266666666656,18.192733333333344,18.192733333333344,330.97554613777817
2367,baseline_condition_allowed,RandomForestRegressor,159.0,142.75442539682535,16.245574603174646,16.245574603174646,263.91869418731306
1785,baseline_condition_allowed,RandomForestRegressor,108.0,132.16260972222227,-24.16260972222227,24.16260972222227,583.8317085884302
1116,baseline_condition_allowed,RandomForestRegressor,65.0,119.28802182539675,-54.288021825396754,54.288021825396754,2947.1893137147545
1952,baseline_condition_allowed,RandomForestRegressor,120.5,109.45045925324672,11.04954074675328,11.04954074675328,122.09235071416103
2619,baseline_condition_allowed,RandomForestRegressor,121.0,103.99396230158729,17.00603769841271,17.00603769841271,289.2053181998343
4848,baseline_condition_allowed,RandomForestRegressor,88.0,130.0703597222222,-42.07035972222221,42.07035972222221,1769.9151671571765
1382,baseline_condition_allowed,RandomForestRegressor,39.9,98.48838948412698,-58.588389484126985,58.588389484126985,3432.5993823437616
789,baseline_condition_allowed,RandomForestRegressor,46.0,67.32485952380951,-21.324859523809508,21.324859523809508,454.7496337102091
3987,baseline_condition_allowed,RandomForestRegressor,140.0,123.91905458152962,16.080945418470378,16.080945418470378,258.5968055518234
4981,baseline_condition_allowed,RandomForestRegressor,58.6,54.447831349206375,4.152168650793627,4.152168650793627,17.240504504633364
5373,baseline_condition_allowed,RandomForestRegressor,46.5,44.04714377705626,2.452856222943737,2.452856222943737,6.016503650433815
4945,baseline_condition_allowed,RandomForestRegressor,100.0,100.94462559523812,-0.9446255952381222,0.9446255952381222,0.8923175151789766
2947,baseline_condition_allowed,RandomForestRegressor,94.5,105.12533690476187,-10.625336904761866,10.625336904761866,112.89778433969448
4823,baseline_condition_allowed,RandomForestRegressor,97.0,130.30868324314574,-33.30868324314574,33.30868324314574,1109.4683793922177
418,baseline_condition_allowed,RandomForestRegressor,104.0,84.84689523809521,19.153104761904785,19.153104761904785,366.84142202049975
1807,baseline_condition_allowed,RandomForestRegressor,82.5,81.85371329365081,0.6462867063491871,0.6462867063491871,0.41768650680368036
3994,baseline_condition_allowed,RandomForestRegressor,61.8,127.93210892857147,-66.13210892857147,66.13210892857147,4373.455831340442
3587,baseline_condition_allowed,RandomForestRegressor,40.7,45.374954761904746,-4.674954761904743,4.674954761904743,21.855202025855835
5721,baseline_condition_allowed,RandomForestRegressor,95.0,125.54639523809519,-30.546395238095187,30.546395238095187,933.0822620419243
4379,baseline_condition_allowed,RandomForestRegressor,117.4,132.49591746031751,-15.095917460317509,15.095917460317509,227.88672396871902
859,baseline_condition_allowed,RandomForestRegressor,53.0,78.82658809523815,-25.82658809523815,25.82658809523815,667.012652641097
680,baseline_condition_allowed,RandomForestRegressor,75.9,64.87412857142851,11.025871428571492,11.025871428571492,121.56984075938915
2733,baseline_condition_allowed,RandomForestRegressor,44.5,49.537203174603164,-5.037203174603164,5.037203174603164,25.373415822232193
831,baseline_condition_allowed,RandomForestRegressor,51.1,53.32088849206347,-2.220888492063466,2.220888492063466,4.9323456941799355
3823,baseline_condition_allowed,RandomForestRegressor,80.3,78.36324146825395,1.936758531746051,1.936758531746051,3.751033610291119
4825,baseline_condition_allowed,RandomForestRegressor,145.0,117.93829841269834,27.061701587301656,27.061701587301656,732.3356928001649
4987,baseline_condition_allowed,RandomForestRegressor,80.6,73.77014880952382,6.829851190476177,6.829851190476177,46.646867284048845
4817,baseline_condition_allowed,RandomForestRegressor,86.3,81.95418690476195,4.345813095238043,4.345813095238043,18.88609145874246
3812,baseline_condition_allowed,RandomForestRegressor,64.0,66.61739642857145,-2.6173964285714533,2.6173964285714533,6.850764064298598
3890,baseline_condition_allowed,RandomForestRegressor,159.0,166.22143492063492,-7.22143492063492,7.22143492063492,52.14912231296547
4287,baseline_condition_allowed,RandomForestRegressor,136.5,116.54293412698416,19.957065873015836,19.957065873015836,398.2844782598933
3926,baseline_condition_allowed,RandomForestRegressor,61.6,55.72167460317463,5.878325396825375,5.878325396825375,34.554709470962194
1255,baseline_condition_allowed,RandomForestRegressor,265.0,241.7143503968253,23.285649603174704,23.285649603174704,542.2214774418303
2532,baseline_condition_allowed,RandomForestRegressor,101.0,149.85486666666665,-48.85486666666665,48.85486666666665,2386.797997017776
1618,baseline_condition_allowed,RandomForestRegressor,47.0,58.21341522366525,-11.213415223665251,11.213415223665251,125.74068097832762
4167,baseline_condition_allowed,RandomForestRegressor,88.5,90.57721488095238,-2.0772148809523827,2.0772148809523827,4.314821661650021
2513,baseline_condition_allowed,RandomForestRegressor,180.5,163.29754480519483,17.202455194805168,17.202455194805168,295.9244647292793
4563,baseline_condition_allowed,RandomForestRegressor,49.2,50.30836488095235,-1.1083648809523439,1.1083648809523439,1.2284727093285035
4244,baseline_condition_allowed,RandomForestRegressor,94.0,90.04129821428573,3.9587017857142683,3.9587017857142683,15.671319828217337
2612,baseline_condition_allowed,RandomForestRegressor,137.0,125.65405178571432,11.345948214285684,11.345948214285684,128.7305408812525
1899,baseline_condition_allowed,RandomForestRegressor,87.0,65.91811244588749,21.081887554112512,21.081887554112512,444.44598284424404
2913,baseline_condition_allowed,RandomForestRegressor,45.0,53.24392063492064,-8.243920634920642,8.243920634920642,67.96222743487036
2344,baseline_condition_allowed,RandomForestRegressor,75.8,64.88085119047619,10.919148809523804,10.919148809523804,119.22781072452511
1501,baseline_condition_allowed,RandomForestRegressor,128.8,121.7559952380953,7.044004761904716,7.044004761904716,49.61800308573632
1044,baseline_condition_allowed,RandomForestRegressor,46.8,79.83704285714286,-33.037042857142865,33.037042857142865,1091.4462007446944
4876,baseline_condition_allowed,RandomForestRegressor,91.7,90.00158333333339,1.698416666666617,1.698416666666617,2.8846191736109423
1321,baseline_condition_allowed,RandomForestRegressor,114.0,135.88090813492065,-21.880908134920645,21.880908134920645,478.7741408088365
2386,baseline_condition_allowed,RandomForestRegressor,38.0,43.714877380952366,-5.714877380952366,5.714877380952366,32.65982347932098
2762,baseline_condition_allowed,RandomForestRegressor,49.0,48.25945515873011,0.7405448412698874,0.7405448412698874,0.5484066619314427
546,baseline_condition_allowed,RandomForestRegressor,44.8,50.61963730158732,-5.819637301587321,5.819637301587321,33.86817832202655
1607,baseline_condition_allowed,RandomForestRegressor,138.0,125.16137301587301,12.83862698412699,12.83862698412699,164.83034283755367
4158,baseline_condition_allowed,RandomForestRegressor,141.5,117.11475656565658,24.385243434343423,24.385243434343423,594.640097352189
385,baseline_condition_allowed,RandomForestRegressor,84.8,72.82821031746032,11.97178968253968,11.97178968253968,143.32374820296351
533,baseline_condition_allowed,RandomForestRegressor,47.0,84.35049715007212,-37.350497150072115,37.350497150072115,1395.0596373575452
4337,baseline_condition_allowed,RandomForestRegressor,51.0,67.91503353174602,-16.91503353174602,16.91503353174602,286.1183593800922
1962,baseline_condition_allowed,RandomForestRegressor,33.8,41.224068452380926,-7.424068452380929,7.424068452380929,55.116792385637766
4607,baseline_condition_allowed,RandomForestRegressor,84.0,98.25112698412697,-14.25112698412697,14.25112698412697,203.09462031771184
1021,baseline_condition_allowed,RandomForestRegressor,68.2,65.53162500000002,2.6683749999999833,2.6683749999999833,7.12022514062491
3522,baseline_condition_allowed,RandomForestRegressor,50.6,51.70689662698412,-1.106896626984117,1.106896626984117,1.2252201428288154
2649,baseline_condition_allowed,RandomForestRegressor,35.0,43.24763690476192,-8.247636904761919,8.247636904761919,68.02351451279077
69,baseline_condition_allowed,RandomForestRegressor,50.6,49.82377824675324,0.7762217532467588,0.7762217532467588,0.6025202102134721
995,baseline_condition_allowed,RandomForestRegressor,53.4,51.133019841269835,2.2669801587301635,2.2669801587301635,5.139199040076237
3073,baseline_condition_allowed,RandomForestRegressor,59.0,59.34710049019607,-0.3471004901960697,0.3471004901960697,0.12047875029435187
553,baseline_condition_allowed,RandomForestRegressor,56.8,57.29296874098122,-0.492968740981226,0.492968740981226,0.2430181795846151
4681,baseline_condition_allowed,RandomForestRegressor,101.0,85.31444761904756,15.685552380952444,15.685552380952444,246.0365534956029
1825,baseline_condition_allowed,RandomForestRegressor,74.7,67.48024960317463,7.219750396825376,7.219750396825376,52.12479579246017
2040,baseline_condition_allowed,RandomForestRegressor,40.0,44.86155271672771,-4.861552716727708,4.861552716727708,23.634694817522558
3005,baseline_condition_allowed,RandomForestRegressor,41.0,59.187579166666694,-18.187579166666694,18.187579166666694,330.78803594376836
3879,baseline_condition_allowed,RandomForestRegressor,98.0,83.17524920634919,14.824750793650807,14.824750793650807,219.77323609385024
179,baseline_condition_allowed,RandomForestRegressor,55.6,50.849465476190474,4.750534523809527,4.750534523809527,22.567578261906213
4521,baseline_condition_allowed,RandomForestRegressor,265.0,209.50571190476185,55.49428809523815,55.49428809523815,3079.6160111972904
431,baseline_condition_allowed,RandomForestRegressor,82.0,80.92715409451657,1.0728459054834332,1.0728459054834332,1.1509983369125676
1644,baseline_condition_allowed,RandomForestRegressor,115.0,221.33345714285718,-106.33345714285718,106.33345714285718,11306.804107951846
1006,baseline_condition_allowed,RandomForestRegressor,40.0,60.686245833333345,-20.686245833333345,20.686245833333345,427.9207666771012
1963,baseline_condition_allowed,RandomForestRegressor,36.3,43.745394047619065,-7.445394047619068,7.445394047619068,55.43389252432145
375,baseline_condition_allowed,RandomForestRegressor,61.2,63.94684067460319,-2.7468406746031846,2.7468406746031846,7.5451336916544784
1082,baseline_condition_allowed,RandomForestRegressor,41.0,42.60168463203465,-1.6016846320346474,1.6016846320346474,2.565393660495964
5368,baseline_condition_allowed,RandomForestRegressor,39.4,47.03013095238097,-7.6301309523809735,7.6301309523809735,58.218898350482185
3295,baseline_condition_allowed,RandomForestRegressor,112.6,95.02018392857137,17.579816071428624,17.579816071428624,309.04993310526015
1351,baseline_condition_allowed,RandomForestRegressor,82.0,76.46279623015872,5.537203769841284,5.537203769841284,30.660625588744526
5043,baseline_condition_allowed,RandomForestRegressor,68.6,63.596009920634934,5.00399007936506,5.00399007936506,25.039916714383942
1544,baseline_condition_allowed,RandomForestRegressor,55.0,54.97585833333334,0.024141666666658068,0.024141666666658068,0.0005828200694440293
3593,baseline_condition_allowed,RandomForestRegressor,38.0,39.871030555555556,-1.8710305555555564,1.8710305555555564,3.500755339822534
799,baseline_condition_allowed,RandomForestRegressor,120.0,110.19789325396823,9.802106746031768,9.802106746031768,96.0812966606015
4589,baseline_condition_allowed,RandomForestRegressor,116.0,102.84463742784992,13.155362572150082,13.155362572150082,173.06356440472723
724,baseline_condition_allowed,RandomForestRegressor,49.0,56.57660119047618,-7.5766011904761825,7.5766011904761825,57.40488559952511
1247,baseline_condition_allowed,RandomForestRegressor,64.4,61.06784424603172,3.332155753968287,3.332155753968287,11.103261968703963
1459,baseline_condition_allowed,RandomForestRegressor,84.0,72.42138809523809,11.578611904761914,11.578611904761914,134.06425364109433
1693,baseline_condition_allowed,RandomForestRegressor,159.0,150.36028571428565,8.639714285714348,8.639714285714348,74.64466293877659
4651,baseline_condition_allowed,RandomForestRegressor,83.0,129.3770686507937,-46.37706865079369,46.37706865079369,2150.8324966404307
97,baseline_condition_allowed,RandomForestRegressor,102.3,81.88877619047618,20.41122380952382,20.41122380952382,416.618057402472
1622,baseline_condition_allowed,RandomForestRegressor,73.0,77.94985595238094,-4.949855952380943,4.949855952380943,24.501073949321057
2640,baseline_condition_allowed,RandomForestRegressor,57.0,50.426705555555564,6.573294444444436,6.573294444444436,43.208199853364086
1557,baseline_condition_allowed,RandomForestRegressor,75.0,66.34283452380951,8.657165476190485,8.657165476190485,74.94651408214443
29,baseline_condition_allowed,RandomForestRegressor,111.0,98.98620039682542,12.013799603174576,12.013799603174576,144.33138090523758
3481,baseline_condition_allowed,RandomForestRegressor,98.0,125.43985932539682,-27.439859325396824,27.439859325396824,752.945879797567
5077,baseline_condition_allowed,RandomForestRegressor,71.7,64.05216785714283,7.647832142857169,7.647832142857169,58.48933648531928
2355,baseline_condition_allowed,RandomForestRegressor,217.0,172.95246428571434,44.04753571428566,44.04753571428566,1940.1854025012706
3584,baseline_condition_allowed,RandomForestRegressor,47.6,47.95933988095238,-0.35933988095237623,0.35933988095237623,0.12912515004286793
4752,baseline_condition_allowed,RandomForestRegressor,50.0,48.526638690476176,1.473361309523824,1.473361309523824,2.1707935484017575
3733,baseline_condition_allowed,RandomForestRegressor,37.0,38.56540138888886,-1.5654013888888585,1.5654013888888585,2.450481508335167
1925,baseline_condition_allowed,RandomForestRegressor,157.5,126.51910921717172,30.980890782828283,30.980890782828283,959.8155936975345
3509,baseline_condition_allowed,RandomForestRegressor,127.0,126.35715178571425,0.642848214285749,0.642848214285749,0.4132538266103763
5075,baseline_condition_allowed,RandomForestRegressor,41.7,41.51133510101011,0.18866489898989158,0.18866489898989158,0.03559444411086599
937,baseline_condition_allowed,RandomForestRegressor,49.0,64.0568714285714,-15.056871428571398,15.056871428571398,226.7093772165297
3485,baseline_condition_allowed,RandomForestRegressor,106.2,98.77003432539682,7.4299656746031815,7.4299656746031815,55.20438992578151
806,baseline_condition_allowed,RandomForestRegressor,56.1,105.62770972222219,-49.52770972222219,49.52770972222219,2452.9940303287026
1406,baseline_condition_allowed,RandomForestRegressor,120.0,125.68871250000004,-5.688712500000037,5.688712500000037,32.36144990765667
985,baseline_condition_allowed,RandomForestRegressor,102.2,82.87272103174604,19.327278968253964,19.327278968253964,373.543712316712
3428,baseline_condition_allowed,RandomForestRegressor,236.0,229.9210875,6.078912500000001,6.078912500000001,36.95317718265627
1256,baseline_condition_allowed,RandomForestRegressor,132.0,125.80520306637807,6.19479693362193,6.19479693362193,38.37550904881167
5748,baseline_condition_allowed,RandomForestRegressor,49.0,47.79242341269846,1.2075765873015385,1.2075765873015385,1.4582412141988301
1988,baseline_condition_allowed,RandomForestRegressor,38.0,42.348716883116886,-4.348716883116886,4.348716883116886,18.911338529505844
3142,baseline_condition_allowed,RandomForestRegressor,87.0,81.74504285714279,5.254957142857208,5.254957142857208,27.61457457326599
728,baseline_condition_allowed,RandomForestRegressor,68.5,60.69492996031744,7.805070039682562,7.805070039682562,60.91911832435035
3968,baseline_condition_allowed,RandomForestRegressor,115.5,103.31810793650793,12.181892063492072,12.181892063492072,148.39849424657112
210,baseline_condition_allowed,RandomForestRegressor,60.0,63.55071343167699,-3.5507134316769893,3.5507134316769893,12.607565873891382
1078,baseline_condition_allowed,RandomForestRegressor,106.0,126.18243214285712,-20.182432142857124,20.182432142857124,407.3305672010324
2160,baseline_condition_allowed,RandomForestRegressor,38.7,36.14673035714285,2.5532696428571526,2.5532696428571526,6.5191858691358915
4420,baseline_condition_allowed,RandomForestRegressor,101.5,79.2040781746032,22.295921825396803,22.295921825396803,497.1081300442055
3099,baseline_condition_allowed,RandomForestRegressor,137.0,155.37291488095244,-18.372914880952436,18.372914880952436,337.56400122272345
2966,baseline_condition_allowed,RandomForestRegressor,69.5,71.6103785714286,-2.1103785714285976,2.1103785714285976,4.453697714745009
3771,baseline_condition_allowed,RandomForestRegressor,149.5,139.80645606060608,9.69354393939392,9.69354393939392,93.96479410496057
3266,baseline_condition_allowed,RandomForestRegressor,210.0,217.97302797619045,-7.973027976190451,7.973027976190451,63.569175109115605
1727,baseline_condition_allowed,RandomForestRegressor,75.0,91.46032202380948,-16.460322023809482,16.460322023809482,270.9422011275075
2997,baseline_condition_allowed,RandomForestRegressor,32.0,40.531948214285705,-8.531948214285705,8.531948214285705,72.79414033125303
2353,baseline_condition_allowed,RandomForestRegressor,78.5,66.65708849206356,11.842911507936435,11.842911507936435,140.25455298481324
3641,baseline_condition_allowed,RandomForestRegressor,66.5,63.16001130952377,3.3399886904762326,3.3399886904762326,11.15552445250914
5026,baseline_condition_allowed,RandomForestRegressor,109.0,96.2131791666667,12.786820833333294,12.786820833333294,163.50278702376636
4013,baseline_condition_allowed,RandomForestRegressor,81.4,80.69882738095237,0.7011726190476395,0.7011726190476395,0.4916430417021262
377,baseline_condition_allowed,RandomForestRegressor,40.5,49.115728571428555,-8.615728571428555,8.615728571428555,74.23077881653033
2251,baseline_condition_allowed,RandomForestRegressor,52.0,45.095498015873005,6.904501984126995,6.904501984126995,47.672147648813606
2965,baseline_condition_allowed,RandomForestRegressor,128.0,103.05845238095239,24.94154761904761,24.94154761904761,622.0807976332196
962,baseline_condition_allowed,RandomForestRegressor,42.1,50.97450238095237,-8.874502380952372,8.874502380952372,78.7567925095293
1251,baseline_condition_allowed,RandomForestRegressor,61.4,113.02183452380949,-51.62183452380949,51.62183452380949,2664.8137996035694
5346,baseline_condition_allowed,RandomForestRegressor,66.8,63.89579503968257,2.904204960317429,2.904204960317429,8.434406451532361
4509,baseline_condition_allowed,RandomForestRegressor,122.5,137.1814613095238,-14.681461309523797,14.681461309523797,215.5453061830442
4566,baseline_condition_allowed,RandomForestRegressor,95.0,70.36122932900433,24.63877067099567,24.63877067099567,607.0690201779164
1730,baseline_condition_allowed,RandomForestRegressor,164.0,163.20412043650794,0.7958795634920648,0.7958795634920648,0.6334242795843196
2452,baseline_condition_allowed,RandomForestRegressor,40.0,41.87412202380952,-1.8741220238095195,1.8741220238095195,3.512333360127889
1565,baseline_condition_allowed,RandomForestRegressor,46.0,60.283501587301565,-14.283501587301565,14.283501587301565,204.01841759444633
3048,baseline_condition_allowed,RandomForestRegressor,99.0,82.87154761904762,16.128452380952382,16.128452380952382,260.12697620464854
183,baseline_condition_allowed,RandomForestRegressor,64.3,84.32950376984125,-20.029503769841256,20.029503769841256,401.18102126608505
5261,baseline_condition_allowed,RandomForestRegressor,35.2,67.04652797619049,-31.846527976190487,31.846527976190487,1014.2013441382834
5203,baseline_condition_allowed,RandomForestRegressor,113.0,95.72325830142084,17.27674169857916,17.27674169857916,298.48580371942387
3632,baseline_condition_allowed,RandomForestRegressor,238.0,187.58746706349214,50.41253293650786,50.41253293650786,2541.4234770744897
1653,baseline_condition_allowed,RandomForestRegressor,46.5,76.7249869047619,-30.224986904761906,30.224986904761906,913.5498333930287
208,baseline_condition_allowed,RandomForestRegressor,68.0,77.9557340548341,-9.955734054834096,9.955734054834096,99.11664057058336
23,baseline_condition_allowed,RandomForestRegressor,90.5,86.6388454365079,3.861154563492093,3.861154563492093,14.908514563175816
1521,baseline_condition_allowed,RandomForestRegressor,105.6,90.00517976190478,15.59482023809521,15.59482023809521,243.19841825850392
4125,baseline_condition_allowed,RandomForestRegressor,114.7,100.33470654761899,14.36529345238101,14.36529345238101,206.36165597302073
3096,baseline_condition_allowed,RandomForestRegressor,102.0,89.01386527777778,12.986134722222218,12.986134722222218,168.6396950237055
3608,baseline_condition_allowed,RandomForestRegressor,129.7,135.60238392857144,-5.902383928571453,5.902383928571453,34.83813604025858
2761,baseline_condition_allowed,RandomForestRegressor,44.0,40.79082261904764,3.2091773809523616,3.2091773809523616,10.29881946241626
941,baseline_condition_allowed,RandomForestRegressor,68.0,66.53649047619048,1.4635095238095204,1.4635095238095204,2.141860126281169
3952,baseline_condition_allowed,RandomForestRegressor,132.0,131.87594226190473,0.12405773809527432,0.12405773809527432,0.015390322381315677
4149,baseline_condition_allowed,RandomForestRegressor,66.0,64.56898571428573,1.4310142857142694,1.4310142857142694,2.0478018859183207
1621,baseline_condition_allowed,RandomForestRegressor,128.0,125.10713015873017,2.892869841269828,2.892869841269828,8.368695918528521
5781,baseline_condition_allowed,RandomForestRegressor,94.5,93.7790984126984,0.7209015873015971,0.7209015873015971,0.5196990985739622
3613,baseline_condition_allowed,RandomForestRegressor,120.0,108.59273690476189,11.407263095238108,11.407263095238108,130.1256513239813
1610,baseline_condition_allowed,RandomForestRegressor,77.0,72.44999682539685,4.550003174603148,4.550003174603148,20.702528888898726
3377,baseline_condition_allowed,RandomForestRegressor,42.1,42.259325595238096,-0.1593255952380943,0.1593255952380943,0.02538464529797306
1675,baseline_condition_allowed,RandomForestRegressor,100.0,83.51884940476194,16.481150595238063,16.481150595238063,271.6283249429159
3215,baseline_condition_allowed,RandomForestRegressor,36.6,38.87419642857142,-2.274196428571422,2.274196428571422,5.17196939572701
2507,baseline_condition_allowed,RandomForestRegressor,62.0,68.61915357142853,-6.619153571428527,6.619153571428527,43.813194002155015
5502,baseline_condition_allowed,RandomForestRegressor,178.0,158.84301904761898,19.15698095238102,19.15698095238102,366.9899192098892
58,baseline_condition_allowed,RandomForestRegressor,48.0,47.44605138888888,0.5539486111111174,0.5539486111111174,0.30685906375193595
5108,baseline_condition_allowed,RandomForestRegressor,74.2,78.16453353174602,-3.9645335317460138,3.9645335317460138,15.717526124338521
1790,baseline_condition_allowed,RandomForestRegressor,47.0,55.76041071428572,-8.760410714285719,8.760410714285719,76.74479588297201
2989,baseline_condition_allowed,RandomForestRegressor,98.7,94.38497559523806,4.315024404761942,4.315024404761942,18.619435613691156
1886,baseline_condition_allowed,RandomForestRegressor,193.0,195.94463789682538,-2.944637896825384,2.944637896825384,8.67089234342022
676,baseline_condition_allowed,RandomForestRegressor,58.7,47.88470876623375,10.815291233766253,10.815291233766253,116.97052447118115
4441,baseline_condition_allowed,RandomForestRegressor,121.0,148.44469444444448,-27.44469444444448,27.44469444444448,753.2112531489216
3453,baseline_condition_allowed,RandomForestRegressor,154.8,132.71567499999998,22.084325000000035,22.084325000000035,487.71741070562655
4494,baseline_condition_allowed,RandomForestRegressor,79.0,80.10259291125539,-1.1025929112553854,1.1025929112553854,1.215711127950626
3773,baseline_condition_allowed,RandomForestRegressor,125.0,111.836103968254,13.163896031746006,13.163896031746006,173.28815873461824
4622,baseline_condition_allowed,RandomForestRegressor,109.0,93.02532321428572,15.97467678571428,15.97467678571428,255.19029840803873
4475,baseline_condition_allowed,RandomForestRegressor,58.1,59.5420033730159,-1.4420033730159005,1.4420033730159005,2.0793737277892346
301,baseline_condition_allowed,RandomForestRegressor,135.0,135.15259464285714,-0.15259464285713875,0.15259464285713875,0.023285125028697725
246,baseline_condition_allowed,RandomForestRegressor,114.0,99.19624821428572,14.803751785714283,14.803751785714283,219.15106693303883
3725,baseline_condition_allowed,RandomForestRegressor,200.5,182.132233531746,18.36776646825399,18.36776646825399,337.37484503231565
5404,baseline_condition_allowed,RandomForestRegressor,52.5,51.94931309523804,0.5506869047619602,0.5506869047619602,0.30325606707630826
2589,baseline_condition_allowed,RandomForestRegressor,54.7,58.91982539682541,-4.2198253968254065,4.2198253968254065,17.806926379692698
1537,baseline_condition_allowed,RandomForestRegressor,78.0,162.40428273809528,-84.40428273809528,84.40428273809528,7124.082944532328
5385,baseline_condition_allowed,RandomForestRegressor,52.5,59.47455952380956,-6.97455952380956,6.97455952380956,48.644480551162644
517,baseline_condition_allowed,RandomForestRegressor,262.0,168.14275833333332,93.85724166666668,93.85724166666668,8809.181813275072
2059,baseline_condition_allowed,RandomForestRegressor,38.0,37.03169801587303,0.9683019841269669,0.9683019841269669,0.9376087324642208
3158,baseline_condition_allowed,RandomForestRegressor,43.8,43.3391773809524,0.46082261904759747,0.46082261904759747,0.21235748622588715
5522,baseline_condition_allowed,RandomForestRegressor,45.0,40.06678194444446,4.9332180555555425,4.9332180555555425,24.33664038365921
2119,baseline_condition_allowed,RandomForestRegressor,57.0,49.58749642857141,7.412503571428587,7.412503571428587,54.94520919644156
5574,baseline_condition_allowed,RandomForestRegressor,125.0,115.73724325396824,9.262756746031755,9.262756746031755,85.79866253615678
3132,baseline_condition_allowed,RandomForestRegressor,131.0,94.7098448412698,36.2901551587302,36.2901551587302,1316.9753614447122
4066,baseline_condition_allowed,RandomForestRegressor,80.3,74.78836269841267,5.511637301587328,5.511637301587328,30.37814574424884
1101,baseline_condition_allowed,RandomForestRegressor,110.0,112.39009404761912,-2.3900940476191153,2.3900940476191153,5.712549556464325
1704,baseline_condition_allowed,RandomForestRegressor,39.1,38.32575119047618,0.7742488095238187,0.7742488095238187,0.5994612190490505
1749,baseline_condition_allowed,RandomForestRegressor,47.0,42.591314484126976,4.4086855158730245,4.4086855158730245,19.436507977868597
2700,baseline_condition_allowed,RandomForestRegressor,30.3,36.44826574675324,-6.148265746753243,6.148265746753243,37.80117169269921
2018,baseline_condition_allowed,RandomForestRegressor,45.0,78.16847261904762,-33.16847261904762,33.16847261904762,1100.1475758805116
3196,baseline_condition_allowed,RandomForestRegressor,168.0,141.41148511904768,26.588514880952317,26.588514880952317,706.9491235746228
1039,baseline_condition_allowed,RandomForestRegressor,69.0,75.52332976190476,-6.523329761904762,6.523329761904762,42.553831182552436
3737,baseline_condition_allowed,RandomForestRegressor,65.1,72.57495714285716,-7.474957142857164,7.474957142857164,55.87498428755134
1624,baseline_condition_allowed,RandomForestRegressor,83.5,84.44240853174603,-0.9424085317460253,0.9424085317460253,0.8881338407076993
5614,baseline_condition_allowed,RandomForestRegressor,102.0,95.79565138888887,6.204348611111129,6.204348611111129,38.4939416881966
1789,baseline_condition_allowed,RandomForestRegressor,30.0,47.428219949494945,-17.428219949494945,17.428219949494945,303.7428506079736
4809,baseline_condition_allowed,RandomForestRegressor,94.0,110.55399900793644,-16.55399900793644,16.55399900793644,274.0348831547606
5028,baseline_condition_allowed,RandomForestRegressor,90.8,88.30931130952378,2.490688690476219,2.490688690476219,6.203530152866142
5758,baseline_condition_allowed,RandomForestRegressor,42.0,42.89874821428573,-0.8987482142857317,0.8987482142857317,0.8077483526817916
5120,baseline_condition_allowed,RandomForestRegressor,133.0,107.12643214285717,25.87356785714283,25.87356785714283,669.4415136581747
1011,baseline_condition_allowed,RandomForestRegressor,111.0,115.06808597374858,-4.06808597374858,4.06808597374858,16.549323489809936
277,baseline_condition_allowed,RandomForestRegressor,58.0,150.86529761904757,-92.86529761904757,92.86529761904757,8623.963501874281
5744,baseline_condition_allowed,RandomForestRegressor,46.0,53.15752548701298,-7.1575254870129825,7.1575254870129825,51.23017109724043
3835,baseline_condition_allowed,RandomForestRegressor,43.3,41.57770138888889,1.722298611111107,1.722298611111107,2.9663125058352477
2574,baseline_condition_allowed,RandomForestRegressor,125.3,104.8205672619048,20.4794327380952,20.4794327380952,419.4071652741654
1069,baseline_condition_allowed,RandomForestRegressor,71.0,77.90963095238094,-6.909630952380937,6.909630952380937,47.74299989810069
1128,baseline_condition_allowed,RandomForestRegressor,115.0,104.43150357142854,10.568496428571464,10.568496428571464,111.69311676072779
5302,baseline_condition_allowed,RandomForestRegressor,57.0,57.91811785714288,-0.9181178571428816,0.9181178571428816,0.8429403996046368
4644,baseline_condition_allowed,RandomForestRegressor,92.2,94.38590198412702,-2.185901984127014,2.185901984127014,4.7781674842104165
3761,baseline_condition_allowed,RandomForestRegressor,55.0,99.85968809523818,-44.859688095238184,44.859688095238184,2012.3916160020544
4400,baseline_condition_allowed,RandomForestRegressor,138.0,138.82111428571434,-0.8211142857143443,0.8211142857143443,0.6742286702041779
5391,baseline_condition_allowed,RandomForestRegressor,43.5,46.32454345238096,-2.824543452380958,2.824543452380958,7.9780457143881405
3538,baseline_condition_allowed,RandomForestRegressor,86.0,68.02630575396823,17.97369424603177,17.97369424603177,323.0536848498355
434,baseline_condition_allowed,RandomForestRegressor,165.7,120.65827202380957,45.041727976190415,45.041727976190415,2028.7572590811344
2003,baseline_condition_allowed,RandomForestRegressor,42.3,48.20244480519478,-5.902444805194783,5.902444805194783,34.83885467837088
4336,baseline_condition_allowed,RandomForestRegressor,82.5,65.74104107142857,16.75895892857143,16.75895892857143,280.8627043695441
2156,baseline_condition_allowed,RandomForestRegressor,34.0,33.13526309523811,0.8647369047618909,0.8647369047618909,0.7477699144571756
4116,baseline_condition_allowed,RandomForestRegressor,123.0,104.21047202380953,18.78952797619047,18.78952797619047,353.04636156804435
1152,baseline_condition_allowed,RandomForestRegressor,109.3,99.83795000000002,9.462049999999977,9.462049999999977,89.53039020249956
2661,baseline_condition_allowed,RandomForestRegressor,33.5,32.64996309523809,0.8500369047619074,0.8500369047619074,0.7225627394572041
5079,baseline_condition_allowed,RandomForestRegressor,85.1,78.31272936507939,6.787270634920603,6.787270634920603,46.06704267165552
3555,baseline_condition_allowed,RandomForestRegressor,72.0,64.54909285714285,7.450907142857147,7.450907142857147,55.51601725147966
5780,baseline_condition_allowed,RandomForestRegressor,36.0,61.16699345238092,-25.166993452380922,25.166993452380922,633.3775594321842
2261,baseline_condition_allowed,RandomForestRegressor,84.0,101.20138928571428,-17.201389285714285,17.201389285714285,295.8877933586862
1953,baseline_condition_allowed,RandomForestRegressor,120.5,187.26299523809524,-66.76299523809524,66.76299523809524,4457.297533161928
4846,baseline_condition_allowed,RandomForestRegressor,236.0,167.64266428571423,68.35733571428577,68.35733571428577,4672.725345955569
4122,baseline_condition_allowed,RandomForestRegressor,184.3,184.1793940476191,0.1206059523809131,0.1206059523809131,0.014545795749707078
328,baseline_condition_allowed,RandomForestRegressor,88.1,71.11776239177489,16.982237608225105,16.982237608225105,288.39639418221515
3716,baseline_condition_allowed,RandomForestRegressor,155.5,143.63436984126986,11.865630158730141,11.865630158730141,140.79317906376627
2915,baseline_condition_allowed,RandomForestRegressor,40.5,50.51526369047619,-10.01526369047619,10.01526369047619,100.30550678977073
1594,baseline_condition_allowed,RandomForestRegressor,42.0,48.79465019841272,-6.794650198412718,6.794650198412718,46.16727131878999
3903,baseline_condition_allowed,RandomForestRegressor,101.0,84.57621607142855,16.423783928571453,16.423783928571453,269.74067853240194
3839,baseline_condition_allowed,RandomForestRegressor,56.8,52.43845714285712,4.361542857142879,4.361542857142879,19.02305609469407
1717,baseline_condition_allowed,RandomForestRegressor,57.0,54.67596369047618,2.3240363095238195,2.3240363095238195,5.401144767985095
1049,baseline_condition_allowed,RandomForestRegressor,53.2,62.81721765873018,-9.617217658730176,9.617217658730176,92.49087549539153
2133,baseline_condition_allowed,RandomForestRegressor,57.0,52.643375000000006,4.356624999999994,4.356624999999994,18.98018139062495
4272,baseline_condition_allowed,RandomForestRegressor,154.2,150.5463,3.6536999999999864,3.6536999999999864,13.3495236899999
3396,baseline_condition_allowed,RandomForestRegressor,63.0,55.80818010461762,7.19181989538238,7.19181989538238,51.722273407617834
917,baseline_condition_allowed,RandomForestRegressor,78.3,66.20378095238098,12.096219047619016,12.096219047619016,146.31851524798108
3868,baseline_condition_allowed,RandomForestRegressor,126.0,133.86399563492066,-7.863995634920656,7.863995634920656,61.842427346051124
593,baseline_condition_allowed,RandomForestRegressor,48.0,67.96637326839831,-19.966373268398314,19.966373268398314,398.6560614930108
2129,baseline_condition_allowed,RandomForestRegressor,40.0,39.01491190476188,0.9850880952381189,0.9850880952381189,0.9703985553798652
4436,baseline_condition_allowed,RandomForestRegressor,136.0,129.9201500000001,6.079849999999908,6.079849999999908,36.96457602249888
3307,baseline_condition_allowed,RandomForestRegressor,65.5,97.7585285714286,-32.2585285714286,32.2585285714286,1040.6126655936753
2021,baseline_condition_allowed,RandomForestRegressor,38.5,38.86782546897547,-0.3678254689754681,0.3678254689754681,0.13529557562702305
1657,baseline_condition_allowed,RandomForestRegressor,46.2,112.8829071428571,-66.6829071428571,66.6829071428571,4446.610105022903
3732,baseline_condition_allowed,RandomForestRegressor,60.1,57.90390952380952,2.1960904761904843,2.1960904761904843,4.822813379614548
1888,baseline_condition_allowed,RandomForestRegressor,215.0,156.4654110930736,58.53458890692639,58.53458890692639,3426.29809850287
2939,baseline_condition_allowed,RandomForestRegressor,53.0,48.40679920634921,4.593200793650787,4.593200793650787,21.09749353079422
4321,baseline_condition_allowed,RandomForestRegressor,181.0,150.57356190476193,30.42643809523807,30.42643809523807,925.7681351633544
5097,baseline_condition_allowed,RandomForestRegressor,75.0,89.11829642857143,-14.118296428571426,14.118296428571426,199.3262940450127
942,baseline_condition_allowed,RandomForestRegressor,65.2,82.57407857142859,-17.374078571428583,17.374078571428583,301.8586062061739
5222,baseline_condition_allowed,RandomForestRegressor,65.0,64.86282896825398,0.1371710317460213,0.1371710317460213,0.018815891950267984
3659,baseline_condition_allowed,RandomForestRegressor,45.2,53.580103968253944,-8.380103968253941,8.380103968253941,70.22614251874545
5603,baseline_condition_allowed,RandomForestRegressor,85.1,75.72380694444445,9.376193055555547,9.376193055555547,87.91299621504805
2144,baseline_condition_allowed,RandomForestRegressor,50.0,48.2069363095238,1.7930636904762025,1.7930636904762025,3.215077398104139
5728,baseline_condition_allowed,RandomForestRegressor,51.6,63.99216071428573,-12.39216071428573,12.39216071428573,153.5656471686866
1507,baseline_condition_allowed,RandomForestRegressor,47.0,51.604854166666684,-4.604854166666684,4.604854166666684,21.204681896267516
1852,baseline_condition_allowed,RandomForestRegressor,86.0,73.63961230158733,12.360387698412666,12.360387698412666,152.77918405507117
835,baseline_condition_allowed,RandomForestRegressor,123.0,145.96602341269835,-22.96602341269835,22.96602341269835,527.4382313926087
227,baseline_condition_allowed,RandomForestRegressor,65.3,57.28127499999999,8.01872500000001,8.01872500000001,64.29995062562517
2573,baseline_condition_allowed,RandomForestRegressor,129.5,106.80306309523812,22.696936904761884,22.696936904761884,515.1509448587419
5030,baseline_condition_allowed,RandomForestRegressor,58.2,88.01036269841266,-29.81036269841266,29.81036269841266,888.657724210913
4283,baseline_condition_allowed,RandomForestRegressor,59.7,99.4961119047619,-39.7961119047619,39.7961119047619,1583.730522736332
1238,baseline_condition_allowed,RandomForestRegressor,176.0,123.82976051587299,52.17023948412701,52.17023948412701,2721.733887831165
3663,baseline_condition_allowed,RandomForestRegressor,132.5,209.58122103174605,-77.08122103174605,77.08122103174605,5941.51463574489
2130,baseline_condition_allowed,RandomForestRegressor,48.0,45.70418551587302,2.2958144841269785,2.2958144841269785,5.270764145527225
4354,baseline_condition_allowed,RandomForestRegressor,56.0,50.20041369047618,5.799586309523818,5.799586309523818,33.6352013616161
4023,baseline_condition_allowed,RandomForestRegressor,74.4,75.049217965368,-0.6492179653679955,0.6492179653679955,0.4214839665565598
1135,baseline_condition_allowed,RandomForestRegressor,146.0,166.82464960317466,-20.824649603174663,20.824649603174663,433.66603109500267
292,baseline_condition_allowed,RandomForestRegressor,107.0,88.89144583333335,18.10855416666665,18.10855416666665,327.9197340071001
3777,baseline_condition_allowed,RandomForestRegressor,99.0,86.53719642857139,12.462803571428609,12.462803571428609,155.32147286001367
1057,baseline_condition_allowed,RandomForestRegressor,51.5,83.91758313492069,-32.41758313492069,32.41758313492069,1050.8996963094944
1187,baseline_condition_allowed,RandomForestRegressor,60.7,58.67355476190477,2.026445238095235,2.026445238095235,4.106480302998853
1422,baseline_condition_allowed,RandomForestRegressor,102.4,100.95232380952389,1.4476761904761162,1.4476761904761162,2.0957663524714403
3990,baseline_condition_allowed,RandomForestRegressor,85.0,108.2395513888889,-23.2395513888889,23.2395513888889,540.0767487568079
4103,baseline_condition_allowed,RandomForestRegressor,176.0,160.89098611111106,15.109013888888938,15.109013888888938,228.28230069463885
1272,baseline_condition_allowed,RandomForestRegressor,54.0,52.63914484126983,1.3608551587301676,1.3608551587301676,1.8519267630425096
3037,baseline_condition_allowed,RandomForestRegressor,111.0,172.49564087301584,-61.495640873015844,61.495640873015844,3781.713846382937
4093,baseline_condition_allowed,RandomForestRegressor,97.0,169.73843492063497,-72.73843492063497,72.73843492063497,5290.879914703449
3267,baseline_condition_allowed,RandomForestRegressor,128.5,127.42963928571434,1.0703607142856555,1.0703607142856555,1.1456720586860987
2925,baseline_condition_allowed,RandomForestRegressor,65.5,97.8533095238096,-32.3533095238096,32.3533095238096,1046.7366371434289
1310,baseline_condition_allowed,RandomForestRegressor,48.0,43.66095436507935,4.339045634920652,4.339045634920652,18.82731702192396
1636,baseline_condition_allowed,RandomForestRegressor,77.0,83.25674047619044,-6.256740476190444,6.256740476190444,39.14680138639983
742,baseline_condition_allowed,RandomForestRegressor,91.0,85.48621531385282,5.513784686147176,5.513784686147176,30.40182156519111
498,baseline_condition_allowed,RandomForestRegressor,96.0,63.20875059523811,32.79124940476189,32.79124940476189,1075.2660375252972
3962,baseline_condition_allowed,RandomForestRegressor,145.5,137.02458234126982,8.47541765873018,8.47541765873018,71.83270448991537
4686,baseline_condition_allowed,RandomForestRegressor,76.0,71.68096031746035,4.319039682539653,4.319039682539653,18.65410377935223
1822,baseline_condition_allowed,RandomForestRegressor,46.0,44.60905618686869,1.390943813131308,1.390943813131308,1.9347246912882634
5360,baseline_condition_allowed,RandomForestRegressor,175.0,125.88576746031742,49.114232539682575,49.114232539682575,2412.2078379620148
2201,baseline_condition_allowed,RandomForestRegressor,56.0,56.88959246031749,-0.8895924603174876,0.8895924603174876,0.7913747454537208
506,baseline_condition_allowed,RandomForestRegressor,44.0,58.802399567099556,-14.802399567099556,14.802399567099556,219.11103294406914
3875,baseline_condition_allowed,RandomForestRegressor,182.7,127.22385198412701,55.47614801587298,55.47614801587298,3077.6029986790477
18,baseline_condition_allowed,RandomForestRegressor,65.5,114.37084841269844,-48.870848412698436,48.870848412698436,2388.3598245769494
2711,baseline_condition_allowed,RandomForestRegressor,46.0,48.09602619047615,-2.0960261904761524,2.0960261904761524,4.393325791161971
5733,baseline_condition_allowed,RandomForestRegressor,78.8,92.2786218253968,-13.4786218253968,13.4786218253968,181.67324631206296
163,baseline_condition_allowed,RandomForestRegressor,71.0,60.37893134920635,10.621068650793653,10.621068650793653,112.80709928487171
1929,baseline_condition_allowed,RandomForestRegressor,154.0,90.34023234126985,63.659767658730146,63.659767658730146,4052.5660183635046
321,baseline_condition_allowed,RandomForestRegressor,72.7,82.71633539377288,-10.016335393772877,10.016335393772877,100.32697472054726
3694,baseline_condition_allowed,RandomForestRegressor,58.0,50.363787698412715,7.636212301587285,7.636212301587285,58.311738314912986
3955,baseline_condition_allowed,RandomForestRegressor,82.7,84.86231984126985,-2.1623198412698486,2.1623198412698486,4.675627095949263
5184,baseline_condition_allowed,RandomForestRegressor,44.5,75.88225779220778,-31.38225779220778,31.38225779220778,984.846104136586
4358,baseline_condition_allowed,RandomForestRegressor,41.7,40.57999047619051,1.1200095238094931,1.1200095238094931,1.2544213334239676
5529,baseline_condition_allowed,RandomForestRegressor,62.0,132.31844404761904,-70.31844404761904,70.31844404761904,4944.683573278129
865,baseline_condition_allowed,RandomForestRegressor,55.2,91.07018750000005,-35.87018750000004,35.87018750000004,1286.6703512851593
5062,baseline_condition_allowed,RandomForestRegressor,60.7,55.832452777777796,4.867547222222207,4.867547222222207,23.693015960563123
2175,baseline_condition_allowed,RandomForestRegressor,52.0,51.19388333333334,0.8061166666666608,0.8061166666666608,0.6498240802777684
359,baseline_condition_allowed,RandomForestRegressor,59.0,144.31950496031743,-85.31950496031743,85.31950496031743,7279.417926673631
5775,baseline_condition_allowed,RandomForestRegressor,146.0,123.92352063492066,22.076479365079337,22.076479365079337,487.37094115677377
2260,baseline_condition_allowed,RandomForestRegressor,183.0,173.97165238095246,9.028347619047537,9.028347619047537,81.51106073036132
2495,baseline_condition_allowed,RandomForestRegressor,39.3,39.13297709235209,0.16702290764790462,0.16702290764790462,0.027896651679160476
3309,baseline_condition_allowed,RandomForestRegressor,142.8,123.40129126984125,19.39870873015876,19.39870873015876,376.30990039753766
1220,baseline_condition_allowed,RandomForestRegressor,72.5,65.99247559523812,6.507524404761881,6.507524404761881,42.34787387857148
5500,baseline_condition_allowed,RandomForestRegressor,40.0,50.37807063492064,-10.37807063492064,10.37807063492064,107.70435010340209
1961,baseline_condition_allowed,RandomForestRegressor,34.0,41.81077797619045,-7.810777976190451,7.810777976190451,61.008252593341794
490,baseline_condition_allowed,RandomForestRegressor,68.0,60.8586512987013,7.141348701298703,7.141348701298703,50.998861273540676
4302,baseline_condition_allowed,RandomForestRegressor,120.0,102.15298075396824,17.847019246031763,17.847019246031763,318.51609596822817
133,baseline_condition_allowed,RandomForestRegressor,61.0,61.35313015873015,-0.35313015873015274,0.35313015873015274,0.12470090900478287
1575,baseline_condition_allowed,RandomForestRegressor,96.5,81.96951468253968,14.530485317460318,14.530485317460318,211.13500356092987
4950,baseline_condition_allowed,RandomForestRegressor,63.0,62.97509166666668,0.024908333333321764,0.024908333333321764,0.000620425069443868
2491,baseline_condition_allowed,RandomForestRegressor,53.0,79.97362976190473,-26.973629761904732,26.973629761904732,727.5767025323128
3119,baseline_condition_allowed,RandomForestRegressor,42.2,38.738931547619046,3.4610684523809567,3.4610684523809567,11.97899483206671
96,baseline_condition_allowed,RandomForestRegressor,41.7,40.36386944444443,1.3361305555555703,1.3361305555555703,1.785244861489237
1887,baseline_condition_allowed,RandomForestRegressor,206.0,196.9764345238096,9.023565476190413,9.023565476190413,81.42473390309551
1193,baseline_condition_allowed,RandomForestRegressor,226.3,169.07290952380947,57.22709047619054,57.22709047619054,3274.939884370098
5345,baseline_condition_allowed,RandomForestRegressor,79.8,76.45059583333332,3.349404166666673,3.349404166666673,11.21850827168407
2234,baseline_condition_allowed,RandomForestRegressor,57.5,59.2698765873016,-1.769876587301603,1.769876587301603,3.1324631342783684
3173,baseline_condition_allowed,RandomForestRegressor,169.5,153.96586825396827,15.534131746031733,15.534131746031733,241.3092491030709
369,baseline_condition_allowed,RandomForestRegressor,115.7,98.65590357142857,17.044096428571436,17.044096428571436,290.5012230664416
216,baseline_condition_allowed,RandomForestRegressor,168.2,154.69155238095237,13.508447619047615,13.508447619047615,182.47815707655317
4528,baseline_condition_allowed,RandomForestRegressor,78.0,64.82599742063492,13.17400257936508,13.17400257936508,173.55434396111778
3206,baseline_condition_allowed,RandomForestRegressor,143.0,128.140181547619,14.859818452381006,14.859818452381006,220.81420443772305
4357,baseline_condition_allowed,RandomForestRegressor,63.2,54.50148968253965,8.698510317460354,8.698510317460354,75.66408174296423
3127,baseline_condition_allowed,RandomForestRegressor,84.0,76.9781986111111,7.021801388888903,7.021801388888903,49.30569474500213
4074,baseline_condition_allowed,RandomForestRegressor,166.5,169.99825000000004,-3.4982500000000414,3.4982500000000414,12.237753062500289
4274,baseline_condition_allowed,RandomForestRegressor,53.0,50.69066468253972,2.309335317460281,2.309335317460281,5.333029608469377
3258,baseline_condition_allowed,RandomForestRegressor,48.7,47.6008102813853,1.0991897186147028,1.0991897186147028,1.2082180375082696
878,baseline_condition_allowed,RandomForestRegressor,111.2,103.42141011904765,7.778589880952353,7.778589880952353,60.50646053605434
1303,baseline_condition_allowed,RandomForestRegressor,53.5,55.058529166666666,-1.5585291666666663,1.5585291666666663,2.4290131633506933
5218,baseline_condition_allowed,RandomForestRegressor,126.0,164.07626607142862,-38.07626607142862,38.07626607142862,1449.8020379422262
1975,baseline_condition_allowed,RandomForestRegressor,54.0,43.33941904761906,10.66058095238094,10.66058095238094,113.64798624226731
2480,baseline_condition_allowed,RandomForestRegressor,96.0,79.42288214285715,16.577117857142852,16.577117857142852,274.80083644960445
233,baseline_condition_allowed,RandomForestRegressor,60.0,57.27622202380955,2.7237779761904477,2.7237779761904477,7.418966463580131
3799,baseline_condition_allowed,RandomForestRegressor,58.0,52.69507142857142,5.304928571428583,5.304928571428583,28.142267147959306
2566,baseline_condition_allowed,RandomForestRegressor,85.2,99.89431706349207,-14.694317063492065,14.694317063492065,215.92295396243406
3249,baseline_condition_allowed,RandomForestRegressor,123.9,115.17944415584412,8.720555844155882,8.720555844155882,76.0480942310413
4218,baseline_condition_allowed,RandomForestRegressor,91.3,116.44317936507937,-25.143179365079376,25.143179365079376,632.1794685845533
4699,baseline_condition_allowed,RandomForestRegressor,122.0,124.17039523809521,-2.1703952380952103,2.1703952380952103,4.710615489546365
4414,baseline_condition_allowed,RandomForestRegressor,47.0,45.30668928571429,1.6933107142857082,1.6933107142857082,2.8673011751147754
4818,baseline_condition_allowed,RandomForestRegressor,88.0,80.14059583333336,7.859404166666636,7.859404166666636,61.770233855016876
1708,baseline_condition_allowed,RandomForestRegressor,49.0,54.40972619047619,-5.409726190476192,5.409726190476192,29.265137455924055
2638,baseline_condition_allowed,RandomForestRegressor,63.0,59.45854503968257,3.541454960317431,3.541454960317431,12.541903235956935
1043,baseline_condition_allowed,RandomForestRegressor,43.5,79.13408273809526,-35.63408273809526,35.63408273809526,1269.7878525854185
2676,baseline_condition_allowed,RandomForestRegressor,32.0,34.6427367063492,-2.642736706349197,2.642736706349197,6.984057299085403
34,baseline_condition_allowed,RandomForestRegressor,35.9,74.8357206349206,-38.93572063492061,38.93572063492061,1515.9903413605823
5723,baseline_condition_allowed,RandomForestRegressor,59.0,89.55176011904767,-30.55176011904767,30.55176011904767,933.4100463718318
3126,baseline_condition_allowed,RandomForestRegressor,51.0,47.41849841269839,3.5815015873016094,3.5815015873016094,12.827153619843948
4063,baseline_condition_allowed,RandomForestRegressor,70.0,65.42414206349206,4.575857936507944,4.575857936507944,20.93847585510274
2204,baseline_condition_allowed,RandomForestRegressor,32.0,48.96371011904761,-16.96371011904761,16.96371011904761,287.7674610030783
310,baseline_condition_allowed,RandomForestRegressor,40.5,57.36570753968255,-16.865707539682553,16.865707539682553,284.4520908141049
3090,baseline_condition_allowed,RandomForestRegressor,355.0,277.61540238095256,77.38459761904744,77.38459761904744,5988.375948661883
2750,baseline_condition_allowed,RandomForestRegressor,40.0,45.433675793650785,-5.433675793650785,5.433675793650785,29.524832630506488
4872,baseline_condition_allowed,RandomForestRegressor,63.7,63.51556547619044,0.18443452380956415,0.18443452380956415,0.03401609357286069
4640,baseline_condition_allowed,RandomForestRegressor,113.5,106.52899920634921,6.971000793650788,6.971000793650788,48.59485206507991
4377,baseline_condition_allowed,RandomForestRegressor,196.0,176.99050019841266,19.00949980158734,19.00949980158734,361.36108270654904
4393,baseline_condition_allowed,RandomForestRegressor,170.7,177.9583795634921,-7.258379563492099,7.258379563492099,52.684073887719755
5290,baseline_condition_allowed,RandomForestRegressor,78.0,62.80406964285714,15.195930357142863,15.195930357142863,230.91629941913604
4954,baseline_condition_allowed,RandomForestRegressor,63.5,63.005004166666716,0.49499583333328445,0.49499583333328445,0.2450208750173127
368,baseline_condition_allowed,RandomForestRegressor,83.3,74.79989285714288,8.500107142857118,8.500107142857118,72.25182144005059
2768,baseline_condition_allowed,RandomForestRegressor,45.5,45.58173452380951,-0.08173452380950863,0.08173452380950863,0.006680532382367133
185,baseline_condition_allowed,RandomForestRegressor,44.0,59.38135555555551,-15.381355555555508,15.381355555555508,236.5860987264183
2418,baseline_condition_allowed,RandomForestRegressor,45.5,46.128201388888854,-0.6282013888888542,0.6282013888888542,0.3946369850018855
595,baseline_condition_allowed,RandomForestRegressor,51.2,66.69026547619045,-15.490265476190444,15.490265476190444,239.94832452285758
4845,baseline_condition_allowed,RandomForestRegressor,158.0,125.9685208333333,32.0314791666667,32.0314791666667,1026.0156576046027
3665,baseline_condition_allowed,RandomForestRegressor,40.0,39.88718154761907,0.11281845238092814,0.11281845238092814,0.012728003197627749
3484,baseline_condition_allowed,RandomForestRegressor,133.5,137.8301875,-4.330187499999994,4.330187499999994,18.750523785156197
4806,baseline_condition_allowed,RandomForestRegressor,163.0,130.18604126984124,32.81395873015876,32.81395873015876,1076.7558875445623
1305,baseline_condition_allowed,RandomForestRegressor,39.2,52.062896536796536,-12.862896536796534,12.862896536796534,165.45410731633226
3928,baseline_condition_allowed,RandomForestRegressor,75.1,67.79932777777778,7.300672222222218,7.300672222222218,53.2998148963271
1531,baseline_condition_allowed,RandomForestRegressor,84.0,70.44468762626263,13.555312373737365,13.555312373737365,183.74649354959732
1862,baseline_condition_allowed,RandomForestRegressor,70.5,66.74545231435235,3.754547685647651,3.754547685647651,14.096628323802134
3235,baseline_condition_allowed,RandomForestRegressor,335.0,236.1280773809523,98.8719226190477,98.8719226190477,9775.657082386955
3270,baseline_condition_allowed,RandomForestRegressor,204.5,176.3013541666666,28.198645833333387,28.198645833333387,795.1636268337704
2527,baseline_condition_allowed,RandomForestRegressor,62.0,64.01037976190474,-2.010379761904744,2.010379761904744,4.041626787076176
3233,baseline_condition_allowed,RandomForestRegressor,75.0,65.9646005952381,9.035399404761904,9.035399404761904,81.63844240357177
1561,baseline_condition_allowed,RandomForestRegressor,109.0,102.5041163059163,6.495883694083702,6.495883694083702,42.196504967062516
1215,baseline_condition_allowed,RandomForestRegressor,89.0,75.1504267857143,13.849573214285698,13.849573214285698,191.81067821785987
612,baseline_condition_allowed,RandomForestRegressor,79.0,72.34983968253968,6.650160317460319,6.650160317460319,44.22463224792393
514,baseline_condition_allowed,RandomForestRegressor,79.4,61.593291666666666,17.80670833333334,17.80670833333334,317.078861668403
4571,baseline_condition_allowed,RandomForestRegressor,61.8,54.442057738095194,7.357942261904803,7.357942261904803,54.13931432952477
5324,baseline_condition_allowed,RandomForestRegressor,51.1,49.894219246031774,1.2057807539682273,1.2057807539682273,1.4539072266401867
1200,baseline_condition_allowed,RandomForestRegressor,70.0,60.59466904761907,9.405330952380929,9.405330952380929,88.46025032381475
496,baseline_condition_allowed,RandomForestRegressor,79.5,58.24418373015877,21.255816269841233,21.255816269841233,451.80972529724727
1986,baseline_condition_allowed,RandomForestRegressor,45.0,42.71251747835498,2.2874825216450176,2.2874825216450176,5.232576286831448
5312,baseline_condition_allowed,RandomForestRegressor,69.9,66.14291250000002,3.757087499999983,3.757087499999983,14.115706482656122
2310,baseline_condition_allowed,RandomForestRegressor,62.0,54.5779851190476,7.422014880952403,7.422014880952403,55.08630489307892
4971,baseline_condition_allowed,RandomForestRegressor,77.0,74.87838154761904,2.1216184523809574,2.1216184523809574,4.501264857483369
1336,baseline_condition_allowed,RandomForestRegressor,58.0,62.561524801587304,-4.561524801587304,4.561524801587304,20.80750851549609
4027,baseline_condition_allowed,RandomForestRegressor,98.5,76.58170218253964,21.918297817460356,21.918297817460356,480.4117792148874
469,baseline_condition_allowed,RandomForestRegressor,69.3,84.20164687950941,-14.901646879509414,14.901646879509414,222.05907972159267
3758,baseline_condition_allowed,RandomForestRegressor,64.7,61.36295158730159,3.3370484126984152,3.3370484126984152,11.135892108693012
4926,baseline_condition_allowed,RandomForestRegressor,35.0,46.43948214285716,-11.439482142857159,11.439482142857159,130.8617516967478
3188,baseline_condition_allowed,RandomForestRegressor,310.0,253.2317815476191,56.76821845238089,56.76821845238089,3222.6306262572384
1779,baseline_condition_allowed,RandomForestRegressor,201.0,162.2762654761905,38.7237345238095,38.7237345238095,1499.5276154704757
551,baseline_condition_allowed,RandomForestRegressor,56.1,59.491695833333296,-3.3916958333332943,3.3916958333332943,11.50360062585043
2075,baseline_condition_allowed,RandomForestRegressor,32.0,46.1824224206349,-14.1824224206349,14.1824224206349,201.1411057173275
1484,baseline_condition_allowed,RandomForestRegressor,99.6,107.91482602813859,-8.314826028138597,8.314826028138597,69.13633187821108
5741,baseline_condition_allowed,RandomForestRegressor,70.0,67.83359583333335,2.166404166666652,2.166404166666652,4.693307013350631
2728,baseline_condition_allowed,RandomForestRegressor,45.0,51.402270238095255,-6.402270238095255,6.402270238095255,40.98906420160028
2629,baseline_condition_allowed,RandomForestRegressor,105.3,133.81343560606064,-28.51343560606064,28.51343560606064,813.0160100609667
3887,baseline_condition_allowed,RandomForestRegressor,128.0,121.52714285714279,6.472857142857208,6.472857142857208,41.89787959183758
579,baseline_condition_allowed,RandomForestRegressor,171.0,129.59278591269847,41.407214087301526,41.407214087301526,1714.5573784716219
4723,baseline_condition_allowed,RandomForestRegressor,80.0,112.9308958333333,-32.930895833333295,32.930895833333295,1084.443900385848
2529,baseline_condition_allowed,RandomForestRegressor,36.7,34.24003630952379,2.459963690476215,2.459963690476215,6.05142135846136
4482,baseline_condition_allowed,RandomForestRegressor,174.2,172.6873571428572,1.5126428571427937,1.5126428571427937,2.2880884132651143
1549,baseline_condition_allowed,RandomForestRegressor,41.0,39.36399610389609,1.636003896103908,1.636003896103908,2.676508748067167
2835,baseline_condition_allowed,RandomForestRegressor,49.0,55.49041666666666,-6.490416666666661,6.490416666666661,42.12550850694437
5036,baseline_condition_allowed,RandomForestRegressor,97.0,95.36314821428576,1.6368517857142422,1.6368517857142422,2.679283768395903
2986,baseline_condition_allowed,RandomForestRegressor,110.0,100.59362539682539,9.406374603174612,9.406374603174612,88.47988317524835
733,baseline_condition_allowed,RandomForestRegressor,84.9,74.9561863095238,9.943813690476205,9.943813690476205,98.879430710902
3658,baseline_condition_allowed,RandomForestRegressor,52.5,47.53386448412696,4.966135515873042,4.966135515873042,24.6625019620156
5344,baseline_condition_allowed,RandomForestRegressor,83.0,77.2122214285714,5.787778571428603,5.787778571428603,33.498380791888124
1226,baseline_condition_allowed,RandomForestRegressor,90.0,124.73281904761905,-34.732819047619046,34.732819047619046,1206.3687189946484
1570,baseline_condition_allowed,RandomForestRegressor,68.0,112.21557420634923,-44.21557420634923,44.21557420634923,1955.0170023971755
1605,baseline_condition_allowed,RandomForestRegressor,239.0,179.68940317460314,59.31059682539686,59.31059682539686,3517.746895784776
549,baseline_condition_allowed,RandomForestRegressor,42.9,51.539890476190465,-8.639890476190466,8.639890476190466,74.64770744056672
4842,baseline_condition_allowed,RandomForestRegressor,151.0,139.8396341269841,11.160365873015905,11.160365873015905,124.55376641957807
2189,baseline_condition_allowed,RandomForestRegressor,43.2,38.851702976190445,4.3482970238095575,4.3482970238095575,18.907687007271054
408,baseline_condition_allowed,RandomForestRegressor,133.3,110.23146329365076,23.06853670634925,23.06853670634925,532.1573857721827
902,baseline_condition_allowed,RandomForestRegressor,102.7,136.24514722222224,-33.54514722222224,33.54514722222224,1125.2769021605645
1696,baseline_condition_allowed,RandomForestRegressor,75.0,66.58854603174603,8.411453968253966,8.411453968253966,70.75255786005539
2976,baseline_condition_allowed,RandomForestRegressor,44.0,43.10356428571429,0.8964357142857082,0.8964357142857082,0.803596989846928
2872,baseline_condition_allowed,RandomForestRegressor,199.3,162.41453214285713,36.885467857142885,36.885467857142885,1360.537739040321
1679,baseline_condition_allowed,RandomForestRegressor,114.8,104.81821612554113,9.98178387445887,9.98178387445887,99.63600931640713
3363,baseline_condition_allowed,RandomForestRegressor,246.5,228.4385373015873,18.061462698412697,18.061462698412697,326.21643480615325
1404,baseline_condition_allowed,RandomForestRegressor,135.0,155.94911785714294,-20.949117857142937,20.949117857142937,438.8655389924651
5190,baseline_condition_allowed,RandomForestRegressor,58.0,69.13022142857152,-11.130221428571517,11.130221428571517,123.88182904903258
2604,baseline_condition_allowed,RandomForestRegressor,57.7,66.00586170634921,-8.305861706349205,8.305861706349205,68.98733868499812
4944,baseline_condition_allowed,RandomForestRegressor,52.0,50.955499801587294,1.044500198412706,1.044500198412706,1.0909806644841822
5773,baseline_condition_allowed,RandomForestRegressor,99.0,87.84291924603176,11.157080753968245,11.157080753968245,124.48045095056862
2603,baseline_condition_allowed,RandomForestRegressor,74.0,66.00586170634921,7.994138293650792,7.994138293650792,63.906247058013996
5319,baseline_condition_allowed,RandomForestRegressor,121.7,122.77482440476187,-1.0748244047618698,1.0748244047618698,1.1552475010717078
3939,baseline_condition_allowed,RandomForestRegressor,78.6,66.6631238095238,11.936876190476198,11.936876190476198,142.48901318675755
4349,baseline_condition_allowed,RandomForestRegressor,126.8,110.03601329365074,16.763986706349257,16.763986706349257,281.0312502906546
4569,baseline_condition_allowed,RandomForestRegressor,42.2,94.80760892857147,-52.607608928571466,52.607608928571466,2767.5605171815123
2688,baseline_condition_allowed,RandomForestRegressor,47.5,41.738888095238096,5.761111904761904,5.761111904761904,33.19041037918934
3759,baseline_condition_allowed,RandomForestRegressor,45.0,112.41254384920632,-67.41254384920632,67.41254384920632,4544.451068221164
1637,baseline_condition_allowed,RandomForestRegressor,114.0,112.5724087301587,1.427591269841301,1.427591269841301,2.038016833727098
3387,baseline_condition_allowed,RandomForestRegressor,44.4,46.53836385281385,-2.1383638528138533,2.1383638528138533,4.572599967020907
3623,baseline_condition_allowed,RandomForestRegressor,44.7,99.59320734126985,-54.89320734126984,54.89320734126984,3013.2642122116413
2693,baseline_condition_allowed,RandomForestRegressor,32.0,46.50183511904763,-14.501835119047627,14.501835119047627,210.3032218200431
3792,baseline_condition_allowed,RandomForestRegressor,62.0,61.71069345238093,0.28930654761906993,0.28930654761906993,0.08369827849526518
3959,baseline_condition_allowed,RandomForestRegressor,43.0,49.486314484127,-6.486314484127,6.486314484127,42.07227558699571
5001,baseline_condition_allowed,RandomForestRegressor,88.6,74.18482063492061,14.415179365079382,14.415179365079382,207.79739612741042
2375,baseline_condition_allowed,RandomForestRegressor,48.0,50.2392380952381,-2.2392380952381004,2.2392380952381004,5.014187247165556
4138,baseline_condition_allowed,RandomForestRegressor,84.0,84.03268531746028,-0.032685317460277474,0.032685317460277474,0.0010683299774791196
5697,baseline_condition_allowed,RandomForestRegressor,44.5,48.0462396825397,-3.5462396825396993,3.5462396825396993,12.575815886019267
1205,baseline_condition_allowed,RandomForestRegressor,37.4,42.78445654761906,-5.38445654761906,5.38445654761906,28.992372313197762
1714,baseline_condition_allowed,RandomForestRegressor,50.0,93.11690734126985,-43.11690734126985,43.11690734126985,1859.06769867565
2001,baseline_condition_allowed,RandomForestRegressor,63.0,56.51358170995673,6.486418290043268,6.486418290043268,42.07362223340783
1676,baseline_condition_allowed,RandomForestRegressor,78.0,67.62476130952379,10.375238690476209,10.375238690476209,107.64557788435448
4390,baseline_condition_allowed,RandomForestRegressor,154.0,143.86327539682534,10.136724603174656,10.136724603174656,102.75318568060639
641,baseline_condition_allowed,RandomForestRegressor,125.5,102.27288630952377,23.22711369047623,23.22711369047623,539.4988103903083
4054,baseline_condition_allowed,RandomForestRegressor,58.6,71.74674285714285,-13.146742857142847,13.146742857142847,172.83684775183647
3217,baseline_condition_allowed,RandomForestRegressor,73.7,108.64739503968251,-34.947395039682505,34.947395039682505,1221.3204200596253
2216,baseline_condition_allowed,RandomForestRegressor,71.0,67.4181716269841,3.5818283730158953,3.5818283730158953,12.829494493741695
5743,baseline_condition_allowed,RandomForestRegressor,69.5,59.12209523809523,10.377904761904773,10.377904761904773,107.70090724716576
209,baseline_condition_allowed,RandomForestRegressor,68.7,73.5719886904762,-4.871988690476201,4.871988690476201,23.736273800128004
4246,baseline_condition_allowed,RandomForestRegressor,157.0,176.30731702741713,-19.307317027417128,19.307317027417128,372.7724907971913
2741,baseline_condition_allowed,RandomForestRegressor,78.0,70.52169126984123,7.478308730158773,7.478308730158773,55.925101463568915
5766,baseline_condition_allowed,RandomForestRegressor,88.0,85.52946872294373,2.470531277056267,2.470531277056267,6.10352479091327
98,baseline_condition_allowed,RandomForestRegressor,51.0,95.66536507936515,-44.665365079365145,44.665365079365145,1994.9948376729712
2341,baseline_condition_allowed,RandomForestRegressor,50.0,51.117055194805204,-1.1170551948052037,1.1170551948052037,1.2478123082412915
3791,baseline_condition_allowed,RandomForestRegressor,61.0,62.350014682539666,-1.3500146825396655,1.3500146825396655,1.822539643072674
2430,baseline_condition_allowed,RandomForestRegressor,55.0,53.64215357142855,1.3578464285714489,1.3578464285714489,1.8437469235842388
2842,baseline_condition_allowed,RandomForestRegressor,44.5,55.30694960317462,-10.806949603174623,10.806949603174623,116.79015972555614
3690,baseline_condition_allowed,RandomForestRegressor,33.5,38.43613154761903,-4.936131547619027,4.936131547619027,24.36539465539981
3541,baseline_condition_allowed,RandomForestRegressor,250.5,228.09330753968266,22.406692460317345,22.406692460317345,502.05986701124215
5446,baseline_condition_allowed,RandomForestRegressor,74.9,67.98224191919192,6.917758080808085,6.917758080808085,47.85537686458556
1465,baseline_condition_allowed,RandomForestRegressor,99.5,99.5352813492063,-0.03528134920630066,0.03528134920630066,0.0012447736018169322
2829,baseline_condition_allowed,RandomForestRegressor,65.5,59.40500445665448,6.094995543345519,6.094995543345519,37.148970673401735
5155,baseline_condition_allowed,RandomForestRegressor,86.8,99.54905604256857,-12.749056042568569,12.749056042568569,162.53842997655414
1515,baseline_condition_allowed,RandomForestRegressor,57.7,55.215817857142845,2.4841821428571578,2.4841821428571578,6.17116091889038
3242,baseline_condition_allowed,RandomForestRegressor,113.5,84.08434523809527,29.415654761904733,29.415654761904733,865.2807450715686
5364,baseline_condition_allowed,RandomForestRegressor,67.0,89.54521785714286,-22.54521785714286,22.54521785714286,508.28684822603327
2416,baseline_condition_allowed,RandomForestRegressor,34.0,60.07392222222217,-26.073922222222173,26.073922222222173,679.8494200504913
5553,baseline_condition_allowed,RandomForestRegressor,53.1,53.49049642857145,-0.3904964285714456,0.3904964285714456,0.15248746072705413
5448,baseline_condition_allowed,RandomForestRegressor,71.8,75.04444246031747,-3.2444424603174724,3.2444424603174724,10.526406878310894
4922,baseline_condition_allowed,RandomForestRegressor,64.5,63.57472956349209,0.9252704365079083,0.9252704365079083,0.8561253806755351
1805,baseline_condition_allowed,RandomForestRegressor,101.0,99.07759285714279,1.9224071428572103,1.9224071428572103,3.6956492229084223
5291,baseline_condition_allowed,RandomForestRegressor,75.6,63.108802380952355,12.49119761904764,12.49119761904764,156.0300179581014
1534,baseline_condition_allowed,RandomForestRegressor,91.5,74.79860992063493,16.70139007936507,16.70139007936507,278.936430583114
858,baseline_condition_allowed,RandomForestRegressor,73.0,93.06757559523807,-20.06757559523807,20.06757559523807,402.7075902705945
2049,baseline_condition_allowed,RandomForestRegressor,45.0,48.44169259768011,-3.4416925976801096,3.4416925976801096,11.84524793692606
3420,baseline_condition_allowed,RandomForestRegressor,58.0,52.41456845238095,5.585431547619052,5.585431547619052,31.19704557313816
5552,baseline_condition_allowed,RandomForestRegressor,238.0,181.75402063492064,56.245979365079364,56.245979365079364,3163.610194736934
5517,baseline_condition_allowed,RandomForestRegressor,54.3,75.4564702380952,-21.15647023809521,21.15647023809521,447.5962329354084
1933,baseline_condition_allowed,RandomForestRegressor,136.7,139.2110847222222,-2.511084722222222,2.511084722222222,6.305546482177854
5196,baseline_condition_allowed,RandomForestRegressor,74.0,88.1080625,-14.108062500000003,14.108062500000003,199.03742750390631
1309,baseline_condition_allowed,RandomForestRegressor,49.4,44.15026269841268,5.2497373015873166,5.2497373015873166,27.55974173567728
536,baseline_condition_allowed,RandomForestRegressor,45.5,60.24117123015876,-14.741171230158763,14.741171230158763,217.30212923686042
3123,baseline_condition_allowed,RandomForestRegressor,140.2,131.7959938492063,8.404006150793691,8.404006150793691,70.6273193825782
1867,baseline_condition_allowed,RandomForestRegressor,59.0,61.200665043290066,-2.2006650432900656,2.2006650432900656,4.842926632758866
3692,baseline_condition_allowed,RandomForestRegressor,39.0,42.518360714285706,-3.5183607142857056,3.5183607142857056,12.37886211582902
1844,baseline_condition_allowed,RandomForestRegressor,84.0,78.04747460317462,5.952525396825379,5.952525396825379,35.43255859985114
5629,baseline_condition_allowed,RandomForestRegressor,84.5,87.10716011904762,-2.60716011904762,2.60716011904762,6.7972838863524006
2914,baseline_condition_allowed,RandomForestRegressor,56.3,64.3733783730159,-8.073378373015899,8.073378373015899,65.17943835388084
1579,baseline_condition_allowed,RandomForestRegressor,48.0,66.80043035714289,-18.800430357142886,18.800430357142886,353.4561816137798
3275,baseline_condition_allowed,RandomForestRegressor,184.3,155.76995813492059,28.530041865079426,28.530041865079426,813.9632888231847
5540,baseline_condition_allowed,RandomForestRegressor,92.5,117.85169783549783,-25.35169783549783,25.35169783549783,642.7085831423854
3367,baseline_condition_allowed,RandomForestRegressor,150.4,128.60152797619045,21.798472023809552,21.798472023809552,475.1733825728077
4005,baseline_condition_allowed,RandomForestRegressor,54.2,54.68740555555555,-0.4874055555555472,0.4874055555555472,0.23756417558641163
3629,baseline_condition_allowed,RandomForestRegressor,76.2,88.36166785714286,-12.16166785714286,12.16166785714286,147.90616506746179
5660,baseline_condition_allowed,RandomForestRegressor,76.5,60.56214285714281,15.93785714285719,15.93785714285719,254.01529030612397
532,baseline_condition_allowed,RandomForestRegressor,128.7,107.75605119047621,20.943948809523775,20.943948809523775,438.64899173595234
5590,baseline_condition_allowed,RandomForestRegressor,84.0,84.33512777777776,-0.3351277777777568,0.3351277777777568,0.11231062743825755
1509,baseline_condition_allowed,RandomForestRegressor,164.5,149.78197202380952,14.718027976190484,14.718027976190484,216.62034750792577
1258,baseline_condition_allowed,RandomForestRegressor,92.8,80.47304444444443,12.326955555555571,12.326955555555571,151.95383326864237
4636,baseline_condition_allowed,RandomForestRegressor,103.0,93.96370396825394,9.036296031746062,9.036296031746062,81.65464597334963
891,baseline_condition_allowed,RandomForestRegressor,159.5,162.10924384920628,-2.6092438492062797,2.6092438492062797,6.808153464620803
487,baseline_condition_allowed,RandomForestRegressor,56.2,66.67786686507937,-10.477866865079363,10.477866865079363,109.78569404232805
2878,baseline_condition_allowed,RandomForestRegressor,44.7,49.20156929181929,-4.501569291819287,4.501569291819287,20.264126089050396
2737,baseline_condition_allowed,RandomForestRegressor,61.0,52.24396587301587,8.756034126984133,8.756034126984133,76.6681336329108
5375,baseline_condition_allowed,RandomForestRegressor,58.0,50.558518452381,7.441481547618999,7.441481547618999,55.375647623554045
840,baseline_condition_allowed,RandomForestRegressor,52.0,69.04592678571426,-17.045926785714258,17.045926785714258,290.56361998393083
1626,baseline_condition_allowed,RandomForestRegressor,69.7,74.43215039682538,-4.732150396825375,4.732150396825375,22.393247378174554
28,baseline_condition_allowed,RandomForestRegressor,72.5,121.72548912337669,-49.22548912337669,49.22548912337669,2423.1487794356767
5358,baseline_condition_allowed,RandomForestRegressor,89.1,79.21501626984127,9.884983730158723,9.884983730158723,97.71290334550265
943,baseline_condition_allowed,RandomForestRegressor,61.8,83.18756785714285,-21.387567857142855,21.387567857142855,457.4280588438902
5004,baseline_condition_allowed,RandomForestRegressor,56.1,61.501434523809515,-5.401434523809513,5.401434523809513,29.175494915001302
1118,baseline_condition_allowed,RandomForestRegressor,63.8,74.05522380952377,-10.25522380952377,10.25522380952377,105.16961538342322
4,baseline_condition_allowed,RandomForestRegressor,154.0,185.50087072510817,-31.50087072510817,31.50087072510817,992.304856439977
1120,baseline_condition_allowed,RandomForestRegressor,30.7,35.88142797619048,-5.181427976190481,5.181427976190481,26.84719587244938
976,baseline_condition_allowed,RandomForestRegressor,34.3,47.658734126984115,-13.358734126984118,13.358734126984118,178.4557774754501
720,baseline_condition_allowed,RandomForestRegressor,32.6,35.93976071428571,-3.3397607142857098,3.3397607142857098,11.154001628686194
4372,baseline_condition_allowed,RandomForestRegressor,108.0,102.41808432539683,5.581915674603167,5.581915674603167,31.157782598380525
4624,baseline_condition_allowed,RandomForestRegressor,43.3,52.59621031746032,-9.296210317460321,9.296210317460321,86.41952626645573
1706,baseline_condition_allowed,RandomForestRegressor,62.3,55.37052817460319,6.92947182539681,6.92947182539681,48.0175797789682
2441,baseline_condition_allowed,RandomForestRegressor,94.5,82.69194623015875,11.808053769841251,11.808053769841251,139.4301338314622
762,baseline_condition_allowed,RandomForestRegressor,40.0,44.796661309523834,-4.796661309523834,4.796661309523834,23.007959718282905
3523,baseline_condition_allowed,RandomForestRegressor,52.0,50.88638253968251,1.1136174603174922,1.1136174603174922,1.2401438479239812
1524,baseline_condition_allowed,RandomForestRegressor,53.8,50.40047261904764,3.3995273809523567,3.3995273809523567,11.55678641384479
2664,baseline_condition_allowed,RandomForestRegressor,35.3,36.121805952380946,-0.8218059523809487,0.8218059523809487,0.675365023368758
5235,baseline_condition_allowed,RandomForestRegressor,33.6,36.64491527777781,-3.044915277777811,3.044915277777811,9.271509048844724
3765,baseline_condition_allowed,RandomForestRegressor,46.5,111.0451476190476,-64.5451476190476,64.5451476190476,4166.076081164646
3418,baseline_condition_allowed,RandomForestRegressor,42.0,50.09763630952384,-8.097636309523843,8.097636309523843,65.57171380131892
1429,baseline_condition_allowed,RandomForestRegressor,119.5,124.94681289682546,-5.446812896825463,5.446812896825463,29.667770733024195
2633,baseline_condition_allowed,RandomForestRegressor,51.0,51.313800992063506,-0.31380099206350565,0.31380099206350565,0.09847106262004034
3139,baseline_condition_allowed,RandomForestRegressor,59.2,50.04193571428571,9.158064285714296,9.158064285714296,83.87014146127571
5326,baseline_condition_allowed,RandomForestRegressor,122.0,104.39819126984125,17.60180873015875,17.60180873015875,309.82367057309284
2472,baseline_condition_allowed,RandomForestRegressor,59.0,57.7474964285714,1.2525035714285977,1.2525035714285977,1.5687651964413922
3923,baseline_condition_allowed,RandomForestRegressor,112.8,103.49640952380955,9.30359047619045,9.30359047619045,86.55679574866166
4612,baseline_condition_allowed,RandomForestRegressor,49.0,46.17996428571427,2.82003571428573,2.82003571428573,7.952601429847027
4195,baseline_condition_allowed,RandomForestRegressor,175.0,159.6703928571429,15.3296071428571,15.3296071428571,234.9968551543354
263,baseline_condition_allowed,RandomForestRegressor,60.5,75.84153015873014,-15.341530158730137,15.341530158730137,235.36254761122635
1100,baseline_condition_allowed,RandomForestRegressor,86.0,71.78148571428572,14.218514285714278,14.218514285714278,202.166148493061
5374,baseline_condition_allowed,RandomForestRegressor,45.6,57.57031547619048,-11.970315476190478,11.970315476190478,143.28845259952527
5659,baseline_condition_allowed,RandomForestRegressor,101.0,87.94650079365077,13.05349920634923,13.05349920634923,170.39384153015996
1115,baseline_condition_allowed,RandomForestRegressor,112.4,127.60467142857145,-15.204671428571444,15.204671428571444,231.1820332508168
2331,baseline_condition_allowed,RandomForestRegressor,59.7,54.668671428571415,5.031328571428588,5.031328571428588,25.31426719367364
499,baseline_condition_allowed,RandomForestRegressor,38.0,49.98922003968254,-11.989220039682543,11.989220039682543,143.74139715992547
1040,baseline_condition_allowed,RandomForestRegressor,54.0,56.06801233766231,-2.06801233766231,2.06801233766231,4.276675028723532
3466,baseline_condition_allowed,RandomForestRegressor,136.0,117.48047500000003,18.519524999999973,18.519524999999973,342.972806225624
2521,baseline_condition_allowed,RandomForestRegressor,37.7,38.454510515873,-0.7545105158729939,0.7545105158729939,0.5692861185629313
1811,baseline_condition_allowed,RandomForestRegressor,70.0,61.4936650793651,8.506334920634899,8.506334920634899,72.35773378201273
1583,baseline_condition_allowed,RandomForestRegressor,59.8,56.029110064935075,3.770889935064922,3.770889935064922,14.219610902373931
4748,baseline_condition_allowed,RandomForestRegressor,52.0,50.100815674603126,1.8991843253968739,1.8991843253968739,3.606901101833179
3366,baseline_condition_allowed,RandomForestRegressor,157.4,126.07805734126991,31.321942658730094,31.321942658730094,981.0640919167761
1562,baseline_condition_allowed,RandomForestRegressor,72.0,85.62331547619046,-13.623315476190456,13.623315476190456,185.5947245638104
573,baseline_condition_allowed,RandomForestRegressor,33.2,34.78482777777776,-1.584827777777754,1.584827777777754,2.511679085215974
5524,baseline_condition_allowed,RandomForestRegressor,59.7,56.86075615079365,2.8392438492063548,2.8392438492063548,8.061305635256117
1463,baseline_condition_allowed,RandomForestRegressor,68.0,57.19891448412701,10.801085515872991,10.801085515872991,116.66344832120132
4460,baseline_condition_allowed,RandomForestRegressor,72.0,84.94561726190481,-12.945617261904815,12.945617261904815,167.5890062917279
5426,baseline_condition_allowed,RandomForestRegressor,94.7,82.14138214285717,12.558617857142835,12.558617857142835,157.7188824817469
4968,baseline_condition_allowed,RandomForestRegressor,51.8,58.66114345238092,-6.861143452380922,6.861143452380922,47.0752894741496
4088,baseline_condition_allowed,RandomForestRegressor,170.5,130.88442527056276,39.61557472943724,39.61557472943724,1569.3937611436265
430,baseline_condition_allowed,RandomForestRegressor,176.0,130.41554464285716,45.58445535714284,45.58445535714284,2077.942570207349
3932,baseline_condition_allowed,RandomForestRegressor,48.0,47.336529491342006,0.6634705086579942,0.6634705086579942,0.44019311585889753
779,baseline_condition_allowed,RandomForestRegressor,87.2,73.7548484126984,13.44515158730161,13.44515158730161,180.772101205519
5022,baseline_condition_allowed,RandomForestRegressor,170.0,131.66791755050497,38.33208244949503,38.33208244949503,1469.3485449148852
3685,baseline_condition_allowed,RandomForestRegressor,108.5,86.02079047619047,22.47920952380953,22.47920952380953,505.3148608153291
1428,baseline_condition_allowed,RandomForestRegressor,59.3,58.88566590909094,0.41433409090905826,0.41433409090905826,0.17167273888943577
510,baseline_condition_allowed,RandomForestRegressor,45.0,47.752132142857114,-2.752132142857114,2.752132142857114,7.574231331747291
4147,baseline_condition_allowed,RandomForestRegressor,86.5,70.99204206349206,15.507957936507935,15.507957936507935,240.49675936049945
4794,baseline_condition_allowed,RandomForestRegressor,204.0,168.32738809523806,35.672611904761936,35.672611904761936,1272.535240107763
2780,baseline_condition_allowed,RandomForestRegressor,78.0,76.5498123015873,1.4501876984127051,1.4501876984127051,2.103044360627539
534,baseline_condition_allowed,RandomForestRegressor,63.2,87.46563928571426,-24.265639285714258,24.265639285714258,588.8212499443991
2393,baseline_condition_allowed,RandomForestRegressor,73.0,69.86157400793655,3.1384259920634463,3.1384259920634463,9.849717707659426
5586,baseline_condition_allowed,RandomForestRegressor,69.5,62.06099365079362,7.43900634920638,7.43900634920638,55.33881546353284
652,baseline_condition_allowed,RandomForestRegressor,42.2,40.84732420634921,1.3526757936507963,1.3526757936507963,1.8297318027288116
5770,baseline_condition_allowed,RandomForestRegressor,42.5,47.938213690476196,-5.438213690476196,5.438213690476196,29.574168143282733
4541,baseline_condition_allowed,RandomForestRegressor,44.8,52.17495277777782,-7.374952777777821,7.374952777777821,54.3899284744528
3818,baseline_condition_allowed,RandomForestRegressor,55.8,60.3512117063492,-4.5512117063492,4.5512117063492,20.713527996009997
111,baseline_condition_allowed,RandomForestRegressor,41.0,39.75946686507939,1.2405331349206108,1.2405331349206108,1.5389224588359582
1180,baseline_condition_allowed,RandomForestRegressor,50.0,91.96673511904758,-41.966735119047584,41.966735119047584,1761.2068565523018
5705,baseline_condition_allowed,RandomForestRegressor,39.1,37.563818452380936,1.5361815476190657,1.5361815476190657,2.3598537472453076
633,baseline_condition_allowed,RandomForestRegressor,74.5,72.21720813492063,2.282791865079375,2.282791865079375,5.211138699272571
1471,baseline_condition_allowed,RandomForestRegressor,76.5,94.50542876984132,-18.005428769841316,18.005428769841316,324.1954651858294
2327,baseline_condition_allowed,RandomForestRegressor,46.0,45.42792857142854,0.5720714285714621,0.5720714285714621,0.3272657193877935
2900,baseline_condition_allowed,RandomForestRegressor,85.0,100.44617261904762,-15.446172619047616,15.446172619047616,238.58424857741628
2725,baseline_condition_allowed,RandomForestRegressor,49.5,50.112079761904724,-0.6120797619047238,0.6120797619047238,0.37464163493334335
4329,baseline_condition_allowed,RandomForestRegressor,39.0,43.842007341269834,-4.842007341269834,4.842007341269834,23.44503509291097
193,baseline_condition_allowed,RandomForestRegressor,45.5,60.28619246031746,-14.786192460317459,14.786192460317459,218.63148747354887
4525,baseline_condition_allowed,RandomForestRegressor,106.5,97.02420714285714,9.475792857142864,9.475792857142864,89.79065027147972
562,baseline_condition_allowed,RandomForestRegressor,38.2,49.523425396825424,-11.32342539682542,11.32342539682542,128.21996271747093
1397,baseline_condition_allowed,RandomForestRegressor,231.0,214.9784071428571,16.021592857142906,16.021592857142906,256.6914376800526
5052,baseline_condition_allowed,RandomForestRegressor,51.0,49.00518322510825,1.9948167748917527,1.9948167748917527,3.9792939653895334
4638,baseline_condition_allowed,RandomForestRegressor,136.0,122.98959063852823,13.010409361471773,13.010409361471773,169.27075175307235
145,baseline_condition_allowed,RandomForestRegressor,47.0,61.6592625,-14.659262499999997,14.659262499999997,214.89397704390615
2298,baseline_condition_allowed,RandomForestRegressor,34.5,60.369712103174535,-25.869712103174535,25.869712103174535,669.242004301135
1134,baseline_condition_allowed,RandomForestRegressor,217.0,233.2418604978355,-16.24186049783549,16.24186049783549,263.7980324311489
5383,baseline_condition_allowed,RandomForestRegressor,71.0,62.7521994047619,8.247800595238097,8.247800595238097,68.0262146588099
5000,baseline_condition_allowed,RandomForestRegressor,96.0,113.3781226190476,-17.378122619047602,17.378122619047602,301.9991457626539
2953,baseline_condition_allowed,RandomForestRegressor,180.0,167.43363769841267,12.566362301587333,12.566362301587333,157.9134614947553
2032,baseline_condition_allowed,RandomForestRegressor,86.0,74.54612599206344,11.453874007936562,11.453874007936562,131.19122978968477
1337,baseline_condition_allowed,RandomForestRegressor,122.5,101.69467225829727,20.805327741702726,20.805327741702726,432.86166243966505
5479,baseline_condition_allowed,RandomForestRegressor,108.7,89.26543154761906,19.434568452380944,19.434568452380944,377.70245093028063
1462,baseline_condition_allowed,RandomForestRegressor,71.0,63.648658531746015,7.351341468253985,7.351341468253985,54.04222138287065
5017,baseline_condition_allowed,RandomForestRegressor,67.7,70.04741111111112,-2.3474111111111142,2.3474111111111142,5.5103389245679155
2964,baseline_condition_allowed,RandomForestRegressor,52.0,50.62612142857142,1.3738785714285768,1.3738785714285768,1.887542329030627
4168,baseline_condition_allowed,RandomForestRegressor,69.0,92.35315265567768,-23.353152655677675,23.353152655677675,545.3697389593852
2721,baseline_condition_allowed,RandomForestRegressor,78.5,71.8551698412699,6.644830158730102,6.644830158730102,44.153767838369106
3718,baseline_condition_allowed,RandomForestRegressor,89.0,84.36588055555549,4.634119444444508,4.634119444444508,21.475063025378674
4276,baseline_condition_allowed,RandomForestRegressor,89.0,65.08586130952379,23.914138690476207,23.914138690476207,571.8860293073311
2295,baseline_condition_allowed,RandomForestRegressor,38.0,45.76521904761904,-7.765219047619041,7.765219047619041,60.29862685750557
1673,baseline_condition_allowed,RandomForestRegressor,48.0,54.273103571428564,-6.273103571428564,6.273103571428564,39.351828417869804
4605,baseline_condition_allowed,RandomForestRegressor,53.0,116.79136033549784,-63.79136033549784,63.79136033549784,4069.337653453327
5275,baseline_condition_allowed,RandomForestRegressor,53.9,55.53986190476189,-1.6398619047618936,1.6398619047618936,2.689147066689306
1067,baseline_condition_allowed,RandomForestRegressor,75.0,75.46116825396824,-0.46116825396823913,0.46116825396823913,0.2126761584681143
3684,baseline_condition_allowed,RandomForestRegressor,88.0,138.22135266955257,-50.22135266955257,50.22135266955257,2522.184263959575
631,baseline_condition_allowed,RandomForestRegressor,84.4,78.60112867965364,5.798871320346365,5.798871320346365,33.62690858993559
5482,baseline_condition_allowed,RandomForestRegressor,84.0,87.42880853174601,-3.4288085317460144,3.4288085317460144,11.756727947374259
300,baseline_condition_allowed,RandomForestRegressor,70.3,90.81161904761906,-20.511619047619064,20.511619047619064,420.7265159546492
4335,baseline_condition_allowed,RandomForestRegressor,59.0,52.80371249999999,6.196287500000011,6.196287500000011,38.39397878265639
3280,baseline_condition_allowed,RandomForestRegressor,80.0,104.09342380952377,-24.09342380952377,24.09342380952377,580.4930708653269
3009,baseline_condition_allowed,RandomForestRegressor,63.0,63.50161904761907,-0.5016190476190729,0.5016190476190729,0.2516216689342658
391,baseline_condition_allowed,RandomForestRegressor,51.5,61.51861468253969,-10.018614682539692,10.018614682539692,100.3726401571999
4106,baseline_condition_allowed,RandomForestRegressor,98.0,168.79659940476188,-70.79659940476188,70.79659940476188,5012.15848727833
542,baseline_condition_allowed,RandomForestRegressor,98.0,100.63392301587307,-2.6339230158730658,2.6339230158730658,6.9375504535458665
637,baseline_condition_allowed,RandomForestRegressor,85.0,82.94699285714285,2.0530071428571546,2.0530071428571546,4.2148383286224975
3446,baseline_condition_allowed,RandomForestRegressor,80.0,72.44999404761906,7.550005952380943,7.550005952380943,57.002589880987664
933,baseline_condition_allowed,RandomForestRegressor,134.0,175.79683690476188,-41.796836904761875,41.796836904761875,1746.9755752432643
3917,baseline_condition_allowed,RandomForestRegressor,85.0,75.10604920634927,9.893950793650731,9.893950793650731,97.89026230718193
711,baseline_condition_allowed,RandomForestRegressor,73.5,67.47983809523811,6.020161904761892,6.020161904761892,36.24234935954633
1922,baseline_condition_allowed,RandomForestRegressor,111.0,108.56269821428572,2.4373017857142827,2.4373017857142827,5.940439994646031
5021,baseline_condition_allowed,RandomForestRegressor,158.5,123.61663194444439,34.88336805555561,34.88336805555561,1216.8493668993574
772,baseline_condition_allowed,RandomForestRegressor,74.0,98.1575767857143,-24.157576785714298,24.157576785714298,583.5885161576823
1686,baseline_condition_allowed,RandomForestRegressor,175.0,139.456081547619,35.54391845238101,35.54391845238101,1263.370138949511
1740,baseline_condition_allowed,RandomForestRegressor,106.0,102.83776455627705,3.162235443722949,3.162235443722949,9.999733001537676
5072,baseline_condition_allowed,RandomForestRegressor,50.0,51.02083214285713,-1.020832142857131,1.020832142857131,1.0420982638902818
4412,baseline_condition_allowed,RandomForestRegressor,34.0,42.648342857142836,-8.648342857142836,8.648342857142836,74.79383417469352
5313,baseline_condition_allowed,RandomForestRegressor,77.0,71.38245873015875,5.617541269841254,5.617541269841254,31.556769918369692
4896,baseline_condition_allowed,RandomForestRegressor,58.6,53.71078571428571,4.889214285714289,4.889214285714289,23.90441633163268
5681,baseline_condition_allowed,RandomForestRegressor,74.5,86.69056607142858,-12.190566071428577,12.190566071428577,148.60990114186558
67,baseline_condition_allowed,RandomForestRegressor,40.9,43.485614880952404,-2.5856148809524058,2.5856148809524058,6.6854043126025235
1472,baseline_condition_allowed,RandomForestRegressor,66.0,74.63825297619047,-8.638252976190472,8.638252976190472,74.61941448066355
4148,baseline_condition_allowed,RandomForestRegressor,55.0,52.840933333333304,2.159066666666696,2.159066666666696,4.661568871111239
130,baseline_condition_allowed,RandomForestRegressor,111.0,104.23502638888891,6.764973611111088,6.764973611111088,45.764867959029395
921,baseline_condition_allowed,RandomForestRegressor,77.0,95.56303750000005,-18.56303750000005,18.56303750000005,344.5863612264081
1700,baseline_condition_allowed,RandomForestRegressor,65.0,60.68362727591036,4.316372724089639,4.316372724089639,18.631073493265013
4031,baseline_condition_allowed,RandomForestRegressor,46.0,47.26661845238093,-1.266618452380932,1.266618452380932,1.6043223039118675
3720,baseline_condition_allowed,RandomForestRegressor,165.0,143.26632619047615,21.73367380952385,21.73367380952385,472.35257725878296
846,baseline_condition_allowed,RandomForestRegressor,59.7,57.75870476190477,1.9412952380952362,1.9412952380952362,3.7686272014512396
5473,baseline_condition_allowed,RandomForestRegressor,69.1,77.24043571428574,-8.140435714285744,8.140435714285744,66.26669361841884
198,baseline_condition_allowed,RandomForestRegressor,76.3,58.65458095238094,17.645419047619058,17.645419047619058,311.3608133660774
2978,baseline_condition_allowed,RandomForestRegressor,70.0,64.30983392857146,5.690166071428536,5.690166071428536,32.377989920436455
278,baseline_condition_allowed,RandomForestRegressor,68.0,59.823462103174606,8.176537896825394,8.176537896825394,66.85577197822184
2556,baseline_condition_allowed,RandomForestRegressor,146.5,166.55484365079366,-20.054843650793657,20.054843650793657,402.1967538577787
3256,baseline_condition_allowed,RandomForestRegressor,148.0,141.17052142857148,6.829478571428524,6.829478571428524,46.641777557601394
4427,baseline_condition_allowed,RandomForestRegressor,52.8,54.884927777777804,-2.084927777777807,2.084927777777807,4.346923838549505
734,baseline_condition_allowed,RandomForestRegressor,44.2,72.4736666666667,-28.2736666666667,28.2736666666667,799.4002267777796
492,baseline_condition_allowed,RandomForestRegressor,52.5,51.87353055555553,0.6264694444444672,0.6264694444444672,0.39246396482255935
2218,baseline_condition_allowed,RandomForestRegressor,57.0,52.34374761904762,4.656252380952381,4.656252380952381,21.680686235124718
3656,baseline_condition_allowed,RandomForestRegressor,49.4,47.3425654761905,2.0574345238094978,2.0574345238094978,4.233036819763215
3102,baseline_condition_allowed,RandomForestRegressor,63.0,60.12289444444445,2.877105555555552,2.877105555555552,8.27773637780862
2385,baseline_condition_allowed,RandomForestRegressor,32.0,35.161938095238106,-3.1619380952381064,3.1619380952381064,9.997852518117984
4265,baseline_condition_allowed,RandomForestRegressor,175.0,156.00596336580082,18.994036634199176,18.994036634199176,360.7734276613004
1839,baseline_condition_allowed,RandomForestRegressor,103.0,87.22060119047617,15.779398809523826,15.779398809523826,248.98942679000194
896,baseline_condition_allowed,RandomForestRegressor,128.6,126.4515363095237,2.148463690476291,2.148463690476291,4.615896229295003
2515,baseline_condition_allowed,RandomForestRegressor,200.5,188.7482761904761,11.751723809523895,11.751723809523895,138.1030124953308
4743,baseline_condition_allowed,RandomForestRegressor,141.3,73.20290873015873,68.09709126984129,68.09709126984129,4637.213839413094
387,baseline_condition_allowed,RandomForestRegressor,47.0,58.681904761904754,-11.681904761904754,11.681904761904754,136.46689886621297
5129,baseline_condition_allowed,RandomForestRegressor,217.0,195.29225476190476,21.707745238095242,21.707745238095242,471.2262033220467
5792,baseline_condition_allowed,RandomForestRegressor,72.2,115.81508598484845,-43.61508598484845,43.61508598484845,1902.2757254657236
1208,baseline_condition_allowed,RandomForestRegressor,58.2,53.42372500000002,4.776274999999984,4.776274999999984,22.812802875624847
697,baseline_condition_allowed,RandomForestRegressor,73.0,67.82393630952377,5.1760636904762265,5.1760636904762265,26.791635327866373
1945,baseline_condition_allowed,RandomForestRegressor,156.0,126.45009186507937,29.549908134920628,29.549908134920628,873.1970707822483
4909,baseline_condition_allowed,RandomForestRegressor,77.8,82.05481706349202,-4.254817063492027,4.254817063492027,18.103468243782913
4312,baseline_condition_allowed,RandomForestRegressor,49.5,131.59585079365073,-82.09585079365073,82.09585079365073,6739.728717533362
125,baseline_condition_allowed,RandomForestRegressor,46.5,65.96441289682541,-19.464412896825408,19.464412896825408,378.8633694181033
621,baseline_condition_allowed,RandomForestRegressor,148.0,150.12925416666667,-2.1292541666666693,2.1292541666666693,4.5337233062673725
1658,baseline_condition_allowed,RandomForestRegressor,40.0,94.35157876984121,-54.35157876984121,54.35157876984121,2954.0941147742537
3912,baseline_condition_allowed,RandomForestRegressor,40.8,48.04069146825399,-7.240691468253992,7.240691468253992,52.42761293844615
2563,baseline_condition_allowed,RandomForestRegressor,112.0,108.41586706349207,3.5841329365079275,3.5841329365079275,12.84600890656094
3971,baseline_condition_allowed,RandomForestRegressor,276.0,231.52867301587307,44.47132698412693,44.47132698412693,1977.6989237291361
4226,baseline_condition_allowed,RandomForestRegressor,40.5,40.43783154761903,0.06216845238097335,0.06216845238097335,0.003864916471445351
438,baseline_condition_allowed,RandomForestRegressor,64.6,60.751676424963925,3.848323575036069,3.848323575036069,14.809594338178393
5107,baseline_condition_allowed,RandomForestRegressor,67.4,64.68680496031746,2.713195039682546,2.713195039682546,7.361427323357972
4481,baseline_condition_allowed,RandomForestRegressor,162.0,196.07436423160183,-34.074364231601834,34.074364231601834,1161.0622977878663
3918,baseline_condition_allowed,RandomForestRegressor,149.0,120.9755029761905,28.024497023809502,28.024497023809502,785.3724334375077
4382,baseline_condition_allowed,RandomForestRegressor,153.3,129.98494166666663,23.315058333333383,23.315058333333383,543.5919450867384
2941,baseline_condition_allowed,RandomForestRegressor,41.0,46.204784523809515,-5.204784523809515,5.204784523809515,27.08978193928704
2626,baseline_condition_allowed,RandomForestRegressor,177.2,157.46741706349206,19.732582936507924,19.732582936507924,389.3748293461637
5418,baseline_condition_allowed,RandomForestRegressor,56.1,52.59580892857143,3.504191071428572,3.504191071428572,12.279355065079724
2712,baseline_condition_allowed,RandomForestRegressor,38.0,40.904634126984114,-2.9046341269841136,2.9046341269841136,8.436899411640765
3821,baseline_condition_allowed,RandomForestRegressor,54.0,65.23452698412702,-11.234526984127015,11.234526984127015,126.21459655707805
4529,baseline_condition_allowed,RandomForestRegressor,63.0,61.74211392187305,1.2578860781269512,1.2578860781269512,1.5822773855456023
881,baseline_condition_allowed,RandomForestRegressor,72.6,64.62669166666666,7.973308333333335,7.973308333333335,63.57364577840281
4805,baseline_condition_allowed,RandomForestRegressor,140.0,110.90746904761909,29.092530952380912,29.092530952380912,846.3753572152414
634,baseline_condition_allowed,RandomForestRegressor,98.1,92.47972976190472,5.620270238095273,5.620270238095273,31.587437549219494
4152,baseline_condition_allowed,RandomForestRegressor,177.0,132.93215595238095,44.06784404761905,44.06784404761905,1941.9748790052736
2547,baseline_condition_allowed,RandomForestRegressor,59.5,93.9913726190476,-34.491372619047596,34.491372619047596,1189.6547851459861
1771,baseline_condition_allowed,RandomForestRegressor,66.0,56.862580555555496,9.137419444444504,9.137419444444504,83.49243410371251
399,baseline_condition_allowed,RandomForestRegressor,53.5,52.82115912698413,0.6788408730158721,0.6788408730158721,0.4608249308769515
47,baseline_condition_allowed,RandomForestRegressor,73.4,64.51267738095234,8.887322619047666,8.887322619047666,78.98450333503627
305,baseline_condition_allowed,RandomForestRegressor,58.0,63.18237310924369,-5.1823731092436915,5.1823731092436915,26.856991043412126
4738,baseline_condition_allowed,RandomForestRegressor,97.5,116.06281040764803,-18.56281040764803,18.56281040764803,344.57793023028603
2810,baseline_condition_allowed,RandomForestRegressor,53.0,62.648664285714275,-9.648664285714275,9.648664285714275,93.09672249841817
4544,baseline_condition_allowed,RandomForestRegressor,112.0,101.47526071428572,10.524739285714276,10.524739285714276,110.77013703225744
4684,baseline_condition_allowed,RandomForestRegressor,154.0,129.23306190476188,24.766938095238118,24.766938095238118,613.4012226133572
1013,baseline_condition_allowed,RandomForestRegressor,103.1,97.55492857142863,5.545071428571362,5.545071428571362,30.74781714795844
848,baseline_condition_allowed,RandomForestRegressor,61.1,74.64847658730159,-13.548476587301586,13.548476587301586,183.56121783665924
4356,baseline_condition_allowed,RandomForestRegressor,61.0,52.38170674603173,8.618293253968268,8.618293253968268,74.27497861139496
1300,baseline_condition_allowed,RandomForestRegressor,52.7,48.97208531746033,3.7279146825396694,3.7279146825396694,13.897347880294845
4689,baseline_condition_allowed,RandomForestRegressor,83.7,180.234111904762,-96.53411190476199,96.53411190476199,9318.834761241109
4828,baseline_condition_allowed,RandomForestRegressor,62.5,59.83304583333333,2.6669541666666703,2.6669541666666703,7.112644527100714
520,baseline_condition_allowed,RandomForestRegressor,90.0,71.94815218253967,18.051847817460327,18.051847817460327,325.8692096247472
4804,baseline_condition_allowed,RandomForestRegressor,135.0,132.7095291666666,2.290470833333387,2.290470833333387,5.246256638350941
4254,baseline_condition_allowed,RandomForestRegressor,100.6,95.19994047619048,5.400059523809517,5.400059523809517,29.16064286068587
2366,baseline_condition_allowed,RandomForestRegressor,186.0,154.94673809523806,31.05326190476194,31.05326190476194,964.3050749257391
2691,baseline_condition_allowed,RandomForestRegressor,71.0,55.23966289682539,15.760337103174606,15.760337103174606,248.38822560570213
3786,baseline_condition_allowed,RandomForestRegressor,133.5,102.69160952380952,30.808390476190482,30.808390476190482,949.1569237334244
2974,baseline_condition_allowed,RandomForestRegressor,44.0,55.80950912698413,-11.809509126984132,11.809509126984132,139.4645058203215
5298,baseline_condition_allowed,RandomForestRegressor,57.4,50.58088650793651,6.819113492063487,6.819113492063487,46.50030881764228
1431,baseline_condition_allowed,RandomForestRegressor,71.9,62.131719642857114,9.768280357142892,9.768280357142892,95.41930113574367
3779,baseline_condition_allowed,RandomForestRegressor,234.0,183.59512976190473,50.40487023809527,50.40487023809527,2540.650943719222
2675,baseline_condition_allowed,RandomForestRegressor,35.0,34.20799146825395,0.792008531746049,0.792008531746049,0.6272775143585323
1792,baseline_condition_allowed,RandomForestRegressor,31.0,48.780586507936505,-17.780586507936505,17.780586507936505,316.1492565662137
4323,baseline_condition_allowed,RandomForestRegressor,211.0,181.97295793650784,29.02704206349216,29.02704206349216,842.5691709557432
4081,baseline_condition_allowed,RandomForestRegressor,71.0,66.24368472222223,4.756315277777773,4.756315277777773,22.622535021622255
1966,baseline_condition_allowed,RandomForestRegressor,39.0,41.81077797619045,-2.810777976190451,2.810777976190451,7.900472831437288
444,baseline_condition_allowed,RandomForestRegressor,46.8,78.40117857142856,-31.601178571428562,31.601178571428562,998.6344871033158
2692,baseline_condition_allowed,RandomForestRegressor,46.0,55.128445039682546,-9.128445039682546,9.128445039682546,83.32850884250489
5686,baseline_condition_allowed,RandomForestRegressor,85.5,79.21750357142854,6.282496428571463,6.282496428571463,39.469761375013185
679,baseline_condition_allowed,RandomForestRegressor,55.0,52.71064428210674,2.289355717893258,2.289355717893258,5.241149603050555
1447,baseline_condition_allowed,RandomForestRegressor,109.0,122.28588221500715,-13.285882215007149,13.285882215007149,176.51466623104326
2929,baseline_condition_allowed,RandomForestRegressor,39.5,39.57633035714284,-0.07633035714283665,0.07633035714283665,0.0058263234215529935
3089,baseline_condition_allowed,RandomForestRegressor,44.9,57.531690422077915,-12.631690422077916,12.631690422077916,159.55960291921497
1492,baseline_condition_allowed,RandomForestRegressor,82.5,79.22046845238097,3.2795315476190297,3.2795315476190297,10.755327171828467
3287,baseline_condition_allowed,RandomForestRegressor,223.0,247.57720000000006,-24.57720000000006,24.57720000000006,604.0387598400031
807,baseline_condition_allowed,RandomForestRegressor,40.9,42.51383630952381,-1.613836309523812,1.613836309523812,2.604467633937437
217,baseline_condition_allowed,RandomForestRegressor,124.0,101.54411567460315,22.455884325396852,22.455884325396852,504.266740835604
1386,baseline_condition_allowed,RandomForestRegressor,281.0,205.49823988095227,75.50176011904773,75.50176011904773,5700.515781074227
2743,baseline_condition_allowed,RandomForestRegressor,97.0,73.17535575396825,23.824644246031752,23.824644246031752,567.6136734499739
128,baseline_condition_allowed,RandomForestRegressor,46.0,52.507680357142824,-6.507680357142824,6.507680357142824,42.34990363074256
5352,baseline_condition_allowed,RandomForestRegressor,49.6,46.09413414502169,3.5058658549783104,3.5058658549783104,12.291095393102799
4983,baseline_condition_allowed,RandomForestRegressor,170.0,262.89070059523806,-92.89070059523806,92.89070059523806,8628.68225707416
247,baseline_condition_allowed,RandomForestRegressor,54.0,50.99291011904762,3.0070898809523783,3.0070898809523783,9.042589552126188
3356,baseline_condition_allowed,RandomForestRegressor,68.5,58.47974642857138,10.020253571428618,10.020253571428618,100.40548163572798
3183,baseline_condition_allowed,RandomForestRegressor,113.0,144.38676309523808,-31.38676309523808,31.38676309523808,985.1288975965991
3636,baseline_condition_allowed,RandomForestRegressor,40.2,37.739085714285736,2.460914285714267,2.460914285714267,6.0560991216325615
3329,baseline_condition_allowed,RandomForestRegressor,179.8,153.9936884920635,25.8063115079365,25.8063115079365,665.9657136446558
4334,baseline_condition_allowed,RandomForestRegressor,47.8,60.499985714285685,-12.699985714285688,12.699985714285688,161.28963714306056
2863,baseline_condition_allowed,RandomForestRegressor,43.0,59.853375288600226,-16.853375288600226,16.853375288600226,284.0362586184008
1214,baseline_condition_allowed,RandomForestRegressor,50.0,49.42087619047616,0.5791238095238427,0.5791238095238427,0.335384386757408
1129,baseline_condition_allowed,RandomForestRegressor,179.0,186.06781607142872,-7.067816071428723,7.067816071428723,49.95402401954615
2195,baseline_condition_allowed,RandomForestRegressor,44.0,40.48194285714284,3.5180571428571596,3.5180571428571596,12.37672606040828
5664,baseline_condition_allowed,RandomForestRegressor,162.2,156.75587202380956,5.44412797619043,5.44412797619043,29.638529421139303
3490,baseline_condition_allowed,RandomForestRegressor,91.0,137.6317190476191,-46.6317190476191,46.6317190476191,2174.517221336082
758,baseline_condition_allowed,RandomForestRegressor,104.1,79.77988353174602,24.32011646825397,24.32011646825397,591.468065029438
2337,baseline_condition_allowed,RandomForestRegressor,62.0,56.49603273809521,5.503967261904791,5.503967261904791,30.29365562011972
2935,baseline_condition_allowed,RandomForestRegressor,128.5,108.82744345238102,19.67255654761898,19.67255654761898,387.00948111926647
3004,baseline_condition_allowed,RandomForestRegressor,31.0,50.79602658730155,-19.796026587301547,19.796026587301547,391.88266864514975
2017,baseline_condition_allowed,RandomForestRegressor,124.0,155.41431369047626,-31.414313690476263,31.414313690476263,986.8591046436444
2618,baseline_condition_allowed,RandomForestRegressor,120.0,111.67460277777778,8.325397222222222,8.325397222222222,69.31223890778548
4604,baseline_condition_allowed,RandomForestRegressor,172.0,128.88462083333334,43.115379166666656,43.115379166666656,1858.935920685433
5245,baseline_condition_allowed,RandomForestRegressor,38.7,34.549579166666675,4.150420833333328,4.150420833333328,17.22599309376732
2674,baseline_condition_allowed,RandomForestRegressor,34.0,33.56675178571427,0.433248214285733,0.433248214285733,0.18770401518177643
5381,baseline_condition_allowed,RandomForestRegressor,114.0,161.48982896825393,-47.48982896825393,47.48982896825393,2255.28385543401
4048,baseline_condition_allowed,RandomForestRegressor,87.2,73.27852638888889,13.92147361111111,13.92147361111111,193.80742750486303
5100,baseline_condition_allowed,RandomForestRegressor,88.2,77.42052222222217,10.779477777777828,10.779477777777828,116.19714116160601
3383,baseline_condition_allowed,RandomForestRegressor,37.0,45.963704220779206,-8.963704220779206,8.963704220779206,80.34799335761495
1821,baseline_condition_allowed,RandomForestRegressor,58.0,54.02690833333335,3.9730916666666474,3.9730916666666474,15.785457391735958
3529,baseline_condition_allowed,RandomForestRegressor,49.7,47.42720238095234,2.2727976190476653,2.2727976190476653,5.1656090171487365
5103,baseline_condition_allowed,RandomForestRegressor,125.6,108.00095476190471,17.599045238095286,17.599045238095286,309.72639329252434
1288,baseline_condition_allowed,RandomForestRegressor,141.0,122.49116190476192,18.508838095238076,18.508838095238076,342.57708763573623
2326,baseline_condition_allowed,RandomForestRegressor,51.5,52.085406944444436,-0.5854069444444363,0.5854069444444363,0.34270129060377136
2239,baseline_condition_allowed,RandomForestRegressor,54.0,51.57050178571428,2.429498214285722,2.429498214285722,5.902461573217513
1064,baseline_condition_allowed,RandomForestRegressor,63.7,58.90726964285714,4.792730357142865,4.792730357142865,22.970264276278776
65,baseline_condition_allowed,RandomForestRegressor,50.6,47.298526785714266,3.3014732142857355,3.3014732142857355,10.899725384646185
1947,baseline_condition_allowed,RandomForestRegressor,127.0,100.48295456349211,26.517045436507885,26.517045436507885,703.1536986818237
5236,baseline_condition_allowed,RandomForestRegressor,37.7,48.74481738816738,-11.044817388167374,11.044817388167374,121.98799113796437
5670,baseline_condition_allowed,RandomForestRegressor,112.3,116.54855357142858,-4.248553571428587,4.248553571428587,18.050207449298604
1287,baseline_condition_allowed,RandomForestRegressor,187.0,162.01222142857142,24.987778571428578,24.987778571428578,624.3890779347453
4061,baseline_condition_allowed,RandomForestRegressor,89.0,90.90631051587299,-1.9063105158729883,1.9063105158729883,3.634019782927939
3796,baseline_condition_allowed,RandomForestRegressor,43.3,42.01272976190475,1.287270238095246,1.287270238095246,1.6570646658857915
2681,baseline_condition_allowed,RandomForestRegressor,33.0,33.49749583333332,-0.4974958333333177,0.4974958333333177,0.24750210418401222
5044,baseline_condition_allowed,RandomForestRegressor,68.0,66.4440962301587,1.5559037698412936,1.5559037698412936,2.420836541006349
3130,baseline_condition_allowed,RandomForestRegressor,51.3,48.76764087301591,2.5323591269840904,2.5323591269840904,6.412842748019624
4827,baseline_condition_allowed,RandomForestRegressor,65.5,55.625046428571416,9.874953571428584,9.874953571428584,97.51470803787015
3805,baseline_condition_allowed,RandomForestRegressor,92.8,77.6124216269841,15.187578373015896,15.187578373015896,230.66253683650015
5504,baseline_condition_allowed,RandomForestRegressor,62.3,70.36695119047617,-8.066951190476175,8.066951190476175,65.07570150952498
3518,baseline_condition_allowed,RandomForestRegressor,182.0,175.4793333333333,6.520666666666699,6.520666666666699,42.5190937777782
2952,baseline_condition_allowed,RandomForestRegressor,91.0,181.2610565476191,-90.26105654761909,90.26105654761909,8147.0583290924915
4255,baseline_condition_allowed,RandomForestRegressor,94.3,104.54193333333329,-10.241933333333293,10.241933333333293,104.89719840444361
1878,baseline_condition_allowed,RandomForestRegressor,71.5,67.79019761904762,3.7098023809523824,3.7098023809523824,13.762633705719965
4739,baseline_condition_allowed,RandomForestRegressor,191.0,150.16367678571433,40.83632321428567,40.83632321428567,1667.6052936616068
1530,baseline_condition_allowed,RandomForestRegressor,49.0,94.18710535714287,-45.18710535714287,45.18710535714287,2041.8744905575297
2702,baseline_condition_allowed,RandomForestRegressor,32.0,32.45274265873016,-0.45274265873015906,0.45274265873015906,0.20497591503405327
2755,baseline_condition_allowed,RandomForestRegressor,202.0,152.03491488095239,49.965085119047615,49.965085119047615,2496.509730953673
2206,baseline_condition_allowed,RandomForestRegressor,53.0,51.01047619047622,1.9895238095237815,1.9895238095237815,3.95820498866202
420,baseline_condition_allowed,RandomForestRegressor,73.3,99.74375019841278,-26.443750198412786,26.443750198412786,699.2719245560563
2540,baseline_condition_allowed,RandomForestRegressor,63.7,81.70426130952391,-18.004261309523912,18.004261309523912,324.1534253016197
229,baseline_condition_allowed,RandomForestRegressor,65.0,61.8287261904762,3.1712738095237967,3.1712738095237967,10.056977574971574
4662,baseline_condition_allowed,RandomForestRegressor,70.0,68.91794067460319,1.0820593253968127,1.0820593253968127,1.1708523836782054
5354,baseline_condition_allowed,RandomForestRegressor,58.3,66.19002242063493,-7.890022420634935,7.890022420634935,62.252453798121955
664,baseline_condition_allowed,RandomForestRegressor,35.0,54.720875,-19.720875,19.720875,388.912910765625
3441,baseline_condition_allowed,RandomForestRegressor,198.5,230.0965458333334,-31.59654583333341,31.59654583333341,998.3417085979388
3476,baseline_condition_allowed,RandomForestRegressor,92.5,166.56813869047627,-74.06813869047627,74.06813869047627,5486.089169071628
2746,baseline_condition_allowed,RandomForestRegressor,92.0,76.15107218614716,15.848927813852839,15.848927813852839,251.18851284871815
5049,baseline_condition_allowed,RandomForestRegressor,60.3,56.13005059523811,4.169949404761887,4.169949404761887,17.388478038274016
1539,baseline_condition_allowed,RandomForestRegressor,48.5,57.12997222222222,-8.629972222222221,8.629972222222221,74.47642055632714
2567,baseline_condition_allowed,RandomForestRegressor,78.0,66.13213234126982,11.867867658730177,11.867867658730177,140.84628276513368
1050,baseline_condition_allowed,RandomForestRegressor,74.9,68.91616607142855,5.983833928571457,5.983833928571457,35.806268484722914
3506,baseline_condition_allowed,RandomForestRegressor,105.0,107.62905734126988,-2.6290573412698848,2.6290573412698848,6.911942503685076
3581,baseline_condition_allowed,RandomForestRegressor,272.0,176.18082770562768,95.81917229437232,95.81917229437232,9181.313779178608
5565,baseline_condition_allowed,RandomForestRegressor,101.6,89.17962797619042,12.420372023809577,12.420372023809577,154.2656412098316
2117,baseline_condition_allowed,RandomForestRegressor,32.0,33.89662123015873,-1.896621230158729,1.896621230158729,3.5971720906888107
402,baseline_condition_allowed,RandomForestRegressor,71.5,72.98748273809521,-1.4874827380952098,1.4874827380952098,2.2126048961312224
1559,baseline_condition_allowed,RandomForestRegressor,62.2,57.206292261904764,4.993707738095239,4.993707738095239,24.937116973512268
4188,baseline_condition_allowed,RandomForestRegressor,134.5,124.8053178571428,9.694682142857204,9.694682142857204,93.98686185103435
2440,baseline_condition_allowed,RandomForestRegressor,76.0,100.67233115079365,-24.672331150793653,24.672331150793653,608.7239244144229
586,baseline_condition_allowed,RandomForestRegressor,55.5,50.637851190476184,4.862148809523816,4.862148809523816,23.640491045953866
2271,baseline_condition_allowed,RandomForestRegressor,193.0,216.02401645021652,-23.02401645021652,23.02401645021652,530.105333499841
3572,baseline_condition_allowed,RandomForestRegressor,115.0,122.1114277777778,-7.111427777777806,7.111427777777806,50.57240503854978
5713,baseline_condition_allowed,RandomForestRegressor,101.4,97.20052388583638,4.19947611416363,4.19947611416363,17.635599633430864
4153,baseline_condition_allowed,RandomForestRegressor,168.0,147.87008809523815,20.129911904761855,20.129911904761855,405.21335329347306
1385,baseline_condition_allowed,RandomForestRegressor,125.0,194.21556825396812,-69.21556825396812,69.21556825396812,4790.794888719719
3954,baseline_condition_allowed,RandomForestRegressor,128.0,112.2893779761905,15.710622023809506,15.710622023809506,246.8236443750083
1330,baseline_condition_allowed,RandomForestRegressor,98.5,105.2213974567099,-6.721397456709894,6.721397456709894,45.17718377106624
513,baseline_condition_allowed,RandomForestRegressor,60.8,75.00811726190481,-14.208117261904817,14.208117261904817,201.87059612803765
4135,baseline_condition_allowed,RandomForestRegressor,82.0,77.53868273809525,4.461317261904753,4.461317261904753,19.903351711369325
4704,baseline_condition_allowed,RandomForestRegressor,130.0,182.33934047619053,-52.33934047619053,52.33934047619053,2739.4065614825963
833,baseline_condition_allowed,RandomForestRegressor,127.0,148.5590708333335,-21.559070833333493,21.559070833333493,464.7935351966909
5799,baseline_condition_allowed,RandomForestRegressor,66.3,86.14314940476191,-19.843149404761917,19.843149404761917,393.7505782997032
1266,baseline_condition_allowed,RandomForestRegressor,51.0,58.14573690476187,-7.145736904761868,7.145736904761868,51.061555912075725
224,baseline_condition_allowed,RandomForestRegressor,44.0,70.4057738095238,-26.405773809523794,26.405773809523794,697.2648904797327
4985,baseline_condition_allowed,RandomForestRegressor,112.7,100.75324523809522,11.946754761904785,11.946754761904785,142.72494934109466
635,baseline_condition_allowed,RandomForestRegressor,96.1,90.16419345238091,5.93580654761908,5.93580654761908,35.233799370757545
4992,baseline_condition_allowed,RandomForestRegressor,48.1,46.56888869047618,1.5311113095238227,1.5311113095238227,2.344301842151755
3905,baseline_condition_allowed,RandomForestRegressor,159.0,144.40605396825399,14.593946031746015,14.593946031746015,212.98326077751526
2593,baseline_condition_allowed,RandomForestRegressor,48.0,53.715717460317464,-5.715717460317464,5.715717460317464,32.66942608617792
3883,baseline_condition_allowed,RandomForestRegressor,96.2,117.27044583333334,-21.070445833333338,21.070445833333338,443.9636876154342
303,baseline_condition_allowed,RandomForestRegressor,67.5,121.65416785714278,-54.15416785714278,54.15416785714278,2932.6738962995964
3527,baseline_condition_allowed,RandomForestRegressor,63.5,92.30578214285715,-28.805782142857154,28.805782142857154,829.7730848617481
1198,baseline_condition_allowed,RandomForestRegressor,185.0,149.53391210317454,35.46608789682546,35.46608789682546,1257.843390705349
2223,baseline_condition_allowed,RandomForestRegressor,91.5,69.93907440476188,21.560925595238118,21.560925595238118,464.8735125233942
3400,baseline_condition_allowed,RandomForestRegressor,65.0,64.11877840600009,0.8812215939999106,0.8812215939999106,0.7765514977317434
484,baseline_condition_allowed,RandomForestRegressor,71.0,82.18891130952383,-11.188911309523832,11.188911309523832,125.1917362923903
4206,baseline_condition_allowed,RandomForestRegressor,91.7,85.05856011904758,6.641439880952419,6.641439880952419,44.108723692305276
2197,baseline_condition_allowed,RandomForestRegressor,33.3,36.07605714285714,-2.776057142857141,2.776057142857141,7.706493260408153
2923,baseline_condition_allowed,RandomForestRegressor,79.0,94.96501369047617,-15.96501369047617,15.96501369047617,254.88166213709152
4052,baseline_condition_allowed,RandomForestRegressor,74.2,70.50506646825396,3.694933531746045,3.694933531746045,13.652533804021303
2470,baseline_condition_allowed,RandomForestRegressor,49.0,54.74743095238095,-5.747430952380952,5.747430952380952,33.03296255238662
3020,baseline_condition_allowed,RandomForestRegressor,68.0,59.280251587301606,8.719748412698394,8.719748412698394,76.03401238075615
2867,baseline_condition_allowed,RandomForestRegressor,56.5,52.54385912698411,3.9561408730158902,3.9561408730158902,15.65105060714693
3810,baseline_condition_allowed,RandomForestRegressor,56.0,61.311413095238095,-5.311413095238095,5.311413095238095,28.21110906826672
1294,baseline_condition_allowed,RandomForestRegressor,113.0,147.36570119047627,-34.36570119047627,34.36570119047627,1181.0014183131022
4319,baseline_condition_allowed,RandomForestRegressor,116.0,102.82591845238096,13.17408154761904,13.17408154761904,173.55642462331645
5019,baseline_condition_allowed,RandomForestRegressor,76.0,69.24631785714284,6.7536821428571585,6.7536821428571585,45.61222248674766
5335,baseline_condition_allowed,RandomForestRegressor,56.0,51.940262499999974,4.0597375000000255,4.0597375000000255,16.481468568906458
4862,baseline_condition_allowed,RandomForestRegressor,52.1,50.77237222222221,1.327627777777792,1.327627777777792,1.7625955163271985
4431,baseline_condition_allowed,RandomForestRegressor,198.0,176.15642460317468,21.843575396825315,21.843575396825315,477.1417861167922
2671,baseline_condition_allowed,RandomForestRegressor,37.0,37.0388238095238,-0.03882380952379805,0.03882380952379805,0.001507288185940152
763,baseline_condition_allowed,RandomForestRegressor,41.8,40.737922817460316,1.0620771825396815,1.0620771825396815,1.128007941671428
26,baseline_condition_allowed,RandomForestRegressor,73.0,64.46063333333328,8.539366666666723,8.539366666666723,72.92078306777874
2026,baseline_condition_allowed,RandomForestRegressor,44.5,41.58727896825396,2.912721031746038,2.912721031746038,8.483943808775704
4975,baseline_condition_allowed,RandomForestRegressor,66.7,62.31197261904764,4.388027380952366,4.388027380952366,19.25478429598768
1780,baseline_condition_allowed,RandomForestRegressor,103.5,102.12923392857142,1.3707660714285765,1.3707660714285765,1.8789996225797334
3833,baseline_condition_allowed,RandomForestRegressor,59.3,54.68276796536795,4.617232034632046,4.617232034632046,21.318831661632384
5690,baseline_condition_allowed,RandomForestRegressor,46.4,42.619425992063526,3.7805740079364725,3.7805740079364725,14.292739829484843
5722,baseline_condition_allowed,RandomForestRegressor,139.0,155.05186904761905,-16.05186904761905,16.05186904761905,257.6624999219105
3977,baseline_condition_allowed,RandomForestRegressor,55.0,68.62159027777778,-13.621590277777784,13.621590277777784,185.54772169565024
3991,baseline_condition_allowed,RandomForestRegressor,97.0,83.19482261904763,13.805177380952372,13.805177380952372,190.582922519559
4442,baseline_condition_allowed,RandomForestRegressor,70.0,62.09413273809528,7.905867261904717,7.905867261904717,62.50273716285679
4444,baseline_condition_allowed,RandomForestRegressor,34.2,39.151733531746025,-4.951733531746022,4.951733531746022,24.519664969417935
4839,baseline_condition_allowed,RandomForestRegressor,99.5,57.48759226190477,42.01240773809523,42.01240773809523,1765.0424039519637
2,baseline_condition_allowed,RandomForestRegressor,176.0,232.31262500000008,-56.31262500000008,56.31262500000008,3171.1117343906344
3577,baseline_condition_allowed,RandomForestRegressor,56.0,56.321096428571416,-0.3210964285714155,0.3210964285714155,0.10310291644131815
2081,baseline_condition_allowed,RandomForestRegressor,114.5,103.26153928571433,11.238460714285665,11.238460714285665,126.30299922654227
4266,baseline_condition_allowed,RandomForestRegressor,134.0,118.48320238095238,15.516797619047622,15.516797619047622,240.77100835048196
4047,baseline_condition_allowed,RandomForestRegressor,81.0,81.58198154761902,-0.5819815476190229,0.5819815476190229,0.338702521769033
3225,baseline_condition_allowed,RandomForestRegressor,59.0,68.309685515873,-9.309685515873,9.309685515873,86.67024440445552
126,baseline_condition_allowed,RandomForestRegressor,40.3,76.92166388888893,-36.62166388888893,36.62166388888893,1341.1462659907515
2139,baseline_condition_allowed,RandomForestRegressor,61.7,51.92853472222221,9.771465277777793,9.771465277777793,95.48153367481704
4461,baseline_condition_allowed,RandomForestRegressor,65.0,66.59654464285714,-1.5965446428571397,1.5965446428571397,2.5489547966358317
4421,baseline_condition_allowed,RandomForestRegressor,105.5,89.19173888888889,16.308261111111108,16.308261111111108,265.9593804681789
2817,baseline_condition_allowed,RandomForestRegressor,53.5,57.369022512210016,-3.869022512210016,3.869022512210016,14.969335199987903
4856,baseline_condition_allowed,RandomForestRegressor,155.7,135.87610476190474,19.823895238095247,19.823895238095247,392.9868224109754
928,baseline_condition_allowed,RandomForestRegressor,85.0,137.85520882034632,-52.85520882034632,52.85520882034632,2793.6730994424156
5167,baseline_condition_allowed,RandomForestRegressor,191.0,162.4209630952381,28.579036904761892,28.579036904761892,816.7613504037422
5259,baseline_condition_allowed,RandomForestRegressor,46.4,55.94710595238097,-9.547105952380974,9.547105952380974,91.14723206598823
5046,baseline_condition_allowed,RandomForestRegressor,48.0,85.75242261904758,-37.75242261904758,37.75242261904758,1425.2454136071754
318,baseline_condition_allowed,RandomForestRegressor,35.0,35.21646309523809,-0.21646309523809038,0.21646309523809038,0.04685627160005459
625,baseline_condition_allowed,RandomForestRegressor,112.5,103.98251130952386,8.517488690476142,8.517488690476142,72.54761359238898
13,baseline_condition_allowed,RandomForestRegressor,75.0,68.25603869047617,6.743961309523826,6.743961309523826,45.48101414435431
2838,baseline_condition_allowed,RandomForestRegressor,61.5,80.30777182539676,-18.807771825396756,18.807771825396756,353.732281036188
2176,baseline_condition_allowed,RandomForestRegressor,70.0,66.92094583333332,3.0790541666666797,3.0790541666666797,9.480574561267442
3346,baseline_condition_allowed,RandomForestRegressor,95.0,93.5617880952381,1.4382119047619,1.4382119047619,2.0684534829988523
5411,baseline_condition_allowed,RandomForestRegressor,43.2,44.17619365079365,-0.9761936507936468,0.9761936507936468,0.9529540438498285
3389,baseline_condition_allowed,RandomForestRegressor,51.0,52.55097559523812,-1.5509755952381212,1.5509755952381212,2.4055252970242447
901,baseline_condition_allowed,RandomForestRegressor,86.3,130.2039210497836,-43.90392104978359,43.90392104978359,1927.5542835456306
1982,baseline_condition_allowed,RandomForestRegressor,63.0,42.58858354978354,20.411416450216457,20.411416450216457,416.62592150416697
653,baseline_condition_allowed,RandomForestRegressor,52.2,51.37685615079366,0.8231438492063461,0.8231438492063461,0.6775657964862398
874,baseline_condition_allowed,RandomForestRegressor,176.5,134.7226388888889,41.777361111111105,41.777361111111105,1745.3479014081786
5638,baseline_condition_allowed,RandomForestRegressor,111.3,109.32567976190478,1.974320238095217,1.974320238095217,3.8979404025523543
2980,baseline_condition_allowed,RandomForestRegressor,126.0,108.29218928571429,17.707810714285714,17.707810714285714,313.56656029297193
3171,baseline_condition_allowed,RandomForestRegressor,157.7,142.9517111111111,14.74828888888888,14.74828888888888,217.51202515012318
4840,baseline_condition_allowed,RandomForestRegressor,92.0,56.835655357142876,35.164344642857124,35.164344642857124,1236.5311341616346
4642,baseline_condition_allowed,RandomForestRegressor,73.2,104.51054722222217,-31.31054722222217,31.31054722222217,980.3503673550044
4510,baseline_condition_allowed,RandomForestRegressor,209.2,177.898974404762,31.301025595238002,31.301025595238002,979.7542033137445
4300,baseline_condition_allowed,RandomForestRegressor,124.7,116.30359285714283,8.396407142857171,8.396407142857171,70.49965290862293
4742,baseline_condition_allowed,RandomForestRegressor,76.5,62.250253571428544,14.249746428571456,14.249746428571456,203.05527327858496
1489,baseline_condition_allowed,RandomForestRegressor,96.0,108.52698138528136,-12.52698138528136,12.52698138528136,156.9252626271857
4306,baseline_condition_allowed,RandomForestRegressor,38.2,40.300988095238104,-2.100988095238101,2.100988095238101,4.414150976332224
4974,baseline_condition_allowed,RandomForestRegressor,64.5,61.550185714285746,2.949814285714254,2.949814285714254,8.701404320203894
1138,baseline_condition_allowed,RandomForestRegressor,47.6,41.23344226190479,6.36655773809521,6.36655773809521,40.533057432499994
5145,baseline_condition_allowed,RandomForestRegressor,137.2,177.53562040043306,-40.33562040043307,40.33562040043307,1626.9622730878327
1194,baseline_condition_allowed,RandomForestRegressor,37.0,42.905449404761924,-5.905449404761924,5.905449404761924,34.87433267220297
95,baseline_condition_allowed,RandomForestRegressor,37.2,36.51249603174601,0.6875039682539921,0.6875039682539921,0.4726617063649861
2539,baseline_condition_allowed,RandomForestRegressor,61.8,73.50879345238103,-11.70879345238103,11.70879345238103,137.0958441105209
3110,baseline_condition_allowed,RandomForestRegressor,69.0,67.3048029761905,1.6951970238094987,1.6951970238094987,2.873692949532582
1654,baseline_condition_allowed,RandomForestRegressor,53.8,96.03254464285719,-42.23254464285719,42.23254464285719,1783.5878270109258
4931,baseline_condition_allowed,RandomForestRegressor,145.0,131.522178968254,13.477821031746004,13.477821031746004,181.65165976377492
5738,baseline_condition_allowed,RandomForestRegressor,45.6,47.3736015873016,-1.7736015873015987,1.7736015873015987,3.1456625904787505
5132,baseline_condition_allowed,RandomForestRegressor,146.0,128.358519047619,17.641480952380988,17.641480952380988,311.2218501932212
4270,baseline_condition_allowed,RandomForestRegressor,71.8,69.46123690476192,2.338763095238079,2.338763095238079,5.469812815647599
5503,baseline_condition_allowed,RandomForestRegressor,46.0,61.774355952380965,-15.774355952380965,15.774355952380965,248.8303057124168
5066,baseline_condition_allowed,RandomForestRegressor,56.5,51.87689146825398,4.62310853174602,4.62310853174602,21.37313249630284
5037,baseline_condition_allowed,RandomForestRegressor,72.4,81.81086666666666,-9.41086666666665,9.41086666666665,88.56441141777745
537,baseline_condition_allowed,RandomForestRegressor,54.8,75.61842095959595,-20.818420959595954,20.818420959595954,433.40665125094415
3915,baseline_condition_allowed,RandomForestRegressor,54.0,71.53499821428568,-17.53499821428568,17.53499821428568,307.47616237500193
335,baseline_condition_allowed,RandomForestRegressor,63.5,70.13642380952379,-6.636423809523791,6.636423809523791,44.04212097961427
1141,baseline_condition_allowed,RandomForestRegressor,39.1,40.07091645021646,-0.9709164502164569,0.9709164502164569,0.9426787533009257
4701,baseline_condition_allowed,RandomForestRegressor,168.0,141.18329999999997,26.816700000000026,26.816700000000026,719.1353988900014
2731,baseline_condition_allowed,RandomForestRegressor,56.5,49.713876587301584,6.786123412698416,6.786123412698416,46.05147097237359
1687,baseline_condition_allowed,RandomForestRegressor,132.0,119.93712599206351,12.062874007936486,12.062874007936486,145.51292933134965
2833,baseline_condition_allowed,RandomForestRegressor,50.2,50.70906527777779,-0.5090652777777862,0.5090652777777862,0.2591474570389746
4286,baseline_condition_allowed,RandomForestRegressor,63.0,59.2354113095238,3.7645886904762023,3.7645886904762023,14.172128008461327
3850,baseline_condition_allowed,RandomForestRegressor,119.0,102.68547175324673,16.31452824675327,16.31452824675327,266.1638319141103
4012,baseline_condition_allowed,RandomForestRegressor,86.0,81.02025277777777,4.97974722222223,4.97974722222223,24.797882397230012
923,baseline_condition_allowed,RandomForestRegressor,57.3,56.79306785714286,0.5069321428571385,0.5069321428571385,0.2569801974617303
3683,baseline_condition_allowed,RandomForestRegressor,133.0,164.7338910714285,-31.733891071428502,31.733891071428502,1007.0398425332896
4022,baseline_condition_allowed,RandomForestRegressor,52.3,63.47207083333331,-11.172070833333315,11.172070833333315,124.81516670501695
1171,baseline_condition_allowed,RandomForestRegressor,39.7,38.96896785714283,0.731032142857174,0.731032142857174,0.5344079938903517
627,baseline_condition_allowed,RandomForestRegressor,70.9,64.94754350649352,5.952456493506489,5.952456493506489,35.431738307087564
5643,baseline_condition_allowed,RandomForestRegressor,187.3,142.70356468253962,44.59643531746039,44.59643531746039,1988.8420430244284
3412,baseline_condition_allowed,RandomForestRegressor,51.5,50.2621827380952,1.2378172619048016,1.2378172619048016,1.5321915738695002
4046,baseline_condition_allowed,RandomForestRegressor,53.0,53.982735317460275,-0.9827353174602749,0.9827353174602749,0.9657687041837473
5571,baseline_condition_allowed,RandomForestRegressor,81.8,73.39703452380954,8.40296547619046,8.40296547619046,70.60982879404875
2522,baseline_condition_allowed,RandomForestRegressor,38.0,38.86719742063491,-0.8671974206349091,0.8671974206349091,0.7520313663558396
912,baseline_condition_allowed,RandomForestRegressor,142.0,159.32786190476196,-17.32786190476196,17.32786190476196,300.25479819050076
2890,baseline_condition_allowed,RandomForestRegressor,35.0,42.590100992063505,-7.590100992063505,7.590100992063505,57.6096330697234
2245,baseline_condition_allowed,RandomForestRegressor,44.0,80.59503095238095,-36.59503095238095,36.59503095238095,1339.19629040572
5283,baseline_condition_allowed,RandomForestRegressor,84.1,76.36773809523814,7.732261904761856,7.732261904761856,59.78787416383145
3907,baseline_condition_allowed,RandomForestRegressor,129.6,124.59057738095234,5.009422619047655,5.009422619047655,25.094314976226265
957,baseline_condition_allowed,RandomForestRegressor,66.0,62.28285972222219,3.7171402777778084,3.7171402777778084,13.817131844678082
3673,baseline_condition_allowed,RandomForestRegressor,60.0,109.34658273809531,-49.34658273809531,49.34658273809531,2435.0852279276855
4479,baseline_condition_allowed,RandomForestRegressor,91.0,94.65271805555548,-3.652718055555482,3.652718055555482,13.342349193381022
3308,baseline_condition_allowed,RandomForestRegressor,124.0,110.24383928571433,13.75616071428567,13.75616071428567,189.23195759725644
5225,baseline_condition_allowed,RandomForestRegressor,75.3,132.8897990079365,-57.58979900793649,57.58979900793649,3316.584949774523
993,baseline_condition_allowed,RandomForestRegressor,143.0,114.76768452380949,28.232315476190507,28.232315476190507,797.063637147146
875,baseline_condition_allowed,RandomForestRegressor,98.8,94.31550714285714,4.484492857142854,4.484492857142854,20.11067618576528
5166,baseline_condition_allowed,RandomForestRegressor,99.0,87.09479166666664,11.905208333333363,11.905208333333363,141.73398546007013
4163,baseline_condition_allowed,RandomForestRegressor,96.0,94.46324424603168,1.5367557539683219,1.5367557539683219,2.3616182473547456
998,baseline_condition_allowed,RandomForestRegressor,57.1,65.72862916666668,-8.628629166666677,8.628629166666677,74.45324129585087
818,baseline_condition_allowed,RandomForestRegressor,73.0,66.41128432539679,6.588715674603208,6.588715674603208,43.411174240762
4184,baseline_condition_allowed,RandomForestRegressor,140.3,123.06702797619049,17.232972023809523,17.232972023809523,296.9753247734017
3704,baseline_condition_allowed,RandomForestRegressor,221.0,187.43552142857135,33.56447857142865,33.56447857142865,1126.574221771893
2457,baseline_condition_allowed,RandomForestRegressor,42.0,44.479741666666676,-2.4797416666666763,2.4797416666666763,6.149118733402825
906,baseline_condition_allowed,RandomForestRegressor,115.0,103.42680366300365,11.573196336996347,11.573196336996347,133.93887345466567
5486,baseline_condition_allowed,RandomForestRegressor,58.5,75.82936666666664,-17.329366666666644,17.329366666666644,300.306949067777
5202,baseline_condition_allowed,RandomForestRegressor,98.6,103.11679255050504,-4.516792550505045,4.516792550505045,20.40141494429787
2446,baseline_condition_allowed,RandomForestRegressor,47.0,45.136643849206386,1.8633561507936136,1.8633561507936136,3.472096144700392
1210,baseline_condition_allowed,RandomForestRegressor,68.0,89.24912936507937,-21.24912936507937,21.24912936507937,451.5254987738784
4071,baseline_condition_allowed,RandomForestRegressor,92.0,85.58148769841267,6.418512301587327,6.418512301587327,41.19730016562785
2302,baseline_condition_allowed,RandomForestRegressor,37.5,42.026705952380944,-4.526705952380944,4.526705952380944,20.491066779321066
238,baseline_condition_allowed,RandomForestRegressor,70.0,68.7719779761905,1.2280220238095012,1.2280220238095012,1.5080380909611832
5403,baseline_condition_allowed,RandomForestRegressor,45.7,43.859473809523806,1.8405261904761971,1.8405261904761971,3.387536657828823
1964,baseline_condition_allowed,RandomForestRegressor,39.0,40.4330968253968,-1.4330968253968024,1.4330968253968024,2.0537665109623933
4801,baseline_condition_allowed,RandomForestRegressor,137.0,106.10260714285718,30.89739285714282,30.89739285714282,954.6488853686201
1667,baseline_condition_allowed,RandomForestRegressor,103.7,89.84478847402598,13.855211525974028,13.855211525974028,191.96688642948354
93,baseline_condition_allowed,RandomForestRegressor,41.7,43.11235297619051,-1.4123529761905047,1.4123529761905047,1.9947409293541765
2546,baseline_condition_allowed,RandomForestRegressor,69.5,62.29034880952381,7.209651190476187,7.209651190476187,51.9790702883347
177,baseline_condition_allowed,RandomForestRegressor,54.2,51.086005158730124,3.1139948412698786,3.1139948412698786,9.696963871455416
412,baseline_condition_allowed,RandomForestRegressor,144.0,131.90423214285715,12.095767857142846,12.095767857142846,146.30760005389004
3152,baseline_condition_allowed,RandomForestRegressor,79.7,70.5373932539683,9.162606746031699,9.162606746031699,83.9533623824256
5691,baseline_condition_allowed,RandomForestRegressor,49.0,48.2505636904762,0.7494363095238015,0.7494363095238015,0.5616547820326552
2999,baseline_condition_allowed,RandomForestRegressor,32.5,36.57400297619048,-4.074002976190478,4.074002976190478,16.59750025000887
792,baseline_condition_allowed,RandomForestRegressor,52.0,65.00871428571428,-13.008714285714277,13.008714285714277,169.22664736734671
1935,baseline_condition_allowed,RandomForestRegressor,41.0,79.65816884920638,-38.658168849206376,38.658168849206376,1494.4540187737502
5329,baseline_condition_allowed,RandomForestRegressor,84.2,94.7393547619047,-10.539354761904704,10.539354761904704,111.07799879728336
4453,baseline_condition_allowed,RandomForestRegressor,55.0,124.6949527777778,-69.6949527777778,69.6949527777778,4857.3864426966775
4620,baseline_condition_allowed,RandomForestRegressor,98.0,88.2766714285714,9.723328571428596,9.723328571428596,94.54311850795965
852,baseline_condition_allowed,RandomForestRegressor,71.3,65.90747202380952,5.392527976190479,5.392527976190479,29.079357973996984
5060,baseline_condition_allowed,RandomForestRegressor,51.1,46.249655753968256,4.850344246031746,4.850344246031746,23.525839305013264
2007,baseline_condition_allowed,RandomForestRegressor,47.0,51.15280436507936,-4.152804365079362,4.152804365079362,17.245784094622202
4263,baseline_condition_allowed,RandomForestRegressor,177.0,185.0847952380952,-8.08479523809521,8.08479523809521,65.363914041927
5133,baseline_condition_allowed,RandomForestRegressor,130.0,105.36742321428568,24.63257678571432,24.63257678571432,606.7638391041121
3335,baseline_condition_allowed,RandomForestRegressor,42.6,43.29789285714287,-0.6978928571428682,0.6978928571428682,0.4870544400510358
3052,baseline_condition_allowed,RandomForestRegressor,104.0,74.37855492424244,29.621445075757563,29.621445075757563,877.430008376122
1438,baseline_condition_allowed,RandomForestRegressor,171.0,173.8061656746032,-2.806165674603193,2.806165674603193,7.874565793321192
5491,baseline_condition_allowed,RandomForestRegressor,76.7,126.93539384920638,-50.235393849206375,50.235393849206375,2523.5947951848816
3782,baseline_condition_allowed,RandomForestRegressor,77.7,75.36114724025975,2.3388527597402486,2.3388527597402486,5.4702322317445775
4754,baseline_condition_allowed,RandomForestRegressor,121.0,74.18763035714282,46.81236964285718,46.81236964285718,2191.3979515794963
3553,baseline_condition_allowed,RandomForestRegressor,61.0,82.48196250000001,-21.48196250000001,21.48196250000001,461.47471285140665
585,baseline_condition_allowed,RandomForestRegressor,67.6,121.9406607142858,-54.340660714285804,54.340660714285804,2952.9074068651244
3666,baseline_condition_allowed,RandomForestRegressor,82.0,77.7878466269841,4.212153373015894,4.212153373015894,17.742236037809178
3030,baseline_condition_allowed,RandomForestRegressor,43.0,47.980657142857126,-4.980657142857126,4.980657142857126,24.80694557469371
3232,baseline_condition_allowed,RandomForestRegressor,50.4,67.86863710317462,-17.468637103174622,17.468637103174622,305.15328224240903
1153,baseline_condition_allowed,RandomForestRegressor,107.2,96.29388214285709,10.906117857142917,10.906117857142917,118.9434067138916
3674,baseline_condition_allowed,RandomForestRegressor,74.7,66.41449285714285,8.285507142857156,8.285507142857156,68.64962861433696
1451,baseline_condition_allowed,RandomForestRegressor,74.0,80.59035178571428,-6.590351785714276,6.590351785714276,43.432736659467345
5191,baseline_condition_allowed,RandomForestRegressor,102.0,94.87214253663004,7.127857463369963,7.127857463369963,50.806352018118886
718,baseline_condition_allowed,RandomForestRegressor,56.7,49.907636904761894,6.792363095238109,6.792363095238109,46.136196417552625
3107,baseline_condition_allowed,RandomForestRegressor,123.0,87.73973928571431,35.26026071428569,35.26026071428569,1243.285985639399
3570,baseline_condition_allowed,RandomForestRegressor,57.5,50.009575595238104,7.490424404761896,7.490424404761896,56.1064577634526
2370,baseline_condition_allowed,RandomForestRegressor,77.5,61.577544642857156,15.922455357142844,15.922455357142844,253.52458460020688
3204,baseline_condition_allowed,RandomForestRegressor,82.7,78.23954047619053,4.460459523809476,4.460459523809476,19.895699163542655
1663,baseline_condition_allowed,RandomForestRegressor,121.5,103.017508531746,18.482491468253997,18.482491468253997,341.6024908740818
3392,baseline_condition_allowed,RandomForestRegressor,105.0,84.10210714285711,20.897892857142892,20.897892857142892,436.72192586862394
5597,baseline_condition_allowed,RandomForestRegressor,71.6,93.65965694444446,-22.05965694444447,22.05965694444447,486.62846450657713
5739,baseline_condition_allowed,RandomForestRegressor,81.0,71.67681904761906,9.323180952380937,9.323180952380937,86.92170307083873
2145,baseline_condition_allowed,RandomForestRegressor,50.0,48.77557916666666,1.2244208333333404,1.2244208333333404,1.4992063771007118
4154,baseline_condition_allowed,RandomForestRegressor,178.0,158.51625416666673,19.483745833333273,19.483745833333273,379.6163516979317
2052,baseline_condition_allowed,RandomForestRegressor,33.0,37.77697361111111,-4.77697361111111,4.77697361111111,22.81947688125192
2336,baseline_condition_allowed,RandomForestRegressor,49.2,51.67895833333333,-2.478958333333324,2.478958333333324,6.145234418402731
2142,baseline_condition_allowed,RandomForestRegressor,50.3,49.05919821428571,1.2408017857142895,1.2408017857142895,1.5395890714317695
4774,baseline_condition_allowed,RandomForestRegressor,104.5,69.35617817460317,35.14382182539683,35.14382182539683,1235.0882124952384
946,baseline_condition_allowed,RandomForestRegressor,65.8,126.41540396825393,-60.61540396825393,60.61540396825393,3674.227198234614
341,baseline_condition_allowed,RandomForestRegressor,79.8,84.85843630952385,-5.058436309523856,5.058436309523856,25.587777897509326
1148,baseline_condition_allowed,RandomForestRegressor,60.4,60.923860119047646,-0.5238601190476473,0.5238601190476473,0.27442942432861517
5195,baseline_condition_allowed,RandomForestRegressor,198.0,197.84911785714286,0.1508821428571423,0.1508821428571423,0.022765421033163098
1511,baseline_condition_allowed,RandomForestRegressor,84.8,102.29882492784996,-17.498824927849967,17.498824927849967,306.2088738555434
5137,baseline_condition_allowed,RandomForestRegressor,119.4,131.5672125,-12.167212500000005,12.167212500000005,148.04106002015638
5683,baseline_condition_allowed,RandomForestRegressor,85.0,125.70045595238095,-40.70045595238095,40.70045595238095,1656.5271147317019
893,baseline_condition_allowed,RandomForestRegressor,202.8,122.09609444444446,80.70390555555555,80.70390555555555,6513.12037192003
567,baseline_condition_allowed,RandomForestRegressor,44.0,41.20088075396828,2.7991192460317222,2.7991192460317222,7.835068553505197
5509,baseline_condition_allowed,RandomForestRegressor,91.0,78.04341230158732,12.956587698412676,12.956587698412676,167.8731647866587
342,baseline_condition_allowed,RandomForestRegressor,70.2,94.40564404761912,-24.205644047619117,24.205644047619117,585.9132037600388
5521,baseline_condition_allowed,RandomForestRegressor,38.0,45.38723789682544,-7.3872378968254395,7.3872378968254395,54.57128374429394
2662,baseline_condition_allowed,RandomForestRegressor,35.5,33.33897142857143,2.1610285714285666,2.1610285714285666,4.670044486530592
136,baseline_condition_allowed,RandomForestRegressor,35.4,46.02703611111111,-10.62703611111111,10.62703611111111,112.93389650685954
1532,baseline_condition_allowed,RandomForestRegressor,106.0,93.70851190476188,12.291488095238122,12.291488095238122,151.0806795953805
2482,baseline_condition_allowed,RandomForestRegressor,51.0,48.16912321428572,2.830876785714281,2.830876785714281,8.01386337589602
5342,baseline_condition_allowed,RandomForestRegressor,53.4,58.13716984126988,-4.737169841269882,4.737169841269882,22.44077810503692
4966,baseline_condition_allowed,RandomForestRegressor,67.4,62.3735488095238,5.026451190476209,5.026451190476209,25.265211570239696
1891,baseline_condition_allowed,RandomForestRegressor,52.0,47.53384682539685,4.46615317460315,4.46615317460315,19.946524179017796
4606,baseline_condition_allowed,RandomForestRegressor,124.5,104.16664682539684,20.33335317460316,20.33335317460316,413.4452513231445
2499,baseline_condition_allowed,RandomForestRegressor,34.5,40.8969655844156,-6.396965584415597,6.396965584415597,40.921168688197575
614,baseline_condition_allowed,RandomForestRegressor,88.8,84.5783,4.2216999999999985,4.2216999999999985,17.822750889999988
5546,baseline_condition_allowed,RandomForestRegressor,70.7,65.08448313492063,5.615516865079371,5.615516865079371,31.53402966199085
5207,baseline_condition_allowed,RandomForestRegressor,92.6,152.29042619047618,-59.69042619047619,59.69042619047619,3562.946978800686
1146,baseline_condition_allowed,RandomForestRegressor,59.0,67.36318115079366,-8.363181150793665,8.363181150793665,69.94279896099044
4984,baseline_condition_allowed,RandomForestRegressor,114.0,96.44762857142854,17.552371428571462,17.552371428571462,308.0857427665318
2854,baseline_condition_allowed,RandomForestRegressor,50.0,44.091570039682566,5.908429960317434,5.908429960317434,34.909544595976676
5676,baseline_condition_allowed,RandomForestRegressor,60.0,89.20192103174608,-29.201921031746082,29.201921031746082,852.7521919443342
3806,baseline_condition_allowed,RandomForestRegressor,138.5,124.38663928571434,14.113360714285662,14.113360714285662,199.18695065154188
5747,baseline_condition_allowed,RandomForestRegressor,53.0,89.00136428571427,-36.001364285714274,36.001364285714274,1296.0982304327033
4832,baseline_condition_allowed,RandomForestRegressor,66.0,55.61974781746031,10.380252182539692,10.380252182539692,107.74963537312004
920,baseline_condition_allowed,RandomForestRegressor,76.5,86.01618273809522,-9.516182738095225,9.516182738095225,90.55773390482153
2462,baseline_condition_allowed,RandomForestRegressor,50.5,47.92580357142856,2.5741964285714403,2.5741964285714403,6.626487252869958
1919,baseline_condition_allowed,RandomForestRegressor,93.0,84.94950952380948,8.050490476190518,8.050490476190518,64.81039690723424
1076,baseline_condition_allowed,RandomForestRegressor,113.0,128.25869404761897,-15.258694047618974,15.258694047618974,232.8277440388427
5633,baseline_condition_allowed,RandomForestRegressor,147.0,122.47385992063491,24.526140079365092,24.526140079365092,601.5315471926388
2428,baseline_condition_allowed,RandomForestRegressor,36.0,36.14120138888889,-0.1412013888888879,0.1412013888888879,0.019937832224150954
2391,baseline_condition_allowed,RandomForestRegressor,66.5,59.279219552669545,7.220780447330455,7.220780447330455,52.13967026854981
5416,baseline_condition_allowed,RandomForestRegressor,73.0,63.993644047619064,9.006355952380936,9.006355952380936,81.11444754098751
3364,baseline_condition_allowed,RandomForestRegressor,140.0,119.02908690476194,20.97091309523806,20.97091309523806,439.7791960480272
4733,baseline_condition_allowed,RandomForestRegressor,86.0,117.57553690476192,-31.57553690476192,31.57553690476192,997.0145308239819
2873,baseline_condition_allowed,RandomForestRegressor,36.0,53.20497142857142,-17.20497142857142,17.20497142857142,296.01104185795884
4490,baseline_condition_allowed,RandomForestRegressor,298.5,209.81703961038954,88.68296038961046,88.68296038961046,7864.667463465217
3439,baseline_condition_allowed,RandomForestRegressor,155.2,133.83797222222225,21.36202777777774,21.36202777777774,456.33623077854776
5544,baseline_condition_allowed,RandomForestRegressor,82.9,106.61596547619052,-23.71596547619052,23.71596547619052,562.4470184678606
2876,baseline_condition_allowed,RandomForestRegressor,41.0,55.70328496642248,-14.70328496642248,14.70328496642248,216.18658880382532
5355,baseline_condition_allowed,RandomForestRegressor,71.5,69.65391884920635,1.8460811507936512,1.8460811507936512,3.4080156153156116
415,baseline_condition_allowed,RandomForestRegressor,119.5,101.9638648809524,17.5361351190476,17.5361351190476,307.5160349134946
4155,baseline_condition_allowed,RandomForestRegressor,45.0,44.732720238095226,0.2672797619047742,0.2672797619047742,0.07143847112387279
1815,baseline_condition_allowed,RandomForestRegressor,50.5,52.20119209956716,-1.7011920995671588,1.7011920995671588,2.894054559629718
2368,baseline_condition_allowed,RandomForestRegressor,55.4,54.0683759920635,1.3316240079364974,1.3316240079364974,1.7732224985128608
3747,baseline_condition_allowed,RandomForestRegressor,33.6,35.75399543650795,-2.153995436507948,2.153995436507948,4.639696340497066
5796,baseline_condition_allowed,RandomForestRegressor,125.9,108.68972261904756,17.210277380952448,17.210277380952448,296.19364752932347
1798,baseline_condition_allowed,RandomForestRegressor,189.0,199.52441924603178,-10.524419246031783,10.524419246031783,110.7634004662442
90,baseline_condition_allowed,RandomForestRegressor,35.9,35.98928849206348,-0.08928849206348133,0.08928849206348133,0.007972434814970368
3302,baseline_condition_allowed,RandomForestRegressor,45.0,43.770804563492064,1.2291954365079363,1.2291954365079363,1.510921421131936
2962,baseline_condition_allowed,RandomForestRegressor,61.3,67.19896488095239,-5.898964880952391,5.898964880952391,34.79778666670966
4543,baseline_condition_allowed,RandomForestRegressor,80.0,74.04972718253968,5.950272817460316,5.950272817460316,35.40574660220713
659,baseline_condition_allowed,RandomForestRegressor,43.9,43.476550793650794,0.42344920634920413,0.42344920634920413,0.17930923035777085
5720,baseline_condition_allowed,RandomForestRegressor,191.5,181.65093750000003,9.849062499999974,9.849062499999974,97.00403212890573
1019,baseline_condition_allowed,RandomForestRegressor,44.0,64.66735833333335,-20.667358333333354,20.667358333333354,427.13970047840365
2167,baseline_condition_allowed,RandomForestRegressor,35.5,34.73324563492066,0.7667543650793434,0.7667543650793434,0.587912256368227
584,baseline_condition_allowed,RandomForestRegressor,42.0,82.61918968253966,-40.619189682539655,40.619189682539655,1649.918570466136
5499,baseline_condition_allowed,RandomForestRegressor,79.5,74.28694325396825,5.213056746031754,5.213056746031754,27.175960637347174
2467,baseline_condition_allowed,RandomForestRegressor,98.0,154.15146626984128,-56.15146626984128,56.15146626984128,3152.987164253123
5143,baseline_condition_allowed,RandomForestRegressor,189.3,158.96114107142856,30.338858928571454,30.338858928571454,920.4463610877599
3855,baseline_condition_allowed,RandomForestRegressor,113.0,104.18366845238091,8.816331547619086,8.816331547619086,77.72770195754354
493,baseline_condition_allowed,RandomForestRegressor,62.0,53.03132817460313,8.968671825396868,8.968671825396868,80.43707431166759
5246,baseline_condition_allowed,RandomForestRegressor,37.2,45.18749999999999,-7.98749999999999,7.98749999999999,63.800156249999844
2846,baseline_condition_allowed,RandomForestRegressor,53.0,48.002512896825394,4.997487103174606,4.997487103174606,24.974877346396518
4405,baseline_condition_allowed,RandomForestRegressor,115.0,136.4733783730158,-21.473378373015805,21.473378373015805,461.1059787507029
1869,baseline_condition_allowed,RandomForestRegressor,54.0,66.45106944444444,-12.451069444444443,12.451069444444443,155.02913031037804
1119,baseline_condition_allowed,RandomForestRegressor,53.0,79.82723452380951,-26.82723452380951,26.82723452380951,719.7005121954768
2855,baseline_condition_allowed,RandomForestRegressor,50.0,44.52074980158731,5.479250198412693,5.479250198412693,30.022182736805533
2484,baseline_condition_allowed,RandomForestRegressor,166.0,123.62100119047618,42.37899880952382,42.37899880952382,1795.9795400976216
221,baseline_condition_allowed,RandomForestRegressor,48.5,73.05924877344874,-24.559248773448743,24.559248773448743,603.1567003161437
2528,baseline_condition_allowed,RandomForestRegressor,30.5,32.37220297619045,-1.8722029761904508,1.8722029761904508,3.505143984056382
4587,baseline_condition_allowed,RandomForestRegressor,181.0,160.54351785714292,20.456482142857084,20.456482142857084,418.4676616610307
1423,baseline_condition_allowed,RandomForestRegressor,110.2,100.58207936507937,9.617920634920637,9.617920634920637,92.50439733963218
2981,baseline_condition_allowed,RandomForestRegressor,263.8,191.72349444444444,72.07650555555557,72.07650555555557,5195.022653100033
4208,baseline_condition_allowed,RandomForestRegressor,92.5,79.59118630952382,12.90881369047618,12.90881369047618,166.63747089542525
