row_id,feature_set,model_name,y_true,y_pred,residual,absolute_error,squared_error
4137,strict_no_prior_iri,RandomForestRegressor,67.2,66.55840257842655,0.6415974215734508,0.6415974215734508,0.4116472513697003
1393,strict_no_prior_iri,RandomForestRegressor,119.0,122.46178326549101,-3.4617832654910075,3.4617832654910075,11.983943377233583
1802,strict_no_prior_iri,RandomForestRegressor,86.7,60.74240629005762,25.95759370994238,25.95759370994238,673.7966712104402
2552,strict_no_prior_iri,RandomForestRegressor,68.0,80.13677385542498,-12.136773855424977,12.136773855424977,147.30127961772726
1606,strict_no_prior_iri,RandomForestRegressor,87.0,105.15950906505934,-18.15950906505934,18.15950906505934,329.7677694839723
1420,strict_no_prior_iri,RandomForestRegressor,72.8,99.56670904556711,-26.76670904556711,26.76670904556711,716.4567131300442
17,strict_no_prior_iri,RandomForestRegressor,87.0,90.27805775026654,-3.278057750266541,3.278057750266541,10.745662614082535
3749,strict_no_prior_iri,RandomForestRegressor,35.0,59.674765650210354,-24.674765650210354,24.674765650210354,608.8440598928008
3909,strict_no_prior_iri,RandomForestRegressor,164.0,163.14259810411386,0.8574018958861416,0.8574018958861416,0.73513801106915
3840,strict_no_prior_iri,RandomForestRegressor,69.2,90.30125937261855,-21.101259372618543,21.101259372618543,445.2631471105219
2562,strict_no_prior_iri,RandomForestRegressor,160.4,116.61515027277673,43.784849727223275,43.784849727223275,1917.113065635524
2356,strict_no_prior_iri,RandomForestRegressor,257.0,114.21062645329732,142.78937354670268,142.78937354670268,20388.805197859794
4899,strict_no_prior_iri,RandomForestRegressor,117.3,90.11168219371257,27.18831780628743,27.18831780628743,739.2046251356861
2317,strict_no_prior_iri,RandomForestRegressor,55.0,54.58027236252012,0.4197276374798804,0.4197276374798804,0.1761712896644419
4567,strict_no_prior_iri,RandomForestRegressor,136.3,96.78788265778473,39.51211734221528,39.51211734221528,1561.2074168649892
4594,strict_no_prior_iri,RandomForestRegressor,55.0,65.36290288890457,-10.362902888904571,10.362902888904571,107.3897562848667
4976,strict_no_prior_iri,RandomForestRegressor,44.5,83.48197495163551,-38.98197495163551,38.98197495163551,1519.594371129938
619,strict_no_prior_iri,RandomForestRegressor,63.2,66.00276562073604,-2.8027656207360394,2.8027656207360394,7.8554951247798765
824,strict_no_prior_iri,RandomForestRegressor,58.7,76.33062836351903,-17.630628363519023,17.630628363519023,310.8390564925214
3255,strict_no_prior_iri,RandomForestRegressor,181.3,95.12546065354874,86.17453934645127,86.17453934645127,7426.0512315730775
2413,strict_no_prior_iri,RandomForestRegressor,62.0,108.38899623958088,-46.38899623958088,46.38899623958088,2151.9389721158486
307,strict_no_prior_iri,RandomForestRegressor,126.0,103.16434289653598,22.835657103464015,22.835657103464015,521.4672353469865
847,strict_no_prior_iri,RandomForestRegressor,64.5,78.0499604949809,-13.549960494980894,13.549960494980894,183.60142941554287
864,strict_no_prior_iri,RandomForestRegressor,80.7,84.10085692581866,-3.4008569258186583,3.4008569258186583,11.565827829888734
4578,strict_no_prior_iri,RandomForestRegressor,56.8,69.22615364809036,-12.426153648090363,12.426153648090363,154.40929448594943
483,strict_no_prior_iri,RandomForestRegressor,65.1,84.32947278847969,-19.229472788479697,19.229472788479697,369.7726237228811
4217,strict_no_prior_iri,RandomForestRegressor,77.0,102.66331631992598,-25.663316319925983,25.663316319925983,658.6058045365793
5299,strict_no_prior_iri,RandomForestRegressor,35.2,59.439949977145304,-24.2399499771453,24.2399499771453,587.5751748945065
2454,strict_no_prior_iri,RandomForestRegressor,57.0,48.81720199060269,8.18279800939731,8.18279800939731,66.95818326259658
3238,strict_no_prior_iri,RandomForestRegressor,108.0,105.84679330795589,2.153206692044108,2.153206692044108,4.636299058663531
2621,strict_no_prior_iri,RandomForestRegressor,108.0,204.56298711067677,-96.56298711067677,96.56298711067677,9324.410479736729
5174,strict_no_prior_iri,RandomForestRegressor,142.7,145.99188475768116,-3.2918847576811743,3.2918847576811743,10.836505257853643
2736,strict_no_prior_iri,RandomForestRegressor,69.0,50.73861064248647,18.26138935751353,18.26138935751353,333.4783412667084
2367,strict_no_prior_iri,RandomForestRegressor,159.0,144.87085393254594,14.129146067454059,14.129146067454059,199.6327685954525
1785,strict_no_prior_iri,RandomForestRegressor,108.0,114.27438701520667,-6.2743870152066705,6.2743870152066705,39.36793241659407
1116,strict_no_prior_iri,RandomForestRegressor,65.0,85.62347124437086,-20.62347124437086,20.62347124437086,425.3275661673918
1952,strict_no_prior_iri,RandomForestRegressor,120.5,126.19613166138718,-5.696131661387184,5.696131661387184,32.445915903857525
2619,strict_no_prior_iri,RandomForestRegressor,121.0,106.63247587323367,14.367524126766327,14.367524126766327,206.4257495332125
4848,strict_no_prior_iri,RandomForestRegressor,88.0,145.38710954850046,-57.38710954850046,57.38710954850046,3293.2803423315927
1382,strict_no_prior_iri,RandomForestRegressor,39.9,117.67586081327069,-77.7758608132707,77.7758608132707,6049.084525245256
789,strict_no_prior_iri,RandomForestRegressor,46.0,56.75660854464111,-10.75660854464111,10.75660854464111,115.70462738264615
3987,strict_no_prior_iri,RandomForestRegressor,140.0,140.15691402028312,-0.15691402028312496,0.15691402028312496,0.02462200976141295
4981,strict_no_prior_iri,RandomForestRegressor,58.6,81.40513518642571,-22.80513518642571,22.80513518642571,520.0741908711519
5373,strict_no_prior_iri,RandomForestRegressor,46.5,70.40364371918575,-23.90364371918575,23.90364371918575,571.3841830537684
4945,strict_no_prior_iri,RandomForestRegressor,100.0,96.0703531311231,3.929646868876901,3.929646868876901,15.442124514074033
2947,strict_no_prior_iri,RandomForestRegressor,94.5,112.98247444273305,-18.48247444273305,18.48247444273305,341.60186152628035
4823,strict_no_prior_iri,RandomForestRegressor,97.0,114.7683231641351,-17.768323164135097,17.768323164135097,315.71330806513987
418,strict_no_prior_iri,RandomForestRegressor,104.0,102.78107138659263,1.2189286134073711,1.2189286134073711,1.4857869645832165
1807,strict_no_prior_iri,RandomForestRegressor,82.5,106.78367319743639,-24.283673197436386,24.283673197436386,589.6967839598904
3994,strict_no_prior_iri,RandomForestRegressor,61.8,107.96082834281412,-46.16082834281413,46.16082834281413,2130.822073294752
3587,strict_no_prior_iri,RandomForestRegressor,40.7,51.0163871302271,-10.316387130227099,10.316387130227099,106.42784342071532
5721,strict_no_prior_iri,RandomForestRegressor,95.0,100.0519646120424,-5.051964612042397,5.051964612042397,25.522346441328686
4379,strict_no_prior_iri,RandomForestRegressor,117.4,114.84408220736766,2.555917792632343,2.555917792632343,6.532715762694588
859,strict_no_prior_iri,RandomForestRegressor,53.0,82.44597213332405,-29.445972133324048,29.445972133324048,867.0652748764963
680,strict_no_prior_iri,RandomForestRegressor,75.9,68.73689919175511,7.1631008082448915,7.1631008082448915,51.31001318907862
2733,strict_no_prior_iri,RandomForestRegressor,44.5,50.73861064248647,-6.238610642486471,6.238610642486471,38.920262748545454
831,strict_no_prior_iri,RandomForestRegressor,51.1,71.63948737416663,-20.539487374166633,20.539487374166633,421.8705415935505
3823,strict_no_prior_iri,RandomForestRegressor,80.3,78.56586491330853,1.7341350866914667,1.7341350866914667,3.007224498894421
4825,strict_no_prior_iri,RandomForestRegressor,145.0,109.2608282783536,35.7391717216464,35.7391717216464,1277.2883953493297
4987,strict_no_prior_iri,RandomForestRegressor,80.6,89.94001742025648,-9.340017420256487,9.340017420256487,87.23592541069465
4817,strict_no_prior_iri,RandomForestRegressor,86.3,104.02964735172513,-17.729647351725134,17.729647351725134,314.3403952165341
3812,strict_no_prior_iri,RandomForestRegressor,64.0,87.69297801394958,-23.692978013949585,23.692978013949585,561.3572071694985
3890,strict_no_prior_iri,RandomForestRegressor,159.0,119.63316391801987,39.366836081980125,39.366836081980125,1549.7477831054923
4287,strict_no_prior_iri,RandomForestRegressor,136.5,105.08850457594214,31.41149542405786,31.41149542405786,986.682044775608
3926,strict_no_prior_iri,RandomForestRegressor,61.6,71.03774657008753,-9.437746570087533,9.437746570087533,89.071060321199
1255,strict_no_prior_iri,RandomForestRegressor,265.0,172.94135032664565,92.05864967335435,92.05864967335435,8474.794979681385
2532,strict_no_prior_iri,RandomForestRegressor,101.0,133.1960847083808,-32.196084708380795,32.196084708380795,1036.5878705492316
1618,strict_no_prior_iri,RandomForestRegressor,47.0,73.31506173719983,-26.315061737199827,26.315061737199827,692.4824742326383
4167,strict_no_prior_iri,RandomForestRegressor,88.5,155.78960377109436,-67.28960377109436,67.28960377109436,4527.890775670877
2513,strict_no_prior_iri,RandomForestRegressor,180.5,148.56788618445964,31.93211381554036,31.93211381554036,1019.6598927286236
4563,strict_no_prior_iri,RandomForestRegressor,49.2,61.36529983407266,-12.165299834072655,12.165299834072655,147.9945200528882
4244,strict_no_prior_iri,RandomForestRegressor,94.0,93.98989967793813,0.010100322061873612,0.010100322061873612,0.00010201650575357081
2612,strict_no_prior_iri,RandomForestRegressor,137.0,107.23213950741558,29.76786049258442,29.76786049258442,886.1255183059683
1899,strict_no_prior_iri,RandomForestRegressor,87.0,56.61937816881234,30.38062183118766,30.38062183118766,922.9821828496363
2913,strict_no_prior_iri,RandomForestRegressor,45.0,57.15544227116991,-12.15544227116991,12.15544227116991,147.75477680774432
2344,strict_no_prior_iri,RandomForestRegressor,75.8,57.39797413732581,18.402025862674186,18.402025862674186,338.63455585052964
1501,strict_no_prior_iri,RandomForestRegressor,128.8,135.49570620912576,-6.6957062091257455,6.6957062091257455,44.83248163892506
1044,strict_no_prior_iri,RandomForestRegressor,46.8,75.36392539117534,-28.563925391175346,28.563925391175346,815.8978337526316
4876,strict_no_prior_iri,RandomForestRegressor,91.7,69.6269792748654,22.073020725134597,22.073020725134597,487.21824393222147
1321,strict_no_prior_iri,RandomForestRegressor,114.0,109.10724943461445,4.892750565385555,4.892750565385555,23.939008095080666
2386,strict_no_prior_iri,RandomForestRegressor,38.0,57.60695994438278,-19.60695994438278,19.60695994438278,384.4328782606308
2762,strict_no_prior_iri,RandomForestRegressor,49.0,50.99514752359353,-1.9951475235935305,1.9951475235935305,3.9806136409013977
546,strict_no_prior_iri,RandomForestRegressor,44.8,50.13578350902178,-5.3357835090217804,5.3357835090217804,28.470585655148785
1607,strict_no_prior_iri,RandomForestRegressor,138.0,115.52400666497188,22.47599333502812,22.47599333502812,505.17027639622853
4158,strict_no_prior_iri,RandomForestRegressor,141.5,119.82458630023203,21.675413699767972,21.675413699767972,469.8235590560891
385,strict_no_prior_iri,RandomForestRegressor,84.8,83.7417679207098,1.0582320792901925,1.0582320792901925,1.1198551336388443
533,strict_no_prior_iri,RandomForestRegressor,47.0,93.17405372688052,-46.174053726880516,46.174053726880516,2132.0432375728483
4337,strict_no_prior_iri,RandomForestRegressor,51.0,85.53600621539442,-34.53600621539442,34.53600621539442,1192.7357253097623
1962,strict_no_prior_iri,RandomForestRegressor,33.8,47.33284678528569,-13.532846785285692,13.532846785285692,183.13794211401728
4607,strict_no_prior_iri,RandomForestRegressor,84.0,113.9012661045225,-29.901266104522506,29.901266104522506,894.0857146534665
1021,strict_no_prior_iri,RandomForestRegressor,68.2,81.63082934403556,-13.430829344035558,13.430829344035558,180.38717686860662
3522,strict_no_prior_iri,RandomForestRegressor,50.6,64.48020368335332,-13.880203683353322,13.880203683353322,192.66005429137513
2649,strict_no_prior_iri,RandomForestRegressor,35.0,39.68493170222232,-4.684931702222322,4.684931702222322,21.94858505448774
69,strict_no_prior_iri,RandomForestRegressor,50.6,51.22319576185825,-0.6231957618582484,0.6231957618582484,0.3883729575980827
995,strict_no_prior_iri,RandomForestRegressor,53.4,83.31741381112418,-29.917413811124185,29.917413811124185,895.0516491460442
3073,strict_no_prior_iri,RandomForestRegressor,59.0,63.79068512800173,-4.7906851280017335,4.7906851280017335,22.950663995656985
553,strict_no_prior_iri,RandomForestRegressor,56.8,51.99109694324784,4.808903056752158,4.808903056752158,23.125548609240244
4681,strict_no_prior_iri,RandomForestRegressor,101.0,92.35920901008414,8.640790989915857,8.640790989915857,74.66326893141105
1825,strict_no_prior_iri,RandomForestRegressor,74.7,75.63257445590285,-0.9325744559028522,0.9325744559028522,0.8696951158025007
2040,strict_no_prior_iri,RandomForestRegressor,40.0,43.12034395637981,-3.1203439563798128,3.1203439563798128,9.736546406116023
3005,strict_no_prior_iri,RandomForestRegressor,41.0,43.90194753294899,-2.901947532948988,2.901947532948988,8.421299483988717
3879,strict_no_prior_iri,RandomForestRegressor,98.0,103.63579731132263,-5.635797311322634,5.635797311322634,31.762211334311427
179,strict_no_prior_iri,RandomForestRegressor,55.6,64.22763753671973,-8.627637536719725,8.627637536719725,74.4361294650152
4521,strict_no_prior_iri,RandomForestRegressor,265.0,131.4672414091023,133.5327585908977,133.5327585908977,17830.99761689497
431,strict_no_prior_iri,RandomForestRegressor,82.0,91.3496403653822,-9.3496403653822,9.3496403653822,87.4157749619842
1644,strict_no_prior_iri,RandomForestRegressor,115.0,135.20664446148632,-20.20664446148632,20.20664446148632,408.3084803929158
1006,strict_no_prior_iri,RandomForestRegressor,40.0,51.392486891437855,-11.392486891437855,11.392486891437855,129.78875757158335
1963,strict_no_prior_iri,RandomForestRegressor,36.3,47.33284678528569,-11.032846785285692,11.032846785285692,121.72370818758883
375,strict_no_prior_iri,RandomForestRegressor,61.2,59.19171193221413,2.0082880677858697,2.0082880677858697,4.033220963211102
1082,strict_no_prior_iri,RandomForestRegressor,41.0,63.33832674128315,-22.338326741283147,22.338326741283147,499.00084160032577
5368,strict_no_prior_iri,RandomForestRegressor,39.4,47.93624503408486,-8.536245034084864,8.536245034084864,72.8674792819385
3295,strict_no_prior_iri,RandomForestRegressor,112.6,81.87033204902905,30.72966795097095,30.72966795097095,944.3124923769311
1351,strict_no_prior_iri,RandomForestRegressor,82.0,83.68306363101915,-1.6830636310191522,1.6830636310191522,2.832703186059373
5043,strict_no_prior_iri,RandomForestRegressor,68.6,63.70015965771215,4.899840342287845,4.899840342287845,24.008435379911468
1544,strict_no_prior_iri,RandomForestRegressor,55.0,94.77101929045875,-39.77101929045875,39.77101929045875,1581.7339754020422
3593,strict_no_prior_iri,RandomForestRegressor,38.0,64.91342242947646,-26.913422429476455,26.913422429476455,724.3323068674463
799,strict_no_prior_iri,RandomForestRegressor,120.0,95.82581161791117,24.17418838208883,24.17418838208883,584.3913839327186
4589,strict_no_prior_iri,RandomForestRegressor,116.0,99.09606480732438,16.90393519267562,16.90393519267562,285.7430249981773
724,strict_no_prior_iri,RandomForestRegressor,49.0,58.81363627204489,-9.813636272044889,9.813636272044889,96.3074568799951
1247,strict_no_prior_iri,RandomForestRegressor,64.4,77.0202614977657,-12.620261497765696,12.620261497765696,159.27100027198725
1459,strict_no_prior_iri,RandomForestRegressor,84.0,111.3714865248928,-27.371486524892802,27.371486524892802,749.1982745823882
1693,strict_no_prior_iri,RandomForestRegressor,159.0,113.16968129616986,45.830318703830144,45.830318703830144,2100.418112494643
4651,strict_no_prior_iri,RandomForestRegressor,83.0,123.13103672111042,-40.13103672111042,40.13103672111042,1610.5001083111129
97,strict_no_prior_iri,RandomForestRegressor,102.3,71.77854750984062,30.521452490159376,30.521452490159376,931.559062109056
1622,strict_no_prior_iri,RandomForestRegressor,73.0,100.56914874505561,-27.569148745055614,27.569148745055614,760.0579625270016
2640,strict_no_prior_iri,RandomForestRegressor,57.0,58.292060952515214,-1.2920609525152145,1.2920609525152145,1.6694215050145234
1557,strict_no_prior_iri,RandomForestRegressor,75.0,88.2932698407101,-13.293269840710096,13.293269840710096,176.7110230579326
29,strict_no_prior_iri,RandomForestRegressor,111.0,130.056216844427,-19.056216844427013,19.056216844427013,363.13940042182384
3481,strict_no_prior_iri,RandomForestRegressor,98.0,124.00706458803384,-26.007064588033842,26.007064588033842,676.3674084861639
5077,strict_no_prior_iri,RandomForestRegressor,71.7,59.77380773738434,11.926192262615665,11.926192262615665,142.23406188487374
2355,strict_no_prior_iri,RandomForestRegressor,217.0,114.21062645329732,102.78937354670268,102.78937354670268,10565.65531412358
3584,strict_no_prior_iri,RandomForestRegressor,47.6,74.66497848442964,-27.064978484429638,27.064978484429638,732.5130603626392
4752,strict_no_prior_iri,RandomForestRegressor,50.0,56.7359174394965,-6.735917439496497,6.735917439496497,45.37258375171304
3733,strict_no_prior_iri,RandomForestRegressor,37.0,64.57025969297729,-27.570259692977288,27.570259692977288,760.1192195382081
1925,strict_no_prior_iri,RandomForestRegressor,157.5,135.726865544332,21.773134455668014,21.773134455668014,474.0693840245977
3509,strict_no_prior_iri,RandomForestRegressor,127.0,116.5829996433634,10.417000356636606,10.417000356636606,108.51389643016718
5075,strict_no_prior_iri,RandomForestRegressor,41.7,58.8288029174345,-17.1288029174345,17.1288029174345,293.39588938431257
937,strict_no_prior_iri,RandomForestRegressor,49.0,73.39115241483934,-24.39115241483934,24.39115241483934,594.928316123923
3485,strict_no_prior_iri,RandomForestRegressor,106.2,159.8992208544061,-53.69922085440611,53.69922085440611,2883.606320370284
806,strict_no_prior_iri,RandomForestRegressor,56.1,130.1965518653038,-74.09655186530381,74.09655186530381,5490.2989983276575
1406,strict_no_prior_iri,RandomForestRegressor,120.0,126.07871825458578,-6.07871825458578,6.07871825458578,36.950815618634394
985,strict_no_prior_iri,RandomForestRegressor,102.2,101.06961544750102,1.130384552498981,1.130384552498981,1.2777692365283218
3428,strict_no_prior_iri,RandomForestRegressor,236.0,149.4358423305098,86.56415766949021,86.56415766949021,7493.353393028361
1256,strict_no_prior_iri,RandomForestRegressor,132.0,130.5243342862132,1.4756657137868103,1.4756657137868103,2.177589298845936
5748,strict_no_prior_iri,RandomForestRegressor,49.0,73.78328357932097,-24.783283579320965,24.783283579320965,614.2111449730402
1988,strict_no_prior_iri,RandomForestRegressor,38.0,44.455149048071604,-6.455149048071604,6.455149048071604,41.668949232819735
3142,strict_no_prior_iri,RandomForestRegressor,87.0,86.63821947629972,0.3617805237002756,0.3617805237002756,0.13088514732884565
728,strict_no_prior_iri,RandomForestRegressor,68.5,57.41758410325464,11.08241589674536,11.08241589674536,122.81994210843426
3968,strict_no_prior_iri,RandomForestRegressor,115.5,125.34321474450253,-9.843214744502532,9.843214744502532,96.88887650639205
210,strict_no_prior_iri,RandomForestRegressor,60.0,66.64107975804089,-6.641079758040888,6.641079758040888,44.10394035266042
1078,strict_no_prior_iri,RandomForestRegressor,106.0,98.70649377307538,7.29350622692462,7.29350622692462,53.19523308218821
2160,strict_no_prior_iri,RandomForestRegressor,38.7,42.46960321717422,-3.7696032171742146,3.7696032171742146,14.209908414930188
4420,strict_no_prior_iri,RandomForestRegressor,101.5,79.20145623146476,22.29854376853524,22.29854376853524,497.22505419728174
3099,strict_no_prior_iri,RandomForestRegressor,137.0,151.66710240226092,-14.667102402260923,14.667102402260923,215.12389287840813
2966,strict_no_prior_iri,RandomForestRegressor,69.5,58.99795080100531,10.50204919899469,10.50204919899469,110.29303737810503
3771,strict_no_prior_iri,RandomForestRegressor,149.5,90.60653972874377,58.89346027125623,58.89346027125623,3468.4396627220362
3266,strict_no_prior_iri,RandomForestRegressor,210.0,208.0958094767311,1.904190523268909,1.904190523268909,3.625941548907121
1727,strict_no_prior_iri,RandomForestRegressor,75.0,100.51288020595321,-25.51288020595321,25.51288020595321,650.9070564033191
2997,strict_no_prior_iri,RandomForestRegressor,32.0,41.621647408560875,-9.621647408560875,9.621647408560875,92.5760988546662
2353,strict_no_prior_iri,RandomForestRegressor,78.5,75.33587294009543,3.1641270599045725,3.1641270599045725,10.011700051220354
3641,strict_no_prior_iri,RandomForestRegressor,66.5,116.88440752412424,-50.38440752412424,50.38440752412424,2538.5885215570274
5026,strict_no_prior_iri,RandomForestRegressor,109.0,90.61392430530287,18.386075694697126,18.386075694697126,338.04777945113244
4013,strict_no_prior_iri,RandomForestRegressor,81.4,122.65365854214757,-41.25365854214756,41.25365854214756,1701.8643431121045
377,strict_no_prior_iri,RandomForestRegressor,40.5,55.08354604678288,-14.583546046782878,14.583546046782878,212.67981529863653
2251,strict_no_prior_iri,RandomForestRegressor,52.0,52.383508656473644,-0.3835086564736443,0.3835086564736443,0.1470788895902197
2965,strict_no_prior_iri,RandomForestRegressor,128.0,75.39039483782986,52.60960516217014,52.60960516217014,2767.770555319439
962,strict_no_prior_iri,RandomForestRegressor,42.1,60.42546755887942,-18.325467558879417,18.325467558879417,335.8227612515419
1251,strict_no_prior_iri,RandomForestRegressor,61.4,87.13744701167927,-25.737447011679272,25.737447011679272,662.4161786789983
5346,strict_no_prior_iri,RandomForestRegressor,66.8,95.60782068306784,-28.807820683067845,28.807820683067845,829.8905325077916
4509,strict_no_prior_iri,RandomForestRegressor,122.5,173.0049108671674,-50.50491086716741,50.50491086716741,2550.7460217005246
4566,strict_no_prior_iri,RandomForestRegressor,95.0,55.49660360269701,39.50339639730299,39.50339639730299,1560.518326922451
1730,strict_no_prior_iri,RandomForestRegressor,164.0,106.7182870301755,57.2817129698245,57.2817129698245,3281.19464075736
2452,strict_no_prior_iri,RandomForestRegressor,40.0,43.68918573312609,-3.689185733126088,3.689185733126088,13.61009137350107
1565,strict_no_prior_iri,RandomForestRegressor,46.0,71.7014465790358,-25.701446579035803,25.701446579035803,660.5643562550312
3048,strict_no_prior_iri,RandomForestRegressor,99.0,63.386130744445,35.613869255555,35.613869255555,1268.347683351766
183,strict_no_prior_iri,RandomForestRegressor,64.3,68.88182151467407,-4.5818215146740755,4.5818215146740755,20.99308839233024
5261,strict_no_prior_iri,RandomForestRegressor,35.2,59.79205523281387,-24.59205523281387,24.59205523281387,604.769180573768
5203,strict_no_prior_iri,RandomForestRegressor,113.0,162.89499785054457,-49.89499785054457,49.89499785054457,2489.510810505847
3632,strict_no_prior_iri,RandomForestRegressor,238.0,147.1773917630296,90.82260823697041,90.82260823697041,8248.746166966206
1653,strict_no_prior_iri,RandomForestRegressor,46.5,67.1391044699732,-20.639104469973205,20.639104469973205,425.9726333224679
208,strict_no_prior_iri,RandomForestRegressor,68.0,85.11634783639029,-17.11634783639029,17.11634783639029,292.96936325630253
23,strict_no_prior_iri,RandomForestRegressor,90.5,112.21686296292313,-21.71686296292313,21.71686296292313,471.6221369503824
1521,strict_no_prior_iri,RandomForestRegressor,105.6,76.63746043084873,28.96253956915126,28.96253956915126,838.8286982946526
4125,strict_no_prior_iri,RandomForestRegressor,114.7,128.36650727284837,-13.666507272848364,13.666507272848364,186.77342103881722
3096,strict_no_prior_iri,RandomForestRegressor,102.0,77.69435513280851,24.30564486719149,24.30564486719149,590.764372410032
3608,strict_no_prior_iri,RandomForestRegressor,129.7,187.77216787150698,-58.07216787150699,58.07216787150699,3372.3766812964886
2761,strict_no_prior_iri,RandomForestRegressor,44.0,50.387581078048015,-6.387581078048015,6.387581078048015,40.80119202863704
941,strict_no_prior_iri,RandomForestRegressor,68.0,79.53179717483079,-11.531797174830785,11.531797174830785,132.98234608143528
3952,strict_no_prior_iri,RandomForestRegressor,132.0,121.71434059478251,10.285659405217487,10.285659405217487,105.79478940013895
4149,strict_no_prior_iri,RandomForestRegressor,66.0,66.10100692798686,-0.10100692798685884,0.10100692798685884,0.010202399501342488
1621,strict_no_prior_iri,RandomForestRegressor,128.0,112.02709741511758,15.97290258488242,15.97290258488242,255.13361698614347
5781,strict_no_prior_iri,RandomForestRegressor,94.5,83.97421257542456,10.52578742457544,10.52578742457544,110.79220090735049
3613,strict_no_prior_iri,RandomForestRegressor,120.0,181.45389519117307,-61.453895191173075,61.453895191173075,3776.581234167685
1610,strict_no_prior_iri,RandomForestRegressor,77.0,117.50016532863079,-40.500165328630786,40.500165328630786,1640.2633916464272
3377,strict_no_prior_iri,RandomForestRegressor,42.1,55.30354047240884,-13.20354047240884,13.20354047240884,174.33348100653825
1675,strict_no_prior_iri,RandomForestRegressor,100.0,69.05886480334004,30.941135196659957,30.941135196659957,957.3538472579896
3215,strict_no_prior_iri,RandomForestRegressor,36.6,68.97346382706488,-32.373463827064874,32.373463827064874,1048.041160162278
2507,strict_no_prior_iri,RandomForestRegressor,62.0,102.13536423458879,-40.13536423458879,40.13536423458879,1610.8474622431092
5502,strict_no_prior_iri,RandomForestRegressor,178.0,129.89882722786436,48.10117277213564,48.10117277213564,2313.722822054843
58,strict_no_prior_iri,RandomForestRegressor,48.0,57.93870822463939,-9.938708224639392,9.938708224639392,98.77792117451469
5108,strict_no_prior_iri,RandomForestRegressor,74.2,129.56153039268116,-55.36153039268116,55.36153039268116,3064.89904741976
1790,strict_no_prior_iri,RandomForestRegressor,47.0,50.9956852349301,-3.9956852349301,3.9956852349301,15.965500496638409
2989,strict_no_prior_iri,RandomForestRegressor,98.7,112.24714674365732,-13.547146743657322,13.547146743657322,183.52518489418517
1886,strict_no_prior_iri,RandomForestRegressor,193.0,141.39541891244636,51.60458108755364,51.60458108755364,2663.032789221899
676,strict_no_prior_iri,RandomForestRegressor,58.7,49.88402575851914,8.815974241480866,8.815974241480866,77.72140182645413
4441,strict_no_prior_iri,RandomForestRegressor,121.0,152.63625748149246,-31.636257481492464,31.636257481492464,1000.852787435288
3453,strict_no_prior_iri,RandomForestRegressor,154.8,126.51111241435848,28.288887585641532,28.288887585641532,800.2611608330636
4494,strict_no_prior_iri,RandomForestRegressor,79.0,146.6022796826223,-67.60227968262231,67.60227968262231,4570.068218287489
3773,strict_no_prior_iri,RandomForestRegressor,125.0,110.37099218113333,14.629007818866668,14.629007818866668,214.00786976446213
4622,strict_no_prior_iri,RandomForestRegressor,109.0,87.06800603122682,21.931993968773185,21.931993968773185,481.0123594463033
4475,strict_no_prior_iri,RandomForestRegressor,58.1,67.36694437572203,-9.266944375722026,9.266944375722026,85.8762580627261
301,strict_no_prior_iri,RandomForestRegressor,135.0,90.42214248842706,44.577857511572944,44.577857511572944,1987.1853803221004
246,strict_no_prior_iri,RandomForestRegressor,114.0,82.27488532168321,31.725114678316785,31.725114678316785,1006.4829013523512
3725,strict_no_prior_iri,RandomForestRegressor,200.5,145.37508725203716,55.12491274796284,55.12491274796284,3038.756005470516
5404,strict_no_prior_iri,RandomForestRegressor,52.5,56.015133188437524,-3.515133188437524,3.515133188437524,12.356161332454953
2589,strict_no_prior_iri,RandomForestRegressor,54.7,51.033419974876225,3.6665800251237783,3.6665800251237783,13.443809080636687
1537,strict_no_prior_iri,RandomForestRegressor,78.0,192.9454658191592,-114.94546581915921,114.94546581915921,13212.460112383498
5385,strict_no_prior_iri,RandomForestRegressor,52.5,54.41332484697621,-1.9133248469762094,1.9133248469762094,3.6608119700565354
517,strict_no_prior_iri,RandomForestRegressor,262.0,96.09619227306243,165.90380772693757,165.90380772693757,27524.07341829667
2059,strict_no_prior_iri,RandomForestRegressor,38.0,40.03966824289812,-2.0396682428981165,2.0396682428981165,4.160246541087091
3158,strict_no_prior_iri,RandomForestRegressor,43.8,62.51925899741168,-18.719258997411686,18.719258997411686,350.41065741217835
5522,strict_no_prior_iri,RandomForestRegressor,45.0,52.76951722024435,-7.769517220244353,7.769517220244353,60.36539783567354
2119,strict_no_prior_iri,RandomForestRegressor,57.0,41.550007412266304,15.449992587733696,15.449992587733696,238.70227096102616
5574,strict_no_prior_iri,RandomForestRegressor,125.0,100.64341053672224,24.356589463277757,24.356589463277757,593.243450282653
3132,strict_no_prior_iri,RandomForestRegressor,131.0,68.95485910207245,62.04514089792755,62.04514089792755,3849.5995090436822
4066,strict_no_prior_iri,RandomForestRegressor,80.3,72.71216125967105,7.587838740328948,7.587838740328948,57.5752967492368
1101,strict_no_prior_iri,RandomForestRegressor,110.0,113.58052303557196,-3.5805230355719573,3.5805230355719573,12.820145208261424
1704,strict_no_prior_iri,RandomForestRegressor,39.1,62.03357803961879,-22.933578039618787,22.933578039618787,525.9490016992851
1749,strict_no_prior_iri,RandomForestRegressor,47.0,48.926420069534196,-1.9264200695341955,1.9264200695341955,3.7110942843041346
2700,strict_no_prior_iri,RandomForestRegressor,30.3,38.87947518206377,-8.57947518206377,8.57947518206377,73.60739439964817
2018,strict_no_prior_iri,RandomForestRegressor,45.0,42.46157804189343,2.538421958106568,2.538421958106568,6.443586037397583
3196,strict_no_prior_iri,RandomForestRegressor,168.0,112.82614771845203,55.173852281547966,55.173852281547966,3044.153975586076
1039,strict_no_prior_iri,RandomForestRegressor,69.0,68.84917580547283,0.15082419452717488,0.15082419452717488,0.02274793765477109
3737,strict_no_prior_iri,RandomForestRegressor,65.1,150.89714677092243,-85.79714677092244,85.79714677092244,7361.150394031207
1624,strict_no_prior_iri,RandomForestRegressor,83.5,106.42491802940452,-22.924918029404523,22.924918029404523,525.5518666549166
5614,strict_no_prior_iri,RandomForestRegressor,102.0,106.69878141483319,-4.698781414833192,4.698781414833192,22.078546784381814
1789,strict_no_prior_iri,RandomForestRegressor,30.0,55.211842521157294,-25.211842521157294,25.211842521157294,635.637003311635
4809,strict_no_prior_iri,RandomForestRegressor,94.0,103.12055389542107,-9.120553895421068,9.120553895421068,83.18450335928041
5028,strict_no_prior_iri,RandomForestRegressor,90.8,83.29313346183612,7.506866538163877,7.506866538163877,56.35304522180451
5758,strict_no_prior_iri,RandomForestRegressor,42.0,59.736791859866095,-17.736791859866095,17.736791859866095,314.59378548021215
5120,strict_no_prior_iri,RandomForestRegressor,133.0,102.73496370958155,30.26503629041845,30.26503629041845,915.9724216603458
1011,strict_no_prior_iri,RandomForestRegressor,111.0,115.77470515880343,-4.774705158803428,4.774705158803428,22.79780935350407
277,strict_no_prior_iri,RandomForestRegressor,58.0,118.8178973550617,-60.8178973550617,60.8178973550617,3698.8166386908215
5744,strict_no_prior_iri,RandomForestRegressor,46.0,73.79374694642028,-27.793746946420285,27.793746946420285,772.492369321647
3835,strict_no_prior_iri,RandomForestRegressor,43.3,58.17031123655543,-14.87031123655543,14.87031123655543,221.1261562720267
2574,strict_no_prior_iri,RandomForestRegressor,125.3,81.41021590497438,43.88978409502562,43.88978409502562,1926.3131479079636
1069,strict_no_prior_iri,RandomForestRegressor,71.0,61.23661999683042,9.76338000316958,9.76338000316958,95.32358908629162
1128,strict_no_prior_iri,RandomForestRegressor,115.0,177.68840426297356,-62.68840426297356,62.68840426297356,3929.836029038002
5302,strict_no_prior_iri,RandomForestRegressor,57.0,112.76783156738703,-55.767831567387034,55.767831567387034,3110.05103772845
4644,strict_no_prior_iri,RandomForestRegressor,92.2,95.53544079903767,-3.33544079903767,3.33544079903767,11.125165323885051
3761,strict_no_prior_iri,RandomForestRegressor,55.0,68.94095401314489,-13.94095401314489,13.94095401314489,194.3501987966206
4400,strict_no_prior_iri,RandomForestRegressor,138.0,152.07244743252454,-14.072447432524541,14.072447432524541,198.03377674116655
5391,strict_no_prior_iri,RandomForestRegressor,43.5,56.78069053456187,-13.28069053456187,13.28069053456187,176.37674107480126
3538,strict_no_prior_iri,RandomForestRegressor,86.0,79.35708565842755,6.64291434157245,6.64291434157245,44.12831094946893
434,strict_no_prior_iri,RandomForestRegressor,165.7,84.8293814442396,80.87061855576039,80.87061855576039,6540.056945591296
2003,strict_no_prior_iri,RandomForestRegressor,42.3,46.952439631751574,-4.652439631751577,4.652439631751577,21.645194527092745
4336,strict_no_prior_iri,RandomForestRegressor,82.5,57.11386806825108,25.38613193174892,25.38613193174892,644.4556944561622
2156,strict_no_prior_iri,RandomForestRegressor,34.0,44.982020880834924,-10.982020880834924,10.982020880834924,120.60478262709427
4116,strict_no_prior_iri,RandomForestRegressor,123.0,118.13316715930196,4.866832840698038,4.866832840698038,23.686061899296934
1152,strict_no_prior_iri,RandomForestRegressor,109.3,84.24796171777182,25.05203828222818,25.05203828222818,627.6046220942263
2661,strict_no_prior_iri,RandomForestRegressor,33.5,37.69265180991686,-4.19265180991686,4.19265180991686,17.578329199199125
5079,strict_no_prior_iri,RandomForestRegressor,85.1,102.0372502264437,-16.93725022644371,16.93725022644371,286.87044523316746
3555,strict_no_prior_iri,RandomForestRegressor,72.0,61.98896550752005,10.01103449247995,10.01103449247995,100.2208116096233
5780,strict_no_prior_iri,RandomForestRegressor,36.0,77.97688545389984,-41.97688545389984,41.97688545389984,1762.058912409828
2261,strict_no_prior_iri,RandomForestRegressor,84.0,56.205216856394806,27.794783143605194,27.794783143605194,772.5499700000395
1953,strict_no_prior_iri,RandomForestRegressor,120.5,126.19613166138718,-5.696131661387184,5.696131661387184,32.445915903857525
4846,strict_no_prior_iri,RandomForestRegressor,236.0,135.98871786873787,100.01128213126213,100.01128213126213,10002.256553538913
4122,strict_no_prior_iri,RandomForestRegressor,184.3,130.3070183083918,53.99298169160821,53.99298169160821,2915.242071950339
328,strict_no_prior_iri,RandomForestRegressor,88.1,60.56809767014179,27.531902329858205,27.531902329858205,758.0056459008516
3716,strict_no_prior_iri,RandomForestRegressor,155.5,126.5517108057706,28.948289194229403,28.948289194229403,838.0034472727389
2915,strict_no_prior_iri,RandomForestRegressor,40.5,59.63065954545839,-19.130659545458393,19.130659545458393,365.98213464423833
1594,strict_no_prior_iri,RandomForestRegressor,42.0,64.83315834791127,-22.833158347911265,22.833158347911265,521.3531201407899
3903,strict_no_prior_iri,RandomForestRegressor,101.0,110.17170975653382,-9.171709756533815,9.171709756533815,84.12025985809757
3839,strict_no_prior_iri,RandomForestRegressor,56.8,100.58433779870789,-43.784337798707895,43.784337798707895,1917.068236471361
1717,strict_no_prior_iri,RandomForestRegressor,57.0,112.64724650179465,-55.647246501794655,55.647246501794655,3096.6160432314973
1049,strict_no_prior_iri,RandomForestRegressor,53.2,87.33952552099485,-34.13952552099485,34.13952552099485,1165.5072027986587
2133,strict_no_prior_iri,RandomForestRegressor,57.0,69.94618032415976,-12.946180324159755,12.946180324159755,167.60358498566117
4272,strict_no_prior_iri,RandomForestRegressor,154.2,93.05009327369325,61.14990672630674,61.14990672630674,3739.311092636014
3396,strict_no_prior_iri,RandomForestRegressor,63.0,62.61317430251518,0.38682569748481654,0.38682569748481654,0.1496341202346148
917,strict_no_prior_iri,RandomForestRegressor,78.3,92.19410712749115,-13.894107127491154,13.894107127491154,193.04621287020046
3868,strict_no_prior_iri,RandomForestRegressor,126.0,112.37210211590471,13.62789788409529,13.62789788409529,185.71960073932888
593,strict_no_prior_iri,RandomForestRegressor,48.0,90.87830782800128,-42.87830782800128,42.87830782800128,1838.549282192836
2129,strict_no_prior_iri,RandomForestRegressor,40.0,50.77573147558185,-10.77573147558185,10.77573147558185,116.11638883384539
4436,strict_no_prior_iri,RandomForestRegressor,136.0,165.45893297801524,-29.45893297801524,29.45893297801524,867.8287322031939
3307,strict_no_prior_iri,RandomForestRegressor,65.5,93.98808663165308,-28.488086631653076,28.488086631653076,811.5710799325707
2021,strict_no_prior_iri,RandomForestRegressor,38.5,42.317907468791844,-3.8179074687918444,3.8179074687918444,14.576417440256549
1657,strict_no_prior_iri,RandomForestRegressor,46.2,95.12097932069688,-48.92097932069687,48.92097932069687,2393.2622176960513
3732,strict_no_prior_iri,RandomForestRegressor,60.1,81.02857156802162,-20.928571568021617,20.928571568021617,438.0051078778028
1888,strict_no_prior_iri,RandomForestRegressor,215.0,113.48540481855721,101.51459518144279,101.51459518144279,10305.213034852208
2939,strict_no_prior_iri,RandomForestRegressor,53.0,70.1552322283951,-17.155232228395107,17.155232228395107,294.30199281016615
4321,strict_no_prior_iri,RandomForestRegressor,181.0,122.29723865869234,58.702761341307664,58.702761341307664,3446.0141890945256
5097,strict_no_prior_iri,RandomForestRegressor,75.0,85.58115669954337,-10.58115669954337,10.58115669954337,111.96087710029155
942,strict_no_prior_iri,RandomForestRegressor,65.2,85.73252381698825,-20.532523816988245,20.532523816988245,421.58453429518954
5222,strict_no_prior_iri,RandomForestRegressor,65.0,137.11605238339945,-72.11605238339945,72.11605238339945,5200.7250113652135
3659,strict_no_prior_iri,RandomForestRegressor,45.2,65.20792046031636,-20.007920460316356,20.007920460316356,400.31688114634585
5603,strict_no_prior_iri,RandomForestRegressor,85.1,78.5607820495126,6.539217950487398,6.539217950487398,42.761371403976604
2144,strict_no_prior_iri,RandomForestRegressor,50.0,47.92120825355333,2.0787917464466688,2.0787917464466688,4.321375125094791
5728,strict_no_prior_iri,RandomForestRegressor,51.6,99.68001818109983,-48.080018181099824,48.080018181099824,2311.6881482948897
1507,strict_no_prior_iri,RandomForestRegressor,47.0,85.5254808366022,-38.5254808366022,38.5254808366022,1484.2126736914033
1852,strict_no_prior_iri,RandomForestRegressor,86.0,57.84625899059822,28.153741009401777,28.153741009401777,792.6331328244714
835,strict_no_prior_iri,RandomForestRegressor,123.0,136.87135672920797,-13.871356729207974,13.871356729207974,192.41453750894337
227,strict_no_prior_iri,RandomForestRegressor,65.3,64.61069913485001,0.6893008651499883,0.6893008651499883,0.4751356826965224
2573,strict_no_prior_iri,RandomForestRegressor,129.5,99.13586892157076,30.36413107842924,30.36413107842924,921.9804561480323
5030,strict_no_prior_iri,RandomForestRegressor,58.2,90.71365298957525,-32.51365298957525,32.51365298957525,1057.1376307265155
4283,strict_no_prior_iri,RandomForestRegressor,59.7,86.61561051330415,-26.915610513304145,26.915610513304145,724.4500893038886
1238,strict_no_prior_iri,RandomForestRegressor,176.0,104.06232643133673,71.93767356866327,71.93767356866327,5175.028878471554
3663,strict_no_prior_iri,RandomForestRegressor,132.5,175.19010764833945,-42.69010764833945,42.69010764833945,1822.4452910268103
2130,strict_no_prior_iri,RandomForestRegressor,48.0,50.77573147558185,-2.77573147558185,2.77573147558185,7.704685224535793
4354,strict_no_prior_iri,RandomForestRegressor,56.0,54.402650008854465,1.5973499911455349,1.5973499911455349,2.55152699421264
4023,strict_no_prior_iri,RandomForestRegressor,74.4,53.248152020489336,21.15184797951067,21.15184797951067,447.4006729483296
1135,strict_no_prior_iri,RandomForestRegressor,146.0,186.9562392443043,-40.9562392443043,40.9562392443043,1677.4135330366917
292,strict_no_prior_iri,RandomForestRegressor,107.0,82.53965635953325,24.460343640466746,24.460343640466746,598.308411009722
3777,strict_no_prior_iri,RandomForestRegressor,99.0,127.3159521601249,-28.315952160124894,28.315952160124894,801.7931467344816
1057,strict_no_prior_iri,RandomForestRegressor,51.5,113.92641187857453,-62.42641187857453,62.42641187857453,3897.056900033431
1187,strict_no_prior_iri,RandomForestRegressor,60.7,100.99565171956759,-40.29565171956759,40.29565171956759,1623.7395475046903
1422,strict_no_prior_iri,RandomForestRegressor,102.4,116.158733747993,-13.758733747992991,13.758733747992991,189.30275434816127
3990,strict_no_prior_iri,RandomForestRegressor,85.0,126.02423527485246,-41.02423527485246,41.02423527485246,1682.9878798864488
4103,strict_no_prior_iri,RandomForestRegressor,176.0,156.38481597253144,19.61518402746856,19.61518402746856,384.75544443145765
1272,strict_no_prior_iri,RandomForestRegressor,54.0,73.16826978485375,-19.16826978485375,19.16826978485375,367.4225665449372
3037,strict_no_prior_iri,RandomForestRegressor,111.0,112.00677250448733,-1.00677250448733,1.00677250448733,1.0135908757916907
4093,strict_no_prior_iri,RandomForestRegressor,97.0,99.80451142771128,-2.804511427711276,2.804511427711276,7.865284348163139
3267,strict_no_prior_iri,RandomForestRegressor,128.5,137.9955692898055,-9.495569289805502,9.495569289805502,90.16583613749737
2925,strict_no_prior_iri,RandomForestRegressor,65.5,78.98016024982482,-13.48016024982482,13.48016024982482,181.71472036095716
1310,strict_no_prior_iri,RandomForestRegressor,48.0,52.14923096508456,-4.149230965084563,4.149230965084563,17.21611760161657
1636,strict_no_prior_iri,RandomForestRegressor,77.0,108.6854688721237,-31.685468872123707,31.685468872123707,1003.9689376463203
742,strict_no_prior_iri,RandomForestRegressor,91.0,114.35189760001802,-23.35189760001802,23.35189760001802,545.3111215217274
498,strict_no_prior_iri,RandomForestRegressor,96.0,51.37244998975865,44.62755001024135,44.62755001024135,1991.6182199165928
3962,strict_no_prior_iri,RandomForestRegressor,145.5,123.56998497826004,21.930015021739962,21.930015021739962,480.92555885374037
4686,strict_no_prior_iri,RandomForestRegressor,76.0,120.15569715059965,-44.15569715059965,44.15569715059965,1949.7255908554741
1822,strict_no_prior_iri,RandomForestRegressor,46.0,50.461274603411546,-4.461274603411546,4.461274603411546,19.902971087044847
5360,strict_no_prior_iri,RandomForestRegressor,175.0,98.56349469777604,76.43650530222396,76.43650530222396,5842.539342816912
2201,strict_no_prior_iri,RandomForestRegressor,56.0,45.455616048905,10.544383951095,10.544383951095,111.1840329081098
506,strict_no_prior_iri,RandomForestRegressor,44.0,53.44217903275532,-9.44217903275532,9.44217903275532,89.15474488660418
3875,strict_no_prior_iri,RandomForestRegressor,182.7,65.15111469395816,117.54888530604183,117.54888530604183,13817.740436692975
18,strict_no_prior_iri,RandomForestRegressor,65.5,87.73922012764952,-22.239220127649517,22.239220127649517,494.5829118860514
2711,strict_no_prior_iri,RandomForestRegressor,46.0,45.05862666974385,0.9413733302561482,0.9413733302561482,0.8861837469175511
5733,strict_no_prior_iri,RandomForestRegressor,78.8,110.69309473103034,-31.893094731030345,31.893094731030345,1017.1694915224756
163,strict_no_prior_iri,RandomForestRegressor,71.0,61.344830993530735,9.655169006469265,9.655169006469265,93.2222885434847
1929,strict_no_prior_iri,RandomForestRegressor,154.0,66.18132727021933,87.81867272978067,87.81867272978067,7712.1192800203235
321,strict_no_prior_iri,RandomForestRegressor,72.7,76.26001950635231,-3.5600195063523046,3.5600195063523046,12.673738885608905
3694,strict_no_prior_iri,RandomForestRegressor,58.0,54.15565507723461,3.844344922765387,3.844344922765387,14.778987885192011
3955,strict_no_prior_iri,RandomForestRegressor,82.7,115.41286645795135,-32.71286645795135,32.71286645795135,1070.1316318957586
5184,strict_no_prior_iri,RandomForestRegressor,44.5,142.89139633627022,-98.39139633627022,98.39139633627022,9680.866873001009
4358,strict_no_prior_iri,RandomForestRegressor,41.7,57.59928159450699,-15.899281594506988,15.899281594506988,252.78715522142866
5529,strict_no_prior_iri,RandomForestRegressor,62.0,133.87570446524202,-71.87570446524202,71.87570446524202,5166.116892374812
865,strict_no_prior_iri,RandomForestRegressor,55.2,89.95284416740549,-34.752844167405485,34.752844167405485,1207.7601777239695
5062,strict_no_prior_iri,RandomForestRegressor,60.7,55.58248427023403,5.1175157297659695,5.1175157297659695,26.18896724440212
2175,strict_no_prior_iri,RandomForestRegressor,52.0,59.2044227153403,-7.2044227153403,7.2044227153403,51.903706661311304
359,strict_no_prior_iri,RandomForestRegressor,59.0,79.16381210753954,-20.163812107539542,20.163812107539542,406.5793187081582
5775,strict_no_prior_iri,RandomForestRegressor,146.0,115.73452639665338,30.26547360334662,30.26547360334662,915.9988924348711
2260,strict_no_prior_iri,RandomForestRegressor,183.0,110.87599386881395,72.12400613118605,72.12400613118605,5201.872260411363
2495,strict_no_prior_iri,RandomForestRegressor,39.3,42.61956112100921,-3.3195611210092153,3.3195611210092153,11.019486036115959
3309,strict_no_prior_iri,RandomForestRegressor,142.8,129.79484591943665,13.005154080563358,13.005154080563358,169.13403265919376
1220,strict_no_prior_iri,RandomForestRegressor,72.5,68.69116514444612,3.808834855553883,3.808834855553883,14.507222956882169
5500,strict_no_prior_iri,RandomForestRegressor,40.0,74.82686101319904,-34.826861013199036,34.826861013199036,1212.910248032683
1961,strict_no_prior_iri,RandomForestRegressor,34.0,47.33284678528569,-13.332846785285689,13.332846785285689,177.76480339990292
490,strict_no_prior_iri,RandomForestRegressor,68.0,57.60911845935039,10.390881540649609,10.390881540649609,107.9704191918128
4302,strict_no_prior_iri,RandomForestRegressor,120.0,99.58436915762086,20.415630842379144,20.415630842379144,416.7979826923026
133,strict_no_prior_iri,RandomForestRegressor,61.0,74.79887993717571,-13.798879937175712,13.798879937175712,190.4090875205904
1575,strict_no_prior_iri,RandomForestRegressor,96.5,82.43194611091539,14.06805388908461,14.06805388908461,197.91014022618862
4950,strict_no_prior_iri,RandomForestRegressor,63.0,75.48577945384352,-12.48577945384352,12.48577945384352,155.894688570021
2491,strict_no_prior_iri,RandomForestRegressor,53.0,49.52852420148938,3.4714757985106175,3.4714757985106175,12.051144219644929
3119,strict_no_prior_iri,RandomForestRegressor,42.2,60.05866808569675,-17.85866808569675,17.85866808569675,318.9320257950836
96,strict_no_prior_iri,RandomForestRegressor,41.7,52.32573145702044,-10.625731457020436,10.625731457020436,112.90616899671363
1887,strict_no_prior_iri,RandomForestRegressor,206.0,183.48272831064187,22.517271689358125,22.517271689358125,507.0275243323689
1193,strict_no_prior_iri,RandomForestRegressor,226.3,118.53879940863959,107.76120059136042,107.76120059136042,11612.476352891417
5345,strict_no_prior_iri,RandomForestRegressor,79.8,81.75802536444641,-1.9580253644464136,1.9580253644464136,3.8338633278155108
2234,strict_no_prior_iri,RandomForestRegressor,57.5,57.93076042845676,-0.43076042845675744,0.43076042845675744,0.18555454672424923
3173,strict_no_prior_iri,RandomForestRegressor,169.5,191.95419178183795,-22.45419178183795,22.45419178183795,504.19072857555886
369,strict_no_prior_iri,RandomForestRegressor,115.7,59.32325916552305,56.376740834476955,56.376740834476955,3178.3369071177813
216,strict_no_prior_iri,RandomForestRegressor,168.2,155.96331097216836,12.23668902783163,12.23668902783163,149.736558363855
4528,strict_no_prior_iri,RandomForestRegressor,78.0,103.27808223288004,-25.27808223288004,25.27808223288004,638.9814413722455
3206,strict_no_prior_iri,RandomForestRegressor,143.0,109.93804200488162,33.06195799511838,33.06195799511838,1093.093066470972
4357,strict_no_prior_iri,RandomForestRegressor,63.2,56.49101561776863,6.708984382231371,6.708984382231371,45.01047144102445
3127,strict_no_prior_iri,RandomForestRegressor,84.0,91.35193270621187,-7.351932706211869,7.351932706211869,54.050914516667774
4074,strict_no_prior_iri,RandomForestRegressor,166.5,177.20960583705607,-10.709605837056074,10.709605837056074,114.69565718510553
4274,strict_no_prior_iri,RandomForestRegressor,53.0,59.450881628834125,-6.450881628834125,6.450881628834125,41.613873789229615
3258,strict_no_prior_iri,RandomForestRegressor,48.7,77.60642955083453,-28.90642955083453,28.90642955083453,835.5816693773598
878,strict_no_prior_iri,RandomForestRegressor,111.2,113.64414002563248,-2.4441400256324783,2.4441400256324783,5.973820464898732
1303,strict_no_prior_iri,RandomForestRegressor,53.5,78.11429875120028,-24.61429875120028,24.61429875120028,605.8637030133397
5218,strict_no_prior_iri,RandomForestRegressor,126.0,111.55583493117814,14.44416506882186,14.44416506882186,208.6339045353736
1975,strict_no_prior_iri,RandomForestRegressor,54.0,48.71116500829758,5.288834991702423,5.288834991702423,27.971775569455968
2480,strict_no_prior_iri,RandomForestRegressor,96.0,63.02952318991363,32.97047681008637,32.97047681008637,1087.052341084443
233,strict_no_prior_iri,RandomForestRegressor,60.0,74.02863752811658,-14.028637528116576,14.028637528116576,196.80267089528076
3799,strict_no_prior_iri,RandomForestRegressor,58.0,70.82192246478817,-12.821922464788173,12.821922464788173,164.4016956930396
2566,strict_no_prior_iri,RandomForestRegressor,85.2,81.59247197603278,3.6075280239672196,3.6075280239672196,13.014258443708833
3249,strict_no_prior_iri,RandomForestRegressor,123.9,109.35225183697426,14.547748163025744,14.547748163025744,211.6369766148189
4218,strict_no_prior_iri,RandomForestRegressor,91.3,104.85403227211016,-13.554032272110163,13.554032272110163,183.7117908334038
4699,strict_no_prior_iri,RandomForestRegressor,122.0,102.84584349327109,19.15415650672891,19.15415650672891,366.88171148426545
4414,strict_no_prior_iri,RandomForestRegressor,47.0,55.62623704634353,-8.626237046343533,8.626237046343533,74.4119655797096
4818,strict_no_prior_iri,RandomForestRegressor,88.0,88.94665448357253,-0.9466544835725301,0.9466544835725301,0.8961547112679737
1708,strict_no_prior_iri,RandomForestRegressor,49.0,56.49758591985872,-7.497585919858722,7.497585919858722,56.21379462566375
2638,strict_no_prior_iri,RandomForestRegressor,63.0,62.292411325107,0.7075886748930031,0.7075886748930031,0.5006817328368361
1043,strict_no_prior_iri,RandomForestRegressor,43.5,75.5926945978874,-32.0926945978874,32.0926945978874,1029.9410465532712
2676,strict_no_prior_iri,RandomForestRegressor,32.0,39.569227253286364,-7.569227253286364,7.569227253286364,57.293201211893034
34,strict_no_prior_iri,RandomForestRegressor,35.9,69.13792441275153,-33.23792441275153,33.23792441275153,1104.7596192677843
5723,strict_no_prior_iri,RandomForestRegressor,59.0,106.95759573283205,-47.95759573283205,47.95759573283205,2299.9309884737504
3126,strict_no_prior_iri,RandomForestRegressor,51.0,100.1998143542355,-49.1998143542355,49.1998143542355,2420.6217324912377
4063,strict_no_prior_iri,RandomForestRegressor,70.0,78.61217869508158,-8.612178695081582,8.612178695081582,74.16962187601709
2204,strict_no_prior_iri,RandomForestRegressor,32.0,45.1491905807248,-13.149190580724799,13.149190580724799,172.90121292822178
310,strict_no_prior_iri,RandomForestRegressor,40.5,56.880425016601606,-16.380425016601606,16.380425016601606,268.3183237245077
3090,strict_no_prior_iri,RandomForestRegressor,355.0,159.07651777592437,195.92348222407563,195.92348222407563,38386.01088680768
2750,strict_no_prior_iri,RandomForestRegressor,40.0,54.57180923413281,-14.571809234132807,14.571809234132807,212.33762435595816
4872,strict_no_prior_iri,RandomForestRegressor,63.7,75.52492602111224,-11.824926021112233,11.824926021112233,139.8288754047772
4640,strict_no_prior_iri,RandomForestRegressor,113.5,115.44299235209462,-1.9429923520946204,1.9429923520946204,3.7752192802981854
4377,strict_no_prior_iri,RandomForestRegressor,196.0,173.13872160376286,22.86127839623714,22.86127839623714,522.6380499102589
4393,strict_no_prior_iri,RandomForestRegressor,170.7,122.93147628058951,47.76852371941048,47.76852371941048,2281.831858331882
5290,strict_no_prior_iri,RandomForestRegressor,78.0,87.70673035487684,-9.70673035487684,9.70673035487684,94.22061418228745
4954,strict_no_prior_iri,RandomForestRegressor,63.5,59.70696067405029,3.7930393259497066,3.7930393259497066,14.387147328201005
368,strict_no_prior_iri,RandomForestRegressor,83.3,57.75137170809182,25.54862829190818,25.54862829190818,652.7324075980911
2768,strict_no_prior_iri,RandomForestRegressor,45.5,50.387581078048015,-4.887581078048015,4.887581078048015,23.888448794492998
185,strict_no_prior_iri,RandomForestRegressor,44.0,72.1049222459381,-28.1049222459381,28.1049222459381,789.8866544502262
2418,strict_no_prior_iri,RandomForestRegressor,45.5,50.20358173797408,-4.703581737974083,4.703581737974083,22.123681165803298
595,strict_no_prior_iri,RandomForestRegressor,51.2,87.23075628420092,-36.03075628420092,36.03075628420092,1298.215398411484
4845,strict_no_prior_iri,RandomForestRegressor,158.0,108.62146491702528,49.37853508297472,49.37853508297472,2438.2397269405656
3665,strict_no_prior_iri,RandomForestRegressor,40.0,63.16196266150937,-23.16196266150937,23.16196266150937,536.4765143331542
3484,strict_no_prior_iri,RandomForestRegressor,133.5,163.32526307763163,-29.825263077631632,29.825263077631632,889.5463176499367
4806,strict_no_prior_iri,RandomForestRegressor,163.0,115.59690116030478,47.40309883969522,47.40309883969522,2247.0537796059143
1305,strict_no_prior_iri,RandomForestRegressor,39.2,45.018915641340946,-5.8189156413409435,5.8189156413409435,33.85977924104228
3928,strict_no_prior_iri,RandomForestRegressor,75.1,68.65986038642421,6.440139613575781,6.440139613575781,41.47539824234801
1531,strict_no_prior_iri,RandomForestRegressor,84.0,85.19244740759467,-1.1924474075946705,1.1924474075946705,1.4219308198792502
1862,strict_no_prior_iri,RandomForestRegressor,70.5,61.92662880951115,8.57337119048885,8.57337119048885,73.5026935699042
3235,strict_no_prior_iri,RandomForestRegressor,335.0,221.45393679042604,113.54606320957396,113.54606320957396,12892.708470392565
3270,strict_no_prior_iri,RandomForestRegressor,204.5,120.98902663388904,83.51097336611096,83.51097336611096,6974.082672555294
2527,strict_no_prior_iri,RandomForestRegressor,62.0,84.35588406631366,-22.355884066313664,22.355884066313664,499.78555238645714
3233,strict_no_prior_iri,RandomForestRegressor,75.0,82.89938757900607,-7.899387579006074,7.899387579006074,62.400324123355446
1561,strict_no_prior_iri,RandomForestRegressor,109.0,102.57025486106957,6.4297451389304285,6.4297451389304285,41.34162255159948
1215,strict_no_prior_iri,RandomForestRegressor,89.0,65.32946836196663,23.670531638033367,23.670531638033367,560.2940680271386
612,strict_no_prior_iri,RandomForestRegressor,79.0,103.84440096589175,-24.84440096589175,24.84440096589175,617.2442593540029
514,strict_no_prior_iri,RandomForestRegressor,79.4,70.75522283815135,8.644777161848651,8.644777161848651,74.73217217802002
4571,strict_no_prior_iri,RandomForestRegressor,61.8,73.98443052129299,-12.184430521292995,12.184430521292995,148.46034712821628
5324,strict_no_prior_iri,RandomForestRegressor,51.1,99.02347071422557,-47.923470714225566,47.923470714225566,2296.6590452972355
1200,strict_no_prior_iri,RandomForestRegressor,70.0,87.39735960427295,-17.39735960427295,17.39735960427295,302.66812120038827
496,strict_no_prior_iri,RandomForestRegressor,79.5,53.647166618658204,25.852833381341796,25.852833381341796,668.3689938434206
1986,strict_no_prior_iri,RandomForestRegressor,45.0,44.455149048071604,0.5448509519283959,0.5448509519283959,0.2968625598172792
5312,strict_no_prior_iri,RandomForestRegressor,69.9,99.09608075624692,-29.196080756246914,29.196080756246914,852.4111315252914
2310,strict_no_prior_iri,RandomForestRegressor,62.0,49.93338441771481,12.066615582285188,12.066615582285188,145.6032116106477
4971,strict_no_prior_iri,RandomForestRegressor,77.0,101.84239909565636,-24.84239909565636,24.84239909565636,617.1447928278681
1336,strict_no_prior_iri,RandomForestRegressor,58.0,95.81079081906353,-37.81079081906353,37.81079081906353,1429.6559023629786
4027,strict_no_prior_iri,RandomForestRegressor,98.5,116.58489221336686,-18.084892213366857,18.084892213366857,327.0633263690972
469,strict_no_prior_iri,RandomForestRegressor,69.3,105.23559744361906,-35.93559744361906,35.93559744361906,1291.3671636298407
3758,strict_no_prior_iri,RandomForestRegressor,64.7,97.09271582900882,-32.39271582900882,32.39271582900882,1049.2880387789187
4926,strict_no_prior_iri,RandomForestRegressor,35.0,79.77494462252928,-44.774944622529276,44.774944622529276,2004.7956659505633
3188,strict_no_prior_iri,RandomForestRegressor,310.0,177.8240537854088,132.1759462145912,132.1759462145912,17470.480757722504
1779,strict_no_prior_iri,RandomForestRegressor,201.0,127.56265619103948,73.43734380896052,73.43734380896052,5393.043465715472
551,strict_no_prior_iri,RandomForestRegressor,56.1,51.74915775143475,4.35084224856525,4.35084224856525,18.929828271900323
2075,strict_no_prior_iri,RandomForestRegressor,32.0,51.46565829504314,-19.46565829504314,19.46565829504314,378.91185285938184
1484,strict_no_prior_iri,RandomForestRegressor,99.6,88.8542728728141,10.745727127185901,10.745727127185901,115.47065149193897
5741,strict_no_prior_iri,RandomForestRegressor,70.0,84.7051075995123,-14.705107599512303,14.705107599512303,216.24018951323447
2728,strict_no_prior_iri,RandomForestRegressor,45.0,50.73861064248647,-5.738610642486471,5.738610642486471,32.93165210605898
2629,strict_no_prior_iri,RandomForestRegressor,105.3,114.61805638383755,-9.318056383837558,9.318056383837558,86.82617477237586
3887,strict_no_prior_iri,RandomForestRegressor,128.0,118.78400149169926,9.215998508300743,9.215998508300743,84.93462850500151
579,strict_no_prior_iri,RandomForestRegressor,171.0,107.61021577873146,63.38978422126854,63.38978422126854,4018.2647436189864
4723,strict_no_prior_iri,RandomForestRegressor,80.0,110.99098762319983,-30.99098762319983,30.99098762319983,960.4413138613249
2529,strict_no_prior_iri,RandomForestRegressor,36.7,41.670590312397195,-4.970590312397192,4.970590312397192,24.706768053696816
4482,strict_no_prior_iri,RandomForestRegressor,174.2,104.8223907032593,69.37760929674069,69.37760929674069,4813.252671731199
1549,strict_no_prior_iri,RandomForestRegressor,41.0,70.80304345642145,-29.80304345642145,29.80304345642145,888.2213992653453
2835,strict_no_prior_iri,RandomForestRegressor,49.0,57.24871980032026,-8.24871980032026,8.24871980032026,68.0413783441955
5036,strict_no_prior_iri,RandomForestRegressor,97.0,85.57557778666138,11.424422213338616,11.424422213338616,130.5174229086248
2986,strict_no_prior_iri,RandomForestRegressor,110.0,115.3374753260343,-5.337475326034294,5.337475326034294,28.488642856024896
733,strict_no_prior_iri,RandomForestRegressor,84.9,75.80806380162932,9.09193619837069,9.09193619837069,82.66330383524325
3658,strict_no_prior_iri,RandomForestRegressor,52.5,51.737693270599955,0.762306729400045,0.762306729400045,0.5811115496885934
5344,strict_no_prior_iri,RandomForestRegressor,83.0,93.66463758456837,-10.664637584568368,10.664637584568368,113.73449481018824
1226,strict_no_prior_iri,RandomForestRegressor,90.0,69.01364628159244,20.986353718407557,20.986353718407557,440.4270423941187
1570,strict_no_prior_iri,RandomForestRegressor,68.0,133.09343825445677,-65.09343825445677,65.09343825445677,4237.155703786776
1605,strict_no_prior_iri,RandomForestRegressor,239.0,109.8727846304952,129.1272153695048,129.1272153695048,16673.837749082475
549,strict_no_prior_iri,RandomForestRegressor,42.9,48.84912862006939,-5.949128620069395,5.949128620069395,35.392131338128785
4842,strict_no_prior_iri,RandomForestRegressor,151.0,114.9718362692177,36.028163730782296,36.028163730782296,1298.028581812057
2189,strict_no_prior_iri,RandomForestRegressor,43.2,41.89850136892912,1.301498631070885,1.301498631070885,1.6938986866793875
408,strict_no_prior_iri,RandomForestRegressor,133.3,100.70392203701985,32.59607796298016,32.59607796298016,1062.504298568681
902,strict_no_prior_iri,RandomForestRegressor,102.7,104.18580666891962,-1.485806668919622,1.485806668919622,2.2076214574060233
1696,strict_no_prior_iri,RandomForestRegressor,75.0,94.55058251186172,-19.55058251186172,19.55058251186172,382.2252765531133
2976,strict_no_prior_iri,RandomForestRegressor,44.0,47.85610422020844,-3.8561042202084366,3.8561042202084366,14.869539757109315
2872,strict_no_prior_iri,RandomForestRegressor,199.3,135.6426774908716,63.65732250912842,63.65732250912842,4052.2547090311878
1679,strict_no_prior_iri,RandomForestRegressor,114.8,66.68561012829929,48.11438987170071,48.11438987170071,2314.9945127260157
3363,strict_no_prior_iri,RandomForestRegressor,246.5,154.54857880870262,91.95142119129738,91.95142119129738,8455.063859099373
1404,strict_no_prior_iri,RandomForestRegressor,135.0,120.73362652845634,14.266373471543659,14.266373471543659,203.52941202956467
5190,strict_no_prior_iri,RandomForestRegressor,58.0,143.29275896371033,-85.29275896371033,85.29275896371033,7274.854731641588
2604,strict_no_prior_iri,RandomForestRegressor,57.7,55.61475123837035,2.08524876162965,2.08524876162965,4.348262397877989
4944,strict_no_prior_iri,RandomForestRegressor,52.0,75.28845206083314,-23.288452060833137,23.288452060833137,542.3519993897232
5773,strict_no_prior_iri,RandomForestRegressor,99.0,99.75165692732668,-0.7516569273266782,0.7516569273266782,0.5649881363981832
2603,strict_no_prior_iri,RandomForestRegressor,74.0,55.61475123837035,18.385248761629647,18.385248761629647,338.01737202700446
5319,strict_no_prior_iri,RandomForestRegressor,121.7,111.01996413390941,10.680035866090591,10.680035866090591,114.0631661009814
3939,strict_no_prior_iri,RandomForestRegressor,78.6,76.7537859496614,1.8462140503385882,1.8462140503385882,3.408506319667615
4349,strict_no_prior_iri,RandomForestRegressor,126.8,91.98733795312438,34.812662046875616,34.812662046875616,1211.921438789974
4569,strict_no_prior_iri,RandomForestRegressor,42.2,110.32790787807002,-68.12790787807002,68.12790787807002,4641.4118318427945
2688,strict_no_prior_iri,RandomForestRegressor,47.5,52.57374096572089,-5.073740965720887,5.073740965720887,25.74284738723432
3759,strict_no_prior_iri,RandomForestRegressor,45.0,85.35402444661673,-40.354024446616734,40.354024446616734,1628.447289038141
1637,strict_no_prior_iri,RandomForestRegressor,114.0,107.85996698252795,6.140033017472049,6.140033017472049,37.700005455646924
3387,strict_no_prior_iri,RandomForestRegressor,44.4,66.76831058445735,-22.368310584457355,22.368310584457355,500.34131840274694
3623,strict_no_prior_iri,RandomForestRegressor,44.7,96.95872400059886,-52.25872400059886,52.25872400059886,2730.9742341707674
2693,strict_no_prior_iri,RandomForestRegressor,32.0,39.722524004116735,-7.722524004116735,7.722524004116735,59.637376994159176
3792,strict_no_prior_iri,RandomForestRegressor,62.0,93.42943523406122,-31.429435234061216,31.429435234061216,987.8093991320486
3959,strict_no_prior_iri,RandomForestRegressor,43.0,57.259140527943124,-14.259140527943124,14.259140527943124,203.3230885956301
5001,strict_no_prior_iri,RandomForestRegressor,88.6,76.97137507999652,11.628624920003475,11.628624920003475,135.22491753012582
2375,strict_no_prior_iri,RandomForestRegressor,48.0,52.929313402864075,-4.929313402864075,4.929313402864075,24.298130623655407
4138,strict_no_prior_iri,RandomForestRegressor,84.0,101.60046350282026,-17.60046350282026,17.60046350282026,309.7763155141081
5697,strict_no_prior_iri,RandomForestRegressor,44.5,50.31173810455289,-5.811738104552887,5.811738104552887,33.77629979591199
1205,strict_no_prior_iri,RandomForestRegressor,37.4,68.05580376857209,-30.655803768572092,30.655803768572092,939.7783046971989
1714,strict_no_prior_iri,RandomForestRegressor,50.0,86.71761749746327,-36.717617497463266,36.717617497463266,1348.1834346900205
2001,strict_no_prior_iri,RandomForestRegressor,63.0,49.61379349608868,13.386206503911318,13.386206503911318,179.19052456535766
1676,strict_no_prior_iri,RandomForestRegressor,78.0,85.73524273329893,-7.735242733298932,7.735242733298932,59.833980143053935
4390,strict_no_prior_iri,RandomForestRegressor,154.0,94.53257914256865,59.46742085743135,59.46742085743135,3536.3741434348613
641,strict_no_prior_iri,RandomForestRegressor,125.5,83.12003671261353,42.379963287386474,42.379963287386474,1796.0612882402254
4054,strict_no_prior_iri,RandomForestRegressor,58.6,89.50625257348511,-30.906252573485112,30.906252573485112,955.1964481360551
3217,strict_no_prior_iri,RandomForestRegressor,73.7,81.87359330579,-8.173593305789993,8.173593305789993,66.80762752845499
2216,strict_no_prior_iri,RandomForestRegressor,71.0,63.061013861448366,7.938986138551634,7.938986138551634,63.02750090811499
5743,strict_no_prior_iri,RandomForestRegressor,69.5,84.79511167151323,-15.295111671513226,15.295111671513226,233.9404410440601
209,strict_no_prior_iri,RandomForestRegressor,68.7,66.8772962576816,1.8227037423183958,1.8227037423183958,3.322248932261485
4246,strict_no_prior_iri,RandomForestRegressor,157.0,146.1330113157049,10.866988684295109,10.866988684295109,118.09144306459794
2741,strict_no_prior_iri,RandomForestRegressor,78.0,59.99087468916199,18.00912531083801,18.00912531083801,324.3285944614662
5766,strict_no_prior_iri,RandomForestRegressor,88.0,100.91353893605057,-12.913538936050571,12.913538936050571,166.75948785289413
98,strict_no_prior_iri,RandomForestRegressor,51.0,68.54013814806524,-17.54013814806524,17.54013814806524,307.65644625321346
2341,strict_no_prior_iri,RandomForestRegressor,50.0,60.28948822459478,-10.289488224594777,10.289488224594777,105.87356792407458
3791,strict_no_prior_iri,RandomForestRegressor,61.0,109.83228790600516,-48.83228790600516,48.83228790600516,2384.592342134978
2430,strict_no_prior_iri,RandomForestRegressor,55.0,59.15130368830366,-4.151303688303663,4.151303688303663,17.233322312523597
2842,strict_no_prior_iri,RandomForestRegressor,44.5,51.55817518545437,-7.058175185454367,7.058175185454367,49.81783694856379
3690,strict_no_prior_iri,RandomForestRegressor,33.5,56.91288334911823,-23.412883349118232,23.412883349118232,548.1631067194178
3541,strict_no_prior_iri,RandomForestRegressor,250.5,144.16792078062377,106.33207921937623,106.33207921937623,11306.511071115701
5446,strict_no_prior_iri,RandomForestRegressor,74.9,77.0437763976926,-2.1437763976925908,2.1437763976925908,4.595777243303821
1465,strict_no_prior_iri,RandomForestRegressor,99.5,121.02031119295525,-21.520311192955248,21.520311192955248,463.1237938416349
2829,strict_no_prior_iri,RandomForestRegressor,65.5,60.09710706480795,5.40289293519205,5.40289293519205,29.19125206914816
5155,strict_no_prior_iri,RandomForestRegressor,86.8,145.36177676994177,-58.56177676994177,58.56177676994177,3429.481698452492
1515,strict_no_prior_iri,RandomForestRegressor,57.7,72.16526494310561,-14.465264943105609,14.465264943105609,209.24388987424012
3242,strict_no_prior_iri,RandomForestRegressor,113.5,74.46863783415459,39.03136216584541,39.03136216584541,1523.4472325213883
5364,strict_no_prior_iri,RandomForestRegressor,67.0,83.07245241682229,-16.072452416822287,16.072452416822287,258.3237266910166
2416,strict_no_prior_iri,RandomForestRegressor,34.0,50.20358173797408,-16.203581737974083,16.203581737974083,262.5560611392072
5553,strict_no_prior_iri,RandomForestRegressor,53.1,84.31795348124997,-31.21795348124997,31.21795348124997,974.5606195574871
5448,strict_no_prior_iri,RandomForestRegressor,71.8,73.7099165908399,-1.9099165908398987,1.9099165908398987,3.6477813839655013
4922,strict_no_prior_iri,RandomForestRegressor,64.5,61.59574487677914,2.9042551232208567,2.9042551232208567,8.434697820754593
1805,strict_no_prior_iri,RandomForestRegressor,101.0,98.74826286600921,2.251737133990787,2.251737133990787,5.070320120593043
5291,strict_no_prior_iri,RandomForestRegressor,75.6,90.46870726025351,-14.868707260253515,14.868707260253515,221.07845559111558
1534,strict_no_prior_iri,RandomForestRegressor,91.5,64.1063496228553,27.393650377144695,27.393650377144695,750.4120809852396
858,strict_no_prior_iri,RandomForestRegressor,73.0,92.32914982169346,-19.329149821693463,19.329149821693463,373.61603282947243
2049,strict_no_prior_iri,RandomForestRegressor,45.0,45.92687760540977,-0.9268776054097714,0.9268776054097714,0.8591020954101518
3420,strict_no_prior_iri,RandomForestRegressor,58.0,52.402502937808805,5.597497062191195,5.597497062191195,31.331973361239058
5552,strict_no_prior_iri,RandomForestRegressor,238.0,85.97429417783043,152.02570582216958,152.02570582216958,23111.815230728847
5517,strict_no_prior_iri,RandomForestRegressor,54.3,85.67294909036119,-31.37294909036119,31.37294909036119,984.2619346263949
1933,strict_no_prior_iri,RandomForestRegressor,136.7,119.16831683378439,17.5316831662156,17.5316831662156,307.35991464056747
5196,strict_no_prior_iri,RandomForestRegressor,74.0,133.0662824219324,-59.066282421932414,59.066282421932414,3488.8257191474822
1309,strict_no_prior_iri,RandomForestRegressor,49.4,52.346520313842056,-2.9465203138420577,2.9465203138420577,8.681981959883899
536,strict_no_prior_iri,RandomForestRegressor,45.5,78.16202781624992,-32.66202781624992,32.66202781624992,1066.8080610694833
3123,strict_no_prior_iri,RandomForestRegressor,140.2,119.45484800939694,20.74515199060305,20.74515199060305,430.36133111322164
1867,strict_no_prior_iri,RandomForestRegressor,59.0,62.36454492715173,-3.3645449271517265,3.3645449271517265,11.320162566822416
3692,strict_no_prior_iri,RandomForestRegressor,39.0,52.909313851267314,-13.909313851267314,13.909313851267314,193.46901181305674
1844,strict_no_prior_iri,RandomForestRegressor,84.0,75.29305800138101,8.706941998618987,8.706941998618987,75.8108389673152
5629,strict_no_prior_iri,RandomForestRegressor,84.5,118.3707007884339,-33.87070078843389,33.87070078843389,1147.2243718996165
2914,strict_no_prior_iri,RandomForestRegressor,56.3,59.63065954545839,-3.3306595454583956,3.3306595454583956,11.093293007753127
1579,strict_no_prior_iri,RandomForestRegressor,48.0,87.29043009992027,-39.29043009992027,39.29043009992027,1543.737897436721
3275,strict_no_prior_iri,RandomForestRegressor,184.3,151.22144392601126,33.07855607398875,33.07855607398875,1094.190871940018
5540,strict_no_prior_iri,RandomForestRegressor,92.5,114.26845420202226,-21.768454202022255,21.768454202022255,473.8655983455404
3367,strict_no_prior_iri,RandomForestRegressor,150.4,152.35480449297904,-1.9548044929790365,1.9548044929790365,3.8212606057710277
4005,strict_no_prior_iri,RandomForestRegressor,54.2,70.67728720512551,-16.477287205125506,16.477287205125506,271.50099364019275
3629,strict_no_prior_iri,RandomForestRegressor,76.2,126.17413613018485,-49.974136130184846,49.974136130184846,2497.414281958246
5660,strict_no_prior_iri,RandomForestRegressor,76.5,93.4612351680072,-16.961235168007207,16.961235168007207,287.68349842444445
532,strict_no_prior_iri,RandomForestRegressor,128.7,131.49145631877974,-2.791456318779751,2.791456318779751,7.7922283796554
5590,strict_no_prior_iri,RandomForestRegressor,84.0,104.10795929747975,-20.107959297479752,20.107959297479752,404.3300271091024
1509,strict_no_prior_iri,RandomForestRegressor,164.5,114.0149780649456,50.485021935054405,50.485021935054405,2548.7374397829244
1258,strict_no_prior_iri,RandomForestRegressor,92.8,79.7947339355169,13.005266064483095,13.005266064483095,169.13694540799563
4636,strict_no_prior_iri,RandomForestRegressor,103.0,103.79643226386122,-0.7964322638612202,0.7964322638612202,0.6343043509191083
891,strict_no_prior_iri,RandomForestRegressor,159.5,196.7812453108337,-37.2812453108337,37.2812453108337,1389.8912519265596
487,strict_no_prior_iri,RandomForestRegressor,56.2,76.31374278683882,-20.113742786838813,20.113742786838813,404.5626488951104
2878,strict_no_prior_iri,RandomForestRegressor,44.7,51.25125604472117,-6.551256044721164,6.551256044721164,42.91895576349559
2737,strict_no_prior_iri,RandomForestRegressor,61.0,50.73861064248647,10.26138935751353,10.26138935751353,105.29611154649193
5375,strict_no_prior_iri,RandomForestRegressor,58.0,67.49902189864525,-9.499021898645253,9.499021898645253,90.23141703094207
840,strict_no_prior_iri,RandomForestRegressor,52.0,87.13093898306899,-35.13093898306899,35.13093898306899,1234.1828738321162
1626,strict_no_prior_iri,RandomForestRegressor,69.7,76.4189958740394,-6.718995874039393,6.718995874039393,45.14490555535839
28,strict_no_prior_iri,RandomForestRegressor,72.5,161.85877989886467,-89.35877989886467,89.35877989886467,7984.9915450137405
5358,strict_no_prior_iri,RandomForestRegressor,89.1,105.08850564747098,-15.988505647470987,15.988505647470987,255.63231283921164
943,strict_no_prior_iri,RandomForestRegressor,61.8,85.73252381698825,-23.93252381698825,23.93252381698825,572.7656962507099
5004,strict_no_prior_iri,RandomForestRegressor,56.1,68.98902159915983,-12.889021599159825,12.889021599159825,166.1268777836085
1118,strict_no_prior_iri,RandomForestRegressor,63.8,79.62864574486657,-15.828645744866577,15.828645744866577,250.5460261164828
4,strict_no_prior_iri,RandomForestRegressor,154.0,132.38660461358245,21.61339538641755,21.61339538641755,467.13886012961547
1120,strict_no_prior_iri,RandomForestRegressor,30.7,61.67906531109531,-30.979065311095308,30.979065311095308,959.7024875491086
976,strict_no_prior_iri,RandomForestRegressor,34.3,62.53232676898396,-28.23232676898396,28.23232676898396,797.0642747906883
720,strict_no_prior_iri,RandomForestRegressor,32.6,54.90898928591326,-22.308989285913256,22.308989285913256,497.69100295899244
4372,strict_no_prior_iri,RandomForestRegressor,108.0,130.66102603934038,-22.661026039340385,22.661026039340385,513.522101155663
4624,strict_no_prior_iri,RandomForestRegressor,43.3,62.16333613160785,-18.863336131607852,18.863336131607852,355.8254500140223
1706,strict_no_prior_iri,RandomForestRegressor,62.3,62.12021313992659,0.17978686007340627,0.17978686007340627,0.03232331505505457
2441,strict_no_prior_iri,RandomForestRegressor,94.5,95.60893510333781,-1.1089351033378136,1.1089351033378136,1.2297370634148475
762,strict_no_prior_iri,RandomForestRegressor,40.0,51.15782585263135,-11.157825852631348,11.157825852631348,124.49707775764846
3523,strict_no_prior_iri,RandomForestRegressor,52.0,63.6080911521516,-11.608091152151601,11.608091152151601,134.7477801966603
1524,strict_no_prior_iri,RandomForestRegressor,53.8,73.35808299913238,-19.55808299913238,19.55808299913238,382.5186106009511
2664,strict_no_prior_iri,RandomForestRegressor,35.3,37.69265180991686,-2.392651809916863,2.392651809916863,5.724782683498441
5235,strict_no_prior_iri,RandomForestRegressor,33.6,42.98710512732268,-9.387105127322677,9.387105127322677,88.11774267140768
3765,strict_no_prior_iri,RandomForestRegressor,46.5,61.50572048306,-15.005720483060003,15.005720483060003,225.17164721572652
3418,strict_no_prior_iri,RandomForestRegressor,42.0,116.09184358329144,-74.09184358329144,74.09184358329144,5489.601285570924
1429,strict_no_prior_iri,RandomForestRegressor,119.5,109.3882647535303,10.111735246469706,10.111735246469706,102.24718969469777
2633,strict_no_prior_iri,RandomForestRegressor,51.0,53.87624668222149,-2.876246682221492,2.876246682221492,8.27279497699014
3139,strict_no_prior_iri,RandomForestRegressor,59.2,62.46630272237638,-3.2663027223763805,3.2663027223763805,10.668733474203355
5326,strict_no_prior_iri,RandomForestRegressor,122.0,129.66328810033036,-7.663288100330362,7.663288100330362,58.725984508664936
2472,strict_no_prior_iri,RandomForestRegressor,59.0,57.9113451236106,1.0886548763893984,1.0886548763893984,1.1851694398864163
3923,strict_no_prior_iri,RandomForestRegressor,112.8,117.07328074013911,-4.273280740139114,4.273280740139114,18.260928284043896
4612,strict_no_prior_iri,RandomForestRegressor,49.0,72.29108712081725,-23.291087120817252,23.291087120817252,542.4747392694993
4195,strict_no_prior_iri,RandomForestRegressor,175.0,131.08726636705683,43.91273363294317,43.91273363294317,1928.3281751178185
263,strict_no_prior_iri,RandomForestRegressor,60.5,86.61468547345699,-26.114685473456987,26.114685473456987,681.9767973775854
1100,strict_no_prior_iri,RandomForestRegressor,86.0,112.66992549492934,-26.669925494929345,26.669925494929345,711.2849259050822
5374,strict_no_prior_iri,RandomForestRegressor,45.6,66.65575547316628,-21.05575547316628,21.05575547316628,443.3448385457717
5659,strict_no_prior_iri,RandomForestRegressor,101.0,92.76779950330156,8.23220049669844,8.23220049669844,67.76912501784203
1115,strict_no_prior_iri,RandomForestRegressor,112.4,100.53580829374852,11.86419170625149,11.86419170625149,140.75904484268662
2331,strict_no_prior_iri,RandomForestRegressor,59.7,53.4288361264441,6.271163873555906,6.271163873555906,39.32749632899272
499,strict_no_prior_iri,RandomForestRegressor,38.0,51.44288902137921,-13.442889021379209,13.442889021379209,180.71126524111767
1040,strict_no_prior_iri,RandomForestRegressor,54.0,59.50493260741704,-5.5049326074170395,5.5049326074170395,30.304283012203364
3466,strict_no_prior_iri,RandomForestRegressor,136.0,169.96344643806552,-33.96344643806552,33.96344643806552,1153.5156939513454
2521,strict_no_prior_iri,RandomForestRegressor,37.7,43.182271933307156,-5.482271933307153,5.482271933307153,30.05530555072735
1811,strict_no_prior_iri,RandomForestRegressor,70.0,52.05810497691742,17.94189502308258,17.94189502308258,321.9115970193155
1583,strict_no_prior_iri,RandomForestRegressor,59.8,77.88300444810909,-18.083004448109094,18.083004448109094,326.9950498703333
4748,strict_no_prior_iri,RandomForestRegressor,52.0,55.58132251068367,-3.5813225106836697,3.5813225106836697,12.825870925529584
3366,strict_no_prior_iri,RandomForestRegressor,157.4,168.08887975732145,-10.688879757321445,10.688879757321445,114.25215046647615
1562,strict_no_prior_iri,RandomForestRegressor,72.0,95.3726119997537,-23.3726119997537,23.3726119997537,546.2789916910307
573,strict_no_prior_iri,RandomForestRegressor,33.2,48.372786404187366,-15.172786404187363,15.172786404187363,230.2134472670929
5524,strict_no_prior_iri,RandomForestRegressor,59.7,92.11561062399342,-32.415610623993416,32.415610623993416,1050.771812126355
1463,strict_no_prior_iri,RandomForestRegressor,68.0,116.42584351424252,-48.425843514242516,48.425843514242516,2345.062320065904
4460,strict_no_prior_iri,RandomForestRegressor,72.0,113.74637294586353,-41.74637294586353,41.74637294586353,1742.7596541351263
5426,strict_no_prior_iri,RandomForestRegressor,94.7,125.55309072163321,-30.853090721633208,30.853090721633208,951.9132070773292
4968,strict_no_prior_iri,RandomForestRegressor,51.8,66.67558362710137,-14.875583627101378,14.875583627101378,221.2829882468866
4088,strict_no_prior_iri,RandomForestRegressor,170.5,103.99937242210962,66.50062757789038,66.50062757789038,4422.333468253275
430,strict_no_prior_iri,RandomForestRegressor,176.0,96.05728167561024,79.94271832438976,79.94271832438976,6390.838213092722
3932,strict_no_prior_iri,RandomForestRegressor,48.0,85.32156158629802,-37.32156158629802,37.32156158629802,1392.8989592398357
779,strict_no_prior_iri,RandomForestRegressor,87.2,69.83758909988723,17.362410900112778,17.362410900112778,301.453312264355
5022,strict_no_prior_iri,RandomForestRegressor,170.0,112.42127996510673,57.578720034893266,57.578720034893266,3315.309000856619
3685,strict_no_prior_iri,RandomForestRegressor,108.5,112.09173883940964,-3.5917388394096434,3.5917388394096434,12.900587890523733
1428,strict_no_prior_iri,RandomForestRegressor,59.3,74.41306350489664,-15.113063504896644,15.113063504896644,228.40468850303884
510,strict_no_prior_iri,RandomForestRegressor,45.0,56.71452668361195,-11.71452668361195,11.71452668361195,137.2301354210564
4147,strict_no_prior_iri,RandomForestRegressor,86.5,70.39410024892018,16.105899751079818,16.105899751079818,259.40000679183294
4794,strict_no_prior_iri,RandomForestRegressor,204.0,106.78381724464208,97.21618275535792,97.21618275535792,9450.98618952315
2780,strict_no_prior_iri,RandomForestRegressor,78.0,82.10520269648266,-4.105202696482664,4.105202696482664,16.852689179208532
534,strict_no_prior_iri,RandomForestRegressor,63.2,75.28631538698173,-12.086315386981724,12.086315386981724,146.07901963359117
2393,strict_no_prior_iri,RandomForestRegressor,73.0,57.4990670791342,15.5009329208658,15.5009329208658,240.27892141718115
5586,strict_no_prior_iri,RandomForestRegressor,69.5,89.09866810621777,-19.598668106217772,19.598668106217772,384.1077915376777
652,strict_no_prior_iri,RandomForestRegressor,42.2,55.577031114740784,-13.377031114740781,13.377031114740781,178.94496144474297
5770,strict_no_prior_iri,RandomForestRegressor,42.5,58.04691789831128,-15.546917898311278,15.546917898311278,241.70665613683158
4541,strict_no_prior_iri,RandomForestRegressor,44.8,72.81462883161981,-28.014628831619817,28.014628831619817,784.8194285734243
3818,strict_no_prior_iri,RandomForestRegressor,55.8,73.89676345210694,-18.09676345210694,18.09676345210694,327.49284744151356
111,strict_no_prior_iri,RandomForestRegressor,41.0,46.746554571324026,-5.746554571324026,5.746554571324026,33.02288944120506
1180,strict_no_prior_iri,RandomForestRegressor,50.0,102.45543557553434,-52.45543557553434,52.45543557553434,2751.5727214190333
5705,strict_no_prior_iri,RandomForestRegressor,39.1,45.44312581994408,-6.343125819944078,6.343125819944078,40.235245167641224
633,strict_no_prior_iri,RandomForestRegressor,74.5,86.36785767292862,-11.867857672928622,11.867857672928622,140.84604574489077
1471,strict_no_prior_iri,RandomForestRegressor,76.5,79.39723346971276,-2.8972334697127593,2.8972334697127593,8.393961778023835
2327,strict_no_prior_iri,RandomForestRegressor,46.0,57.51240398174341,-11.512403981743411,11.512403981743411,132.53544543886153
2900,strict_no_prior_iri,RandomForestRegressor,85.0,77.25738932723613,7.742610672763874,7.742610672763874,59.948020029997046
2725,strict_no_prior_iri,RandomForestRegressor,49.5,50.84156093088998,-1.3415609308899832,1.3415609308899832,1.7997857312903982
4329,strict_no_prior_iri,RandomForestRegressor,39.0,49.49916008759384,-10.499160087593843,10.499160087593843,110.23236254492356
193,strict_no_prior_iri,RandomForestRegressor,45.5,68.07280088615488,-22.57280088615488,22.57280088615488,509.5313398459945
4525,strict_no_prior_iri,RandomForestRegressor,106.5,125.89913869756688,-19.399138697566883,19.399138697566883,376.32658220743696
562,strict_no_prior_iri,RandomForestRegressor,38.2,52.26199903324667,-14.061999033246664,14.061999033246664,197.73981681103012
1397,strict_no_prior_iri,RandomForestRegressor,231.0,167.22316167513532,63.776838324864684,63.776838324864684,4067.485106715929
5052,strict_no_prior_iri,RandomForestRegressor,51.0,60.46370275359091,-9.463702753590908,9.463702753590908,89.56166980832414
4638,strict_no_prior_iri,RandomForestRegressor,136.0,108.09052082617588,27.909479173824124,27.909479173824124,778.9390277541225
145,strict_no_prior_iri,RandomForestRegressor,47.0,59.96585140986495,-12.965851409864953,12.965851409864953,168.113302782697
2298,strict_no_prior_iri,RandomForestRegressor,34.5,51.665527684055206,-17.165527684055206,17.165527684055206,294.6553406720657
1134,strict_no_prior_iri,RandomForestRegressor,217.0,193.39574822261875,23.60425177738125,23.60425177738125,557.1607019700059
5383,strict_no_prior_iri,RandomForestRegressor,71.0,91.8311902404975,-20.831190240497506,20.831190240497506,433.9384868357985
5000,strict_no_prior_iri,RandomForestRegressor,96.0,87.63673998929437,8.36326001070563,8.36326001070563,69.94411800666795
2953,strict_no_prior_iri,RandomForestRegressor,180.0,165.31940867166458,14.680591328335424,14.680591328335424,215.51976174959725
2032,strict_no_prior_iri,RandomForestRegressor,86.0,126.90313936444421,-40.903139364444215,40.903139364444215,1673.0668098671458
1337,strict_no_prior_iri,RandomForestRegressor,122.5,74.63122947966815,47.86877052033185,47.86877052033185,2291.4191911281914
5479,strict_no_prior_iri,RandomForestRegressor,108.7,123.07961631144035,-14.379616311440344,14.379616311440344,206.77336526424122
1462,strict_no_prior_iri,RandomForestRegressor,71.0,96.5472067440105,-25.547206744010495,25.547206744010495,652.6597724212153
5017,strict_no_prior_iri,RandomForestRegressor,67.7,88.22316704113118,-20.523167041131174,20.523167041131174,421.2003853981729
2964,strict_no_prior_iri,RandomForestRegressor,52.0,87.17847471858494,-35.17847471858494,35.17847471858494,1237.5250835261195
4168,strict_no_prior_iri,RandomForestRegressor,69.0,153.20467190849863,-84.20467190849863,84.20467190849863,7090.426771217897
2721,strict_no_prior_iri,RandomForestRegressor,78.5,73.11308501197917,5.386914988020834,5.386914988020834,29.018853088163503
3718,strict_no_prior_iri,RandomForestRegressor,89.0,118.22860836441164,-29.22860836441164,29.22860836441164,854.3115469201542
4276,strict_no_prior_iri,RandomForestRegressor,89.0,68.44839687190422,20.551603128095778,20.551603128095778,422.36839113475617
2295,strict_no_prior_iri,RandomForestRegressor,38.0,42.90601501331054,-4.906015013310537,4.906015013310537,24.068983310828386
1673,strict_no_prior_iri,RandomForestRegressor,48.0,72.09313343707478,-24.093133437074783,24.093133437074783,580.479078816691
4605,strict_no_prior_iri,RandomForestRegressor,53.0,115.3873239370092,-62.3873239370092,62.3873239370092,3892.178188021321
5275,strict_no_prior_iri,RandomForestRegressor,53.9,51.16521228624526,2.7347877137547414,2.7347877137547414,7.479063839303885
1067,strict_no_prior_iri,RandomForestRegressor,75.0,58.7750672237584,16.2249327762416,16.2249327762416,263.248443593559
3684,strict_no_prior_iri,RandomForestRegressor,88.0,119.60163179025041,-31.60163179025041,31.60163179025041,998.6631318065653
631,strict_no_prior_iri,RandomForestRegressor,84.4,84.44767020760493,-0.047670207604923576,0.047670207604923576,0.0022724486930965136
5482,strict_no_prior_iri,RandomForestRegressor,84.0,92.82093151837483,-8.820931518374834,8.820931518374834,77.80883285185857
300,strict_no_prior_iri,RandomForestRegressor,70.3,113.11276704991718,-42.812767049917184,42.812767049917184,1832.9330224704745
4335,strict_no_prior_iri,RandomForestRegressor,59.0,57.867458530339576,1.1325414696604241,1.1325414696604241,1.2826501805005934
3280,strict_no_prior_iri,RandomForestRegressor,80.0,99.35634098736946,-19.356340987369464,19.356340987369464,374.66793641931906
3009,strict_no_prior_iri,RandomForestRegressor,63.0,55.60191194318656,7.398088056813442,7.398088056813442,54.731706896365694
391,strict_no_prior_iri,RandomForestRegressor,51.5,61.180690170100476,-9.680690170100476,9.680690170100476,93.71576216947999
4106,strict_no_prior_iri,RandomForestRegressor,98.0,163.21014026973563,-65.21014026973563,65.21014026973563,4252.362393998596
542,strict_no_prior_iri,RandomForestRegressor,98.0,79.06865227781977,18.931347722180234,18.931347722180234,358.39592657809874
637,strict_no_prior_iri,RandomForestRegressor,85.0,84.4644134506798,0.5355865493202003,0.5355865493202003,0.28685295181271936
3446,strict_no_prior_iri,RandomForestRegressor,80.0,145.42055043649665,-65.42055043649665,65.42055043649665,4279.848419414203
933,strict_no_prior_iri,RandomForestRegressor,134.0,129.14410550442676,4.855894495573239,4.855894495573239,23.579711352138478
3917,strict_no_prior_iri,RandomForestRegressor,85.0,111.5534378423101,-26.553437842310103,26.553437842310103,705.0850612454262
711,strict_no_prior_iri,RandomForestRegressor,73.5,74.35417166250458,-0.8541716625045837,0.8541716625045837,0.7296092290258444
1922,strict_no_prior_iri,RandomForestRegressor,111.0,132.18431357670795,-21.18431357670795,21.18431357670795,448.7751417162928
5021,strict_no_prior_iri,RandomForestRegressor,158.5,108.83367464384759,49.66632535615241,49.66632535615241,2466.743874383188
772,strict_no_prior_iri,RandomForestRegressor,74.0,99.15021208863243,-25.15021208863243,25.15021208863243,632.5331681031928
1686,strict_no_prior_iri,RandomForestRegressor,175.0,160.12214707990802,14.877852920091982,14.877852920091982,221.3505075118895
1740,strict_no_prior_iri,RandomForestRegressor,106.0,77.31590751073857,28.68409248926143,28.68409248926143,822.777161932504
5072,strict_no_prior_iri,RandomForestRegressor,50.0,62.05775516715553,-12.057755167155527,12.057755167155527,145.38945967106582
4412,strict_no_prior_iri,RandomForestRegressor,34.0,72.98457641590424,-38.98457641590424,38.98457641590424,1519.7971983274774
5313,strict_no_prior_iri,RandomForestRegressor,77.0,120.05744519228647,-43.057445192286465,43.057445192286465,1853.9435864867528
4896,strict_no_prior_iri,RandomForestRegressor,58.6,59.13501480754047,-0.5350148075404704,0.5350148075404704,0.2862408442875666
5681,strict_no_prior_iri,RandomForestRegressor,74.5,99.6568958853789,-25.1568958853789,25.1568958853789,632.8694105877939
67,strict_no_prior_iri,RandomForestRegressor,40.9,54.6083312022754,-13.708331202275403,13.708331202275403,187.9183443512774
1472,strict_no_prior_iri,RandomForestRegressor,66.0,81.22259781621221,-15.222597816212215,15.222597816212215,231.72748427414888
4148,strict_no_prior_iri,RandomForestRegressor,55.0,72.52654218125262,-17.526542181252623,17.526542181252623,307.1796808312274
130,strict_no_prior_iri,RandomForestRegressor,111.0,85.38678522674186,25.613214773258136,25.613214773258136,656.0367710210488
921,strict_no_prior_iri,RandomForestRegressor,77.0,114.31268887213453,-37.31268887213453,37.31268887213453,1392.2367508687119
1700,strict_no_prior_iri,RandomForestRegressor,65.0,80.60216661705894,-15.602166617058941,15.602166617058941,243.42760314646844
4031,strict_no_prior_iri,RandomForestRegressor,46.0,50.62333059707558,-4.623330597075579,4.623330597075579,21.375185809855232
3720,strict_no_prior_iri,RandomForestRegressor,165.0,156.08257255886454,8.917427441135459,8.917427441135459,79.5205121679157
846,strict_no_prior_iri,RandomForestRegressor,59.7,80.54637620332568,-20.846376203325676,20.846376203325676,434.571400810583
5473,strict_no_prior_iri,RandomForestRegressor,69.1,123.90074368743137,-54.80074368743138,54.80074368743138,3003.12150869555
198,strict_no_prior_iri,RandomForestRegressor,76.3,61.37803753130126,14.921962468698737,14.921962468698737,222.66496391725371
2978,strict_no_prior_iri,RandomForestRegressor,70.0,126.89481117494407,-56.89481117494407,56.89481117494407,3237.0195386325404
278,strict_no_prior_iri,RandomForestRegressor,68.0,104.64750674078992,-36.64750674078992,36.64750674078992,1343.0397503162428
2556,strict_no_prior_iri,RandomForestRegressor,146.5,111.15609638833203,35.34390361166797,35.34390361166797,1249.191522510876
3256,strict_no_prior_iri,RandomForestRegressor,148.0,162.24353235584303,-14.24353235584303,14.24353235584303,202.8782139719473
4427,strict_no_prior_iri,RandomForestRegressor,52.8,75.68237821251613,-22.88237821251613,22.88237821251613,523.6032326606329
734,strict_no_prior_iri,RandomForestRegressor,44.2,56.20951723713013,-12.009517237130126,12.009517237130126,144.2285042689256
492,strict_no_prior_iri,RandomForestRegressor,52.5,52.50131284920047,-0.0013128492004668146,0.0013128492004668146,1.7235730231663545e-06
2218,strict_no_prior_iri,RandomForestRegressor,57.0,63.061013861448366,-6.061013861448366,6.061013861448366,36.735889028669234
3656,strict_no_prior_iri,RandomForestRegressor,49.4,86.81447569039608,-37.41447569039608,37.41447569039608,1399.8429911872392
3102,strict_no_prior_iri,RandomForestRegressor,63.0,95.46219962371065,-32.462199623710646,32.462199623710646,1053.7944044096396
2385,strict_no_prior_iri,RandomForestRegressor,32.0,55.14562624432096,-23.145626244320958,23.145626244320958,535.720014241799
4265,strict_no_prior_iri,RandomForestRegressor,175.0,170.92454433550967,4.075455664490335,4.075455664490335,16.609338873226356
1839,strict_no_prior_iri,RandomForestRegressor,103.0,84.83235955377044,18.167640446229555,18.167640446229555,330.06315938347603
896,strict_no_prior_iri,RandomForestRegressor,128.6,138.94582247375996,-10.345822473759966,10.345822473759966,107.0360426585568
2515,strict_no_prior_iri,RandomForestRegressor,200.5,113.6002131080433,86.8997868919567,86.8997868919567,7551.572961867489
4743,strict_no_prior_iri,RandomForestRegressor,141.3,58.76262353084218,82.53737646915783,82.53737646915783,6812.418514411489
387,strict_no_prior_iri,RandomForestRegressor,47.0,58.64103068478289,-11.64103068478289,11.64103068478289,135.51359540405682
5129,strict_no_prior_iri,RandomForestRegressor,217.0,139.62353760508742,77.37646239491258,77.37646239491258,5987.116932751321
5792,strict_no_prior_iri,RandomForestRegressor,72.2,82.5111589934669,-10.311158993466904,10.311158993466904,106.31999978855342
1208,strict_no_prior_iri,RandomForestRegressor,58.2,66.08078409437093,-7.880784094370924,7.880784094370924,62.10675794208974
697,strict_no_prior_iri,RandomForestRegressor,73.0,71.05648264248312,1.9435173575168818,1.9435173575168818,3.777259718969403
1945,strict_no_prior_iri,RandomForestRegressor,156.0,110.80820293100805,45.191797068991946,45.191797068991946,2042.298522324949
4909,strict_no_prior_iri,RandomForestRegressor,77.8,89.24130619436637,-11.441306194366376,11.441306194366376,130.90348743324643
4312,strict_no_prior_iri,RandomForestRegressor,49.5,86.97523345363378,-37.47523345363378,37.47523345363378,1404.3931224043522
125,strict_no_prior_iri,RandomForestRegressor,46.5,72.24169903466927,-25.741699034669267,25.741699034669267,662.6350691914927
621,strict_no_prior_iri,RandomForestRegressor,148.0,136.88465001127753,11.115349988722471,11.115349988722471,123.55100537179264
1658,strict_no_prior_iri,RandomForestRegressor,40.0,77.07304788113196,-37.073047881131956,37.073047881131956,1374.4108791967026
3912,strict_no_prior_iri,RandomForestRegressor,40.8,126.0817396577916,-85.2817396577916,85.2817396577916,7272.975119059345
2563,strict_no_prior_iri,RandomForestRegressor,112.0,111.0288991961498,0.9711008038502058,0.9711008038502058,0.9430367712385159
3971,strict_no_prior_iri,RandomForestRegressor,276.0,130.02317811212862,145.97682188787138,145.97682188787138,21309.232528483324
4226,strict_no_prior_iri,RandomForestRegressor,40.5,54.442557936247304,-13.942557936247304,13.942557936247304,194.39492180561268
438,strict_no_prior_iri,RandomForestRegressor,64.6,75.68345841193035,-11.083458411930351,11.083458411930351,122.84305036898967
5107,strict_no_prior_iri,RandomForestRegressor,67.4,90.72900767390286,-23.32900767390285,23.32900767390285,544.242599049018
4481,strict_no_prior_iri,RandomForestRegressor,162.0,155.69784141249158,6.302158587508416,6.302158587508416,39.71720286210607
3918,strict_no_prior_iri,RandomForestRegressor,149.0,100.51579376312802,48.484206236871984,48.484206236871984,2350.718254419536
4382,strict_no_prior_iri,RandomForestRegressor,153.3,80.60640874562652,72.69359125437349,72.69359125437349,5284.358209457925
2941,strict_no_prior_iri,RandomForestRegressor,41.0,62.12744763494809,-21.12744763494809,21.12744763494809,446.3690435674737
2626,strict_no_prior_iri,RandomForestRegressor,177.2,182.57663198847328,-5.376631988473292,5.376631988473292,28.908171539474267
5418,strict_no_prior_iri,RandomForestRegressor,56.1,72.51740095611426,-16.417400956114257,16.417400956114257,269.5310541538213
2712,strict_no_prior_iri,RandomForestRegressor,38.0,41.341882455722136,-3.3418824557221356,3.3418824557221356,11.168178347863412
3821,strict_no_prior_iri,RandomForestRegressor,54.0,58.57290234923178,-4.572902349231782,4.572902349231782,20.911435895609554
4529,strict_no_prior_iri,RandomForestRegressor,63.0,89.7498169075287,-26.749816907528697,26.749816907528697,715.5527045863081
881,strict_no_prior_iri,RandomForestRegressor,72.6,76.64085265775901,-4.040852657759018,4.040852657759018,16.328490201718118
4805,strict_no_prior_iri,RandomForestRegressor,140.0,112.68714292537238,27.312857074627615,27.312857074627615,745.9921615790357
634,strict_no_prior_iri,RandomForestRegressor,98.1,87.2710063496672,10.82899365033279,10.82899365033279,117.2671034789479
4152,strict_no_prior_iri,RandomForestRegressor,177.0,124.30519627519186,52.69480372480814,52.69480372480814,2776.7423395960536
2547,strict_no_prior_iri,RandomForestRegressor,59.5,122.19989644086328,-62.699896440863284,62.699896440863284,3931.2770136949803
1771,strict_no_prior_iri,RandomForestRegressor,66.0,57.05491321915627,8.94508678084373,8.94508678084373,80.01457751682526
399,strict_no_prior_iri,RandomForestRegressor,53.5,56.5606193164496,-3.0606193164496034,3.0606193164496034,9.367390600224438
47,strict_no_prior_iri,RandomForestRegressor,73.4,74.74219961886682,-1.3421996188668146,1.3421996188668146,1.8014998168862224
305,strict_no_prior_iri,RandomForestRegressor,58.0,109.13005762234025,-51.130057622340246,51.130057622340246,2614.282792463834
4738,strict_no_prior_iri,RandomForestRegressor,97.5,101.77576664781712,-4.275766647817122,4.275766647817122,18.282180426585267
2810,strict_no_prior_iri,RandomForestRegressor,53.0,47.74646514292437,5.253534857075628,5.253534857075628,27.599628494508643
4544,strict_no_prior_iri,RandomForestRegressor,112.0,86.29818325536002,25.701816744639984,25.701816744639984,660.5833839750563
4684,strict_no_prior_iri,RandomForestRegressor,154.0,96.29421076183769,57.70578923816231,57.70578923816231,3329.958111599209
1013,strict_no_prior_iri,RandomForestRegressor,103.1,73.88055940579557,29.21944059420443,29.21944059420443,853.7757086382417
848,strict_no_prior_iri,RandomForestRegressor,61.1,80.1764475937668,-19.076447593766794,19.076447593766794,363.9108527977309
4356,strict_no_prior_iri,RandomForestRegressor,61.0,56.0873710099164,4.912628990083597,4.912628990083597,24.133923594209783
1300,strict_no_prior_iri,RandomForestRegressor,52.7,82.76835621511029,-30.068356215110285,30.068356215110285,904.1060454787613
4689,strict_no_prior_iri,RandomForestRegressor,83.7,154.0788407647073,-70.3788407647073,70.3788407647073,4953.181227384027
4828,strict_no_prior_iri,RandomForestRegressor,62.5,65.07802589223019,-2.578025892230187,2.578025892230187,6.646217501009251
520,strict_no_prior_iri,RandomForestRegressor,90.0,85.68298329930374,4.317016700696257,4.317016700696257,18.636633194090397
4804,strict_no_prior_iri,RandomForestRegressor,135.0,118.4241871388748,16.5758128611252,16.5758128611252,274.7575720070436
4254,strict_no_prior_iri,RandomForestRegressor,100.6,97.72489940568882,2.875100594311178,2.875100594311178,8.266203427408488
2366,strict_no_prior_iri,RandomForestRegressor,186.0,123.49299796541051,62.50700203458949,62.50700203458949,3907.125303352175
2691,strict_no_prior_iri,RandomForestRegressor,71.0,46.793733806456075,24.206266193543925,24.206266193543925,585.9433230327076
3786,strict_no_prior_iri,RandomForestRegressor,133.5,83.44538715004558,50.054612849954424,50.054612849954424,2505.4642675588225
2974,strict_no_prior_iri,RandomForestRegressor,44.0,47.886687553541776,-3.886687553541776,3.886687553541776,15.106340138856558
5298,strict_no_prior_iri,RandomForestRegressor,57.4,53.00262686215863,4.39737313784137,4.39737313784137,19.33689051340886
1431,strict_no_prior_iri,RandomForestRegressor,71.9,119.7429169906181,-47.84291699061809,47.84291699061809,2288.9447061711735
3779,strict_no_prior_iri,RandomForestRegressor,234.0,131.10887140311053,102.89112859688947,102.89112859688947,10586.584343941648
2675,strict_no_prior_iri,RandomForestRegressor,35.0,39.569227253286364,-4.569227253286364,4.569227253286364,20.87783769217485
1792,strict_no_prior_iri,RandomForestRegressor,31.0,50.9956852349301,-19.9956852349301,19.9956852349301,399.8274280144016
4323,strict_no_prior_iri,RandomForestRegressor,211.0,157.3270381820809,53.67296181791909,53.67296181791909,2880.7868303078003
4081,strict_no_prior_iri,RandomForestRegressor,71.0,97.15066598258005,-26.15066598258005,26.15066598258005,683.8573313324695
1966,strict_no_prior_iri,RandomForestRegressor,39.0,47.33284678528569,-8.332846785285689,8.332846785285689,69.43633554704604
444,strict_no_prior_iri,RandomForestRegressor,46.8,69.6261654921677,-22.826165492167704,22.826165492167704,521.0338310758276
2692,strict_no_prior_iri,RandomForestRegressor,46.0,45.98607867785283,0.013921322147169235,0.013921322147169235,0.00019380321032526465
5686,strict_no_prior_iri,RandomForestRegressor,85.5,103.3200883382231,-17.8200883382231,17.8200883382231,317.55554838207496
679,strict_no_prior_iri,RandomForestRegressor,55.0,59.95648543081705,-4.956485430817047,4.956485430817047,24.566747825901647
1447,strict_no_prior_iri,RandomForestRegressor,109.0,102.29391882893404,6.706081171065961,6.706081171065961,44.971524672925405
2929,strict_no_prior_iri,RandomForestRegressor,39.5,51.338802329572566,-11.838802329572566,11.838802329572566,140.15724059869282
3089,strict_no_prior_iri,RandomForestRegressor,44.9,61.69932688952265,-16.799326889522654,16.799326889522654,282.21738394103886
1492,strict_no_prior_iri,RandomForestRegressor,82.5,91.86414994027919,-9.36414994027919,9.36414994027919,87.68730410403077
3287,strict_no_prior_iri,RandomForestRegressor,223.0,189.00865404325808,33.991345956741924,33.991345956741924,1155.4115999509156
807,strict_no_prior_iri,RandomForestRegressor,40.9,52.99006121613451,-12.090061216134508,12.090061216134508,146.16958020987983
217,strict_no_prior_iri,RandomForestRegressor,124.0,95.94884853670317,28.051151463296833,28.051151463296833,786.86709841682
1386,strict_no_prior_iri,RandomForestRegressor,281.0,83.85192015679688,197.1480798432031,197.1480798432031,38867.36538586199
2743,strict_no_prior_iri,RandomForestRegressor,97.0,59.23819499505696,37.76180500494304,37.76180500494304,1425.9539172313414
128,strict_no_prior_iri,RandomForestRegressor,46.0,53.15076580049656,-7.150765800496558,7.150765800496558,51.133451533551174
5352,strict_no_prior_iri,RandomForestRegressor,49.6,75.59892947174632,-25.998929471746315,25.998929471746315,675.9443336768392
4983,strict_no_prior_iri,RandomForestRegressor,170.0,105.72600217677544,64.27399782322456,64.27399782322456,4131.146796179875
247,strict_no_prior_iri,RandomForestRegressor,54.0,79.07915542634642,-25.079155426346418,25.079155426346418,628.964036898841
3356,strict_no_prior_iri,RandomForestRegressor,68.5,100.57845906727891,-32.078459067278914,32.078459067278914,1029.0275361310887
3183,strict_no_prior_iri,RandomForestRegressor,113.0,122.68738024414434,-9.687380244144336,9.687380244144336,93.84533599463798
3636,strict_no_prior_iri,RandomForestRegressor,40.2,53.93692088808344,-13.73692088808344,13.73692088808344,188.7029954854631
3329,strict_no_prior_iri,RandomForestRegressor,179.8,152.4538989662975,27.346101033702524,27.346101033702524,747.8092417454662
4334,strict_no_prior_iri,RandomForestRegressor,47.8,57.022674764852376,-9.222674764852378,9.222674764852378,85.05772981824487
2863,strict_no_prior_iri,RandomForestRegressor,43.0,45.47460856867965,-2.474608568679649,2.474608568679649,6.123687568182741
1214,strict_no_prior_iri,RandomForestRegressor,50.0,64.81436394006127,-14.81436394006127,14.81436394006127,219.46537894858767
1129,strict_no_prior_iri,RandomForestRegressor,179.0,184.4074568445612,-5.40745684456121,5.40745684456121,29.24058952579188
2195,strict_no_prior_iri,RandomForestRegressor,44.0,45.27240602258858,-1.2724060225885765,1.2724060225885765,1.619017086319681
5664,strict_no_prior_iri,RandomForestRegressor,162.2,125.69441050415267,36.50558949584732,36.50558949584732,1332.658064439318
3490,strict_no_prior_iri,RandomForestRegressor,91.0,115.36041780651131,-24.360417806511308,24.360417806511308,593.4299557077932
758,strict_no_prior_iri,RandomForestRegressor,104.1,65.12546785407841,38.974532145921586,38.974532145921586,1519.014155993475
2337,strict_no_prior_iri,RandomForestRegressor,62.0,55.497184230175925,6.502815769824075,6.502815769824075,42.286612936272675
2935,strict_no_prior_iri,RandomForestRegressor,128.5,86.48044158175459,42.01955841824541,42.01955841824541,1765.6432896643387
3004,strict_no_prior_iri,RandomForestRegressor,31.0,43.90194753294899,-12.901947532948988,12.901947532948988,166.46025014296848
2017,strict_no_prior_iri,RandomForestRegressor,124.0,134.69824072902128,-10.698240729021279,10.698240729021279,114.45235469608976
2618,strict_no_prior_iri,RandomForestRegressor,120.0,108.17230342293541,11.827696577064586,11.827696577064586,139.89440631910531
4604,strict_no_prior_iri,RandomForestRegressor,172.0,109.73243131337586,62.267568686624145,62.267568686624145,3877.250110143456
5245,strict_no_prior_iri,RandomForestRegressor,38.7,42.59745144286802,-3.897451442868018,3.897451442868018,15.190127749513996
2674,strict_no_prior_iri,RandomForestRegressor,34.0,40.33023008036388,-6.330230080363883,6.330230080363883,40.071812870343734
5381,strict_no_prior_iri,RandomForestRegressor,114.0,138.46446629242593,-24.464466292425925,24.464466292425925,598.5101109732443
4048,strict_no_prior_iri,RandomForestRegressor,87.2,78.5993143225817,8.600685677418298,8.600685677418298,73.97179412174825
5100,strict_no_prior_iri,RandomForestRegressor,88.2,115.00630354547087,-26.80630354547087,26.80630354547087,718.577909771924
3383,strict_no_prior_iri,RandomForestRegressor,37.0,77.19820598712289,-40.19820598712289,40.19820598712289,1615.8957645831626
1821,strict_no_prior_iri,RandomForestRegressor,58.0,50.461274603411546,7.538725396588454,7.538725396588454,56.83238060516774
3529,strict_no_prior_iri,RandomForestRegressor,49.7,55.44647540710185,-5.746475407101848,5.746475407101848,33.02197960442634
5103,strict_no_prior_iri,RandomForestRegressor,125.6,95.83209780746336,29.76790219253664,29.76790219253664,886.1280009444276
1288,strict_no_prior_iri,RandomForestRegressor,141.0,139.70333219328458,1.2966678067154191,1.2966678067154191,1.6813474009721756
2326,strict_no_prior_iri,RandomForestRegressor,51.5,58.25812493760758,-6.758124937607583,6.758124937607583,45.6722526723135
2239,strict_no_prior_iri,RandomForestRegressor,54.0,57.51270584118944,-3.5127058411894367,3.5127058411894367,12.339102326726389
1064,strict_no_prior_iri,RandomForestRegressor,63.7,76.0804239827881,-12.380423982788102,12.380423982788102,153.2748979935948
65,strict_no_prior_iri,RandomForestRegressor,50.6,49.34672709635071,1.2532729036492896,1.2532729036492896,1.5706929710215214
1947,strict_no_prior_iri,RandomForestRegressor,127.0,102.60330133500685,24.396698664993153,24.396698664993153,595.1989057504787
5236,strict_no_prior_iri,RandomForestRegressor,37.7,50.26643784975063,-12.566437849750628,12.566437849750628,157.91536023164517
5670,strict_no_prior_iri,RandomForestRegressor,112.3,120.74905887979043,-8.449058879790428,8.449058879790428,71.38659595416549
1287,strict_no_prior_iri,RandomForestRegressor,187.0,163.26902020980617,23.730979790193828,23.730979790193828,563.1594018025879
4061,strict_no_prior_iri,RandomForestRegressor,89.0,89.4835691890392,-0.4835691890392013,0.4835691890392013,0.2338391605880308
3796,strict_no_prior_iri,RandomForestRegressor,43.3,58.3210134896756,-15.021013489675603,15.021013489675603,225.63084625701643
2681,strict_no_prior_iri,RandomForestRegressor,33.0,39.16084021708776,-6.16084021708776,6.16084021708776,37.95595218048595
5044,strict_no_prior_iri,RandomForestRegressor,68.0,61.78537173233082,6.214628267669177,6.214628267669177,38.621604505312796
3130,strict_no_prior_iri,RandomForestRegressor,51.3,67.48251176673759,-16.18251176673759,16.18251176673759,261.8736870806006
4827,strict_no_prior_iri,RandomForestRegressor,65.5,64.92105011812744,0.5789498818725605,0.5789498818725605,0.33518296572025175
3805,strict_no_prior_iri,RandomForestRegressor,92.8,73.18854095257647,19.611459047423523,19.611459047423523,384.60932596876995
5504,strict_no_prior_iri,RandomForestRegressor,62.3,75.42505076438286,-13.125050764382863,13.125050764382863,172.26695756762717
3518,strict_no_prior_iri,RandomForestRegressor,182.0,177.80504600503116,4.1949539949688415,4.1949539949688415,17.597639019905042
2952,strict_no_prior_iri,RandomForestRegressor,91.0,123.1680383741458,-32.168038374145794,32.168038374145794,1034.7826928405163
4255,strict_no_prior_iri,RandomForestRegressor,94.3,119.1244675542821,-24.82446755428211,24.82446755428211,616.2541893536052
1878,strict_no_prior_iri,RandomForestRegressor,71.5,119.12603957219454,-47.62603957219454,47.62603957219454,2268.2396453322403
4739,strict_no_prior_iri,RandomForestRegressor,191.0,119.14947590301534,71.85052409698466,71.85052409698466,5162.497813011373
1530,strict_no_prior_iri,RandomForestRegressor,49.0,109.53400662120944,-60.53400662120944,60.53400662120944,3664.3659576166287
2702,strict_no_prior_iri,RandomForestRegressor,32.0,38.68236443414906,-6.682364434149058,6.682364434149058,44.65399443078026
2755,strict_no_prior_iri,RandomForestRegressor,202.0,116.10750634385407,85.89249365614593,85.89249365614593,7377.520466471069
2206,strict_no_prior_iri,RandomForestRegressor,53.0,44.601623498904246,8.398376501095754,8.398376501095754,70.53272785415736
420,strict_no_prior_iri,RandomForestRegressor,73.3,108.01599401835409,-34.715994018354095,34.715994018354095,1205.2002406823974
2540,strict_no_prior_iri,RandomForestRegressor,63.7,60.36410414501674,3.3358958549832636,3.3358958549832636,11.12820115529452
229,strict_no_prior_iri,RandomForestRegressor,65.0,68.25043359549511,-3.2504335954951102,3.2504335954951102,10.56531855872327
4662,strict_no_prior_iri,RandomForestRegressor,70.0,80.06021448512581,-10.060214485125812,10.060214485125812,101.2079154867352
5354,strict_no_prior_iri,RandomForestRegressor,58.3,141.20505683599868,-82.90505683599868,82.90505683599868,6873.248448980171
664,strict_no_prior_iri,RandomForestRegressor,35.0,50.09282509867885,-15.092825098678851,15.092825098678851,227.79336945931027
3441,strict_no_prior_iri,RandomForestRegressor,198.5,193.27011443852086,5.229885561479136,5.229885561479136,27.351702986167943
3476,strict_no_prior_iri,RandomForestRegressor,92.5,114.63852866629169,-22.13852866629169,22.13852866629169,490.11445150821896
2746,strict_no_prior_iri,RandomForestRegressor,92.0,63.54401675648869,28.455983243511312,28.455983243511312,809.7429823549966
5049,strict_no_prior_iri,RandomForestRegressor,60.3,59.7363426685657,0.5636573314342996,0.5636573314342996,0.3177095872796359
1539,strict_no_prior_iri,RandomForestRegressor,48.5,59.16430868453208,-10.664308684532081,10.664308684532081,113.72747971898636
2567,strict_no_prior_iri,RandomForestRegressor,78.0,92.7139313816137,-14.713931381613705,14.713931381613705,216.49977670283658
1050,strict_no_prior_iri,RandomForestRegressor,74.9,91.43887807381297,-16.538878073812967,16.538878073812967,273.5344879404513
3506,strict_no_prior_iri,RandomForestRegressor,105.0,95.32383441004478,9.676165589955218,9.676165589955218,93.62818052423341
3581,strict_no_prior_iri,RandomForestRegressor,272.0,89.33347320093485,182.66652679906514,182.66652679906514,33367.06001283358
5565,strict_no_prior_iri,RandomForestRegressor,101.6,69.31991242310704,32.28008757689295,32.28008757689295,1042.0040539718786
2117,strict_no_prior_iri,RandomForestRegressor,32.0,42.65592524779651,-10.65592524779651,10.65592524779651,113.54874288662712
402,strict_no_prior_iri,RandomForestRegressor,71.5,58.548243317466586,12.951756682533414,12.951756682533414,167.74800116354896
1559,strict_no_prior_iri,RandomForestRegressor,62.2,67.14859438199923,-4.948594381999229,4.948594381999229,24.48858635755433
4188,strict_no_prior_iri,RandomForestRegressor,134.5,128.90734169460956,5.592658305390444,5.592658305390444,31.27782692085271
2440,strict_no_prior_iri,RandomForestRegressor,76.0,89.21748207878471,-13.217482078784712,13.217482078784712,174.70183250299505
586,strict_no_prior_iri,RandomForestRegressor,55.5,63.3795871730759,-7.8795871730758975,7.8795871730758975,62.08789401810221
2271,strict_no_prior_iri,RandomForestRegressor,193.0,170.08559215981825,22.914407840181752,22.914407840181752,525.070086666183
3572,strict_no_prior_iri,RandomForestRegressor,115.0,105.7563615876242,9.243638412375802,9.243638412375802,85.44485109874944
5713,strict_no_prior_iri,RandomForestRegressor,101.4,143.76995375589004,-42.36995375589004,42.36995375589004,1795.2129812762603
4153,strict_no_prior_iri,RandomForestRegressor,168.0,180.8775152219813,-12.877515221981298,12.877515221981298,165.83039829236003
1385,strict_no_prior_iri,RandomForestRegressor,125.0,151.00443020343775,-26.00443020343775,26.00443020343775,676.2303902054655
3954,strict_no_prior_iri,RandomForestRegressor,128.0,126.75878944364995,1.2412105563500546,1.2412105563500546,1.5406036451948122
1330,strict_no_prior_iri,RandomForestRegressor,98.5,83.92953286845892,14.57046713154108,14.57046713154108,212.29851243131893
513,strict_no_prior_iri,RandomForestRegressor,60.8,74.06271213888985,-13.262712138889853,13.262712138889853,175.89953327905627
4135,strict_no_prior_iri,RandomForestRegressor,82.0,95.11382735475891,-13.11382735475891,13.11382735475891,171.9724678904231
4704,strict_no_prior_iri,RandomForestRegressor,130.0,113.4955511836688,16.504448816331205,16.504448816331205,272.3968307308965
833,strict_no_prior_iri,RandomForestRegressor,127.0,164.02477228734406,-37.024772287344064,37.024772287344064,1370.833762929681
5799,strict_no_prior_iri,RandomForestRegressor,66.3,65.92011680881315,0.379883191186849,0.379883191186849,0.14431123894630407
1266,strict_no_prior_iri,RandomForestRegressor,51.0,59.19088264314921,-8.190882643149209,8.190882643149209,67.09055847384298
224,strict_no_prior_iri,RandomForestRegressor,44.0,76.88195026666915,-32.88195026666915,32.88195026666915,1081.2226533397034
4985,strict_no_prior_iri,RandomForestRegressor,112.7,89.92034102212502,22.779658977874988,22.779658977874988,518.9128631482805
635,strict_no_prior_iri,RandomForestRegressor,96.1,93.14513631263544,2.9548636873645506,2.9548636873645506,8.731219410905629
4992,strict_no_prior_iri,RandomForestRegressor,48.1,87.66359254256545,-39.56359254256545,39.56359254256545,1565.2778548741408
3905,strict_no_prior_iri,RandomForestRegressor,159.0,103.11775783067003,55.88224216932997,55.88224216932997,3122.824989871641
2593,strict_no_prior_iri,RandomForestRegressor,48.0,52.31466216865775,-4.3146621686577475,4.3146621686577475,18.616309629646377
3883,strict_no_prior_iri,RandomForestRegressor,96.2,113.96767717278745,-17.767677172787444,17.767677172787444,315.69035211639203
303,strict_no_prior_iri,RandomForestRegressor,67.5,71.04330012652783,-3.543300126527825,3.543300126527825,12.5549757866521
3527,strict_no_prior_iri,RandomForestRegressor,63.5,61.41008290635977,2.0899170936402314,2.0899170936402314,4.367753458289632
1198,strict_no_prior_iri,RandomForestRegressor,185.0,95.64028246797947,89.35971753202053,89.35971753202053,7985.159117402496
2223,strict_no_prior_iri,RandomForestRegressor,91.5,71.87872592246703,19.621274077532973,19.621274077532973,384.99439642566745
3400,strict_no_prior_iri,RandomForestRegressor,65.0,80.58411279980021,-15.58411279980021,15.58411279980021,242.8645717568967
484,strict_no_prior_iri,RandomForestRegressor,71.0,93.79154736214207,-22.79154736214207,22.79154736214207,519.4546311607651
4206,strict_no_prior_iri,RandomForestRegressor,91.7,99.96703817269325,-8.267038172693248,8.267038172693248,68.34392014876731
2197,strict_no_prior_iri,RandomForestRegressor,33.3,45.27240602258858,-11.97240602258858,11.97240602258858,143.3385059697153
2923,strict_no_prior_iri,RandomForestRegressor,79.0,63.889188115263416,15.110811884736584,15.110811884736584,228.33663581589641
4052,strict_no_prior_iri,RandomForestRegressor,74.2,92.79463881193936,-18.59463881193936,18.59463881193936,345.7605925464817
2470,strict_no_prior_iri,RandomForestRegressor,49.0,57.253220924939825,-8.253220924939825,8.253220924939825,68.11565563586458
3020,strict_no_prior_iri,RandomForestRegressor,68.0,57.536231065912055,10.463768934087945,10.463768934087945,109.49046030598396
2867,strict_no_prior_iri,RandomForestRegressor,56.5,83.29290523341699,-26.792905233416988,26.792905233416988,717.8597708468634
3810,strict_no_prior_iri,RandomForestRegressor,56.0,84.26598459490417,-28.265984594904168,28.265984594904168,798.9658851193598
1294,strict_no_prior_iri,RandomForestRegressor,113.0,135.6011456635092,-22.601145663509186,22.601145663509186,510.8117853031601
4319,strict_no_prior_iri,RandomForestRegressor,116.0,154.25308084890904,-38.253080848909036,38.253080848909036,1463.2981944331714
5019,strict_no_prior_iri,RandomForestRegressor,76.0,75.49801548752028,0.5019845124797229,0.5019845124797229,0.25198845076950505
5335,strict_no_prior_iri,RandomForestRegressor,56.0,81.43052008499635,-25.430520084996346,25.430520084996346,646.7113517934025
4862,strict_no_prior_iri,RandomForestRegressor,52.1,80.01739980854833,-27.917399808548332,27.917399808548332,779.3812120703344
4431,strict_no_prior_iri,RandomForestRegressor,198.0,134.79004569379168,63.20995430620832,63.20995430620832,3995.4983233929433
2671,strict_no_prior_iri,RandomForestRegressor,37.0,37.63333210526783,-0.6333321052678329,0.6333321052678329,0.4011095555629854
763,strict_no_prior_iri,RandomForestRegressor,41.8,50.5640049411543,-8.764004941154305,8.764004941154305,76.80778260857707
26,strict_no_prior_iri,RandomForestRegressor,73.0,84.93770510631182,-11.937705106311824,11.937705106311824,142.5088032052634
2026,strict_no_prior_iri,RandomForestRegressor,44.5,42.26645145655741,2.2335485434425877,2.2335485434425877,4.988739095914505
4975,strict_no_prior_iri,RandomForestRegressor,66.7,83.98631107160176,-17.28631107160176,17.28631107160176,298.81655046418155
1780,strict_no_prior_iri,RandomForestRegressor,103.5,102.91863805306592,0.5813619469340807,0.5813619469340807,0.3379817133429849
3833,strict_no_prior_iri,RandomForestRegressor,59.3,57.131716182446944,2.1682838175530534,2.1682838175530534,4.701454713462443
5690,strict_no_prior_iri,RandomForestRegressor,46.4,54.45650368502544,-8.05650368502544,8.05650368502544,64.9072516268285
5722,strict_no_prior_iri,RandomForestRegressor,139.0,99.24599340124281,39.75400659875719,39.75400659875719,1580.38104065403
3977,strict_no_prior_iri,RandomForestRegressor,55.0,58.63948570898363,-3.639485708983628,3.639485708983628,13.24585622589606
3991,strict_no_prior_iri,RandomForestRegressor,97.0,134.208679314598,-37.20867931459799,37.20867931459799,1384.485816336592
4442,strict_no_prior_iri,RandomForestRegressor,70.0,71.24581547076585,-1.245815470765848,1.245815470765848,1.5520561871995313
4444,strict_no_prior_iri,RandomForestRegressor,34.2,54.910022351250035,-20.710022351250032,20.710022351250032,428.9050257892759
4839,strict_no_prior_iri,RandomForestRegressor,99.5,60.90077873285532,38.59922126714468,38.59922126714468,1489.899882429994
2,strict_no_prior_iri,RandomForestRegressor,176.0,152.55548511201022,23.444514887989783,23.444514887989783,549.6452783331746
3577,strict_no_prior_iri,RandomForestRegressor,56.0,70.99459937630472,-14.99459937630472,14.99459937630472,224.8380104558779
2081,strict_no_prior_iri,RandomForestRegressor,114.5,90.13686603650339,24.363133963496608,24.363133963496608,593.5622965232819
4266,strict_no_prior_iri,RandomForestRegressor,134.0,140.87653679021884,-6.876536790218836,6.876536790218836,47.28675822723317
4047,strict_no_prior_iri,RandomForestRegressor,81.0,92.57855290629779,-11.578552906297787,11.578552906297787,134.06288740393694
3225,strict_no_prior_iri,RandomForestRegressor,59.0,65.37507655554738,-6.3750765555473805,6.3750765555473805,40.64160108908985
126,strict_no_prior_iri,RandomForestRegressor,40.3,72.27969903466925,-31.979699034669252,31.979699034669252,1022.7011503480255
2139,strict_no_prior_iri,RandomForestRegressor,61.7,49.72121843475921,11.978781565240794,11.978781565240794,143.4912077877527
4461,strict_no_prior_iri,RandomForestRegressor,65.0,87.36849182685017,-22.368491826850175,22.368491826850175,500.34942660786305
4421,strict_no_prior_iri,RandomForestRegressor,105.5,84.98929446732741,20.51070553267259,20.51070553267259,420.6890414480059
2817,strict_no_prior_iri,RandomForestRegressor,53.5,58.750161004562806,-5.2501610045628055,5.2501610045628055,27.564190573831926
4856,strict_no_prior_iri,RandomForestRegressor,155.7,89.67652845426524,66.02347154573475,66.02347154573475,4359.098794950446
928,strict_no_prior_iri,RandomForestRegressor,85.0,141.10554831457256,-56.10554831457256,56.10554831457256,3147.832551678836
5167,strict_no_prior_iri,RandomForestRegressor,191.0,116.14111439016706,74.85888560983294,74.85888560983294,5603.852754746053
5259,strict_no_prior_iri,RandomForestRegressor,46.4,63.30572767815569,-16.905727678155692,16.905727678155692,285.8036283279595
5046,strict_no_prior_iri,RandomForestRegressor,48.0,62.794727529992,-14.794727529992002,14.794727529992002,218.88396268670326
318,strict_no_prior_iri,RandomForestRegressor,35.0,53.17145794964723,-18.171457949647227,18.171457949647227,330.2018840157974
625,strict_no_prior_iri,RandomForestRegressor,112.5,104.45525148972666,8.044748510273337,8.044748510273337,64.71797859354507
13,strict_no_prior_iri,RandomForestRegressor,75.0,129.13705326265116,-54.137053262651165,54.137053262651165,2930.8205359631293
2838,strict_no_prior_iri,RandomForestRegressor,61.5,50.72876408829276,10.771235911707237,10.771235911707237,116.01952306565163
2176,strict_no_prior_iri,RandomForestRegressor,70.0,59.078562084855115,10.921437915144885,10.921437915144885,119.27780613436425
3346,strict_no_prior_iri,RandomForestRegressor,95.0,111.07707362096356,-16.07707362096356,16.07707362096356,258.4722962138824
5411,strict_no_prior_iri,RandomForestRegressor,43.2,52.5109938848063,-9.310993884806294,9.310993884806294,86.6946071229002
3389,strict_no_prior_iri,RandomForestRegressor,51.0,69.80638282034869,-18.806382820348688,18.806382820348688,353.6800347855063
901,strict_no_prior_iri,RandomForestRegressor,86.3,111.60885179046959,-25.30885179046959,25.30885179046959,640.5379789519558
1982,strict_no_prior_iri,RandomForestRegressor,63.0,48.39435493852723,14.60564506147277,14.60564506147277,213.32486766172394
653,strict_no_prior_iri,RandomForestRegressor,52.2,54.038877231312824,-1.8388772313128214,1.8388772313128214,3.381469471840708
874,strict_no_prior_iri,RandomForestRegressor,176.5,128.20343100701152,48.29656899298848,48.29656899298848,2332.5585764944967
5638,strict_no_prior_iri,RandomForestRegressor,111.3,114.75103915959781,-3.451039159597812,3.451039159597812,11.909671281077573
2980,strict_no_prior_iri,RandomForestRegressor,126.0,115.44056555143963,10.559434448560367,10.559434448560367,111.50165587344338
3171,strict_no_prior_iri,RandomForestRegressor,157.7,138.17978169723116,19.520218302768825,19.520218302768825,381.038922587751
4840,strict_no_prior_iri,RandomForestRegressor,92.0,60.60065048144497,31.399349518555027,31.399349518555027,985.9191501883819
4642,strict_no_prior_iri,RandomForestRegressor,73.2,103.0829758172322,-29.882975817232193,29.882975817232193,892.9922436932841
4510,strict_no_prior_iri,RandomForestRegressor,209.2,116.89822136442841,92.30177863557158,92.30177863557158,8519.618339290058
4300,strict_no_prior_iri,RandomForestRegressor,124.7,104.46032341751834,20.239676582481664,20.239676582481664,409.64450816345663
4742,strict_no_prior_iri,RandomForestRegressor,76.5,55.90730144374307,20.592698556256927,20.592698556256927,424.0592338288661
1489,strict_no_prior_iri,RandomForestRegressor,96.0,113.7923419617897,-17.792341961789703,17.792341961789703,316.56743248526266
4306,strict_no_prior_iri,RandomForestRegressor,38.2,65.24757238310264,-27.047572383102633,27.047572383102633,731.5711718191762
4974,strict_no_prior_iri,RandomForestRegressor,64.5,81.32691455535218,-16.826914555352175,16.826914555352175,283.1450534531229
1138,strict_no_prior_iri,RandomForestRegressor,47.6,50.19663277324477,-2.596632773244771,2.596632773244771,6.74250175908883
5145,strict_no_prior_iri,RandomForestRegressor,137.2,146.4632843698918,-9.263284369891807,9.263284369891807,85.80843731748185
1194,strict_no_prior_iri,RandomForestRegressor,37.0,103.71408412267184,-66.71408412267184,66.71408412267184,4450.769020326934
95,strict_no_prior_iri,RandomForestRegressor,37.2,52.636258921759946,-15.436258921759944,15.436258921759944,238.27808949961346
2539,strict_no_prior_iri,RandomForestRegressor,61.8,60.384020811683406,1.4159791883165909,1.4159791883165909,2.0049970617457116
3110,strict_no_prior_iri,RandomForestRegressor,69.0,72.32284924993463,-3.3228492499346345,3.3228492499346345,11.041327137791162
1654,strict_no_prior_iri,RandomForestRegressor,53.8,67.16666196042137,-13.366661960421368,13.366661960421368,178.6676519641756
4931,strict_no_prior_iri,RandomForestRegressor,145.0,79.03742687797684,65.96257312202316,65.96257312202316,4351.061052878252
5738,strict_no_prior_iri,RandomForestRegressor,45.6,84.51643836563044,-38.916438365630434,38.916438365630434,1514.4891750659124
5132,strict_no_prior_iri,RandomForestRegressor,146.0,102.26366282661132,43.73633717338868,43.73633717338868,1912.8671893443402
4270,strict_no_prior_iri,RandomForestRegressor,71.8,125.11825107143352,-53.31825107143352,53.31825107143352,2842.835897316422
5503,strict_no_prior_iri,RandomForestRegressor,46.0,91.56750241435776,-45.56750241435776,45.56750241435776,2076.3972762825006
5066,strict_no_prior_iri,RandomForestRegressor,56.5,64.6875191268972,-8.1875191268972,8.1875191268972,67.0354694533075
5037,strict_no_prior_iri,RandomForestRegressor,72.4,88.03255148788394,-15.63255148788393,15.63255148788393,244.37666602134206
537,strict_no_prior_iri,RandomForestRegressor,54.8,82.09440830622363,-27.29440830622363,27.29440830622363,744.9847247868495
3915,strict_no_prior_iri,RandomForestRegressor,54.0,92.66567489247981,-38.665674892479814,38.665674892479814,1495.034414890944
335,strict_no_prior_iri,RandomForestRegressor,63.5,80.41728021788758,-16.91728021788758,16.91728021788758,286.19436997053043
1141,strict_no_prior_iri,RandomForestRegressor,39.1,47.416739148927356,-8.316739148927354,8.316739148927354,69.16815007130089
4701,strict_no_prior_iri,RandomForestRegressor,168.0,111.2817867875188,56.7182132124812,56.7182132124812,3216.9557100164775
2731,strict_no_prior_iri,RandomForestRegressor,56.5,50.49867283436112,6.001327165638877,6.001327165638877,36.01592774903515
1687,strict_no_prior_iri,RandomForestRegressor,132.0,131.71441395073043,0.2855860492695683,0.2855860492695683,0.0815593915374003
2833,strict_no_prior_iri,RandomForestRegressor,50.2,57.24871980032026,-7.0487198003202565,7.0487198003202565,49.684450823426836
4286,strict_no_prior_iri,RandomForestRegressor,63.0,79.92380938437508,-16.923809384375076,16.923809384375076,286.4153240786619
3850,strict_no_prior_iri,RandomForestRegressor,119.0,121.5438956957745,-2.543895695774495,2.543895695774495,6.471405310980002
4012,strict_no_prior_iri,RandomForestRegressor,86.0,95.61086270258724,-9.61086270258724,9.61086270258724,92.36868188798252
923,strict_no_prior_iri,RandomForestRegressor,57.3,74.93921710150435,-17.639217101504357,17.639217101504357,311.1419799540038
3683,strict_no_prior_iri,RandomForestRegressor,133.0,117.38357735517951,15.616422644820489,15.616422644820489,243.87265622166214
4022,strict_no_prior_iri,RandomForestRegressor,52.3,69.10451211492916,-16.804512114929167,16.804512114929167,282.39162742080117
1171,strict_no_prior_iri,RandomForestRegressor,39.7,39.44693144350381,0.25306855649619564,0.25306855649619564,0.06404369428706816
627,strict_no_prior_iri,RandomForestRegressor,70.9,78.18005778784641,-7.280057787846403,7.280057787846403,52.999241394383056
5643,strict_no_prior_iri,RandomForestRegressor,187.3,105.57858095357707,81.72141904642294,81.72141904642294,6678.390330961058
3412,strict_no_prior_iri,RandomForestRegressor,51.5,48.97423930094955,2.5257606990504513,2.5257606990504513,6.379467108867824
4046,strict_no_prior_iri,RandomForestRegressor,53.0,87.02016247646638,-34.02016247646638,34.02016247646638,1157.3714549251713
5571,strict_no_prior_iri,RandomForestRegressor,81.8,77.57224367853865,4.227756321461342,4.227756321461342,17.87392351365634
2522,strict_no_prior_iri,RandomForestRegressor,38.0,44.23456296457025,-6.234562964570252,6.234562964570252,38.869775359191
912,strict_no_prior_iri,RandomForestRegressor,142.0,96.09960714952963,45.90039285047037,45.90039285047037,2106.8460638275114
2890,strict_no_prior_iri,RandomForestRegressor,35.0,48.279620097466974,-13.279620097466974,13.279620097466974,176.34830993304877
2245,strict_no_prior_iri,RandomForestRegressor,44.0,54.658226536323454,-10.658226536323454,10.658226536323454,113.59779289958945
5283,strict_no_prior_iri,RandomForestRegressor,84.1,67.78356496639582,16.31643503360418,16.31643503360418,266.2260522058258
3907,strict_no_prior_iri,RandomForestRegressor,129.6,124.95920664310889,4.640793356891109,4.640793356891109,21.53696298136465
957,strict_no_prior_iri,RandomForestRegressor,66.0,63.90086286487817,2.099137135121829,2.099137135121829,4.40637671204748
3673,strict_no_prior_iri,RandomForestRegressor,60.0,89.97221666048877,-29.97221666048877,29.97221666048877,898.3337715432806
4479,strict_no_prior_iri,RandomForestRegressor,91.0,98.4635547651275,-7.463554765127498,7.463554765127498,55.704649732057376
3308,strict_no_prior_iri,RandomForestRegressor,124.0,110.30469668195722,13.695303318042775,13.695303318042775,187.56133297319346
5225,strict_no_prior_iri,RandomForestRegressor,75.3,77.23997774877803,-1.939977748778034,1.939977748778034,3.763513665753889
993,strict_no_prior_iri,RandomForestRegressor,143.0,81.1881974568326,61.8118025431674,61.8118025431674,3820.6989336355164
875,strict_no_prior_iri,RandomForestRegressor,98.8,106.29123203220905,-7.491232032209055,7.491232032209055,56.11855736039501
5166,strict_no_prior_iri,RandomForestRegressor,99.0,78.27113669952152,20.72886330047848,20.72886330047848,429.6857737299236
4163,strict_no_prior_iri,RandomForestRegressor,96.0,104.09899659715516,-8.098996597155164,8.098996597155164,65.59374588073092
998,strict_no_prior_iri,RandomForestRegressor,57.1,77.26260077198877,-20.16260077198877,20.16260077198877,406.5304698906022
818,strict_no_prior_iri,RandomForestRegressor,73.0,95.8597016384715,-22.859701638471506,22.859701638471506,522.5659589999368
4184,strict_no_prior_iri,RandomForestRegressor,140.3,140.28877220127703,0.011227798722984517,0.011227798722984517,0.00012606346416385274
3704,strict_no_prior_iri,RandomForestRegressor,221.0,139.26598796369905,81.73401203630095,81.73401203630095,6680.448723550189
2457,strict_no_prior_iri,RandomForestRegressor,42.0,52.122186938367534,-10.122186938367534,10.122186938367534,102.45866841525832
906,strict_no_prior_iri,RandomForestRegressor,115.0,111.26654200656505,3.7334579934349534,3.7334579934349534,13.93870858874335
5486,strict_no_prior_iri,RandomForestRegressor,58.5,77.575168423992,-19.075168423991997,19.075168423991997,363.8620504036613
5202,strict_no_prior_iri,RandomForestRegressor,98.6,156.9592704434439,-58.359270443443904,58.359270443443904,3405.804446691025
2446,strict_no_prior_iri,RandomForestRegressor,47.0,53.998935167840415,-6.998935167840415,6.998935167840415,48.985093483633335
1210,strict_no_prior_iri,RandomForestRegressor,68.0,58.37013440292987,9.629865597070129,9.629865597070129,92.73431141763483
4071,strict_no_prior_iri,RandomForestRegressor,92.0,126.49246486515565,-34.492464865155654,34.492464865155654,1189.7301324739972
2302,strict_no_prior_iri,RandomForestRegressor,37.5,51.665527684055206,-14.165527684055206,14.165527684055206,200.66217456773447
238,strict_no_prior_iri,RandomForestRegressor,70.0,93.28055611830459,-23.280556118304588,23.280556118304588,541.9842931775291
5403,strict_no_prior_iri,RandomForestRegressor,45.7,55.66851148550515,-9.968511485505147,9.968511485505147,99.37122123664803
1964,strict_no_prior_iri,RandomForestRegressor,39.0,47.33284678528569,-8.332846785285689,8.332846785285689,69.43633554704604
4801,strict_no_prior_iri,RandomForestRegressor,137.0,105.74625987791374,31.253740122086256,31.253740122086256,976.7962716189043
1667,strict_no_prior_iri,RandomForestRegressor,103.7,119.39989531986852,-15.699895319868517,15.699895319868517,246.48671305482938
93,strict_no_prior_iri,RandomForestRegressor,41.7,50.33369221441206,-8.633692214412058,8.633692214412058,74.54064125319938
2546,strict_no_prior_iri,RandomForestRegressor,69.5,59.153335500248566,10.346664499751434,10.346664499751434,107.05346627041658
177,strict_no_prior_iri,RandomForestRegressor,54.2,72.79067845486014,-18.59067845486014,18.59067845486014,345.61332541200096
412,strict_no_prior_iri,RandomForestRegressor,144.0,107.7110313834506,36.2889686165494,36.2889686165494,1316.8892432529071
3152,strict_no_prior_iri,RandomForestRegressor,79.7,81.72558093837503,-2.025580938375029,2.025580938375029,4.102978137908263
5691,strict_no_prior_iri,RandomForestRegressor,49.0,51.36428340837542,-2.364283408375421,2.364283408375421,5.589836035119298
2999,strict_no_prior_iri,RandomForestRegressor,32.5,41.621647408560875,-9.121647408560875,9.121647408560875,83.20445144610532
792,strict_no_prior_iri,RandomForestRegressor,52.0,55.252561209558124,-3.252561209558124,3.252561209558124,10.579154421922205
1935,strict_no_prior_iri,RandomForestRegressor,41.0,65.1560708138629,-24.156070813862897,24.156070813862897,583.5157571643589
5329,strict_no_prior_iri,RandomForestRegressor,84.2,108.4934236697801,-24.293423669780097,24.293423669780097,590.1704335994318
4453,strict_no_prior_iri,RandomForestRegressor,55.0,85.06107576853952,-30.061075768539524,30.061075768539524,903.6682763618742
4620,strict_no_prior_iri,RandomForestRegressor,98.0,97.66959809508303,0.3304019049169682,0.3304019049169682,0.10916541877276129
852,strict_no_prior_iri,RandomForestRegressor,71.3,85.84953179011022,-14.549531790110223,14.549531790110223,211.68887531142798
5060,strict_no_prior_iri,RandomForestRegressor,51.1,52.35068578190557,-1.2506857819055668,1.2506857819055668,1.564214925060739
2007,strict_no_prior_iri,RandomForestRegressor,47.0,46.952439631751574,0.047560368248426244,0.047560368248426244,0.0022619886279259113
4263,strict_no_prior_iri,RandomForestRegressor,177.0,119.88103759848353,57.11896240151647,57.11896240151647,3262.575865825852
5133,strict_no_prior_iri,RandomForestRegressor,130.0,147.7624214842399,-17.762421484239894,17.762421484239894,315.50361698378697
3335,strict_no_prior_iri,RandomForestRegressor,42.6,45.14651080823436,-2.546510808234359,2.546510808234359,6.484717296454408
3052,strict_no_prior_iri,RandomForestRegressor,104.0,67.98708328152183,36.012916718478166,36.012916718478166,1296.9301705720443
1438,strict_no_prior_iri,RandomForestRegressor,171.0,154.1753858790344,16.824614120965606,16.824614120965606,283.06764031939525
5491,strict_no_prior_iri,RandomForestRegressor,76.7,117.02706458148946,-40.32706458148945,40.32706458148945,1626.272137759621
3782,strict_no_prior_iri,RandomForestRegressor,77.7,79.88464548113319,-2.184645481133188,2.184645481133188,4.772675878235659
4754,strict_no_prior_iri,RandomForestRegressor,121.0,60.112809665218776,60.887190334781224,60.887190334781224,3707.249946863876
3553,strict_no_prior_iri,RandomForestRegressor,61.0,62.63329955668403,-1.6332995566840296,1.6332995566840296,2.6676674418642476
585,strict_no_prior_iri,RandomForestRegressor,67.6,69.71226671702696,-2.1122667170269693,2.1122667170269693,4.461670683859891
3666,strict_no_prior_iri,RandomForestRegressor,82.0,148.449647975703,-66.44964797570299,66.44964797570299,4415.555716094848
3030,strict_no_prior_iri,RandomForestRegressor,43.0,53.25213099038728,-10.252130990387279,10.252130990387279,105.10618984405924
3232,strict_no_prior_iri,RandomForestRegressor,50.4,72.38559822868979,-21.98559822868979,21.98559822868979,483.36652947336756
1153,strict_no_prior_iri,RandomForestRegressor,107.2,99.70948575599628,7.49051424400372,7.49051424400372,56.10780363962262
3674,strict_no_prior_iri,RandomForestRegressor,74.7,74.4960786620607,0.2039213379393061,0.2039213379393061,0.041583912066956684
1451,strict_no_prior_iri,RandomForestRegressor,74.0,113.29738947260621,-39.29738947260621,39.29738947260621,1544.2848193617017
5191,strict_no_prior_iri,RandomForestRegressor,102.0,137.48579714232065,-35.48579714232065,35.48579714232065,1259.2417988259324
718,strict_no_prior_iri,RandomForestRegressor,56.7,50.13396256693314,6.56603743306686,6.56603743306686,43.11284757243524
3107,strict_no_prior_iri,RandomForestRegressor,123.0,69.11322512534794,53.88677487465206,53.88677487465206,2903.784506391433
3570,strict_no_prior_iri,RandomForestRegressor,57.5,65.01150569134437,-7.511505691344368,7.511505691344368,56.42271775109883
2370,strict_no_prior_iri,RandomForestRegressor,77.5,54.32054205619263,23.17945794380737,23.17945794380737,537.2872705687347
3204,strict_no_prior_iri,RandomForestRegressor,82.7,105.64666594991377,-22.946665949913765,22.946665949913765,526.5494782169318
1663,strict_no_prior_iri,RandomForestRegressor,121.5,121.93209855248115,-0.4320985524811505,0.4320985524811505,0.18670915905630556
3392,strict_no_prior_iri,RandomForestRegressor,105.0,81.47512267525799,23.524877324742008,23.524877324742008,553.4198531441607
5597,strict_no_prior_iri,RandomForestRegressor,71.6,76.87083874269452,-5.270838742694522,5.270838742694522,27.781741051489572
5739,strict_no_prior_iri,RandomForestRegressor,81.0,102.91112435804787,-21.91112435804787,21.91112435804787,480.09737063383875
2145,strict_no_prior_iri,RandomForestRegressor,50.0,48.742399312491486,1.2576006875085142,1.2576006875085142,1.5815594892218876
4154,strict_no_prior_iri,RandomForestRegressor,178.0,164.22497318051356,13.775026819486442,13.775026819486442,189.75136387757075
2052,strict_no_prior_iri,RandomForestRegressor,33.0,40.46272812573114,-7.4627281257311395,7.4627281257311395,55.692311078578605
2336,strict_no_prior_iri,RandomForestRegressor,49.2,55.497184230175925,-6.297184230175922,6.297184230175922,39.654529228776326
2142,strict_no_prior_iri,RandomForestRegressor,50.3,48.742399312491486,1.5576006875085113,1.5576006875085113,2.426119901726987
4774,strict_no_prior_iri,RandomForestRegressor,104.5,58.55145480286843,45.94854519713157,45.94854519713157,2111.268805732843
946,strict_no_prior_iri,RandomForestRegressor,65.8,92.58200975504431,-26.782009755044314,26.782009755044314,717.2760465192888
341,strict_no_prior_iri,RandomForestRegressor,79.8,78.57240588907402,1.2275941109259776,1.2275941109259776,1.5069873011801413
1148,strict_no_prior_iri,RandomForestRegressor,60.4,82.94718967081822,-22.54718967081822,22.54718967081822,508.37576205185184
5195,strict_no_prior_iri,RandomForestRegressor,198.0,142.55805590519748,55.44194409480252,55.44194409480252,3073.8091650112083
1511,strict_no_prior_iri,RandomForestRegressor,84.8,87.30181921065616,-2.5018192106561656,2.5018192106561656,6.259099362808239
5137,strict_no_prior_iri,RandomForestRegressor,119.4,124.22478381082381,-4.824783810823803,4.824783810823803,23.278538821187457
5683,strict_no_prior_iri,RandomForestRegressor,85.0,105.15814488554521,-20.158144885545212,20.158144885545212,406.3508052266326
893,strict_no_prior_iri,RandomForestRegressor,202.8,108.02282092706773,94.77717907293228,94.77717907293228,8982.713673022674
567,strict_no_prior_iri,RandomForestRegressor,44.0,45.7195829073722,-1.7195829073721995,1.7195829073721995,2.9569653753266265
5509,strict_no_prior_iri,RandomForestRegressor,91.0,84.35400218195178,6.645997818048215,6.645997818048215,44.16928699750164
342,strict_no_prior_iri,RandomForestRegressor,70.2,85.4168979681054,-15.2168979681054,15.2168979681054,231.55398377173023
5521,strict_no_prior_iri,RandomForestRegressor,38.0,50.75606761229437,-12.756067612294373,12.756067612294373,162.71726092942546
2662,strict_no_prior_iri,RandomForestRegressor,35.5,37.69265180991686,-2.1926518099168604,2.1926518099168604,4.807721959531683
136,strict_no_prior_iri,RandomForestRegressor,35.4,51.92181788615569,-16.521817886155688,16.521817886155688,272.970466263294
1532,strict_no_prior_iri,RandomForestRegressor,106.0,120.70054665515839,-14.70054665515839,14.70054665515839,216.10607196048855
2482,strict_no_prior_iri,RandomForestRegressor,51.0,63.496766881799765,-12.496766881799765,12.496766881799765,156.1691824980474
5342,strict_no_prior_iri,RandomForestRegressor,53.4,118.36903523156104,-64.96903523156104,64.96903523156104,4220.975538919819
4966,strict_no_prior_iri,RandomForestRegressor,67.4,68.35229723504595,-0.9522972350459469,0.9522972350459469,0.9068700238761553
1891,strict_no_prior_iri,RandomForestRegressor,52.0,59.31148615484736,-7.311486154847358,7.311486154847358,53.45782979252461
4606,strict_no_prior_iri,RandomForestRegressor,124.5,97.17372520792019,27.326274792079815,27.326274792079815,746.7252940122568
2499,strict_no_prior_iri,RandomForestRegressor,34.5,42.61956112100921,-8.119561121009212,8.119561121009212,65.92727279780438
614,strict_no_prior_iri,RandomForestRegressor,88.8,64.44797062929821,24.352029370701786,24.352029370701786,593.0213344715224
5546,strict_no_prior_iri,RandomForestRegressor,70.7,88.91437726322589,-18.214377263225884,18.214377263225884,331.7635390871201
5207,strict_no_prior_iri,RandomForestRegressor,92.6,142.2842020163031,-49.68420201630312,49.68420201630312,2468.519929996819
1146,strict_no_prior_iri,RandomForestRegressor,59.0,84.48685428986444,-25.48685428986444,25.48685428986444,649.5797415927814
4984,strict_no_prior_iri,RandomForestRegressor,114.0,88.34236269199332,25.657637308006684,25.657637308006684,658.3143522292165
2854,strict_no_prior_iri,RandomForestRegressor,50.0,44.53284432018917,5.46715567981083,5.46715567981083,29.889791227287816
5676,strict_no_prior_iri,RandomForestRegressor,60.0,90.50403130624196,-30.504031306241956,30.504031306241956,930.4959259321893
3806,strict_no_prior_iri,RandomForestRegressor,138.5,117.82090145636553,20.679098543634467,20.679098543634467,427.6251165773451
5747,strict_no_prior_iri,RandomForestRegressor,53.0,75.33964350125791,-22.33964350125791,22.33964350125791,499.0596717632948
4832,strict_no_prior_iri,RandomForestRegressor,66.0,57.65233976114181,8.34766023885819,8.34766023885819,69.68343146341397
920,strict_no_prior_iri,RandomForestRegressor,76.5,93.78795033136885,-17.287950331368847,17.287950331368847,298.87322665987625
2462,strict_no_prior_iri,RandomForestRegressor,50.5,50.29976183207005,0.2002381679299532,0.2002381679299532,0.040095323895944134
1919,strict_no_prior_iri,RandomForestRegressor,93.0,109.34696028333752,-16.346960283337523,16.346960283337523,267.2231105050144
1076,strict_no_prior_iri,RandomForestRegressor,113.0,84.19678144753416,28.803218552465836,28.803218552465836,829.6253989811121
5633,strict_no_prior_iri,RandomForestRegressor,147.0,113.39039156320347,33.609608436796535,33.609608436796535,1129.6057792747847
2428,strict_no_prior_iri,RandomForestRegressor,36.0,59.12605379866463,-23.12605379866463,23.12605379866463,534.8143642987307
2391,strict_no_prior_iri,RandomForestRegressor,66.5,58.81636626787366,7.683633732126339,7.683633732126339,59.03822732946973
5416,strict_no_prior_iri,RandomForestRegressor,73.0,80.19217682206212,-7.192176822062123,7.192176822062123,51.72740743980762
3364,strict_no_prior_iri,RandomForestRegressor,140.0,126.29663616410264,13.703363835897363,13.703363835897363,187.7821804189797
4733,strict_no_prior_iri,RandomForestRegressor,86.0,96.65016476564675,-10.65016476564675,10.65016476564675,113.42600953542349
2873,strict_no_prior_iri,RandomForestRegressor,36.0,58.20810923772963,-22.20810923772963,22.20810923772963,493.20011591493216
4490,strict_no_prior_iri,RandomForestRegressor,298.5,124.11369999161434,174.38630000838566,174.38630000838566,30410.581630614688
3439,strict_no_prior_iri,RandomForestRegressor,155.2,115.29851235642505,39.90148764357494,39.90148764357494,1592.1287161703635
5544,strict_no_prior_iri,RandomForestRegressor,82.9,106.7686119089305,-23.86861190893049,23.86861190893049,569.7106344591384
2876,strict_no_prior_iri,RandomForestRegressor,41.0,51.25125604472117,-10.251256044721167,10.251256044721167,105.08825049443226
5355,strict_no_prior_iri,RandomForestRegressor,71.5,89.34040416308392,-17.840404163083917,17.840404163083917,318.28002070218196
415,strict_no_prior_iri,RandomForestRegressor,119.5,106.83323033771586,12.666769662284139,12.666769662284139,160.44705367736185
4155,strict_no_prior_iri,RandomForestRegressor,45.0,95.04437843368208,-50.044378433682084,50.044378433682084,2504.4398128135845
1815,strict_no_prior_iri,RandomForestRegressor,50.5,51.90853374275955,-1.408533742759552,1.408533742759552,1.9839673044922315
2368,strict_no_prior_iri,RandomForestRegressor,55.4,101.51759538482993,-46.11759538482993,46.11759538482993,2126.832604078887
3747,strict_no_prior_iri,RandomForestRegressor,33.6,56.58566201118031,-22.98566201118031,22.98566201118031,528.3406580922176
5796,strict_no_prior_iri,RandomForestRegressor,125.9,83.57298699813124,42.327013001868764,42.327013001868764,1791.5760296603673
1798,strict_no_prior_iri,RandomForestRegressor,189.0,156.2988117731253,32.701188226874706,32.701188226874706,1069.367711449489
90,strict_no_prior_iri,RandomForestRegressor,35.9,51.895144618534104,-15.995144618534106,15.995144618534106,255.84465136782055
3302,strict_no_prior_iri,RandomForestRegressor,45.0,64.25832356585697,-19.25832356585697,19.25832356585697,370.88302656724187
2962,strict_no_prior_iri,RandomForestRegressor,61.3,87.22023539493529,-25.92023539493529,25.92023539493529,671.8586029288562
4543,strict_no_prior_iri,RandomForestRegressor,80.0,78.06115457601969,1.938845423980311,1.938845423980311,3.759121578089392
659,strict_no_prior_iri,RandomForestRegressor,43.9,57.01789840138888,-13.117898401388878,13.117898401388878,172.0792584691609
5720,strict_no_prior_iri,RandomForestRegressor,191.5,164.77982827863357,26.720171721366427,26.720171721366427,713.9675768193101
1019,strict_no_prior_iri,RandomForestRegressor,44.0,93.2528563793764,-49.2528563793764,49.2528563793764,2425.843861527478
2167,strict_no_prior_iri,RandomForestRegressor,35.5,43.224243402625454,-7.724243402625454,7.724243402625454,59.66393614300286
584,strict_no_prior_iri,RandomForestRegressor,42.0,72.6605977939549,-30.660597793954906,30.660597793954906,940.0722570826724
5499,strict_no_prior_iri,RandomForestRegressor,79.5,75.23370631939652,4.266293680603482,4.266293680603482,18.201261769157206
2467,strict_no_prior_iri,RandomForestRegressor,98.0,129.3710240942046,-31.371024094204614,31.371024094204614,984.1411527191665
5143,strict_no_prior_iri,RandomForestRegressor,189.3,171.92608197174016,17.37391802825985,17.37391802825985,301.8530276526927
3855,strict_no_prior_iri,RandomForestRegressor,113.0,113.19113721465804,-0.1911372146580419,0.1911372146580419,0.03653343482723439
493,strict_no_prior_iri,RandomForestRegressor,62.0,52.54980148109716,9.450198518902837,9.450198518902837,89.30625204667338
5246,strict_no_prior_iri,RandomForestRegressor,37.2,45.13980770614591,-7.939807706145906,7.939807706145906,63.04054641057392
2846,strict_no_prior_iri,RandomForestRegressor,53.0,49.4949986249944,3.505001375005598,3.505001375005598,12.285034638791133
4405,strict_no_prior_iri,RandomForestRegressor,115.0,160.41438981035805,-45.414389810358045,45.414389810358045,2062.4668018471525
1869,strict_no_prior_iri,RandomForestRegressor,54.0,63.486930808601045,-9.486930808601045,9.486930808601045,90.00185616718367
1119,strict_no_prior_iri,RandomForestRegressor,53.0,81.41857369549479,-28.418573695494786,28.418573695494786,807.6153308862681
2855,strict_no_prior_iri,RandomForestRegressor,50.0,44.53284432018917,5.46715567981083,5.46715567981083,29.889791227287816
2484,strict_no_prior_iri,RandomForestRegressor,166.0,72.12078899603576,93.87921100396424,93.87921100396424,8813.306258726841
221,strict_no_prior_iri,RandomForestRegressor,48.5,68.35252904203092,-19.852529042030923,19.852529042030923,394.1229093646812
2528,strict_no_prior_iri,RandomForestRegressor,30.5,41.670590312397195,-11.170590312397195,11.170590312397195,124.78208792742207
4587,strict_no_prior_iri,RandomForestRegressor,181.0,112.05214350055795,68.94785649944205,68.94785649944205,4753.8069158676535
1423,strict_no_prior_iri,RandomForestRegressor,110.2,94.03101008836067,16.16898991163933,16.16898991163933,261.4362347626944
2981,strict_no_prior_iri,RandomForestRegressor,263.8,157.21833637421537,106.58166362578464,106.58166362578464,11359.651021239904
4208,strict_no_prior_iri,RandomForestRegressor,92.5,97.84751094766233,-5.347510947662329,5.347510947662329,28.59587333536846
