row_id,feature_set,model_name,y_true,y_pred,residual,absolute_error,squared_error
4137,baseline_condition_allowed,ExtraTreesRegressor,67.2,71.66924166666671,-4.469241666666704,4.469241666666704,19.97412107506978
1393,baseline_condition_allowed,ExtraTreesRegressor,119.0,106.35743333333333,12.642566666666667,12.642566666666667,159.83449192111112
1802,baseline_condition_allowed,ExtraTreesRegressor,86.7,66.63667500000004,20.063324999999963,20.063324999999963,402.5370100556235
2552,baseline_condition_allowed,ExtraTreesRegressor,68.0,84.01349999999994,-16.013499999999937,16.013499999999937,256.432182249998
1606,baseline_condition_allowed,ExtraTreesRegressor,87.0,76.69531628787877,10.304683712121232,10.304683712121232,106.18650640685661
1420,baseline_condition_allowed,ExtraTreesRegressor,72.8,68.17952083333334,4.620479166666655,4.620479166666655,21.34882772960059
17,baseline_condition_allowed,ExtraTreesRegressor,87.0,101.49824999999993,-14.498249999999928,14.498249999999928,210.19925306249792
3749,baseline_condition_allowed,ExtraTreesRegressor,35.0,52.50904166666672,-17.509041666666718,17.509041666666718,306.56654008507127
3909,baseline_condition_allowed,ExtraTreesRegressor,164.0,146.13254166666675,17.867458333333246,17.867458333333246,319.2460672933997
3840,baseline_condition_allowed,ExtraTreesRegressor,69.2,67.43383333333335,1.7661666666666491,1.7661666666666491,3.1193446944443823
2562,baseline_condition_allowed,ExtraTreesRegressor,160.4,143.1652880952381,17.234711904761895,17.234711904761895,297.0352944401414
2356,baseline_condition_allowed,ExtraTreesRegressor,257.0,192.70645833333327,64.29354166666673,64.29354166666673,4133.659500043411
4899,baseline_condition_allowed,ExtraTreesRegressor,117.3,96.70616666666663,20.593833333333365,20.593833333333365,424.1059713611124
2317,baseline_condition_allowed,ExtraTreesRegressor,55.0,52.576624206349194,2.4233757936508056,2.4233757936508056,5.872750237252672
4567,baseline_condition_allowed,ExtraTreesRegressor,136.3,118.54491666666672,17.75508333333329,17.75508333333329,315.24298417360956
4594,baseline_condition_allowed,ExtraTreesRegressor,55.0,49.668166666666686,5.331833333333314,5.331833333333314,28.428446694444244
4976,baseline_condition_allowed,ExtraTreesRegressor,44.5,45.35554166666667,-0.8555416666666673,0.8555416666666673,0.7319515434027789
619,baseline_condition_allowed,ExtraTreesRegressor,63.2,59.092166666666664,4.107833333333339,4.107833333333339,16.87429469444449
824,baseline_condition_allowed,ExtraTreesRegressor,58.7,59.75462500000006,-1.0546250000000583,1.0546250000000583,1.112233890625123
3255,baseline_condition_allowed,ExtraTreesRegressor,181.3,141.64033333333336,39.65966666666665,39.65966666666665,1572.88916011111
2413,baseline_condition_allowed,ExtraTreesRegressor,62.0,65.97329166666663,-3.9732916666666256,3.9732916666666256,15.787046668402452
307,baseline_condition_allowed,ExtraTreesRegressor,126.0,99.84283333333336,26.15716666666664,26.15716666666664,684.1973680277764
847,baseline_condition_allowed,ExtraTreesRegressor,64.5,62.41852976190475,2.0814702380952497,2.0814702380952497,4.3325183520762955
864,baseline_condition_allowed,ExtraTreesRegressor,80.7,75.4478333333333,5.252166666666696,5.252166666666696,27.585254694444753
4578,baseline_condition_allowed,ExtraTreesRegressor,56.8,56.34883333333333,0.4511666666666656,0.4511666666666656,0.20355136111111016
483,baseline_condition_allowed,ExtraTreesRegressor,65.1,57.04612499999998,8.053875000000012,8.053875000000012,64.86490251562519
4217,baseline_condition_allowed,ExtraTreesRegressor,77.0,160.86699999999993,-83.86699999999993,83.86699999999993,7033.673688999988
5299,baseline_condition_allowed,ExtraTreesRegressor,35.2,37.72467857142859,-2.5246785714285878,2.5246785714285878,6.374001889030695
2454,baseline_condition_allowed,ExtraTreesRegressor,57.0,51.40244166666666,5.597558333333339,5.597558333333339,31.332659295069508
3238,baseline_condition_allowed,ExtraTreesRegressor,108.0,154.46727916666666,-46.46727916666666,46.46727916666666,2159.2080331529332
2621,baseline_condition_allowed,ExtraTreesRegressor,108.0,169.66758333333348,-61.66758333333348,61.66758333333348,3802.8908341736296
5174,baseline_condition_allowed,ExtraTreesRegressor,142.7,123.56976893939407,19.130231060605922,19.130231060605922,365.9657404321716
2736,baseline_condition_allowed,ExtraTreesRegressor,69.0,49.59731468253966,19.40268531746034,19.40268531746034,376.464197528391
2367,baseline_condition_allowed,ExtraTreesRegressor,159.0,137.42333333333335,21.576666666666654,21.576666666666654,465.55254444444387
1785,baseline_condition_allowed,ExtraTreesRegressor,108.0,129.792175,-21.792174999999986,21.792174999999986,474.8988912306244
1116,baseline_condition_allowed,ExtraTreesRegressor,65.0,119.74637499999993,-54.74637499999993,54.74637499999993,2997.165575640617
1952,baseline_condition_allowed,ExtraTreesRegressor,120.5,112.05895119047618,8.44104880952382,8.44104880952382,71.25130500476351
2619,baseline_condition_allowed,ExtraTreesRegressor,121.0,112.72185119047613,8.27814880952387,8.27814880952387,68.52774771262146
4848,baseline_condition_allowed,ExtraTreesRegressor,88.0,139.20775000000006,-51.20775000000006,51.20775000000006,2622.2336600625063
1382,baseline_condition_allowed,ExtraTreesRegressor,39.9,100.43256666666665,-60.532566666666646,60.532566666666646,3664.191627254442
789,baseline_condition_allowed,ExtraTreesRegressor,46.0,65.32804166666669,-19.328041666666692,19.328041666666692,373.57319466840374
3987,baseline_condition_allowed,ExtraTreesRegressor,140.0,131.31300000000002,8.686999999999983,8.686999999999983,75.46396899999971
4981,baseline_condition_allowed,ExtraTreesRegressor,58.6,55.86943333333329,2.7305666666667108,2.7305666666667108,7.455994321111352
5373,baseline_condition_allowed,ExtraTreesRegressor,46.5,46.064375,0.4356250000000017,0.4356250000000017,0.1897691406250015
4945,baseline_condition_allowed,ExtraTreesRegressor,100.0,105.40549999999998,-5.405499999999975,5.405499999999975,29.219430249999732
2947,baseline_condition_allowed,ExtraTreesRegressor,94.5,102.61486547619046,-8.11486547619046,8.11486547619046,65.8510416966678
4823,baseline_condition_allowed,ExtraTreesRegressor,97.0,129.92329166666664,-32.92329166666664,32.92329166666664,1083.9431341684012
418,baseline_condition_allowed,ExtraTreesRegressor,104.0,93.30864583333329,10.691354166666713,10.691354166666713,114.30505391710169
1807,baseline_condition_allowed,ExtraTreesRegressor,82.5,85.69179166666659,-3.191791666666589,3.191791666666589,10.18753404340228
3994,baseline_condition_allowed,ExtraTreesRegressor,61.8,125.4723333333334,-63.6723333333334,63.6723333333334,4054.1660321111194
3587,baseline_condition_allowed,ExtraTreesRegressor,40.7,45.399125000000005,-4.699125000000002,4.699125000000002,22.08177576562502
5721,baseline_condition_allowed,ExtraTreesRegressor,95.0,127.00491666666655,-32.004916666666546,32.004916666666546,1024.31469084027
4379,baseline_condition_allowed,ExtraTreesRegressor,117.4,127.34283333333342,-9.942833333333411,9.942833333333411,98.85993469444598
859,baseline_condition_allowed,ExtraTreesRegressor,53.0,78.96471666666669,-25.96471666666669,25.96471666666669,674.1665115802789
680,baseline_condition_allowed,ExtraTreesRegressor,75.9,65.5414083333333,10.358591666666712,10.358591666666712,107.30042131673704
2733,baseline_condition_allowed,ExtraTreesRegressor,44.5,49.15571567460315,-4.655715674603151,4.655715674603151,21.67568844274547
831,baseline_condition_allowed,ExtraTreesRegressor,51.1,54.418166666666664,-3.318166666666663,3.318166666666663,11.010230027777753
3823,baseline_condition_allowed,ExtraTreesRegressor,80.3,79.30119166666664,0.9988083333333577,0.9988083333333577,0.9976180867361598
4825,baseline_condition_allowed,ExtraTreesRegressor,145.0,124.41599999999995,20.584000000000046,20.584000000000046,423.70105600000187
4987,baseline_condition_allowed,ExtraTreesRegressor,80.6,74.8250833333333,5.774916666666698,5.774916666666698,33.3496625069448
4817,baseline_condition_allowed,ExtraTreesRegressor,86.3,84.15423333333338,2.145766666666617,2.145766666666617,4.604314587777565
3812,baseline_condition_allowed,ExtraTreesRegressor,64.0,68.22191666666669,-4.2219166666666865,4.2219166666666865,17.824580340277944
3890,baseline_condition_allowed,ExtraTreesRegressor,159.0,163.66065833333337,-4.660658333333373,4.660658333333373,21.721736100069815
4287,baseline_condition_allowed,ExtraTreesRegressor,136.5,122.81587500000003,13.684124999999966,13.684124999999966,187.25527701562407
3926,baseline_condition_allowed,ExtraTreesRegressor,61.6,58.456624999999995,3.143375000000006,3.143375000000006,9.880806390625038
1255,baseline_condition_allowed,ExtraTreesRegressor,265.0,237.68654166666667,27.31345833333333,27.31345833333333,746.0250061267359
2532,baseline_condition_allowed,ExtraTreesRegressor,101.0,143.39150000000006,-42.391500000000065,42.391500000000065,1797.0392722500055
1618,baseline_condition_allowed,ExtraTreesRegressor,47.0,57.831875000000046,-10.831875000000046,10.831875000000046,117.329516015626
4167,baseline_condition_allowed,ExtraTreesRegressor,88.5,93.06100833333338,-4.561008333333376,4.561008333333376,20.802797016736502
2513,baseline_condition_allowed,ExtraTreesRegressor,180.5,171.27277916666662,9.227220833333377,9.227220833333377,85.14160430710149
4563,baseline_condition_allowed,ExtraTreesRegressor,49.2,51.165250000000015,-1.9652500000000117,1.9652500000000117,3.862207562500046
4244,baseline_condition_allowed,ExtraTreesRegressor,94.0,90.16108267973854,3.8389173202614586,3.8389173202614586,14.737286191803419
2612,baseline_condition_allowed,ExtraTreesRegressor,137.0,119.02987500000003,17.970124999999967,17.970124999999967,322.92539251562386
1899,baseline_condition_allowed,ExtraTreesRegressor,87.0,67.9120916666666,19.087908333333402,19.087908333333402,364.3482445417387
2913,baseline_condition_allowed,ExtraTreesRegressor,45.0,52.61170416666668,-7.6117041666666765,7.6117041666666765,57.938040320850845
2344,baseline_condition_allowed,ExtraTreesRegressor,75.8,66.50900000000001,9.290999999999983,9.290999999999983,86.32268099999968
1501,baseline_condition_allowed,ExtraTreesRegressor,128.8,119.55837500000001,9.241624999999999,9.241624999999999,85.40763264062498
1044,baseline_condition_allowed,ExtraTreesRegressor,46.8,79.63557142857144,-32.83557142857144,32.83557142857144,1078.1747510408172
4876,baseline_condition_allowed,ExtraTreesRegressor,91.7,88.33204166666668,3.36795833333332,3.36795833333332,11.343143335069353
1321,baseline_condition_allowed,ExtraTreesRegressor,114.0,138.87101666666666,-24.871016666666662,24.871016666666662,618.5674700336109
2386,baseline_condition_allowed,ExtraTreesRegressor,38.0,44.53129642857142,-6.531296428571423,6.531296428571423,42.65783303786983
2762,baseline_condition_allowed,ExtraTreesRegressor,49.0,48.31878531746028,0.6812146825397178,0.6812146825397178,0.4640534437076886
546,baseline_condition_allowed,ExtraTreesRegressor,44.8,48.762308333333316,-3.9623083333333184,3.9623083333333184,15.69988732840266
1607,baseline_condition_allowed,ExtraTreesRegressor,138.0,125.81837380952385,12.181626190476152,12.181626190476152,148.39201664449453
4158,baseline_condition_allowed,ExtraTreesRegressor,141.5,121.71173333333329,19.788266666666715,19.788266666666715,391.575497671113
385,baseline_condition_allowed,ExtraTreesRegressor,84.8,71.88320833333334,12.916791666666654,12.916791666666654,166.84350696006913
533,baseline_condition_allowed,ExtraTreesRegressor,47.0,82.03516666666667,-35.03516666666667,35.03516666666667,1227.4629033611113
4337,baseline_condition_allowed,ExtraTreesRegressor,51.0,67.77350000000003,-16.773500000000027,16.773500000000027,281.3503022500009
1962,baseline_condition_allowed,ExtraTreesRegressor,33.8,40.03241853146852,-6.232418531468525,6.232418531468525,38.84304075139229
4607,baseline_condition_allowed,ExtraTreesRegressor,84.0,100.07004166666665,-16.070041666666654,16.070041666666654,258.2462391684024
1021,baseline_condition_allowed,ExtraTreesRegressor,68.2,66.64312499999997,1.5568750000000335,1.5568750000000335,2.4238597656251044
3522,baseline_condition_allowed,ExtraTreesRegressor,50.6,59.61283333333339,-9.01283333333339,9.01283333333339,81.23116469444547
2649,baseline_condition_allowed,ExtraTreesRegressor,35.0,40.625475,-5.625475000000002,5.625475000000002,31.645968975625017
69,baseline_condition_allowed,ExtraTreesRegressor,50.6,50.90919166666662,-0.3091916666666208,0.3091916666666208,0.09559948673608275
995,baseline_condition_allowed,ExtraTreesRegressor,53.4,52.585083333333365,0.8149166666666332,0.8149166666666332,0.6640891736110566
3073,baseline_condition_allowed,ExtraTreesRegressor,59.0,58.79927499999996,0.20072500000004112,0.20072500000004112,0.040290525625016504
553,baseline_condition_allowed,ExtraTreesRegressor,56.8,55.4271333333333,1.3728666666666953,1.3728666666666953,1.8847628844445232
4681,baseline_condition_allowed,ExtraTreesRegressor,101.0,90.43240624999993,10.567593750000071,10.567593750000071,111.67403766504057
1825,baseline_condition_allowed,ExtraTreesRegressor,74.7,68.65556563283207,6.044434367167938,6.044434367167938,36.53518681900087
2040,baseline_condition_allowed,ExtraTreesRegressor,40.0,42.745259645909684,-2.745259645909684,2.745259645909684,7.536450523460163
3005,baseline_condition_allowed,ExtraTreesRegressor,41.0,41.348658333333375,-0.3486583333333755,0.3486583333333755,0.12156263340280717
3879,baseline_condition_allowed,ExtraTreesRegressor,98.0,87.01729166666668,10.98270833333332,10.98270833333332,120.61988233506916
179,baseline_condition_allowed,ExtraTreesRegressor,55.6,51.2068630952381,4.393136904761903,4.393136904761903,19.299651863980994
4521,baseline_condition_allowed,ExtraTreesRegressor,265.0,238.90783333333323,26.09216666666677,26.09216666666677,680.8011613611166
431,baseline_condition_allowed,ExtraTreesRegressor,82.0,80.10370833333336,1.8962916666666416,1.8962916666666416,3.5959220850693496
1644,baseline_condition_allowed,ExtraTreesRegressor,115.0,228.69404166666672,-113.69404166666672,113.69404166666672,12926.335110501748
1006,baseline_condition_allowed,ExtraTreesRegressor,40.0,57.62320000000002,-17.62320000000002,17.62320000000002,310.57717824000065
1963,baseline_condition_allowed,ExtraTreesRegressor,36.3,48.529991666666646,-12.229991666666649,12.229991666666649,149.57269616673568
375,baseline_condition_allowed,ExtraTreesRegressor,61.2,62.693166666666656,-1.493166666666653,1.493166666666653,2.229546694444404
1082,baseline_condition_allowed,ExtraTreesRegressor,41.0,43.57542500000002,-2.575425000000017,2.575425000000017,6.632813930625088
5368,baseline_condition_allowed,ExtraTreesRegressor,39.4,46.46689999999993,-7.066899999999933,7.066899999999933,49.941075609999054
3295,baseline_condition_allowed,ExtraTreesRegressor,112.6,99.08362500000003,13.516374999999968,13.516374999999968,182.69239314062415
1351,baseline_condition_allowed,ExtraTreesRegressor,82.0,77.55833333333322,4.441666666666777,4.441666666666777,19.728402777778754
5043,baseline_condition_allowed,ExtraTreesRegressor,68.6,64.27837500000001,4.321624999999983,4.321624999999983,18.676442640624856
1544,baseline_condition_allowed,ExtraTreesRegressor,55.0,56.146874999999966,-1.146874999999966,1.146874999999966,1.3153222656249217
3593,baseline_condition_allowed,ExtraTreesRegressor,38.0,40.28651666666668,-2.286516666666678,2.286516666666678,5.228158466944497
799,baseline_condition_allowed,ExtraTreesRegressor,120.0,112.5524869047618,7.447513095238193,7.447513095238193,55.46545130374437
4589,baseline_condition_allowed,ExtraTreesRegressor,116.0,109.92745833333335,6.072541666666652,6.072541666666652,36.875762293402595
724,baseline_condition_allowed,ExtraTreesRegressor,49.0,52.79534166666661,-3.7953416666666087,3.7953416666666087,14.40461836673567
1247,baseline_condition_allowed,ExtraTreesRegressor,64.4,62.57224166666672,1.8277583333332856,1.8277583333332856,3.3407005250692703
1459,baseline_condition_allowed,ExtraTreesRegressor,84.0,74.23799166666667,9.762008333333327,9.762008333333327,95.29680670006933
1693,baseline_condition_allowed,ExtraTreesRegressor,159.0,156.62991666666662,2.3700833333333833,2.3700833333333833,5.617295006944681
4651,baseline_condition_allowed,ExtraTreesRegressor,83.0,122.07379778554785,-39.07379778554785,39.07379778554785,1526.7616733858843
97,baseline_condition_allowed,ExtraTreesRegressor,102.3,80.47177499999995,21.828225000000046,21.828225000000046,476.471406650627
1622,baseline_condition_allowed,ExtraTreesRegressor,73.0,84.4371285714286,-11.437128571428602,11.437128571428602,130.80790995938844
2640,baseline_condition_allowed,ExtraTreesRegressor,57.0,52.44296666666668,4.557033333333322,4.557033333333322,20.76655280111101
1557,baseline_condition_allowed,ExtraTreesRegressor,75.0,69.98773076923081,5.012269230769192,5.012269230769192,25.12284284171559
29,baseline_condition_allowed,ExtraTreesRegressor,111.0,100.12789166666674,10.872108333333259,10.872108333333259,118.20273961173449
3481,baseline_condition_allowed,ExtraTreesRegressor,98.0,124.12504166666663,-26.125041666666633,26.125041666666633,682.5178020850676
5077,baseline_condition_allowed,ExtraTreesRegressor,71.7,58.280065476190515,13.419934523809488,13.419934523809488,180.09464262333378
2355,baseline_condition_allowed,ExtraTreesRegressor,217.0,161.78875000000005,55.21124999999995,55.21124999999995,3048.2821265624943
3584,baseline_condition_allowed,ExtraTreesRegressor,47.6,47.889208333333315,-0.2892083333333133,0.2892083333333133,0.08364146006943286
4752,baseline_condition_allowed,ExtraTreesRegressor,50.0,47.94749545454546,2.052504545454539,2.052504545454539,4.212774909111545
3733,baseline_condition_allowed,ExtraTreesRegressor,37.0,39.283416666666646,-2.283416666666646,2.283416666666646,5.213991673611018
1925,baseline_condition_allowed,ExtraTreesRegressor,157.5,133.80995833333336,23.690041666666644,23.690041666666644,561.2180741684017
3509,baseline_condition_allowed,ExtraTreesRegressor,127.0,129.41361666666668,-2.413616666666684,2.413616666666684,5.825545413611194
5075,baseline_condition_allowed,ExtraTreesRegressor,41.7,44.20883333333335,-2.5088333333333495,2.5088333333333495,6.294244694444525
937,baseline_condition_allowed,ExtraTreesRegressor,49.0,62.94171666666667,-13.941716666666672,13.941716666666672,194.37146361361124
3485,baseline_condition_allowed,ExtraTreesRegressor,106.2,98.0185833333334,8.181416666666607,8.181416666666607,66.93557867361014
806,baseline_condition_allowed,ExtraTreesRegressor,56.1,115.36041666666661,-59.26041666666661,59.26041666666661,3511.7969835069375
1406,baseline_condition_allowed,ExtraTreesRegressor,120.0,137.42804166666664,-17.428041666666644,17.428041666666644,303.7366363350687
985,baseline_condition_allowed,ExtraTreesRegressor,102.2,92.48858333333335,9.71141666666665,9.71141666666665,94.3116136736108
3428,baseline_condition_allowed,ExtraTreesRegressor,236.0,259.65312500000016,-23.65312500000016,23.65312500000016,559.4703222656325
1256,baseline_condition_allowed,ExtraTreesRegressor,132.0,129.05869551282046,2.9413044871795364,2.9413044871795364,8.651272086302475
5748,baseline_condition_allowed,ExtraTreesRegressor,49.0,47.78670833333333,1.2132916666666702,1.2132916666666702,1.4720766684027864
1988,baseline_condition_allowed,ExtraTreesRegressor,38.0,42.06620352323113,-4.066203523231131,4.066203523231131,16.534011092337263
3142,baseline_condition_allowed,ExtraTreesRegressor,87.0,73.60657499999999,13.393425000000008,13.393425000000008,179.3838332306252
728,baseline_condition_allowed,ExtraTreesRegressor,68.5,61.656200000000005,6.8437999999999946,6.8437999999999946,46.83759843999992
3968,baseline_condition_allowed,ExtraTreesRegressor,115.5,103.56135000000002,11.938649999999981,11.938649999999981,142.53136382249954
210,baseline_condition_allowed,ExtraTreesRegressor,60.0,62.13641666666666,-2.136416666666662,2.136416666666662,4.564276173611091
1078,baseline_condition_allowed,ExtraTreesRegressor,106.0,129.9595416666666,-23.95954166666661,23.95954166666661,574.0596368767334
2160,baseline_condition_allowed,ExtraTreesRegressor,38.7,36.194029166666674,2.505970833333329,2.505970833333329,6.27988981751734
4420,baseline_condition_allowed,ExtraTreesRegressor,101.5,87.32169444444447,14.178305555555525,14.178305555555525,201.02434842669666
3099,baseline_condition_allowed,ExtraTreesRegressor,137.0,159.89003333333332,-22.89003333333332,22.89003333333332,523.9536260011106
2966,baseline_condition_allowed,ExtraTreesRegressor,69.5,75.13898333333336,-5.638983333333357,5.638983333333357,31.79813303361138
3771,baseline_condition_allowed,ExtraTreesRegressor,149.5,144.38629722222228,5.113702777777718,5.113702777777718,26.149956099451547
3266,baseline_condition_allowed,ExtraTreesRegressor,210.0,213.30070833333338,-3.3007083333333753,3.3007083333333753,10.894675501736389
1727,baseline_condition_allowed,ExtraTreesRegressor,75.0,90.37701212121213,-15.377012121212132,15.377012121212132,236.45250177590484
2997,baseline_condition_allowed,ExtraTreesRegressor,32.0,37.66608333333336,-5.666083333333361,5.666083333333361,32.10450034027809
2353,baseline_condition_allowed,ExtraTreesRegressor,78.5,69.76108333333333,8.738916666666668,8.738916666666668,76.36866450694447
3641,baseline_condition_allowed,ExtraTreesRegressor,66.5,63.79454166666664,2.705458333333361,2.705458333333361,7.319504793402928
5026,baseline_condition_allowed,ExtraTreesRegressor,109.0,95.13508055555549,13.86491944444451,13.86491944444451,192.23599120093547
4013,baseline_condition_allowed,ExtraTreesRegressor,81.4,86.47174999999999,-5.07174999999998,5.07174999999998,25.7226480624998
377,baseline_condition_allowed,ExtraTreesRegressor,40.5,49.07264623987122,-8.572646239871219,8.572646239871219,73.49026355397814
2251,baseline_condition_allowed,ExtraTreesRegressor,52.0,44.71289166666667,7.287108333333329,7.287108333333329,53.10194786173604
2965,baseline_condition_allowed,ExtraTreesRegressor,128.0,99.15629166666666,28.84370833333334,28.84370833333334,831.959510418403
962,baseline_condition_allowed,ExtraTreesRegressor,42.1,51.12945238095239,-9.029452380952385,9.029452380952385,81.5310102998867
1251,baseline_condition_allowed,ExtraTreesRegressor,61.4,111.36046666666665,-49.960466666666655,49.960466666666655,2496.04822955111
5346,baseline_condition_allowed,ExtraTreesRegressor,66.8,61.722999999999985,5.077000000000012,5.077000000000012,25.775929000000126
4509,baseline_condition_allowed,ExtraTreesRegressor,122.5,139.77175,-17.271749999999997,17.271749999999997,298.3133480624999
4566,baseline_condition_allowed,ExtraTreesRegressor,95.0,62.712749999999986,32.287250000000014,32.287250000000014,1042.4665125625008
1730,baseline_condition_allowed,ExtraTreesRegressor,164.0,145.11315000000002,18.88684999999998,18.88684999999998,356.7131029224993
2452,baseline_condition_allowed,ExtraTreesRegressor,40.0,39.568661904761896,0.43133809523810385,0.43133809523810385,0.18605255240363555
1565,baseline_condition_allowed,ExtraTreesRegressor,46.0,59.80654956140349,-13.806549561403493,13.806549561403493,190.62081079149098
3048,baseline_condition_allowed,ExtraTreesRegressor,99.0,83.08606666666662,15.913933333333375,15.913933333333375,253.2532741377791
183,baseline_condition_allowed,ExtraTreesRegressor,64.3,81.54783333333334,-17.247833333333347,17.247833333333347,297.4877546944449
5261,baseline_condition_allowed,ExtraTreesRegressor,35.2,68.09408333333337,-32.89408333333337,32.89408333333337,1082.0207183402802
5203,baseline_condition_allowed,ExtraTreesRegressor,113.0,100.10462500000007,12.89537499999993,12.89537499999993,166.2906963906232
3632,baseline_condition_allowed,ExtraTreesRegressor,238.0,182.22204166666677,55.77795833333323,55.77795833333323,3111.180635835058
1653,baseline_condition_allowed,ExtraTreesRegressor,46.5,64.52168333333333,-18.02168333333333,18.02168333333333,324.7810701669443
208,baseline_condition_allowed,ExtraTreesRegressor,68.0,82.28259107142854,-14.282591071428541,14.282591071428541,203.9924077136503
23,baseline_condition_allowed,ExtraTreesRegressor,90.5,88.0108715686275,2.4891284313725066,2.4891284313725066,6.195760347866956
1521,baseline_condition_allowed,ExtraTreesRegressor,105.6,95.51104166666666,10.088958333333338,10.088958333333338,101.7870802517362
4125,baseline_condition_allowed,ExtraTreesRegressor,114.7,106.86106249999999,7.838937500000014,7.838937500000014,61.448941128906476
3096,baseline_condition_allowed,ExtraTreesRegressor,102.0,85.31181666666673,16.68818333333327,16.68818333333327,278.49546296694234
3608,baseline_condition_allowed,ExtraTreesRegressor,129.7,125.05079166666673,4.649208333333263,4.649208333333263,21.615138126735456
2761,baseline_condition_allowed,ExtraTreesRegressor,44.0,44.0806246031746,-0.08062460317459852,0.08062460317459852,0.0065003266370614815
941,baseline_condition_allowed,ExtraTreesRegressor,68.0,68.75883333333333,-0.7588333333333281,0.7588333333333281,0.5758280277777699
3952,baseline_condition_allowed,ExtraTreesRegressor,132.0,133.5311455128205,-1.5311455128205012,1.5311455128205012,2.3444065814303556
4149,baseline_condition_allowed,ExtraTreesRegressor,66.0,62.92854166666669,3.071458333333311,3.071458333333311,9.433856293402641
1621,baseline_condition_allowed,ExtraTreesRegressor,128.0,120.5908939393939,7.409106060606106,7.409106060606106,54.894852617310136
5781,baseline_condition_allowed,ExtraTreesRegressor,94.5,93.23762500000002,1.2623749999999774,1.2623749999999774,1.593590640624943
3613,baseline_condition_allowed,ExtraTreesRegressor,120.0,108.81558333333325,11.184416666666749,11.184416666666749,125.09117617361295
1610,baseline_condition_allowed,ExtraTreesRegressor,77.0,71.21395000000003,5.786049999999975,5.786049999999975,33.478374602499706
3377,baseline_condition_allowed,ExtraTreesRegressor,42.1,42.96729166666668,-0.8672916666666808,0.8672916666666808,0.7521948350694689
1675,baseline_condition_allowed,ExtraTreesRegressor,100.0,76.88651666666668,23.11348333333332,23.11348333333332,534.2331118002771
3215,baseline_condition_allowed,ExtraTreesRegressor,36.6,39.08083333333335,-2.4808333333333508,2.4808333333333508,6.154534027777864
2507,baseline_condition_allowed,ExtraTreesRegressor,62.0,70.50912499999998,-8.509124999999983,8.509124999999983,72.40520826562471
5502,baseline_condition_allowed,ExtraTreesRegressor,178.0,170.69624999999996,7.303750000000036,7.303750000000036,53.34476406250053
58,baseline_condition_allowed,ExtraTreesRegressor,48.0,46.26367045454545,1.7363295454545522,1.7363295454545522,3.014840290418412
5108,baseline_condition_allowed,ExtraTreesRegressor,74.2,78.42376470588235,-4.2237647058823455,4.2237647058823455,17.840188290657377
1790,baseline_condition_allowed,ExtraTreesRegressor,47.0,57.10884145021646,-10.10884145021646,10.10884145021646,102.18867546561441
2989,baseline_condition_allowed,ExtraTreesRegressor,98.7,99.95393333333337,-1.2539333333333644,1.2539333333333644,1.5723488044445224
1886,baseline_condition_allowed,ExtraTreesRegressor,193.0,184.71337499999998,8.286625000000015,8.286625000000015,68.66815389062525
676,baseline_condition_allowed,ExtraTreesRegressor,58.7,44.80528333333334,13.89471666666666,13.89471666666666,193.06315124694427
4441,baseline_condition_allowed,ExtraTreesRegressor,121.0,148.51987499999998,-27.519874999999985,27.519874999999985,757.3435200156241
3453,baseline_condition_allowed,ExtraTreesRegressor,154.8,136.0934404761905,18.706559523809517,18.706559523809517,349.93536921782857
4494,baseline_condition_allowed,ExtraTreesRegressor,79.0,78.50986944444442,0.4901305555555808,0.4901305555555808,0.2402279614892223
3773,baseline_condition_allowed,ExtraTreesRegressor,125.0,111.0463083333334,13.9536916666666,13.9536916666666,194.70551112840093
4622,baseline_condition_allowed,ExtraTreesRegressor,109.0,93.58183333333331,15.418166666666693,15.418166666666693,237.71986336111192
4475,baseline_condition_allowed,ExtraTreesRegressor,58.1,59.56416666666667,-1.4641666666666708,1.4641666666666708,2.14378402777779
301,baseline_condition_allowed,ExtraTreesRegressor,135.0,156.55562499999996,-21.555624999999964,21.555624999999964,464.64496914062346
246,baseline_condition_allowed,ExtraTreesRegressor,114.0,90.88408333333332,23.115916666666678,23.115916666666678,534.3456033402783
3725,baseline_condition_allowed,ExtraTreesRegressor,200.5,161.56729166666665,38.93270833333335,38.93270833333335,1515.7557781684043
5404,baseline_condition_allowed,ExtraTreesRegressor,52.5,52.927791666666664,-0.4277916666666641,0.4277916666666641,0.18300571006944227
2589,baseline_condition_allowed,ExtraTreesRegressor,54.7,54.386547222222234,0.31345277777776914,0.31345277777776914,0.09825264389659953
1537,baseline_condition_allowed,ExtraTreesRegressor,78.0,171.60379166666667,-93.60379166666667,93.60379166666667,8761.669814376735
5385,baseline_condition_allowed,ExtraTreesRegressor,52.5,58.232949999999974,-5.732949999999974,5.732949999999974,32.866715702499704
517,baseline_condition_allowed,ExtraTreesRegressor,262.0,185.5973333333334,76.40266666666659,76.40266666666659,5837.3674737777665
2059,baseline_condition_allowed,ExtraTreesRegressor,38.0,37.82482115384618,0.17517884615381973,0.17517884615381973,0.030687628139783645
3158,baseline_condition_allowed,ExtraTreesRegressor,43.8,43.73320833333332,0.06679166666667413,0.06679166666667413,0.004461126736112108
5522,baseline_condition_allowed,ExtraTreesRegressor,45.0,40.811624999999985,4.188375000000015,4.188375000000015,17.542485140625125
2119,baseline_condition_allowed,ExtraTreesRegressor,57.0,47.19448333333334,9.805516666666662,9.805516666666662,96.14815710027769
5574,baseline_condition_allowed,ExtraTreesRegressor,125.0,129.13625000000008,-4.136250000000075,4.136250000000075,17.10856406250062
3132,baseline_condition_allowed,ExtraTreesRegressor,131.0,101.42591666666667,29.574083333333334,29.574083333333334,874.6264050069445
4066,baseline_condition_allowed,ExtraTreesRegressor,80.3,63.82100833333334,16.47899166666666,16.47899166666666,271.55716635006917
1101,baseline_condition_allowed,ExtraTreesRegressor,110.0,118.24566666666665,-8.24566666666665,8.24566666666665,67.99101877777751
1704,baseline_condition_allowed,ExtraTreesRegressor,39.1,39.46431666666666,-0.3643166666666602,0.3643166666666602,0.1327266336111064
1749,baseline_condition_allowed,ExtraTreesRegressor,47.0,45.050750000000015,1.949249999999985,1.949249999999985,3.7995755624999417
2700,baseline_condition_allowed,ExtraTreesRegressor,30.3,36.88474166666662,-6.58474166666662,6.58474166666662,43.3588228167355
2018,baseline_condition_allowed,ExtraTreesRegressor,45.0,45.456672023809524,-0.4566720238095243,0.4566720238095243,0.20854933733028674
3196,baseline_condition_allowed,ExtraTreesRegressor,168.0,148.13691666666665,19.86308333333335,19.86308333333335,394.54207950694513
1039,baseline_condition_allowed,ExtraTreesRegressor,69.0,71.03845833333338,-2.038458333333381,2.038458333333381,4.155312376736305
3737,baseline_condition_allowed,ExtraTreesRegressor,65.1,81.84358333333337,-16.743583333333376,16.743583333333376,280.3475828402792
1624,baseline_condition_allowed,ExtraTreesRegressor,83.5,82.84525000000002,0.6547499999999786,0.6547499999999786,0.428697562499972
5614,baseline_condition_allowed,ExtraTreesRegressor,102.0,98.78838125,3.2116187499999995,3.2116187499999995,10.31449499535156
1789,baseline_condition_allowed,ExtraTreesRegressor,30.0,48.68870833333331,-18.68870833333331,18.68870833333331,349.2678191684019
4809,baseline_condition_allowed,ExtraTreesRegressor,94.0,116.17808333333336,-22.178083333333362,22.178083333333362,491.86738034027906
5028,baseline_condition_allowed,ExtraTreesRegressor,90.8,89.11700000000002,1.6829999999999785,1.6829999999999785,2.832488999999928
5758,baseline_condition_allowed,ExtraTreesRegressor,42.0,43.394291666666724,-1.3942916666667244,1.3942916666667244,1.9440492517362722
5120,baseline_condition_allowed,ExtraTreesRegressor,133.0,99.09804166666663,33.90195833333337,33.90195833333337,1149.3427788350718
1011,baseline_condition_allowed,ExtraTreesRegressor,111.0,120.31774999999998,-9.317749999999975,9.317749999999975,86.82046506249954
277,baseline_condition_allowed,ExtraTreesRegressor,58.0,139.93916666666664,-81.93916666666664,81.93916666666664,6714.027034027773
5744,baseline_condition_allowed,ExtraTreesRegressor,46.0,52.42788333333333,-6.427883333333327,6.427883333333327,41.31768414694436
3835,baseline_condition_allowed,ExtraTreesRegressor,43.3,41.42936190476188,1.8706380952381139,1.8706380952381139,3.4992868833560786
2574,baseline_condition_allowed,ExtraTreesRegressor,125.3,102.03483988095242,23.26516011904758,23.26516011904758,541.267675364922
1069,baseline_condition_allowed,ExtraTreesRegressor,71.0,66.51150000000003,4.4884999999999735,4.4884999999999735,20.14663224999976
1128,baseline_condition_allowed,ExtraTreesRegressor,115.0,108.23539999999996,6.764600000000044,6.764600000000044,45.7598131600006
5302,baseline_condition_allowed,ExtraTreesRegressor,57.0,59.257625000000004,-2.2576250000000044,2.2576250000000044,5.09687064062502
4644,baseline_condition_allowed,ExtraTreesRegressor,92.2,108.18104166666667,-15.98104166666667,15.98104166666667,255.3936927517362
3761,baseline_condition_allowed,ExtraTreesRegressor,55.0,88.36282500000011,-33.362825000000115,33.362825000000115,1113.0780919806327
4400,baseline_condition_allowed,ExtraTreesRegressor,138.0,136.45603667443672,1.5439633255632828,1.5439633255632828,2.3838227506844314
5391,baseline_condition_allowed,ExtraTreesRegressor,43.5,45.52470833333332,-2.0247083333333222,2.0247083333333222,4.099443835069399
3538,baseline_condition_allowed,ExtraTreesRegressor,86.0,69.44949999999999,16.550500000000014,16.550500000000014,273.91905025000045
434,baseline_condition_allowed,ExtraTreesRegressor,165.7,126.00158333333327,39.698416666666716,39.698416666666716,1575.9642858402817
2003,baseline_condition_allowed,ExtraTreesRegressor,42.3,47.086103189090316,-4.786103189090319,4.786103189090319,22.906783736620522
4336,baseline_condition_allowed,ExtraTreesRegressor,82.5,67.88779166666666,14.612208333333342,14.612208333333342,213.51663237673637
2156,baseline_condition_allowed,ExtraTreesRegressor,34.0,33.532787500000005,0.46721249999999515,0.46721249999999515,0.21828752015624547
4116,baseline_condition_allowed,ExtraTreesRegressor,123.0,105.30945833333335,17.690541666666647,17.690541666666647,312.95526446006875
1152,baseline_condition_allowed,ExtraTreesRegressor,109.3,96.98091666666669,12.31908333333331,12.31908333333331,151.75981417361055
2661,baseline_condition_allowed,ExtraTreesRegressor,33.5,32.54483452380953,0.9551654761904729,0.9551654761904729,0.9123410869061728
5079,baseline_condition_allowed,ExtraTreesRegressor,85.1,78.93684999999999,6.163150000000002,6.163150000000002,37.98441792250002
3555,baseline_condition_allowed,ExtraTreesRegressor,72.0,65.53104166666671,6.4689583333332905,6.4689583333332905,41.847421918402226
5780,baseline_condition_allowed,ExtraTreesRegressor,36.0,64.24198076923075,-28.24198076923075,28.24198076923075,797.6094777695995
2261,baseline_condition_allowed,ExtraTreesRegressor,84.0,103.32820833333334,-19.328208333333336,19.328208333333336,373.57963737673623
1953,baseline_condition_allowed,ExtraTreesRegressor,120.5,193.41540277777784,-72.91540277777784,72.91540277777784,5316.6559622455725
4846,baseline_condition_allowed,ExtraTreesRegressor,236.0,171.29811666666666,64.70188333333334,64.70188333333334,4186.333706880278
4122,baseline_condition_allowed,ExtraTreesRegressor,184.3,194.74733333333336,-10.447333333333347,10.447333333333347,109.14677377777807
328,baseline_condition_allowed,ExtraTreesRegressor,88.1,69.25932500000003,18.840674999999962,18.840674999999962,354.97103445562357
3716,baseline_condition_allowed,ExtraTreesRegressor,155.5,135.02687608225108,20.47312391774892,20.47312391774892,419.14880295150294
2915,baseline_condition_allowed,ExtraTreesRegressor,40.5,49.67064671717165,-9.17064671717165,9.17064671717165,84.10076121117116
1594,baseline_condition_allowed,ExtraTreesRegressor,42.0,49.03815833333332,-7.038158333333321,7.038158333333321,49.53567272506927
3903,baseline_condition_allowed,ExtraTreesRegressor,101.0,83.77823823529413,17.221761764705874,17.221761764705874,296.5890782802852
3839,baseline_condition_allowed,ExtraTreesRegressor,56.8,56.55491666666665,0.24508333333334775,0.24508333333334775,0.060065840277784846
1717,baseline_condition_allowed,ExtraTreesRegressor,57.0,55.46158333333331,1.5384166666666914,1.5384166666666914,2.3667258402778537
1049,baseline_condition_allowed,ExtraTreesRegressor,53.2,63.80854999999994,-10.608549999999937,10.608549999999937,112.54133310249867
2133,baseline_condition_allowed,ExtraTreesRegressor,57.0,59.481022619047614,-2.4810226190476143,2.4810226190476143,6.155473236225884
4272,baseline_condition_allowed,ExtraTreesRegressor,154.2,146.263125,7.936874999999986,7.936874999999986,62.99398476562478
3396,baseline_condition_allowed,ExtraTreesRegressor,63.0,57.73483333333333,5.265166666666673,5.265166666666673,27.721980027777843
917,baseline_condition_allowed,ExtraTreesRegressor,78.3,70.4366666666667,7.863333333333301,7.863333333333301,61.83201111111061
3868,baseline_condition_allowed,ExtraTreesRegressor,126.0,132.78597132034633,-6.785971320346334,6.785971320346334,46.049406760562974
593,baseline_condition_allowed,ExtraTreesRegressor,48.0,70.70650000000002,-22.70650000000002,22.70650000000002,515.5851422500009
2129,baseline_condition_allowed,ExtraTreesRegressor,40.0,39.93996666666667,0.06003333333332961,0.06003333333332961,0.003604001111110664
4436,baseline_condition_allowed,ExtraTreesRegressor,136.0,134.43428333333338,1.5657166666666171,1.5657166666666171,2.4514686802776224
3307,baseline_condition_allowed,ExtraTreesRegressor,65.5,95.36841666666668,-29.868416666666675,29.868416666666675,892.1223141736116
2021,baseline_condition_allowed,ExtraTreesRegressor,38.5,39.597992658730135,-1.097992658730135,1.097992658730135,1.2055878786252707
1657,baseline_condition_allowed,ExtraTreesRegressor,46.2,115.1139166666667,-68.9139166666667,68.9139166666667,4749.127910340281
3732,baseline_condition_allowed,ExtraTreesRegressor,60.1,56.85162499999995,3.2483750000000526,3.2483750000000526,10.551940140625343
1888,baseline_condition_allowed,ExtraTreesRegressor,215.0,162.30737990196081,52.692620098039185,52.692620098039185,2776.512212796283
2939,baseline_condition_allowed,ExtraTreesRegressor,53.0,50.190883333333346,2.809116666666654,2.809116666666654,7.8911364469443726
4321,baseline_condition_allowed,ExtraTreesRegressor,181.0,148.67419299719893,32.32580700280107,32.32580700280107,1044.9577983823428
5097,baseline_condition_allowed,ExtraTreesRegressor,75.0,94.79016666666662,-19.79016666666662,19.79016666666662,391.6506966944427
942,baseline_condition_allowed,ExtraTreesRegressor,65.2,78.0126083333333,-12.812608333333301,12.812608333333301,164.16293230340196
5222,baseline_condition_allowed,ExtraTreesRegressor,65.0,64.731125,0.2688749999999942,0.2688749999999942,0.07229376562499688
3659,baseline_condition_allowed,ExtraTreesRegressor,45.2,51.84771666666668,-6.647716666666675,6.647716666666675,44.192136880277886
5603,baseline_condition_allowed,ExtraTreesRegressor,85.1,75.83129166666666,9.268708333333336,9.268708333333336,85.90895416840283
2144,baseline_condition_allowed,ExtraTreesRegressor,50.0,47.78940714285714,2.2105928571428635,2.2105928571428635,4.886720780051048
5728,baseline_condition_allowed,ExtraTreesRegressor,51.6,70.31422303921573,-18.71422303921573,18.71422303921573,350.22214396151287
1507,baseline_condition_allowed,ExtraTreesRegressor,47.0,51.61658333333333,-4.616583333333331,4.616583333333331,21.31284167361109
1852,baseline_condition_allowed,ExtraTreesRegressor,86.0,72.07969246031743,13.920307539682568,13.920307539682568,193.77496199934336
835,baseline_condition_allowed,ExtraTreesRegressor,123.0,151.54008333333334,-28.540083333333342,28.540083333333342,814.5363566736116
227,baseline_condition_allowed,ExtraTreesRegressor,65.3,62.322749999999985,2.977250000000012,2.977250000000012,8.864017562500072
2573,baseline_condition_allowed,ExtraTreesRegressor,129.5,108.0790321428571,21.420967857142898,21.420967857142898,458.8578639367492
5030,baseline_condition_allowed,ExtraTreesRegressor,58.2,90.35932500000001,-32.15932500000001,32.15932500000001,1034.2221844556257
4283,baseline_condition_allowed,ExtraTreesRegressor,59.7,89.13766666666673,-29.43766666666673,29.43766666666673,866.5762187777815
1238,baseline_condition_allowed,ExtraTreesRegressor,176.0,114.79179166666663,61.208208333333374,61.208208333333374,3746.4447673767413
3663,baseline_condition_allowed,ExtraTreesRegressor,132.5,205.00396666666677,-72.50396666666677,72.50396666666677,5256.825182401126
2130,baseline_condition_allowed,ExtraTreesRegressor,48.0,47.43511666666669,0.564883333333313,0.564883333333313,0.3190931802777548
4354,baseline_condition_allowed,ExtraTreesRegressor,56.0,49.623904761904775,6.376095238095225,6.376095238095225,40.6545904852606
4023,baseline_condition_allowed,ExtraTreesRegressor,74.4,62.4069416666667,11.993058333333309,11.993058333333309,143.83344818673552
1135,baseline_condition_allowed,ExtraTreesRegressor,146.0,165.86678611111114,-19.86678611111114,19.86678611111114,394.68919038463844
292,baseline_condition_allowed,ExtraTreesRegressor,107.0,90.78412500000002,16.215874999999983,16.215874999999983,262.95460201562446
3777,baseline_condition_allowed,ExtraTreesRegressor,99.0,92.51742500000006,6.48257499999994,6.48257499999994,42.02377863062423
1057,baseline_condition_allowed,ExtraTreesRegressor,51.5,81.04775000000002,-29.547750000000022,29.547750000000022,873.0695300625013
1187,baseline_condition_allowed,ExtraTreesRegressor,60.7,57.97874999999999,2.721250000000012,2.721250000000012,7.405201562500065
1422,baseline_condition_allowed,ExtraTreesRegressor,102.4,101.60279166666669,0.797208333333316,0.797208333333316,0.6355411267360834
3990,baseline_condition_allowed,ExtraTreesRegressor,85.0,107.55166666666666,-22.551666666666662,22.551666666666662,508.57766944444427
4103,baseline_condition_allowed,ExtraTreesRegressor,176.0,156.63112083333328,19.368879166666716,19.368879166666716,375.15348017293593
1272,baseline_condition_allowed,ExtraTreesRegressor,54.0,53.49870833333332,0.5012916666666811,0.5012916666666811,0.25129333506945895
3037,baseline_condition_allowed,ExtraTreesRegressor,111.0,165.63041666666672,-54.63041666666672,54.63041666666672,2984.482425173617
4093,baseline_condition_allowed,ExtraTreesRegressor,97.0,154.05169166666667,-57.05169166666667,57.05169166666667,3254.8955220284033
3267,baseline_condition_allowed,ExtraTreesRegressor,128.5,132.65879166666667,-4.158791666666673,4.158791666666673,17.29554812673616
2925,baseline_condition_allowed,ExtraTreesRegressor,65.5,96.29668214285712,-30.796682142857122,30.796682142857122,948.4356310081747
1310,baseline_condition_allowed,ExtraTreesRegressor,48.0,42.2593666666666,5.740633333333399,5.740633333333399,32.954871067778534
1636,baseline_condition_allowed,ExtraTreesRegressor,77.0,81.54066666666665,-4.540666666666652,4.540666666666652,20.617653777777647
742,baseline_condition_allowed,ExtraTreesRegressor,91.0,83.79462500000001,7.205374999999989,7.205374999999989,51.91742889062485
498,baseline_condition_allowed,ExtraTreesRegressor,96.0,57.418516666666626,38.581483333333374,38.581483333333374,1488.5308562002808
3962,baseline_condition_allowed,ExtraTreesRegressor,145.5,128.3922083333334,17.1077916666666,17.1077916666666,292.6765357100672
4686,baseline_condition_allowed,ExtraTreesRegressor,76.0,71.64600000000002,4.353999999999985,4.353999999999985,18.95731599999987
1822,baseline_condition_allowed,ExtraTreesRegressor,46.0,44.9840303030303,1.015969696969698,1.015969696969698,1.0321944251607
5360,baseline_condition_allowed,ExtraTreesRegressor,175.0,123.69291666666668,51.307083333333324,51.307083333333324,2632.41680017361
2201,baseline_condition_allowed,ExtraTreesRegressor,56.0,56.70218779761916,-0.7021877976191604,0.7021877976191604,0.49306770312524695
506,baseline_condition_allowed,ExtraTreesRegressor,44.0,51.160583333333335,-7.160583333333335,7.160583333333335,51.27395367361114
3875,baseline_condition_allowed,ExtraTreesRegressor,182.7,97.47408333333334,85.22591666666665,85.22591666666665,7263.4568716736085
18,baseline_condition_allowed,ExtraTreesRegressor,65.5,122.04929166666663,-56.54929166666663,56.54929166666663,3197.822388001732
2711,baseline_condition_allowed,ExtraTreesRegressor,46.0,46.04179166666666,-0.04179166666666134,0.04179166666666134,0.0017465434027773327
5733,baseline_condition_allowed,ExtraTreesRegressor,78.8,95.78829166666668,-16.988291666666683,16.988291666666683,288.60205375173666
163,baseline_condition_allowed,ExtraTreesRegressor,71.0,60.56337499999999,10.436625000000006,10.436625000000006,108.92314139062513
1929,baseline_condition_allowed,ExtraTreesRegressor,154.0,80.49979166666668,73.50020833333332,73.50020833333332,5402.2806250434005
321,baseline_condition_allowed,ExtraTreesRegressor,72.7,77.74955000000003,-5.049550000000025,5.049550000000025,25.49795520250025
3694,baseline_condition_allowed,ExtraTreesRegressor,58.0,50.42337499999997,7.576625000000028,7.576625000000028,57.40524639062543
3955,baseline_condition_allowed,ExtraTreesRegressor,82.7,86.81345833333332,-4.113458333333313,4.113458333333313,16.920539460069275
5184,baseline_condition_allowed,ExtraTreesRegressor,44.5,77.22912499999998,-32.72912499999998,32.72912499999998,1071.195623265624
4358,baseline_condition_allowed,ExtraTreesRegressor,41.7,41.908375,-0.20837499999999665,0.20837499999999665,0.043420140624998604
5529,baseline_condition_allowed,ExtraTreesRegressor,62.0,137.29125000000002,-75.29125000000002,75.29125000000002,5668.772326562503
865,baseline_condition_allowed,ExtraTreesRegressor,55.2,90.73827499999997,-35.53827499999997,35.53827499999997,1262.968989975623
5062,baseline_condition_allowed,ExtraTreesRegressor,60.7,53.69020833333333,7.009791666666672,7.009791666666672,49.13717921006952
2175,baseline_condition_allowed,ExtraTreesRegressor,52.0,55.686633333333305,-3.6866333333333046,3.6866333333333046,13.591265334444232
359,baseline_condition_allowed,ExtraTreesRegressor,59.0,125.39591666666662,-66.39591666666662,66.39591666666662,4408.417750006938
5775,baseline_condition_allowed,ExtraTreesRegressor,146.0,118.96974999999995,27.030250000000052,27.030250000000052,730.6344150625029
2260,baseline_condition_allowed,ExtraTreesRegressor,183.0,170.80810000000005,12.191899999999947,12.191899999999947,148.6424256099987
2495,baseline_condition_allowed,ExtraTreesRegressor,39.3,38.83913214285715,0.4608678571428442,0.4608678571428442,0.21239918174743702
3309,baseline_condition_allowed,ExtraTreesRegressor,142.8,116.04933333333334,26.750666666666675,26.750666666666675,715.5981671111115
1220,baseline_condition_allowed,ExtraTreesRegressor,72.5,66.57958333333336,5.92041666666664,5.92041666666664,35.051333506944125
5500,baseline_condition_allowed,ExtraTreesRegressor,40.0,51.24645833333334,-11.246458333333337,11.246458333333337,126.48282504340285
1961,baseline_condition_allowed,ExtraTreesRegressor,34.0,41.70603996003998,-7.7060399600399805,7.7060399600399805,59.38305186573299
490,baseline_condition_allowed,ExtraTreesRegressor,68.0,59.70828333333338,8.291716666666623,8.291716666666623,68.75256528027705
4302,baseline_condition_allowed,ExtraTreesRegressor,120.0,108.9815500000001,11.018449999999902,11.018449999999902,121.40624040249784
133,baseline_condition_allowed,ExtraTreesRegressor,61.0,62.02519999999998,-1.0251999999999768,1.0251999999999768,1.0510350399999524
1575,baseline_condition_allowed,ExtraTreesRegressor,96.5,85.79229166666666,10.707708333333343,10.707708333333343,114.65501775173632
4950,baseline_condition_allowed,ExtraTreesRegressor,63.0,68.62708333333332,-5.627083333333317,5.627083333333317,31.664066840277595
2491,baseline_condition_allowed,ExtraTreesRegressor,53.0,72.12510039682546,-19.12510039682546,19.12510039682546,365.7694651886533
3119,baseline_condition_allowed,ExtraTreesRegressor,42.2,42.926416666666654,-0.7264166666666512,0.7264166666666512,0.5276811736110886
96,baseline_condition_allowed,ExtraTreesRegressor,41.7,41.16624999999999,0.5337500000000119,0.5337500000000119,0.2848890625000127
1887,baseline_condition_allowed,ExtraTreesRegressor,206.0,195.26158333333322,10.73841666666678,10.73841666666678,115.31359250694686
1193,baseline_condition_allowed,ExtraTreesRegressor,226.3,180.35437500000006,45.94562499999995,45.94562499999995,2111.0004566406205
5345,baseline_condition_allowed,ExtraTreesRegressor,79.8,75.03941666666665,4.760583333333344,4.760583333333344,22.66315367361121
2234,baseline_condition_allowed,ExtraTreesRegressor,57.5,54.77560945945953,2.724390540540469,2.724390540540469,7.422303817386388
3173,baseline_condition_allowed,ExtraTreesRegressor,169.5,153.5097861111111,15.990213888888889,15.990213888888889,255.68694021241512
369,baseline_condition_allowed,ExtraTreesRegressor,115.7,91.60964166666665,24.090358333333356,24.090358333333356,580.3453646284039
216,baseline_condition_allowed,ExtraTreesRegressor,168.2,139.58425,28.61574999999999,28.61574999999999,818.8611480624995
4528,baseline_condition_allowed,ExtraTreesRegressor,78.0,65.94991666666668,12.050083333333319,12.050083333333319,145.20450834027744
3206,baseline_condition_allowed,ExtraTreesRegressor,143.0,131.18579166666663,11.814208333333369,11.814208333333369,139.5755185434036
4357,baseline_condition_allowed,ExtraTreesRegressor,63.2,55.910916666666665,7.289083333333338,7.289083333333338,53.130735840277836
3127,baseline_condition_allowed,ExtraTreesRegressor,84.0,81.3706994047619,2.6293005952381066,2.6293005952381066,6.913221620119462
4074,baseline_condition_allowed,ExtraTreesRegressor,166.5,160.2713958333333,6.228604166666713,6.228604166666713,38.79550986501794
4274,baseline_condition_allowed,ExtraTreesRegressor,53.0,50.24939166666669,2.750608333333311,2.750608333333311,7.565846203402654
3258,baseline_condition_allowed,ExtraTreesRegressor,48.7,50.06091666666669,-1.3609166666666894,1.3609166666666894,1.8520941736111731
878,baseline_condition_allowed,ExtraTreesRegressor,111.2,102.26928333333333,8.930716666666669,8.930716666666669,79.75770018027782
1303,baseline_condition_allowed,ExtraTreesRegressor,53.5,55.987385416666676,-2.487385416666676,2.487385416666676,6.187086211046053
5218,baseline_condition_allowed,ExtraTreesRegressor,126.0,154.03250000000006,-28.032500000000056,28.032500000000056,785.8210562500032
1975,baseline_condition_allowed,ExtraTreesRegressor,54.0,45.549100865800845,8.450899134199155,8.450899134199155,71.41769617640801
2480,baseline_condition_allowed,ExtraTreesRegressor,96.0,80.78883928571437,15.211160714285626,15.211160714285626,231.3794102758264
233,baseline_condition_allowed,ExtraTreesRegressor,60.0,58.68008333333334,1.319916666666657,1.319916666666657,1.742180006944419
3799,baseline_condition_allowed,ExtraTreesRegressor,58.0,52.842208333333375,5.1577916666666255,5.1577916666666255,26.602814876735685
2566,baseline_condition_allowed,ExtraTreesRegressor,85.2,94.21868333333336,-9.018683333333357,9.018683333333357,81.33664906694487
3249,baseline_condition_allowed,ExtraTreesRegressor,123.9,113.27863690476183,10.62136309523818,10.62136309523818,112.81335400088759
4218,baseline_condition_allowed,ExtraTreesRegressor,91.3,120.98816666666666,-29.68816666666666,29.68816666666666,881.3872400277774
4699,baseline_condition_allowed,ExtraTreesRegressor,122.0,116.77559722222217,5.224402777777826,5.224402777777826,27.294384384452663
4414,baseline_condition_allowed,ExtraTreesRegressor,47.0,47.49999999999998,-0.4999999999999787,0.4999999999999787,0.24999999999997868
4818,baseline_condition_allowed,ExtraTreesRegressor,88.0,81.90029166666673,6.099708333333268,6.099708333333268,37.20644175173532
1708,baseline_condition_allowed,ExtraTreesRegressor,49.0,52.82411111111111,-3.824111111111108,3.824111111111108,14.623825790123433
2638,baseline_condition_allowed,ExtraTreesRegressor,63.0,61.411102272727284,1.588897727272716,1.588897727272716,2.5245959877324022
1043,baseline_condition_allowed,ExtraTreesRegressor,43.5,80.32507142857142,-36.82507142857142,36.82507142857142,1356.085885719387
2676,baseline_condition_allowed,ExtraTreesRegressor,32.0,34.37058965201464,-2.370589652014637,2.370589652014637,5.619695298238876
34,baseline_condition_allowed,ExtraTreesRegressor,35.9,73.94521944444453,-38.045219444444534,38.045219444444534,1447.4387225759403
5723,baseline_condition_allowed,ExtraTreesRegressor,59.0,91.23566666666672,-32.23566666666672,32.23566666666672,1039.1382054444477
3126,baseline_condition_allowed,ExtraTreesRegressor,51.0,49.9575,1.0424999999999969,1.0424999999999969,1.0868062499999935
4063,baseline_condition_allowed,ExtraTreesRegressor,70.0,68.0214166666667,1.9785833333333045,1.9785833333333045,3.9147920069443303
2204,baseline_condition_allowed,ExtraTreesRegressor,32.0,53.34983809523813,-21.349838095238127,21.349838095238127,455.81558669288114
310,baseline_condition_allowed,ExtraTreesRegressor,40.5,54.63677619047618,-14.136776190476184,14.136776190476184,199.84844105961432
3090,baseline_condition_allowed,ExtraTreesRegressor,355.0,260.8442916666666,94.1557083333334,94.1557083333334,8865.297411751748
2750,baseline_condition_allowed,ExtraTreesRegressor,40.0,45.71232878787879,-5.712328787878789,5.712328787878789,32.630700180828754
4872,baseline_condition_allowed,ExtraTreesRegressor,63.7,64.9962916666667,-1.2962916666667041,1.2962916666667041,1.6803720850695416
4640,baseline_condition_allowed,ExtraTreesRegressor,113.5,108.28183333333331,5.21816666666669,5.21816666666669,27.229263361111354
4377,baseline_condition_allowed,ExtraTreesRegressor,196.0,174.10925595238095,21.89074404761905,21.89074404761905,479.2046749583689
4393,baseline_condition_allowed,ExtraTreesRegressor,170.7,169.4455416666667,1.2544583333332753,1.2544583333332753,1.5736657100692988
5290,baseline_condition_allowed,ExtraTreesRegressor,78.0,69.07644166666667,8.923558333333332,8.923558333333332,79.62989332840276
4954,baseline_condition_allowed,ExtraTreesRegressor,63.5,63.314158333333324,0.18584166666667556,0.18584166666667556,0.034537125069447755
368,baseline_condition_allowed,ExtraTreesRegressor,83.3,73.02707499999998,10.272925000000015,10.272925000000015,105.53298805562531
2768,baseline_condition_allowed,ExtraTreesRegressor,45.5,46.35930555555556,-0.859305555555558,0.859305555555558,0.7384060378086461
185,baseline_condition_allowed,ExtraTreesRegressor,44.0,59.58933333333338,-15.589333333333379,15.589333333333379,243.0273137777792
2418,baseline_condition_allowed,ExtraTreesRegressor,45.5,41.5418976190476,3.958102380952397,3.958102380952397,15.666574458101033
595,baseline_condition_allowed,ExtraTreesRegressor,51.2,65.31408333333337,-14.114083333333369,14.114083333333369,199.20734834027877
4845,baseline_condition_allowed,ExtraTreesRegressor,158.0,124.25624999999997,33.743750000000034,33.743750000000034,1138.6406640625023
3665,baseline_condition_allowed,ExtraTreesRegressor,40.0,41.17662499999999,-1.1766249999999872,1.1766249999999872,1.3844463906249698
3484,baseline_condition_allowed,ExtraTreesRegressor,133.5,141.03973717948713,-7.539737179487133,7.539737179487133,56.84763673574059
4806,baseline_condition_allowed,ExtraTreesRegressor,163.0,144.46004166666668,18.539958333333317,18.539958333333317,343.7300550017355
1305,baseline_condition_allowed,ExtraTreesRegressor,39.2,44.36082142857137,-5.160821428571367,5.160821428571367,26.63407781760141
3928,baseline_condition_allowed,ExtraTreesRegressor,75.1,69.12723333333334,5.972766666666658,5.972766666666658,35.67394165444434
1531,baseline_condition_allowed,ExtraTreesRegressor,84.0,70.41716666666666,13.58283333333334,13.58283333333334,184.4933613611113
1862,baseline_condition_allowed,ExtraTreesRegressor,70.5,64.14872222222219,6.35127777777781,6.35127777777781,40.33872941049423
3235,baseline_condition_allowed,ExtraTreesRegressor,335.0,234.20625,100.79374999999999,100.79374999999999,10159.380039062498
3270,baseline_condition_allowed,ExtraTreesRegressor,204.5,196.94105833333325,7.558941666666755,7.558941666666755,57.137599120070774
2527,baseline_condition_allowed,ExtraTreesRegressor,62.0,62.992658333333345,-0.9926583333333454,0.9926583333333454,0.9853705667361351
3233,baseline_condition_allowed,ExtraTreesRegressor,75.0,68.5834531328321,6.416546867167895,6.416546867167895,41.17207369856213
1561,baseline_condition_allowed,ExtraTreesRegressor,109.0,107.70735416666673,1.2926458333332675,1.2926458333332675,1.6709332504338577
1215,baseline_condition_allowed,ExtraTreesRegressor,89.0,69.495875,19.504125000000002,19.504125000000002,380.41089201562505
612,baseline_condition_allowed,ExtraTreesRegressor,79.0,75.88065530303032,3.1193446969696765,3.1193446969696765,9.730311338512843
514,baseline_condition_allowed,ExtraTreesRegressor,79.4,63.70975000000001,15.690249999999999,15.690249999999999,246.18394506249996
4571,baseline_condition_allowed,ExtraTreesRegressor,61.8,54.176083333333274,7.623916666666723,7.623916666666723,58.12410534027864
5324,baseline_condition_allowed,ExtraTreesRegressor,51.1,54.80429166666665,-3.7042916666666486,3.7042916666666486,13.721776751735977
1200,baseline_condition_allowed,ExtraTreesRegressor,70.0,61.080333333333385,8.919666666666615,8.919666666666615,79.56045344444351
496,baseline_condition_allowed,ExtraTreesRegressor,79.5,51.84514166666665,27.65485833333335,27.65485833333335,764.7911894367371
1986,baseline_condition_allowed,ExtraTreesRegressor,45.0,41.45591602323115,3.544083976768853,3.544083976768853,12.560531234389728
5312,baseline_condition_allowed,ExtraTreesRegressor,69.9,68.34104166666664,1.558958333333365,1.558958333333365,2.430351085069543
2310,baseline_condition_allowed,ExtraTreesRegressor,62.0,55.66615327380951,6.333846726190487,6.333846726190487,40.11761435087395
4971,baseline_condition_allowed,ExtraTreesRegressor,77.0,76.70495833333331,0.29504166666669107,0.29504166666669107,0.08704958506945884
1336,baseline_condition_allowed,ExtraTreesRegressor,58.0,65.23329166666669,-7.2332916666666875,7.2332916666666875,52.320508335069746
4027,baseline_condition_allowed,ExtraTreesRegressor,98.5,84.71195833333336,13.788041666666643,13.788041666666643,190.11009300173546
469,baseline_condition_allowed,ExtraTreesRegressor,69.3,91.69300000000004,-22.393000000000043,22.393000000000043,501.44644900000196
3758,baseline_condition_allowed,ExtraTreesRegressor,64.7,59.00008333333333,5.699916666666674,5.699916666666674,32.489050006944524
4926,baseline_condition_allowed,ExtraTreesRegressor,35.0,47.87058333333335,-12.87058333333335,12.87058333333335,165.6519153402782
3188,baseline_condition_allowed,ExtraTreesRegressor,310.0,270.34591666666677,39.65408333333323,39.65408333333323,1572.4463250069364
1779,baseline_condition_allowed,ExtraTreesRegressor,201.0,158.61543749999996,42.384562500000044,42.384562500000044,1796.45113831641
551,baseline_condition_allowed,ExtraTreesRegressor,56.1,55.27339166666664,0.8266083333333611,0.8266083333333611,0.6832813367361571
2075,baseline_condition_allowed,ExtraTreesRegressor,32.0,46.75371853146853,-14.753718531468529,14.753718531468529,217.6722105057979
1484,baseline_condition_allowed,ExtraTreesRegressor,99.6,106.50601666666684,-6.906016666666844,6.906016666666844,47.69306620028022
5741,baseline_condition_allowed,ExtraTreesRegressor,70.0,71.52616666666673,-1.5261666666667253,1.5261666666667253,2.3291846944446233
2728,baseline_condition_allowed,ExtraTreesRegressor,45.0,50.47154642857142,-5.471546428571422,5.471546428571422,29.937820320012683
2629,baseline_condition_allowed,ExtraTreesRegressor,105.3,147.86441666666676,-42.56441666666676,42.56441666666676,1811.7295661736189
3887,baseline_condition_allowed,ExtraTreesRegressor,128.0,122.54829166666663,5.451708333333372,5.451708333333372,29.721123751736528
579,baseline_condition_allowed,ExtraTreesRegressor,171.0,148.11899999999997,22.88100000000003,22.88100000000003,523.5401610000013
4723,baseline_condition_allowed,ExtraTreesRegressor,80.0,117.64916666666663,-37.64916666666663,37.64916666666663,1417.4597506944417
2529,baseline_condition_allowed,ExtraTreesRegressor,36.7,34.590282142857134,2.1097178571428685,2.1097178571428685,4.450909436747497
4482,baseline_condition_allowed,ExtraTreesRegressor,174.2,166.0136666666667,8.186333333333295,8.186333333333295,67.01605344444381
1549,baseline_condition_allowed,ExtraTreesRegressor,41.0,40.0098,0.9902000000000015,0.9902000000000015,0.980496040000003
2835,baseline_condition_allowed,ExtraTreesRegressor,49.0,56.141031339493885,-7.141031339493885,7.141031339493885,50.99432859163383
5036,baseline_condition_allowed,ExtraTreesRegressor,97.0,97.9591666666667,-0.9591666666667038,0.9591666666667038,0.9200006944445157
2986,baseline_condition_allowed,ExtraTreesRegressor,110.0,103.3319270833333,6.668072916666702,6.668072916666702,44.46319642198398
733,baseline_condition_allowed,ExtraTreesRegressor,84.9,73.98559166666664,10.91440833333337,10.91440833333337,119.1243092667369
3658,baseline_condition_allowed,ExtraTreesRegressor,52.5,50.08395555555554,2.4160444444444593,2.4160444444444593,5.837270757530936
5344,baseline_condition_allowed,ExtraTreesRegressor,83.0,75.4662726190476,7.533727380952399,7.533727380952399,56.7570482505119
1226,baseline_condition_allowed,ExtraTreesRegressor,90.0,128.04126298701297,-38.04126298701297,38.04126298701297,1447.137689647083
1570,baseline_condition_allowed,ExtraTreesRegressor,68.0,118.25669551282053,-50.25669551282053,50.25669551282053,2525.735443868355
1605,baseline_condition_allowed,ExtraTreesRegressor,239.0,167.41883333333342,71.58116666666658,71.58116666666658,5123.8634213610985
549,baseline_condition_allowed,ExtraTreesRegressor,42.9,45.81026944444442,-2.910269444444424,2.910269444444424,8.469668239266856
4842,baseline_condition_allowed,ExtraTreesRegressor,151.0,145.39612499999996,5.603875000000045,5.603875000000045,31.4034150156255
2189,baseline_condition_allowed,ExtraTreesRegressor,43.2,39.79088290598288,3.4091170940171196,3.4091170940171196,11.62207936071973
408,baseline_condition_allowed,ExtraTreesRegressor,133.3,114.26554166666669,19.03445833333332,19.03445833333332,362.31060404340224
902,baseline_condition_allowed,ExtraTreesRegressor,102.7,130.11428333333322,-27.414283333333216,27.414283333333216,751.5429306802714
1696,baseline_condition_allowed,ExtraTreesRegressor,75.0,65.04462499999998,9.955375000000018,9.955375000000018,99.10949139062535
2976,baseline_condition_allowed,ExtraTreesRegressor,44.0,42.64551904761906,1.3544809523809391,1.3544809523809391,1.834618650362776
2872,baseline_condition_allowed,ExtraTreesRegressor,199.3,152.51496666666668,46.78503333333333,46.78503333333333,2188.839344001111
1679,baseline_condition_allowed,ExtraTreesRegressor,114.8,77.65683333333331,37.14316666666669,37.14316666666669,1379.6148300277794
3363,baseline_condition_allowed,ExtraTreesRegressor,246.5,231.54891666666686,14.951083333333145,14.951083333333145,223.53489284027214
1404,baseline_condition_allowed,ExtraTreesRegressor,135.0,153.94237499999994,-18.94237499999994,18.94237499999994,358.8135706406228
5190,baseline_condition_allowed,ExtraTreesRegressor,58.0,72.46191666666667,-14.461916666666667,14.461916666666667,209.14703367361113
2604,baseline_condition_allowed,ExtraTreesRegressor,57.7,74.29539166666663,-16.59539166666663,16.59539166666663,275.4070245700682
4944,baseline_condition_allowed,ExtraTreesRegressor,52.0,52.06872499999998,-0.06872499999997927,0.06872499999997927,0.004723125624997151
5773,baseline_condition_allowed,ExtraTreesRegressor,99.0,90.29366666666665,8.706333333333347,8.706333333333347,75.80024011111136
2603,baseline_condition_allowed,ExtraTreesRegressor,74.0,74.29539166666663,-0.29539166666663164,0.29539166666663164,0.08725623673609041
5319,baseline_condition_allowed,ExtraTreesRegressor,121.7,112.50829166666668,9.191708333333324,9.191708333333324,84.48750208506927
3939,baseline_condition_allowed,ExtraTreesRegressor,78.6,68.45757499999996,10.142425000000031,10.142425000000031,102.86878488062564
4349,baseline_condition_allowed,ExtraTreesRegressor,126.8,116.20399999999998,10.596000000000018,10.596000000000018,112.27521600000038
4569,baseline_condition_allowed,ExtraTreesRegressor,42.2,97.14000000000006,-54.940000000000055,54.940000000000055,3018.403600000006
2688,baseline_condition_allowed,ExtraTreesRegressor,47.5,44.465791666666654,3.0342083333333463,3.0342083333333463,9.206420210069522
3759,baseline_condition_allowed,ExtraTreesRegressor,45.0,113.9198522727273,-68.9198522727273,68.9198522727273,4749.946037294554
1637,baseline_condition_allowed,ExtraTreesRegressor,114.0,105.93820833333336,8.061791666666636,8.061791666666636,64.99248487673562
3387,baseline_condition_allowed,ExtraTreesRegressor,44.4,47.40691666666667,-3.006916666666669,3.006916666666669,9.041547840277792
3623,baseline_condition_allowed,ExtraTreesRegressor,44.7,92.65025000000001,-47.95025000000001,47.95025000000001,2299.226475062501
2693,baseline_condition_allowed,ExtraTreesRegressor,32.0,45.972303174603184,-13.972303174603184,13.972303174603184,195.2252560030262
3792,baseline_condition_allowed,ExtraTreesRegressor,62.0,59.60358333333332,2.3964166666666813,2.3964166666666813,5.742812840277848
3959,baseline_condition_allowed,ExtraTreesRegressor,43.0,50.35953055555554,-7.359530555555537,7.359530555555537,54.16268999815559
5001,baseline_condition_allowed,ExtraTreesRegressor,88.6,69.12358333333329,19.476416666666708,19.476416666666708,379.3308061736127
2375,baseline_condition_allowed,ExtraTreesRegressor,48.0,49.85821893939394,-1.858218939393943,1.858218939393943,3.45297762672235
4138,baseline_condition_allowed,ExtraTreesRegressor,84.0,82.57865767973857,1.4213423202614308,1.4213423202614308,2.020213991366148
5697,baseline_condition_allowed,ExtraTreesRegressor,44.5,47.7595166666667,-3.2595166666666984,3.2595166666666984,10.624448900277985
1205,baseline_condition_allowed,ExtraTreesRegressor,37.4,42.74057500000001,-5.340575000000008,5.340575000000008,28.521741330625087
1714,baseline_condition_allowed,ExtraTreesRegressor,50.0,96.238125,-46.238125,46.238125,2137.964203515625
2001,baseline_condition_allowed,ExtraTreesRegressor,63.0,58.43826830648927,4.56173169351073,4.56173169351073,20.80939604358027
1676,baseline_condition_allowed,ExtraTreesRegressor,78.0,73.3406249999999,4.659375000000097,4.659375000000097,21.7097753906259
4390,baseline_condition_allowed,ExtraTreesRegressor,154.0,138.0162916666667,15.983708333333311,15.983708333333311,255.47893208506875
641,baseline_condition_allowed,ExtraTreesRegressor,125.5,105.92716666666672,19.57283333333328,19.57283333333328,383.0958046944423
4054,baseline_condition_allowed,ExtraTreesRegressor,58.6,69.87566666666666,-11.275666666666659,11.275666666666659,127.1406587777776
3217,baseline_condition_allowed,ExtraTreesRegressor,73.7,103.93016666666662,-30.23016666666662,30.23016666666662,913.8629766944416
2216,baseline_condition_allowed,ExtraTreesRegressor,71.0,69.62034523809528,1.3796547619047175,1.3796547619047175,1.9034472620463627
5743,baseline_condition_allowed,ExtraTreesRegressor,69.5,61.9932916666667,7.5067083333333,7.5067083333333,56.350670001735615
209,baseline_condition_allowed,ExtraTreesRegressor,68.7,74.76487499999999,-6.0648749999999865,6.0648749999999865,36.78270876562483
4246,baseline_condition_allowed,ExtraTreesRegressor,157.0,164.48722500000002,-7.487225000000024,7.487225000000024,56.05853820062535
2741,baseline_condition_allowed,ExtraTreesRegressor,78.0,76.24184166666667,1.758158333333327,1.758158333333327,3.0911207250694224
5766,baseline_condition_allowed,ExtraTreesRegressor,88.0,84.04162500000001,3.9583749999999895,3.9583749999999895,15.668732640624917
98,baseline_condition_allowed,ExtraTreesRegressor,51.0,87.90181666666666,-36.90181666666666,36.90181666666666,1361.7440733002775
2341,baseline_condition_allowed,ExtraTreesRegressor,50.0,52.502458974358994,-2.5024589743589942,2.5024589743589942,6.26230091834987
3791,baseline_condition_allowed,ExtraTreesRegressor,61.0,64.07115833333333,-3.0711583333333294,3.0711583333333294,9.432013508402754
2430,baseline_condition_allowed,ExtraTreesRegressor,55.0,53.03564484126972,1.964355158730278,1.964355158730278,3.8586911896302563
2842,baseline_condition_allowed,ExtraTreesRegressor,44.5,56.42456964285712,-11.924569642857122,11.924569642857122,142.19536116734963
3690,baseline_condition_allowed,ExtraTreesRegressor,33.5,39.58804166666668,-6.088041666666683,6.088041666666683,37.06425133506965
3541,baseline_condition_allowed,ExtraTreesRegressor,250.5,221.75166666666675,28.74833333333325,28.74833333333325,826.4666694444396
5446,baseline_condition_allowed,ExtraTreesRegressor,74.9,63.01428333333337,11.885716666666639,11.885716666666639,141.27026068027712
1465,baseline_condition_allowed,ExtraTreesRegressor,99.5,95.00904166666663,4.490958333333367,4.490958333333367,20.168706751736416
2829,baseline_condition_allowed,ExtraTreesRegressor,65.5,60.319763193750724,5.180236806249276,5.180236806249276,26.8348533688197
5155,baseline_condition_allowed,ExtraTreesRegressor,86.8,100.22358333333332,-13.423583333333326,13.423583333333326,180.19258950694424
1515,baseline_condition_allowed,ExtraTreesRegressor,57.7,55.112033333333336,2.5879666666666665,2.5879666666666665,6.697571467777777
3242,baseline_condition_allowed,ExtraTreesRegressor,113.5,72.28970833333337,41.210291666666635,41.210291666666635,1698.2881392517334
5364,baseline_condition_allowed,ExtraTreesRegressor,67.0,91.13691666666665,-24.13691666666665,24.13691666666665,582.5907461736103
2416,baseline_condition_allowed,ExtraTreesRegressor,34.0,49.87963928571425,-15.879639285714248,15.879639285714248,252.1629438443993
5553,baseline_condition_allowed,ExtraTreesRegressor,53.1,55.64799999999997,-2.5479999999999663,2.5479999999999663,6.492303999999828
5448,baseline_condition_allowed,ExtraTreesRegressor,71.8,76.97487499999995,-5.1748749999999575,5.1748749999999575,26.77933126562456
4922,baseline_condition_allowed,ExtraTreesRegressor,64.5,64.05250833333334,0.4474916666666644,0.4474916666666644,0.20024879173610907
1805,baseline_condition_allowed,ExtraTreesRegressor,101.0,97.18371666666665,3.8162833333333452,3.8162833333333452,14.564018480277868
5291,baseline_condition_allowed,ExtraTreesRegressor,75.6,68.08563333333332,7.514366666666675,7.514366666666675,56.465706401111234
1534,baseline_condition_allowed,ExtraTreesRegressor,91.5,84.57037500000006,6.929624999999945,6.929624999999945,48.01970264062423
858,baseline_condition_allowed,ExtraTreesRegressor,73.0,98.43590833333332,-25.435908333333316,25.435908333333316,646.9854327417353
2049,baseline_condition_allowed,ExtraTreesRegressor,45.0,50.216748412698415,-5.216748412698415,5.216748412698415,27.21446400139143
3420,baseline_condition_allowed,ExtraTreesRegressor,58.0,51.8183988095238,6.181601190476201,6.181601190476201,38.212193278096784
5552,baseline_condition_allowed,ExtraTreesRegressor,238.0,189.26745833333342,48.73254166666658,48.73254166666658,2374.860617293394
5517,baseline_condition_allowed,ExtraTreesRegressor,54.3,77.87266666666663,-23.572666666666635,23.572666666666635,555.6706137777762
1933,baseline_condition_allowed,ExtraTreesRegressor,136.7,140.26601984126984,-3.566019841269849,3.566019841269849,12.71649750833024
5196,baseline_condition_allowed,ExtraTreesRegressor,74.0,88.54912500000002,-14.549125000000018,14.549125000000018,211.67703826562553
1309,baseline_condition_allowed,ExtraTreesRegressor,49.4,42.470449999999936,6.929550000000063,6.929550000000063,48.018663202500875
536,baseline_condition_allowed,ExtraTreesRegressor,45.5,59.918083333333364,-14.418083333333364,14.418083333333364,207.88112700694532
3123,baseline_condition_allowed,ExtraTreesRegressor,140.2,125.70322499999996,14.496775000000028,14.496775000000028,210.1564854006258
1867,baseline_condition_allowed,ExtraTreesRegressor,59.0,64.2626924603174,-5.262692460317396,5.262692460317396,27.695931931881567
3692,baseline_condition_allowed,ExtraTreesRegressor,39.0,42.57666666666669,-3.5766666666666893,3.5766666666666893,12.792544444444607
1844,baseline_condition_allowed,ExtraTreesRegressor,84.0,83.48230357142856,0.5176964285714405,0.5176964285714405,0.2680095921556246
5629,baseline_condition_allowed,ExtraTreesRegressor,84.5,92.96370833333343,-8.463708333333429,8.463708333333429,71.63435875173772
2914,baseline_condition_allowed,ExtraTreesRegressor,56.3,60.1257013888889,-3.825701388888902,3.825701388888902,14.635991116946474
1579,baseline_condition_allowed,ExtraTreesRegressor,48.0,70.19551864801869,-22.19551864801869,22.19551864801869,492.6410480545455
3275,baseline_condition_allowed,ExtraTreesRegressor,184.3,157.99283333333324,26.307166666666774,26.307166666666774,692.0670180277834
5540,baseline_condition_allowed,ExtraTreesRegressor,92.5,126.12436217948716,-33.624362179487164,33.624362179487164,1130.5977319773267
3367,baseline_condition_allowed,ExtraTreesRegressor,150.4,129.71625000000003,20.683749999999975,20.683749999999975,427.81751406249896
4005,baseline_condition_allowed,ExtraTreesRegressor,54.2,56.03616666666665,-1.8361666666666494,1.8361666666666494,3.3715080277777143
3629,baseline_condition_allowed,ExtraTreesRegressor,76.2,88.09096212121214,-11.89096212121214,11.89096212121214,141.39498016810194
5660,baseline_condition_allowed,ExtraTreesRegressor,76.5,63.33022619047619,13.16977380952381,13.16977380952381,173.4429421940193
532,baseline_condition_allowed,ExtraTreesRegressor,128.7,109.46660000000001,19.233399999999975,19.233399999999975,369.923675559999
5590,baseline_condition_allowed,ExtraTreesRegressor,84.0,87.57220833333335,-3.57220833333335,3.57220833333335,12.760672376736231
1509,baseline_condition_allowed,ExtraTreesRegressor,164.5,146.15479166666665,18.345208333333346,18.345208333333346,336.5466687934032
1258,baseline_condition_allowed,ExtraTreesRegressor,92.8,78.77325595238094,14.026744047619061,14.026744047619061,196.74954857741676
4636,baseline_condition_allowed,ExtraTreesRegressor,103.0,90.45951249999999,12.540487500000012,12.540487500000012,157.26382673765656
891,baseline_condition_allowed,ExtraTreesRegressor,159.5,164.7413194444446,-5.241319444444599,5.241319444444599,27.47142951871304
487,baseline_condition_allowed,ExtraTreesRegressor,56.2,67.54809166666664,-11.348091666666633,11.348091666666633,128.7791844750687
2878,baseline_condition_allowed,ExtraTreesRegressor,44.7,46.953172330447366,-2.253172330447363,2.253172330447363,5.076785550693601
2737,baseline_condition_allowed,ExtraTreesRegressor,61.0,48.76862023809522,12.231379761904783,12.231379761904783,149.6066508799339
5375,baseline_condition_allowed,ExtraTreesRegressor,58.0,49.49233333333332,8.50766666666668,8.50766666666668,72.38039211111133
840,baseline_condition_allowed,ExtraTreesRegressor,52.0,67.04370833333336,-15.043708333333356,15.043708333333356,226.31316041840347
1626,baseline_condition_allowed,ExtraTreesRegressor,69.7,72.80656666666663,-3.106566666666623,3.106566666666623,9.650756454444174
28,baseline_condition_allowed,ExtraTreesRegressor,72.5,122.97308333333336,-50.47308333333336,50.47308333333336,2547.532141173614
5358,baseline_condition_allowed,ExtraTreesRegressor,89.1,81.8017916666667,7.298208333333292,7.298208333333292,53.26384487673551
943,baseline_condition_allowed,ExtraTreesRegressor,61.8,77.06877499999997,-15.268774999999977,15.268774999999977,233.1354900006243
5004,baseline_condition_allowed,ExtraTreesRegressor,56.1,57.86270833333329,-1.7627083333332862,1.7627083333332862,3.1071406684026117
1118,baseline_condition_allowed,ExtraTreesRegressor,63.8,79.77197499999996,-15.971974999999958,15.971974999999958,255.10398540062366
4,baseline_condition_allowed,ExtraTreesRegressor,154.0,187.0283083333334,-33.0283083333334,33.0283083333334,1090.8691513617405
1120,baseline_condition_allowed,ExtraTreesRegressor,30.7,37.37325833333331,-6.673258333333312,6.673258333333312,44.53237678340249
976,baseline_condition_allowed,ExtraTreesRegressor,34.3,42.52129999999998,-8.221299999999985,8.221299999999985,67.58977368999976
720,baseline_condition_allowed,ExtraTreesRegressor,32.6,38.967333333333336,-6.367333333333335,6.367333333333335,40.5429337777778
4372,baseline_condition_allowed,ExtraTreesRegressor,108.0,104.62767708333331,3.3723229166666897,3.3723229166666897,11.372561854275329
4624,baseline_condition_allowed,ExtraTreesRegressor,43.3,52.04376666666676,-8.743766666666765,8.743766666666765,76.45345552111283
1706,baseline_condition_allowed,ExtraTreesRegressor,62.3,55.747898809523804,6.552101190476193,6.552101190476193,42.93003001023955
2441,baseline_condition_allowed,ExtraTreesRegressor,94.5,73.29467045454548,21.205329545454518,21.205329545454518,449.6660011313263
762,baseline_condition_allowed,ExtraTreesRegressor,40.0,44.872266666666675,-4.872266666666675,4.872266666666675,23.738982471111196
3523,baseline_condition_allowed,ExtraTreesRegressor,52.0,57.84300000000005,-5.843000000000053,5.843000000000053,34.14064900000062
1524,baseline_condition_allowed,ExtraTreesRegressor,53.8,48.815,4.984999999999999,4.984999999999999,24.850224999999995
2664,baseline_condition_allowed,ExtraTreesRegressor,35.3,36.10455952380953,-0.8045595238095302,0.8045595238095302,0.6473160273526181
5235,baseline_condition_allowed,ExtraTreesRegressor,33.6,36.96018928571431,-3.3601892857143056,3.3601892857143056,11.290872035829215
3765,baseline_condition_allowed,ExtraTreesRegressor,46.5,98.37816666666677,-51.87816666666677,51.87816666666677,2691.344176694455
3418,baseline_condition_allowed,ExtraTreesRegressor,42.0,52.079708333333336,-10.079708333333336,10.079708333333336,101.6005200850695
1429,baseline_condition_allowed,ExtraTreesRegressor,119.5,122.47112500000001,-2.971125000000015,2.971125000000015,8.82758376562509
2633,baseline_condition_allowed,ExtraTreesRegressor,51.0,51.65040945945947,-0.6504094594594676,0.6504094594594676,0.4230324649543568
3139,baseline_condition_allowed,ExtraTreesRegressor,59.2,55.567924999999995,3.6320750000000075,3.6320750000000075,13.191968805625054
5326,baseline_condition_allowed,ExtraTreesRegressor,122.0,114.60491666666665,7.395083333333346,7.395083333333346,54.68725750694464
2472,baseline_condition_allowed,ExtraTreesRegressor,59.0,57.97673564993563,1.0232643500643732,1.0232643500643732,1.0470699301126642
3923,baseline_condition_allowed,ExtraTreesRegressor,112.8,103.62316666666666,9.176833333333335,9.176833333333335,84.2142700277778
4612,baseline_condition_allowed,ExtraTreesRegressor,49.0,47.69605000000001,1.3039499999999933,1.3039499999999933,1.7002856024999824
4195,baseline_condition_allowed,ExtraTreesRegressor,175.0,160.5684166666665,14.431583333333492,14.431583333333492,208.27059750694903
263,baseline_condition_allowed,ExtraTreesRegressor,60.5,81.62272499999997,-21.122724999999974,21.122724999999974,446.1695114256239
1100,baseline_condition_allowed,ExtraTreesRegressor,86.0,77.3926666666667,8.607333333333301,8.607333333333301,74.08618711111056
5374,baseline_condition_allowed,ExtraTreesRegressor,45.6,53.683711111111116,-8.083711111111114,8.083711111111114,65.34638532790129
5659,baseline_condition_allowed,ExtraTreesRegressor,101.0,91.00069444444443,9.999305555555566,9.999305555555566,99.9861115933644
1115,baseline_condition_allowed,ExtraTreesRegressor,112.4,106.75466666666671,5.645333333333298,5.645333333333298,31.869788444444044
2331,baseline_condition_allowed,ExtraTreesRegressor,59.7,54.574261111111106,5.125738888888897,5.125738888888897,26.27319915706798
499,baseline_condition_allowed,ExtraTreesRegressor,38.0,47.96460714285707,-9.96460714285707,9.96460714285707,99.29339551147812
1040,baseline_condition_allowed,ExtraTreesRegressor,54.0,55.553375,-1.5533750000000026,1.5533750000000026,2.412973890625008
3466,baseline_condition_allowed,ExtraTreesRegressor,136.0,112.28445833333339,23.71554166666661,23.71554166666661,562.4269165434001
2521,baseline_condition_allowed,ExtraTreesRegressor,37.7,39.15344722222224,-1.4534472222222377,1.4534472222222377,2.112508827785539
1811,baseline_condition_allowed,ExtraTreesRegressor,70.0,60.87906691017317,9.120933089826828,9.120933089826828,83.19142042909796
1583,baseline_condition_allowed,ExtraTreesRegressor,59.8,57.15091666666669,2.6490833333333086,2.6490833333333086,7.017642506944314
4748,baseline_condition_allowed,ExtraTreesRegressor,52.0,49.8634583333333,2.1365416666667016,2.1365416666667016,4.564810293402927
3366,baseline_condition_allowed,ExtraTreesRegressor,157.4,138.58048214285708,18.819517857142927,18.819517857142927,354.1742523753215
1562,baseline_condition_allowed,ExtraTreesRegressor,72.0,86.15650000000004,-14.156500000000037,14.156500000000037,200.40649225000104
573,baseline_condition_allowed,ExtraTreesRegressor,33.2,35.28875000000002,-2.0887500000000188,2.0887500000000188,4.3628765625000785
5524,baseline_condition_allowed,ExtraTreesRegressor,59.7,56.529843750000026,3.1701562499999767,3.1701562499999767,10.049890649413914
1463,baseline_condition_allowed,ExtraTreesRegressor,68.0,60.98890833333329,7.011091666666708,7.011091666666708,49.155406358403354
4460,baseline_condition_allowed,ExtraTreesRegressor,72.0,86.84146111111119,-14.841461111111187,14.841461111111187,220.2689679126257
5426,baseline_condition_allowed,ExtraTreesRegressor,94.7,84.75139166666662,9.948608333333382,9.948608333333382,98.97480777007041
4968,baseline_condition_allowed,ExtraTreesRegressor,51.8,58.49087499999996,-6.690874999999963,6.690874999999963,44.7678082656245
4088,baseline_condition_allowed,ExtraTreesRegressor,170.5,131.1647555555556,39.33524444444441,39.33524444444441,1547.261455504195
430,baseline_condition_allowed,ExtraTreesRegressor,176.0,130.18924999999996,45.81075000000004,45.81075000000004,2098.624815562504
3932,baseline_condition_allowed,ExtraTreesRegressor,48.0,47.66562500000002,0.3343749999999801,0.3343749999999801,0.1118066406249867
779,baseline_condition_allowed,ExtraTreesRegressor,87.2,78.19195833333336,9.008041666666642,9.008041666666642,81.14481466840233
5022,baseline_condition_allowed,ExtraTreesRegressor,170.0,136.20225,33.79775000000001,33.79775000000001,1142.2879050625006
3685,baseline_condition_allowed,ExtraTreesRegressor,108.5,95.0798958333334,13.420104166666604,13.420104166666604,180.09919584418236
1428,baseline_condition_allowed,ExtraTreesRegressor,59.3,58.28761805555554,1.0123819444444564,1.0123819444444564,1.0249172014371384
510,baseline_condition_allowed,ExtraTreesRegressor,45.0,48.944750000000006,-3.944750000000006,3.944750000000006,15.561052562500048
4147,baseline_condition_allowed,ExtraTreesRegressor,86.5,72.9927916666667,13.507208333333296,13.507208333333296,182.44467696006842
4794,baseline_condition_allowed,ExtraTreesRegressor,204.0,178.27562499999988,25.724375000000123,25.724375000000123,661.7434691406313
2780,baseline_condition_allowed,ExtraTreesRegressor,78.0,72.04352500000002,5.956474999999983,5.956474999999983,35.4795944256248
534,baseline_condition_allowed,ExtraTreesRegressor,63.2,86.3624976190476,-23.1624976190476,23.1624976190476,536.5012959523857
2393,baseline_condition_allowed,ExtraTreesRegressor,73.0,68.68493055555565,4.315069444444347,4.315069444444347,18.619824310377247
5586,baseline_condition_allowed,ExtraTreesRegressor,69.5,60.532,8.968000000000004,8.968000000000004,80.42502400000006
652,baseline_condition_allowed,ExtraTreesRegressor,42.2,41.91392499999999,0.28607500000001096,0.28607500000001096,0.08183890562500627
5770,baseline_condition_allowed,ExtraTreesRegressor,42.5,47.787333333333336,-5.287333333333336,5.287333333333336,27.95589377777781
4541,baseline_condition_allowed,ExtraTreesRegressor,44.8,53.1471666666667,-8.347166666666702,8.347166666666702,69.6751913611117
3818,baseline_condition_allowed,ExtraTreesRegressor,55.8,58.37628928571433,-2.5762892857143314,2.5762892857143314,6.63726648368646
111,baseline_condition_allowed,ExtraTreesRegressor,41.0,40.43618750000003,0.563812499999969,0.563812499999969,0.317884535156215
1180,baseline_condition_allowed,ExtraTreesRegressor,50.0,90.10095833333332,-40.100958333333324,40.100958333333324,1608.0868592517354
5705,baseline_condition_allowed,ExtraTreesRegressor,39.1,38.9835166666667,0.1164833333332993,0.1164833333332993,0.013568366944436515
633,baseline_condition_allowed,ExtraTreesRegressor,74.5,73.84254166666666,0.6574583333333379,0.6574583333333379,0.4322514600694505
1471,baseline_condition_allowed,ExtraTreesRegressor,76.5,86.80729166666664,-10.307291666666643,10.307291666666643,106.24026150173562
2327,baseline_condition_allowed,ExtraTreesRegressor,46.0,46.12545833333333,-0.12545833333332723,0.12545833333332723,0.01573979340277625
2900,baseline_condition_allowed,ExtraTreesRegressor,85.0,100.896125,-15.896124999999998,15.896124999999998,252.68679001562492
2725,baseline_condition_allowed,ExtraTreesRegressor,49.5,50.15936031746031,-0.6593603174603118,0.6593603174603118,0.4347560282413631
4329,baseline_condition_allowed,ExtraTreesRegressor,39.0,45.275142857142875,-6.275142857142875,6.275142857142875,39.37741787755124
193,baseline_condition_allowed,ExtraTreesRegressor,45.5,60.89455952380951,-15.394559523809512,15.394559523809512,236.99246293211417
4525,baseline_condition_allowed,ExtraTreesRegressor,106.5,94.13996666666667,12.360033333333334,12.360033333333334,152.77042400111114
562,baseline_condition_allowed,ExtraTreesRegressor,38.2,49.71666666666672,-11.516666666666715,11.516666666666715,132.63361111111223
1397,baseline_condition_allowed,ExtraTreesRegressor,231.0,209.68550000000008,21.314499999999924,21.314499999999924,454.3079102499968
5052,baseline_condition_allowed,ExtraTreesRegressor,51.0,47.8748787878788,3.1251212121212006,3.1251212121212006,9.766382590449883
4638,baseline_condition_allowed,ExtraTreesRegressor,136.0,124.3360416666667,11.663958333333298,11.663958333333298,136.04792400173528
145,baseline_condition_allowed,ExtraTreesRegressor,47.0,67.01887499999997,-20.018874999999966,20.018874999999966,400.7553562656236
2298,baseline_condition_allowed,ExtraTreesRegressor,34.5,58.73785714285707,-24.237857142857067,24.237857142857067,587.4737188775473
1134,baseline_condition_allowed,ExtraTreesRegressor,217.0,217.4985416666668,-0.4985416666667959,0.4985416666667959,0.24854379340290664
5383,baseline_condition_allowed,ExtraTreesRegressor,71.0,61.61508333333336,9.38491666666664,9.38491666666664,88.07666084027728
5000,baseline_condition_allowed,ExtraTreesRegressor,96.0,109.59308333333334,-13.59308333333334,13.59308333333334,184.77191450694463
2953,baseline_condition_allowed,ExtraTreesRegressor,180.0,168.89152083333332,11.108479166666683,11.108479166666683,123.39830939626772
2032,baseline_condition_allowed,ExtraTreesRegressor,86.0,73.65874999999996,12.341250000000045,12.341250000000045,152.3064515625011
1337,baseline_condition_allowed,ExtraTreesRegressor,122.5,93.82649999999998,28.67350000000002,28.67350000000002,822.169602250001
5479,baseline_condition_allowed,ExtraTreesRegressor,108.7,96.96179999999997,11.738200000000035,11.738200000000035,137.7853392400008
1462,baseline_condition_allowed,ExtraTreesRegressor,71.0,63.66604166666668,7.333958333333321,7.333958333333321,53.786944835069264
5017,baseline_condition_allowed,ExtraTreesRegressor,67.7,71.21067499999995,-3.5106749999999494,3.5106749999999494,12.324838955624644
2964,baseline_condition_allowed,ExtraTreesRegressor,52.0,51.809541666666675,0.19045833333332496,0.19045833333332496,0.03627437673610792
4168,baseline_condition_allowed,ExtraTreesRegressor,69.0,93.0865,-24.0865,24.0865,580.15948225
2721,baseline_condition_allowed,ExtraTreesRegressor,78.5,73.49475833333338,5.00524166666662,5.00524166666662,25.05244414173565
3718,baseline_condition_allowed,ExtraTreesRegressor,89.0,85.26079166666668,3.7392083333333233,3.7392083333333233,13.981678960069369
4276,baseline_condition_allowed,ExtraTreesRegressor,89.0,65.29087500000003,23.709124999999972,23.709124999999972,562.1226082656236
2295,baseline_condition_allowed,ExtraTreesRegressor,38.0,42.94277023809526,-4.942770238095257,4.942770238095257,24.430977626600242
1673,baseline_condition_allowed,ExtraTreesRegressor,48.0,55.994583333333324,-7.994583333333324,7.994583333333324,63.91336267361096
4605,baseline_condition_allowed,ExtraTreesRegressor,53.0,115.86666666666665,-62.866666666666646,62.866666666666646,3952.217777777775
5275,baseline_condition_allowed,ExtraTreesRegressor,53.9,52.25430357142859,1.645696428571405,1.645696428571405,2.708316735012678
1067,baseline_condition_allowed,ExtraTreesRegressor,75.0,71.36023214285719,3.6397678571428145,3.6397678571428145,13.247910053889996
3684,baseline_condition_allowed,ExtraTreesRegressor,88.0,140.59412499999996,-52.59412499999996,52.59412499999996,2766.141984515621
631,baseline_condition_allowed,ExtraTreesRegressor,84.4,82.81866666666674,1.5813333333332622,1.5813333333332622,2.500615111110886
5482,baseline_condition_allowed,ExtraTreesRegressor,84.0,92.68033333333332,-8.680333333333323,8.680333333333323,75.3481867777776
300,baseline_condition_allowed,ExtraTreesRegressor,70.3,87.61677499999996,-17.316774999999964,17.316774999999964,299.8706964006238
4335,baseline_condition_allowed,ExtraTreesRegressor,59.0,53.39144015151514,5.608559848484859,5.608559848484859,31.455943574036503
3280,baseline_condition_allowed,ExtraTreesRegressor,80.0,103.86191666666666,-23.86191666666666,23.86191666666666,569.391067006944
3009,baseline_condition_allowed,ExtraTreesRegressor,63.0,64.04379166666666,-1.0437916666666638,1.0437916666666638,1.0895010434027719
391,baseline_condition_allowed,ExtraTreesRegressor,51.5,65.21674166666665,-13.71674166666665,13.71674166666665,188.149001950069
4106,baseline_condition_allowed,ExtraTreesRegressor,98.0,171.80443750000003,-73.80443750000003,73.80443750000003,5447.094994691412
542,baseline_condition_allowed,ExtraTreesRegressor,98.0,85.28480833333333,12.71519166666667,12.71519166666667,161.67609912006952
637,baseline_condition_allowed,ExtraTreesRegressor,85.0,85.49804166666667,-0.4980416666666656,0.4980416666666656,0.24804550173611006
3446,baseline_condition_allowed,ExtraTreesRegressor,80.0,78.10291666666667,1.8970833333333275,1.8970833333333275,3.598925173611089
933,baseline_condition_allowed,ExtraTreesRegressor,134.0,179.31296666666657,-45.31296666666657,45.31296666666657,2053.2649481344356
3917,baseline_condition_allowed,ExtraTreesRegressor,85.0,78.94312500000002,6.056874999999977,6.056874999999977,36.685734765624716
711,baseline_condition_allowed,ExtraTreesRegressor,73.5,68.62125,4.878749999999997,4.878749999999997,23.802201562499967
1922,baseline_condition_allowed,ExtraTreesRegressor,111.0,107.23041666666673,3.769583333333273,3.769583333333273,14.209758506943988
5021,baseline_condition_allowed,ExtraTreesRegressor,158.5,126.43908333333329,32.060916666666714,32.060916666666714,1027.9023775069475
772,baseline_condition_allowed,ExtraTreesRegressor,74.0,105.78737499999995,-31.787374999999955,31.787374999999955,1010.4372093906221
1686,baseline_condition_allowed,ExtraTreesRegressor,175.0,139.6075694444445,35.39243055555551,35.39243055555551,1252.624140629819
1740,baseline_condition_allowed,ExtraTreesRegressor,106.0,109.6183750000001,-3.6183750000001,3.6183750000001,13.092637640625723
5072,baseline_condition_allowed,ExtraTreesRegressor,50.0,52.53249166666671,-2.532491666666708,2.532491666666708,6.4135140417363194
4412,baseline_condition_allowed,ExtraTreesRegressor,34.0,44.46730000000002,-10.467300000000023,10.467300000000023,109.56436929000049
5313,baseline_condition_allowed,ExtraTreesRegressor,77.0,74.67666666666666,2.3233333333333377,2.3233333333333377,5.397877777777798
4896,baseline_condition_allowed,ExtraTreesRegressor,58.6,53.92300119047617,4.67699880952383,4.67699880952383,21.874317864287327
5681,baseline_condition_allowed,ExtraTreesRegressor,74.5,88.14354999999996,-13.643549999999962,13.643549999999962,186.14645660249897
67,baseline_condition_allowed,ExtraTreesRegressor,40.9,43.35254166666668,-2.452541666666683,2.452541666666683,6.01496062673619
1472,baseline_condition_allowed,ExtraTreesRegressor,66.0,70.29232499999998,-4.292324999999977,4.292324999999977,18.424053905624802
4148,baseline_condition_allowed,ExtraTreesRegressor,55.0,52.480166666666626,2.5198333333333736,2.5198333333333736,6.34956002777798
130,baseline_condition_allowed,ExtraTreesRegressor,111.0,97.62228333333334,13.377716666666657,13.377716666666657,178.96330321361086
921,baseline_condition_allowed,ExtraTreesRegressor,77.0,95.95979166666665,-18.959791666666646,18.959791666666646,359.473700043402
1700,baseline_condition_allowed,ExtraTreesRegressor,65.0,60.56005208333332,4.439947916666682,4.439947916666682,19.71313750271281
4031,baseline_condition_allowed,ExtraTreesRegressor,46.0,46.841083333333316,-0.8410833333333159,0.8410833333333159,0.7074211736110817
3720,baseline_condition_allowed,ExtraTreesRegressor,165.0,142.60936111111113,22.390638888888873,22.390638888888873,501.34070985262275
846,baseline_condition_allowed,ExtraTreesRegressor,59.7,57.714616666666636,1.9853833333333668,1.9853833333333668,3.9417469802779106
5473,baseline_condition_allowed,ExtraTreesRegressor,69.1,83.94535490196084,-14.845354901960846,14.845354901960846,220.38456216517292
198,baseline_condition_allowed,ExtraTreesRegressor,76.3,57.799833333333346,18.50016666666665,18.50016666666665,342.25616669444383
2978,baseline_condition_allowed,ExtraTreesRegressor,70.0,65.56925000000004,4.430749999999961,4.430749999999961,19.631545562499653
278,baseline_condition_allowed,ExtraTreesRegressor,68.0,62.7780630952381,5.221936904761897,5.221936904761897,27.26862503731426
2556,baseline_condition_allowed,ExtraTreesRegressor,146.5,166.03900000000002,-19.539000000000016,19.539000000000016,381.7725210000006
3256,baseline_condition_allowed,ExtraTreesRegressor,148.0,133.46070833333326,14.539291666666742,14.539291666666742,211.39100216840495
4427,baseline_condition_allowed,ExtraTreesRegressor,52.8,52.25991666666664,0.5400833333333566,0.5400833333333566,0.29169000694446956
734,baseline_condition_allowed,ExtraTreesRegressor,44.2,64.99439087301583,-20.79439087301583,20.79439087301583,432.406691779764
492,baseline_condition_allowed,ExtraTreesRegressor,52.5,51.698751398601374,0.8012486013986262,0.8012486013986262,0.6419993212432545
2218,baseline_condition_allowed,ExtraTreesRegressor,57.0,55.51492857142859,1.485071428571409,1.485071428571409,2.2054371479591257
3656,baseline_condition_allowed,ExtraTreesRegressor,49.4,47.65154166666662,1.7484583333333816,1.7484583333333816,3.0571065434029467
3102,baseline_condition_allowed,ExtraTreesRegressor,63.0,64.96466666666666,-1.964666666666659,1.964666666666659,3.859915111111081
2385,baseline_condition_allowed,ExtraTreesRegressor,32.0,35.49340476190477,-3.4934047619047703,3.4934047619047703,12.203876830498926
4265,baseline_condition_allowed,ExtraTreesRegressor,175.0,155.59127777777775,19.408722222222252,19.408722222222252,376.69849829938386
1839,baseline_condition_allowed,ExtraTreesRegressor,103.0,80.25533333333327,22.74466666666673,22.74466666666673,517.3198617777807
896,baseline_condition_allowed,ExtraTreesRegressor,128.6,128.1351166666667,0.46488333333329024,0.46488333333329024,0.21611651361107104
2515,baseline_condition_allowed,ExtraTreesRegressor,200.5,197.66129166666676,2.838708333333244,2.838708333333244,8.058265001735604
4743,baseline_condition_allowed,ExtraTreesRegressor,141.3,78.31529166666668,62.98470833333333,62.98470833333333,3967.073483835069
387,baseline_condition_allowed,ExtraTreesRegressor,47.0,55.983116666666675,-8.983116666666675,8.983116666666675,80.69638504694458
5129,baseline_condition_allowed,ExtraTreesRegressor,217.0,197.56091666666663,19.43908333333337,19.43908333333337,377.8779608402793
5792,baseline_condition_allowed,ExtraTreesRegressor,72.2,114.5820833333333,-42.3820833333333,42.3820833333333,1796.240987673608
1208,baseline_condition_allowed,ExtraTreesRegressor,58.2,52.21927499999999,5.980725000000014,5.980725000000014,35.769071525625165
697,baseline_condition_allowed,ExtraTreesRegressor,73.0,67.63270000000004,5.3672999999999575,5.3672999999999575,28.807909289999543
1945,baseline_condition_allowed,ExtraTreesRegressor,156.0,124.33510227272731,31.664897727272688,31.664897727272688,1002.665748078639
4909,baseline_condition_allowed,ExtraTreesRegressor,77.8,83.73577777777777,-5.935777777777773,5.935777777777773,35.233457827160436
4312,baseline_condition_allowed,ExtraTreesRegressor,49.5,115.0198333333334,-65.5198333333334,65.5198333333334,4292.848560027785
125,baseline_condition_allowed,ExtraTreesRegressor,46.5,69.47309999999997,-22.973099999999974,22.973099999999974,527.7633236099988
621,baseline_condition_allowed,ExtraTreesRegressor,148.0,136.58766666666676,11.412333333333237,11.412333333333237,130.2413521111089
1658,baseline_condition_allowed,ExtraTreesRegressor,40.0,90.035375,-50.035375,50.035375,2503.5387513906253
3912,baseline_condition_allowed,ExtraTreesRegressor,40.8,54.077250000000014,-13.277250000000016,13.277250000000016,176.28536756250043
2563,baseline_condition_allowed,ExtraTreesRegressor,112.0,115.93279166666673,-3.9327916666667306,3.9327916666667306,15.466850293403281
3971,baseline_condition_allowed,ExtraTreesRegressor,276.0,219.99854166666668,56.00145833333332,56.00145833333332,3136.1633354600676
4226,baseline_condition_allowed,ExtraTreesRegressor,40.5,42.05606309523806,-1.5560630952380592,1.5560630952380592,2.4213323563618494
438,baseline_condition_allowed,ExtraTreesRegressor,64.6,62.22895833333339,2.3710416666666063,2.3710416666666063,5.621838585069158
5107,baseline_condition_allowed,ExtraTreesRegressor,67.4,64.96244999999995,2.4375500000000585,2.4375500000000585,5.941650002500285
4481,baseline_condition_allowed,ExtraTreesRegressor,162.0,195.62875,-33.62875,33.62875,1130.8928265624997
3918,baseline_condition_allowed,ExtraTreesRegressor,149.0,129.36255952380955,19.63744047619045,19.63744047619045,385.62906845592295
4382,baseline_condition_allowed,ExtraTreesRegressor,153.3,127.19400000000002,26.105999999999995,26.105999999999995,681.5232359999998
2941,baseline_condition_allowed,ExtraTreesRegressor,41.0,46.50508333333332,-5.505083333333317,5.505083333333317,30.30594250694427
2626,baseline_condition_allowed,ExtraTreesRegressor,177.2,156.7492986111112,20.450701388888803,20.450701388888803,418.2311872974984
5418,baseline_condition_allowed,ExtraTreesRegressor,56.1,52.716875,3.3831249999999997,3.3831249999999997,11.445534765624998
2712,baseline_condition_allowed,ExtraTreesRegressor,38.0,37.0255333333333,0.9744666666667001,0.9744666666667001,0.9495852844445096
3821,baseline_condition_allowed,ExtraTreesRegressor,54.0,66.10737499999996,-12.107374999999962,12.107374999999962,146.58852939062407
4529,baseline_condition_allowed,ExtraTreesRegressor,63.0,60.5397380952381,2.4602619047619,2.4602619047619,6.052888640022653
881,baseline_condition_allowed,ExtraTreesRegressor,72.6,66.05845833333333,6.54154166666666,6.54154166666666,42.791767376736026
4805,baseline_condition_allowed,ExtraTreesRegressor,140.0,106.77650000000001,33.22349999999999,33.22349999999999,1103.8009522499992
634,baseline_condition_allowed,ExtraTreesRegressor,98.1,94.02037500000002,4.079624999999979,4.079624999999979,16.643340140624826
4152,baseline_condition_allowed,ExtraTreesRegressor,177.0,139.1415166666666,37.858483333333396,37.858483333333396,1433.2647603002824
2547,baseline_condition_allowed,ExtraTreesRegressor,59.5,96.34267045454548,-36.842670454545484,36.842670454545484,1357.3823662222387
1771,baseline_condition_allowed,ExtraTreesRegressor,66.0,56.78226249999997,9.217737500000027,9.217737500000027,84.96668461890674
399,baseline_condition_allowed,ExtraTreesRegressor,53.5,53.249950000000034,0.25004999999996613,0.25004999999996613,0.06252500249998307
47,baseline_condition_allowed,ExtraTreesRegressor,73.4,67.03930357142859,6.360696428571416,6.360696428571416,40.458459056441164
305,baseline_condition_allowed,ExtraTreesRegressor,58.0,62.16257142857145,-4.162571428571447,4.162571428571447,17.327000897959334
4738,baseline_condition_allowed,ExtraTreesRegressor,97.5,113.09709166666671,-15.597091666666714,15.597091666666714,243.26926845840424
2810,baseline_condition_allowed,ExtraTreesRegressor,53.0,45.24260256132753,7.75739743867247,7.75739743867247,60.1772150215222
4544,baseline_condition_allowed,ExtraTreesRegressor,112.0,107.96358333333346,4.03641666666654,4.03641666666654,16.29265950694342
4684,baseline_condition_allowed,ExtraTreesRegressor,154.0,133.47849999999994,20.52150000000006,20.52150000000006,421.13196225000246
1013,baseline_condition_allowed,ExtraTreesRegressor,103.1,88.24958333333338,14.850416666666618,14.850416666666618,220.53487517360966
848,baseline_condition_allowed,ExtraTreesRegressor,61.1,78.72953333333332,-17.62953333333332,17.62953333333332,310.80044555111067
4356,baseline_condition_allowed,ExtraTreesRegressor,61.0,52.06687500000001,8.93312499999999,8.93312499999999,79.80072226562481
1300,baseline_condition_allowed,ExtraTreesRegressor,52.7,49.01850000000003,3.6814999999999714,3.6814999999999714,13.553442249999788
4689,baseline_condition_allowed,ExtraTreesRegressor,83.7,186.14795833333326,-102.44795833333326,102.44795833333326,10495.584166668388
4828,baseline_condition_allowed,ExtraTreesRegressor,62.5,55.286435100485086,7.213564899514914,7.213564899514914,52.03551855951361
520,baseline_condition_allowed,ExtraTreesRegressor,90.0,60.221916666666665,29.778083333333335,29.778083333333335,886.7342470069445
4804,baseline_condition_allowed,ExtraTreesRegressor,135.0,140.177,-5.1769999999999925,5.1769999999999925,26.80132899999992
4254,baseline_condition_allowed,ExtraTreesRegressor,100.6,95.58358333333332,5.016416666666672,5.016416666666672,25.16443617361116
2366,baseline_condition_allowed,ExtraTreesRegressor,186.0,151.72392500000007,34.276074999999935,34.276074999999935,1174.8493174056205
2691,baseline_condition_allowed,ExtraTreesRegressor,71.0,56.370767857142866,14.629232142857134,14.629232142857134,214.01443308960432
3786,baseline_condition_allowed,ExtraTreesRegressor,133.5,102.24288333333327,31.257116666666732,31.257116666666732,977.0073423136153
2974,baseline_condition_allowed,ExtraTreesRegressor,44.0,50.239531547619066,-6.239531547619066,6.239531547619066,38.931753933733575
5298,baseline_condition_allowed,ExtraTreesRegressor,57.4,50.8457857142857,6.554214285714302,6.554214285714302,42.95772490306144
1431,baseline_condition_allowed,ExtraTreesRegressor,71.9,67.35175000000002,4.548249999999982,4.548249999999982,20.686578062499834
3779,baseline_condition_allowed,ExtraTreesRegressor,234.0,180.72441666666677,53.27558333333323,53.27558333333323,2838.2877795069335
2675,baseline_condition_allowed,ExtraTreesRegressor,35.0,34.12785631868131,0.8721436813186898,0.8721436813186898,0.7606346008641164
1792,baseline_condition_allowed,ExtraTreesRegressor,31.0,51.668828571428556,-20.668828571428556,20.668828571428556,427.2004745151014
4323,baseline_condition_allowed,ExtraTreesRegressor,211.0,178.10191666666668,32.89808333333332,32.89808333333332,1082.2838870069434
4081,baseline_condition_allowed,ExtraTreesRegressor,71.0,61.029313095238074,9.970686904761926,9.970686904761926,99.41459735279096
1966,baseline_condition_allowed,ExtraTreesRegressor,39.0,41.70603996003998,-2.7060399600399805,2.7060399600399805,7.322652265333179
444,baseline_condition_allowed,ExtraTreesRegressor,46.8,71.01300833333335,-24.21300833333335,24.21300833333335,586.2697725500702
2692,baseline_condition_allowed,ExtraTreesRegressor,46.0,56.40200833333331,-10.402008333333313,10.402008333333313,108.2017773667357
5686,baseline_condition_allowed,ExtraTreesRegressor,85.5,83.64708333333337,1.85291666666663,1.85291666666663,3.433300173610975
679,baseline_condition_allowed,ExtraTreesRegressor,55.0,53.19116666666667,1.8088333333333324,1.8088333333333324,3.2718780277777744
1447,baseline_condition_allowed,ExtraTreesRegressor,109.0,124.92387499999991,-15.92387499999991,15.92387499999991,253.56979501562213
2929,baseline_condition_allowed,ExtraTreesRegressor,39.5,40.92743333333331,-1.4274333333333118,1.4274333333333118,2.0375659211110495
3089,baseline_condition_allowed,ExtraTreesRegressor,44.9,60.24546666666658,-15.345466666666582,15.345466666666582,235.48334721777516
1492,baseline_condition_allowed,ExtraTreesRegressor,82.5,77.48962499999998,5.010375000000025,5.010375000000025,25.103857640625247
3287,baseline_condition_allowed,ExtraTreesRegressor,223.0,248.07516666666675,-25.075166666666746,25.075166666666746,628.763983361115
807,baseline_condition_allowed,ExtraTreesRegressor,40.9,43.663413095238084,-2.7634130952380858,2.7634130952380858,7.636451934933338
217,baseline_condition_allowed,ExtraTreesRegressor,124.0,112.56420833333334,11.43579166666666,11.43579166666666,130.77733104340263
1386,baseline_condition_allowed,ExtraTreesRegressor,281.0,186.39969166666666,94.60030833333334,94.60030833333334,8949.218336761738
2743,baseline_condition_allowed,ExtraTreesRegressor,97.0,64.58312499999995,32.41687500000005,32.41687500000005,1050.853784765628
128,baseline_condition_allowed,ExtraTreesRegressor,46.0,47.865393939393904,-1.865393939393904,1.865393939393904,3.479694549127508
5352,baseline_condition_allowed,ExtraTreesRegressor,49.6,45.12909523809525,4.470904761904748,4.470904761904748,19.988989390022553
4983,baseline_condition_allowed,ExtraTreesRegressor,170.0,248.54024999999993,-78.54024999999993,78.54024999999993,6168.570870062489
247,baseline_condition_allowed,ExtraTreesRegressor,54.0,50.13825000000004,3.861749999999958,3.861749999999958,14.913113062499676
3356,baseline_condition_allowed,ExtraTreesRegressor,68.5,58.64891666666667,9.851083333333328,9.851083333333328,97.04384284027768
3183,baseline_condition_allowed,ExtraTreesRegressor,113.0,141.39679166666664,-28.396791666666644,28.396791666666644,806.3777769600681
3636,baseline_condition_allowed,ExtraTreesRegressor,40.2,40.40054166666665,-0.20054166666664486,0.20054166666664486,0.040216960069435696
3329,baseline_condition_allowed,ExtraTreesRegressor,179.8,149.2600416666666,30.539958333333402,30.539958333333402,932.6890550017404
4334,baseline_condition_allowed,ExtraTreesRegressor,47.8,63.584041666666664,-15.784041666666667,15.784041666666667,249.13597133506946
2863,baseline_condition_allowed,ExtraTreesRegressor,43.0,52.89218849206349,-9.89218849206349,9.89218849206349,97.85539316251334
1214,baseline_condition_allowed,ExtraTreesRegressor,50.0,53.810483974358974,-3.8104839743589736,3.8104839743589736,14.51978811884656
1129,baseline_condition_allowed,ExtraTreesRegressor,179.0,183.77452083333344,-4.77452083333344,4.77452083333344,22.79604918793505
2195,baseline_condition_allowed,ExtraTreesRegressor,44.0,40.278907905982926,3.7210920940170737,3.7210920940170737,13.84652637215637
5664,baseline_condition_allowed,ExtraTreesRegressor,162.2,153.02662500000008,9.173374999999908,9.173374999999908,84.15080889062331
3490,baseline_condition_allowed,ExtraTreesRegressor,91.0,131.58733333333328,-40.58733333333328,40.58733333333328,1647.3316271111064
758,baseline_condition_allowed,ExtraTreesRegressor,104.1,70.80716666666665,33.29283333333335,33.29283333333335,1108.4127513611122
2337,baseline_condition_allowed,ExtraTreesRegressor,62.0,56.245019444444445,5.754980555555555,5.754980555555555,33.11980119482253
2935,baseline_condition_allowed,ExtraTreesRegressor,128.5,111.07768214285711,17.422317857142886,17.422317857142886,303.5371595153199
3004,baseline_condition_allowed,ExtraTreesRegressor,31.0,39.08623333333337,-8.086233333333368,8.086233333333368,65.38716952111167
2017,baseline_condition_allowed,ExtraTreesRegressor,124.0,150.03849999999994,-26.038499999999942,26.038499999999942,678.003482249997
2618,baseline_condition_allowed,ExtraTreesRegressor,120.0,118.4678095238095,1.5321904761904932,1.5321904761904932,2.3476076553288503
4604,baseline_condition_allowed,ExtraTreesRegressor,172.0,144.55158333333327,27.44841666666673,27.44841666666673,753.415577506948
5245,baseline_condition_allowed,ExtraTreesRegressor,38.7,35.216300000000004,3.483699999999999,3.483699999999999,12.136165689999993
2674,baseline_condition_allowed,ExtraTreesRegressor,34.0,33.357014652014634,0.6429853479853662,0.6429853479853662,0.4134301577238625
5381,baseline_condition_allowed,ExtraTreesRegressor,114.0,165.73198333333326,-51.73198333333326,51.73198333333326,2676.1980996002703
4048,baseline_condition_allowed,ExtraTreesRegressor,87.2,75.24362499999994,11.956375000000065,11.956375000000065,142.95490314062656
5100,baseline_condition_allowed,ExtraTreesRegressor,88.2,80.90895833333335,7.291041666666658,7.291041666666658,53.15928858506931
3383,baseline_condition_allowed,ExtraTreesRegressor,37.0,43.94879166666664,-6.9487916666666365,6.9487916666666365,48.28570562673569
1821,baseline_condition_allowed,ExtraTreesRegressor,58.0,53.93135118215118,4.068648817848818,4.068648817848818,16.553903202982582
3529,baseline_condition_allowed,ExtraTreesRegressor,49.7,49.137050000000016,0.5629499999999865,0.5629499999999865,0.3169127024999848
5103,baseline_condition_allowed,ExtraTreesRegressor,125.6,99.43195833333331,26.16804166666668,26.16804166666668,684.7664046684035
1288,baseline_condition_allowed,ExtraTreesRegressor,141.0,122.05520833333335,18.944791666666646,18.944791666666646,358.905131293402
2326,baseline_condition_allowed,ExtraTreesRegressor,51.5,53.963952777777806,-2.4639527777778056,2.4639527777778056,6.071063291118964
2239,baseline_condition_allowed,ExtraTreesRegressor,54.0,55.40985897435896,-1.4098589743589613,1.4098589743589613,1.9877023275805024
1064,baseline_condition_allowed,ExtraTreesRegressor,63.7,61.14980833333334,2.550191666666663,2.550191666666663,6.503477536736093
65,baseline_condition_allowed,ExtraTreesRegressor,50.6,47.56361249999999,3.0363875000000107,3.0363875000000107,9.219649050156315
1947,baseline_condition_allowed,ExtraTreesRegressor,127.0,112.098625,14.901375000000002,14.901375000000002,222.05097689062504
5236,baseline_condition_allowed,ExtraTreesRegressor,37.7,49.39043333333332,-11.690433333333317,11.690433333333317,136.66623152111072
5670,baseline_condition_allowed,ExtraTreesRegressor,112.3,112.79637499999995,-0.4963749999999578,0.4963749999999578,0.24638814062495812
1287,baseline_condition_allowed,ExtraTreesRegressor,187.0,173.30591666666675,13.694083333333253,13.694083333333253,187.5279183402756
4061,baseline_condition_allowed,ExtraTreesRegressor,89.0,87.28470595238096,1.7152940476190395,1.7152940476190395,2.9422336697973077
3796,baseline_condition_allowed,ExtraTreesRegressor,43.3,43.108383333333364,0.1916166666666328,0.1916166666666328,0.036716946944431464
2681,baseline_condition_allowed,ExtraTreesRegressor,33.0,33.569870207570176,-0.569870207570176,0.569870207570176,0.3247520534760755
5044,baseline_condition_allowed,ExtraTreesRegressor,68.0,64.65557619047618,3.3444238095238177,3.3444238095238177,11.185170617709804
3130,baseline_condition_allowed,ExtraTreesRegressor,51.3,49.51324999999999,1.786750000000005,1.786750000000005,3.1924755625000176
4827,baseline_condition_allowed,ExtraTreesRegressor,65.5,52.762461247086236,12.737538752913764,12.737538752913764,162.24489348197991
3805,baseline_condition_allowed,ExtraTreesRegressor,92.8,80.86408333333327,11.935916666666728,11.935916666666728,142.46610667361256
5504,baseline_condition_allowed,ExtraTreesRegressor,62.3,68.142125,-5.842124999999996,5.842124999999996,34.13042451562495
3518,baseline_condition_allowed,ExtraTreesRegressor,182.0,177.62466666666668,4.375333333333316,4.375333333333316,19.143541777777624
2952,baseline_condition_allowed,ExtraTreesRegressor,91.0,175.3990583333333,-84.3990583333333,84.3990583333333,7123.201047553397
4255,baseline_condition_allowed,ExtraTreesRegressor,94.3,101.3810416666667,-7.081041666666707,7.081041666666707,50.141151085070014
1878,baseline_condition_allowed,ExtraTreesRegressor,71.5,67.84258333333337,3.6574166666666343,3.6574166666666343,13.376696673610875
4739,baseline_condition_allowed,ExtraTreesRegressor,191.0,138.20404166666674,52.79595833333326,52.79595833333326,2787.413216335062
1530,baseline_condition_allowed,ExtraTreesRegressor,49.0,92.11966666666667,-43.119666666666674,43.119666666666674,1859.3056534444452
2702,baseline_condition_allowed,ExtraTreesRegressor,32.0,32.43750000000002,-0.4375000000000213,0.4375000000000213,0.19140625000001865
2755,baseline_condition_allowed,ExtraTreesRegressor,202.0,151.5173666666667,50.4826333333333,50.4826333333333,2548.496268267774
2206,baseline_condition_allowed,ExtraTreesRegressor,53.0,52.158469047619036,0.841530952380964,0.841530952380964,0.7081743438152123
420,baseline_condition_allowed,ExtraTreesRegressor,73.3,111.28408333333334,-37.984083333333345,37.984083333333345,1442.790586673612
2540,baseline_condition_allowed,ExtraTreesRegressor,63.7,72.20825000000016,-8.50825000000016,8.50825000000016,72.39031806250273
229,baseline_condition_allowed,ExtraTreesRegressor,65.0,57.50795833333334,7.492041666666658,7.492041666666658,56.130688335069316
4662,baseline_condition_allowed,ExtraTreesRegressor,70.0,71.51024166666676,-1.510241666666758,1.510241666666758,2.2808298917363867
5354,baseline_condition_allowed,ExtraTreesRegressor,58.3,65.62903333333334,-7.329033333333342,7.329033333333342,53.71472960111124
664,baseline_condition_allowed,ExtraTreesRegressor,35.0,50.43812499999999,-15.438124999999992,15.438124999999992,238.33570351562477
3441,baseline_condition_allowed,ExtraTreesRegressor,198.5,234.95401666666666,-36.45401666666666,36.45401666666666,1328.8953311336106
3476,baseline_condition_allowed,ExtraTreesRegressor,92.5,184.77766666666668,-92.27766666666668,92.27766666666668,8515.167765444447
2746,baseline_condition_allowed,ExtraTreesRegressor,92.0,74.23214722222222,17.767852777777776,17.767852777777776,315.69659233278543
5049,baseline_condition_allowed,ExtraTreesRegressor,60.3,55.68484166666671,4.615158333333284,4.615158333333284,21.299686441735652
1539,baseline_condition_allowed,ExtraTreesRegressor,48.5,57.984633333333335,-9.484633333333335,9.484633333333335,89.95826946777781
2567,baseline_condition_allowed,ExtraTreesRegressor,78.0,90.28570833333328,-12.285708333333275,12.285708333333275,150.93862925173468
1050,baseline_condition_allowed,ExtraTreesRegressor,74.9,69.54184166666664,5.358158333333364,5.358158333333364,28.709860725069774
3506,baseline_condition_allowed,ExtraTreesRegressor,105.0,104.43833333333332,0.5616666666666816,0.5616666666666816,0.31546944444446123
3581,baseline_condition_allowed,ExtraTreesRegressor,272.0,174.98679166666673,97.01320833333327,97.01320833333327,9411.562591126723
5565,baseline_condition_allowed,ExtraTreesRegressor,101.6,87.47270000000005,14.127299999999948,14.127299999999948,199.58060528999854
2117,baseline_condition_allowed,ExtraTreesRegressor,32.0,34.85384722222223,-2.853847222222228,2.853847222222228,8.144443967785527
402,baseline_condition_allowed,ExtraTreesRegressor,71.5,72.12299999999998,-0.6229999999999762,0.6229999999999762,0.3881289999999704
1559,baseline_condition_allowed,ExtraTreesRegressor,62.2,49.421291666666676,12.778708333333327,12.778708333333327,163.2953866684026
4188,baseline_condition_allowed,ExtraTreesRegressor,134.5,124.10562500000002,10.394374999999982,10.394374999999982,108.04303164062463
2440,baseline_condition_allowed,ExtraTreesRegressor,76.0,98.13410000000002,-22.134100000000018,22.134100000000018,489.91838281000076
586,baseline_condition_allowed,ExtraTreesRegressor,55.5,50.34800000000001,5.151999999999987,5.151999999999987,26.543103999999865
2271,baseline_condition_allowed,ExtraTreesRegressor,193.0,215.66625000000008,-22.666250000000076,22.666250000000076,513.7588890625035
3572,baseline_condition_allowed,ExtraTreesRegressor,115.0,118.05041666666669,-3.050416666666692,3.050416666666692,9.305041840277932
5713,baseline_condition_allowed,ExtraTreesRegressor,101.4,96.20533333333334,5.194666666666663,5.194666666666663,26.98456177777774
4153,baseline_condition_allowed,ExtraTreesRegressor,168.0,148.69779166666666,19.30220833333334,19.30220833333334,372.575246543403
1385,baseline_condition_allowed,ExtraTreesRegressor,125.0,193.405375,-68.40537499999999,68.40537499999999,4679.295328890624
3954,baseline_condition_allowed,ExtraTreesRegressor,128.0,113.17556666666671,14.824433333333289,14.824433333333289,219.76382365444312
1330,baseline_condition_allowed,ExtraTreesRegressor,98.5,96.44246666666673,2.057533333333268,2.057533333333268,4.233443417777509
513,baseline_condition_allowed,ExtraTreesRegressor,60.8,76.90199166666662,-16.10199166666662,16.10199166666662,259.2741356334013
4135,baseline_condition_allowed,ExtraTreesRegressor,82.0,80.01399166666666,1.986008333333345,1.986008333333345,3.9442291000694905
4704,baseline_condition_allowed,ExtraTreesRegressor,130.0,176.22837499999997,-46.22837499999997,46.22837499999997,2137.062655140622
833,baseline_condition_allowed,ExtraTreesRegressor,127.0,140.45699671717182,-13.456996717171819,13.456996717171819,181.09076064597312
5799,baseline_condition_allowed,ExtraTreesRegressor,66.3,82.84805,-16.548050000000003,16.548050000000003,273.8379588025001
1266,baseline_condition_allowed,ExtraTreesRegressor,51.0,61.08685694444448,-10.086856944444477,10.086856944444477,101.74468301768778
224,baseline_condition_allowed,ExtraTreesRegressor,44.0,77.47016666666661,-33.470166666666614,33.470166666666614,1120.2520566944409
4985,baseline_condition_allowed,ExtraTreesRegressor,112.7,93.28875,19.41125000000001,19.41125000000001,376.79662656250036
635,baseline_condition_allowed,ExtraTreesRegressor,96.1,85.80154166666662,10.298458333333372,10.298458333333372,106.05824404340356
4992,baseline_condition_allowed,ExtraTreesRegressor,48.1,47.27420833333333,0.8257916666666745,0.8257916666666745,0.681931876736124
3905,baseline_condition_allowed,ExtraTreesRegressor,159.0,150.6881819444444,8.311818055555591,8.311818055555591,69.08631938865993
2593,baseline_condition_allowed,ExtraTreesRegressor,48.0,53.913157078507055,-5.913157078507055,5.913157078507055,34.96542663509809
3883,baseline_condition_allowed,ExtraTreesRegressor,96.2,115.55461666666673,-19.35461666666673,19.35461666666673,374.60118631361354
303,baseline_condition_allowed,ExtraTreesRegressor,67.5,95.44662500000005,-27.946625000000054,27.946625000000054,781.0138488906281
3527,baseline_condition_allowed,ExtraTreesRegressor,63.5,87.56334166666662,-24.063341666666616,24.063341666666616,579.0444121667337
1198,baseline_condition_allowed,ExtraTreesRegressor,185.0,140.65937500000007,44.34062499999993,44.34062499999993,1966.091025390619
2223,baseline_condition_allowed,ExtraTreesRegressor,91.5,73.4909305555556,18.009069444444407,18.009069444444407,324.3265822548212
3400,baseline_condition_allowed,ExtraTreesRegressor,65.0,64.82429017857143,0.17570982142856906,0.17570982142856906,0.030873941346459627
484,baseline_condition_allowed,ExtraTreesRegressor,71.0,81.51154166666667,-10.511541666666673,10.511541666666673,110.49250821006959
4206,baseline_condition_allowed,ExtraTreesRegressor,91.7,84.79670833333336,6.903291666666647,6.903291666666647,47.65543583506917
2197,baseline_condition_allowed,ExtraTreesRegressor,33.3,36.70821742979243,-3.4082174297924297,3.4082174297924297,11.615946048740916
2923,baseline_condition_allowed,ExtraTreesRegressor,79.0,88.55508333333331,-9.555083333333314,9.555083333333314,91.29961750694409
4052,baseline_condition_allowed,ExtraTreesRegressor,74.2,71.94497456140348,2.255025438596519,2.255025438596519,5.085139728717422
2470,baseline_condition_allowed,ExtraTreesRegressor,49.0,53.892030521730504,-4.892030521730504,4.892030521730504,23.93196262554283
3020,baseline_condition_allowed,ExtraTreesRegressor,68.0,60.23702738095238,7.762972619047623,7.762972619047623,60.26374388408312
2867,baseline_condition_allowed,ExtraTreesRegressor,56.5,52.40925,4.09075,4.09075,16.7342355625
3810,baseline_condition_allowed,ExtraTreesRegressor,56.0,60.61151785714288,-4.6115178571428785,4.6115178571428785,21.266096946747645
1294,baseline_condition_allowed,ExtraTreesRegressor,113.0,174.17820833333332,-61.178208333333316,61.178208333333316,3742.773174876734
4319,baseline_condition_allowed,ExtraTreesRegressor,116.0,103.078125,12.921875,12.921875,166.974853515625
5019,baseline_condition_allowed,ExtraTreesRegressor,76.0,70.80594166666667,5.194058333333331,5.194058333333331,26.97824197006942
5335,baseline_condition_allowed,ExtraTreesRegressor,56.0,52.88696666666664,3.1130333333333624,3.1130333333333624,9.690976534444625
4862,baseline_condition_allowed,ExtraTreesRegressor,52.1,51.12383333333335,0.97616666666665,0.97616666666665,0.9529013611110785
4431,baseline_condition_allowed,ExtraTreesRegressor,198.0,170.5269166666666,27.473083333333392,27.473083333333392,754.770307840281
2671,baseline_condition_allowed,ExtraTreesRegressor,37.0,36.83248333333332,0.1675166666666783,0.1675166666666783,0.02806183361111501
763,baseline_condition_allowed,ExtraTreesRegressor,41.8,41.13426666666665,0.6657333333333497,0.6657333333333497,0.44320087111113293
26,baseline_condition_allowed,ExtraTreesRegressor,73.0,70.18458690476193,2.815413095238071,2.815413095238071,7.926550896838016
2026,baseline_condition_allowed,ExtraTreesRegressor,44.5,41.89135694444444,2.608643055555561,2.608643055555561,6.805018591298253
4975,baseline_condition_allowed,ExtraTreesRegressor,66.7,65.85350833333334,0.8464916666666653,0.8464916666666653,0.7165481417361088
1780,baseline_condition_allowed,ExtraTreesRegressor,103.5,93.46570833333335,10.034291666666647,10.034291666666647,100.68700925173572
3833,baseline_condition_allowed,ExtraTreesRegressor,59.3,57.040966666666655,2.259033333333342,2.259033333333342,5.103231601111149
5690,baseline_condition_allowed,ExtraTreesRegressor,46.4,45.20786666666666,1.192133333333338,1.192133333333338,1.4211818844444555
5722,baseline_condition_allowed,ExtraTreesRegressor,139.0,151.08010833333321,-12.080108333333214,12.080108333333214,145.92901734506657
3977,baseline_condition_allowed,ExtraTreesRegressor,55.0,63.1645916666667,-8.164591666666702,8.164591666666702,66.66055708340336
3991,baseline_condition_allowed,ExtraTreesRegressor,97.0,86.32106323529412,10.678936764705881,10.678936764705881,114.03969042458691
4442,baseline_condition_allowed,ExtraTreesRegressor,70.0,65.806875,4.193124999999995,4.193124999999995,17.582297265624955
4444,baseline_condition_allowed,ExtraTreesRegressor,34.2,41.288904761904774,-7.088904761904772,7.088904761904772,50.25257072335614
4839,baseline_condition_allowed,ExtraTreesRegressor,99.5,54.57445833333331,44.92554166666669,44.92554166666669,2018.3042940434048
2,baseline_condition_allowed,ExtraTreesRegressor,176.0,229.0480833333335,-53.048083333333494,53.048083333333494,2814.099145340295
3577,baseline_condition_allowed,ExtraTreesRegressor,56.0,56.397975000000024,-0.3979750000000237,0.3979750000000237,0.1583841006250189
2081,baseline_condition_allowed,ExtraTreesRegressor,114.5,107.83485714285715,6.665142857142854,6.665142857142854,44.4241293061224
4266,baseline_condition_allowed,ExtraTreesRegressor,134.0,120.54245833333339,13.457541666666614,13.457541666666614,181.10542771006803
4047,baseline_condition_allowed,ExtraTreesRegressor,81.0,84.09429656862747,-3.0942965686274704,3.0942965686274704,9.574671254619737
3225,baseline_condition_allowed,ExtraTreesRegressor,59.0,71.39532499999997,-12.395324999999971,12.395324999999971,153.64408185562428
126,baseline_condition_allowed,ExtraTreesRegressor,40.3,81.84448333333329,-41.54448333333329,41.54448333333329,1725.9440954336076
2139,baseline_condition_allowed,ExtraTreesRegressor,61.7,51.31433333333332,10.38566666666668,10.38566666666668,107.86207211111139
4461,baseline_condition_allowed,ExtraTreesRegressor,65.0,65.97429166666667,-0.974291666666673,0.974291666666673,0.9492442517361235
4421,baseline_condition_allowed,ExtraTreesRegressor,105.5,96.87370833333335,8.626291666666646,8.626291666666646,74.41290791840241
2817,baseline_condition_allowed,ExtraTreesRegressor,53.5,57.403563788988805,-3.903563788988805,3.903563788988805,15.237810254704636
4856,baseline_condition_allowed,ExtraTreesRegressor,155.7,136.008375,19.691624999999988,19.691624999999988,387.7600951406245
928,baseline_condition_allowed,ExtraTreesRegressor,85.0,135.39049999999997,-50.390499999999975,50.390499999999975,2539.2024902499975
5167,baseline_condition_allowed,ExtraTreesRegressor,191.0,154.45579166666673,36.54420833333327,36.54420833333327,1335.479162710065
5259,baseline_condition_allowed,ExtraTreesRegressor,46.4,57.30750000000001,-10.907500000000013,10.907500000000013,118.97355625000029
5046,baseline_condition_allowed,ExtraTreesRegressor,48.0,88.04574999999998,-40.045749999999984,40.045749999999984,1603.6620930624988
318,baseline_condition_allowed,ExtraTreesRegressor,35.0,37.40879722222222,-2.408797222222219,2.408797222222219,5.802304057785479
625,baseline_condition_allowed,ExtraTreesRegressor,112.5,103.73562500000001,8.764374999999987,8.764374999999987,76.81426914062477
13,baseline_condition_allowed,ExtraTreesRegressor,75.0,70.99299999999995,4.007000000000048,4.007000000000048,16.05604900000038
2838,baseline_condition_allowed,ExtraTreesRegressor,61.5,65.92649880952378,-4.426498809523778,4.426498809523778,19.593891710715425
2176,baseline_condition_allowed,ExtraTreesRegressor,70.0,66.64645555555556,3.353544444444438,3.353544444444438,11.246260340864154
3346,baseline_condition_allowed,ExtraTreesRegressor,95.0,94.79933333333332,0.20066666666667743,0.20066666666667743,0.04026711111111543
5411,baseline_condition_allowed,ExtraTreesRegressor,43.2,46.04977083333337,-2.8497708333333662,2.8497708333333662,8.12119380251755
3389,baseline_condition_allowed,ExtraTreesRegressor,51.0,50.22120833333331,0.7787916666666916,0.7787916666666916,0.6065164600694833
901,baseline_condition_allowed,ExtraTreesRegressor,86.3,127.041,-40.741,40.741,1659.8290809999999
1982,baseline_condition_allowed,ExtraTreesRegressor,63.0,43.75020897435898,19.249791025641017,19.249791025641017,370.5544545308494
653,baseline_condition_allowed,ExtraTreesRegressor,52.2,51.047958974358906,1.152041025641097,1.152041025641097,1.3271985247601905
874,baseline_condition_allowed,ExtraTreesRegressor,176.5,133.8982083333333,42.60179166666671,42.60179166666671,1814.9126532100734
5638,baseline_condition_allowed,ExtraTreesRegressor,111.3,108.96596666666663,2.334033333333366,2.334033333333366,5.447711601111264
2980,baseline_condition_allowed,ExtraTreesRegressor,126.0,111.0935666666667,14.906433333333297,14.906433333333297,222.20175472111004
3171,baseline_condition_allowed,ExtraTreesRegressor,157.7,146.1566749999998,11.54332500000018,11.54332500000018,133.24835205562917
4840,baseline_condition_allowed,ExtraTreesRegressor,92.0,53.86783333333332,38.13216666666668,38.13216666666668,1454.0621346944451
4642,baseline_condition_allowed,ExtraTreesRegressor,73.2,106.78016666666669,-33.580166666666685,33.580166666666685,1127.6275933611123
4510,baseline_condition_allowed,ExtraTreesRegressor,209.2,170.0702000000001,39.129799999999875,39.129799999999875,1531.1412480399902
4300,baseline_condition_allowed,ExtraTreesRegressor,124.7,115.98668333333342,8.713316666666586,8.713316666666586,75.9218873336097
4742,baseline_condition_allowed,ExtraTreesRegressor,76.5,65.16922222222219,11.330777777777811,11.330777777777811,128.38652504938347
1489,baseline_condition_allowed,ExtraTreesRegressor,96.0,109.34012380952373,-13.340123809523732,13.340123809523732,177.95890325342197
4306,baseline_condition_allowed,ExtraTreesRegressor,38.2,38.01200357142855,0.18799642857145216,0.18799642857145216,0.03534265715562111
4974,baseline_condition_allowed,ExtraTreesRegressor,64.5,61.19237500000005,3.307624999999952,3.307624999999952,10.940383140624682
1138,baseline_condition_allowed,ExtraTreesRegressor,47.6,41.239550000000015,6.360449999999986,6.360449999999986,40.455324202499824
5145,baseline_condition_allowed,ExtraTreesRegressor,137.2,181.52625,-44.326250000000016,44.326250000000016,1964.8164390625013
1194,baseline_condition_allowed,ExtraTreesRegressor,37.0,45.099625000000024,-8.099625000000024,8.099625000000024,65.60392514062539
95,baseline_condition_allowed,ExtraTreesRegressor,37.2,38.42062500000001,-1.2206250000000054,1.2206250000000054,1.4899253906250132
2539,baseline_condition_allowed,ExtraTreesRegressor,61.8,68.82775000000017,-7.027750000000168,7.027750000000168,49.38927006250236
3110,baseline_condition_allowed,ExtraTreesRegressor,69.0,68.36883333333336,0.631166666666644,0.631166666666644,0.3983713611110825
1654,baseline_condition_allowed,ExtraTreesRegressor,53.8,87.74888333333328,-33.948883333333285,33.948883333333285,1152.5266795802745
4931,baseline_condition_allowed,ExtraTreesRegressor,145.0,147.59119999999996,-2.591199999999958,2.591199999999958,6.714317439999782
5738,baseline_condition_allowed,ExtraTreesRegressor,45.6,46.82900000000001,-1.2290000000000063,1.2290000000000063,1.5104410000000155
5132,baseline_condition_allowed,ExtraTreesRegressor,146.0,126.27710833333335,19.722891666666655,19.722891666666655,388.992455695069
4270,baseline_condition_allowed,ExtraTreesRegressor,71.8,68.87424999999999,2.925750000000008,2.925750000000008,8.560013062500046
5503,baseline_condition_allowed,ExtraTreesRegressor,46.0,59.733416666666706,-13.733416666666706,13.733416666666706,188.60673334027885
5066,baseline_condition_allowed,ExtraTreesRegressor,56.5,49.68477916666668,6.815220833333321,6.815220833333321,46.447235007100524
5037,baseline_condition_allowed,ExtraTreesRegressor,72.4,77.75524999999998,-5.35524999999997,5.35524999999997,28.678702562499677
537,baseline_condition_allowed,ExtraTreesRegressor,54.8,64.97404166666672,-10.174041666666724,10.174041666666724,103.51112383507062
3915,baseline_condition_allowed,ExtraTreesRegressor,54.0,65.2230416666666,-11.223041666666603,11.223041666666603,125.95666425173468
335,baseline_condition_allowed,ExtraTreesRegressor,63.5,68.84324880952376,-5.343248809523757,5.343248809523757,28.55030784047705
1141,baseline_condition_allowed,ExtraTreesRegressor,39.1,40.254541666666704,-1.1545416666667023,1.1545416666667023,1.3329664600695268
4701,baseline_condition_allowed,ExtraTreesRegressor,168.0,154.14412499999997,13.855875000000026,13.855875000000026,191.98527201562572
2731,baseline_condition_allowed,ExtraTreesRegressor,56.5,49.82649365079365,6.673506349206349,6.673506349206349,44.53568699289745
1687,baseline_condition_allowed,ExtraTreesRegressor,132.0,116.15822261904758,15.841777380952422,15.841777380952422,250.96191058765578
2833,baseline_condition_allowed,ExtraTreesRegressor,50.2,53.64515281385283,-3.445152813852829,3.445152813852829,11.869077910798065
4286,baseline_condition_allowed,ExtraTreesRegressor,63.0,58.486291666666666,4.513708333333334,4.513708333333334,20.37356291840278
3850,baseline_condition_allowed,ExtraTreesRegressor,119.0,114.60939166666667,4.390608333333333,4.390608333333333,19.277441536736106
4012,baseline_condition_allowed,ExtraTreesRegressor,86.0,82.64370833333338,3.356291666666621,3.356291666666621,11.264693751735805
923,baseline_condition_allowed,ExtraTreesRegressor,57.3,56.76608333333333,0.5339166666666699,0.5339166666666699,0.2850670069444479
3683,baseline_condition_allowed,ExtraTreesRegressor,133.0,155.92324999999988,-22.923249999999882,22.923249999999882,525.4753905624946
4022,baseline_condition_allowed,ExtraTreesRegressor,52.3,64.98777906468534,-12.687779064685344,12.687779064685344,160.9797375942677
1171,baseline_condition_allowed,ExtraTreesRegressor,39.7,38.85465653513155,0.8453434648684564,0.8453434648684564,0.7146055735958071
627,baseline_condition_allowed,ExtraTreesRegressor,70.9,67.4623511904762,3.4376488095238074,3.4376488095238074,11.81742933762045
5643,baseline_condition_allowed,ExtraTreesRegressor,187.3,134.11704166666658,53.18295833333343,53.18295833333343,2828.42705708508
3412,baseline_condition_allowed,ExtraTreesRegressor,51.5,51.54929722222222,-0.049297222222222103,0.049297222222222103,0.002430216118827149
4046,baseline_condition_allowed,ExtraTreesRegressor,53.0,54.32870833333336,-1.3287083333333598,1.3287083333333598,1.7654658350695147
5571,baseline_condition_allowed,ExtraTreesRegressor,81.8,80.34401190476191,1.4559880952380837,1.4559880952380837,2.119901333475023
2522,baseline_condition_allowed,ExtraTreesRegressor,38.0,40.04166666666668,-2.0416666666666785,2.0416666666666785,4.1684027777778265
912,baseline_condition_allowed,ExtraTreesRegressor,142.0,154.8369,-12.836900000000014,12.836900000000014,164.78600161000037
2890,baseline_condition_allowed,ExtraTreesRegressor,35.0,41.673480952380935,-6.673480952380935,6.673480952380935,44.535348021791144
2245,baseline_condition_allowed,ExtraTreesRegressor,44.0,74.63665833333332,-30.636658333333315,30.636658333333315,938.6048338334017
5283,baseline_condition_allowed,ExtraTreesRegressor,84.1,74.1134583333334,9.986541666666596,9.986541666666596,99.73101446006804
3907,baseline_condition_allowed,ExtraTreesRegressor,129.6,120.20204166666664,9.39795833333335,9.39795833333335,88.32162083506975
957,baseline_condition_allowed,ExtraTreesRegressor,66.0,65.48939999999995,0.5106000000000535,0.5106000000000535,0.2607123600000546
3673,baseline_condition_allowed,ExtraTreesRegressor,60.0,104.8350416666667,-44.8350416666667,44.8350416666667,2010.1809612517388
4479,baseline_condition_allowed,ExtraTreesRegressor,91.0,96.53712499999996,-5.5371249999999606,5.5371249999999606,30.659753265624563
3308,baseline_condition_allowed,ExtraTreesRegressor,124.0,108.7365416666667,15.263458333333304,15.263458333333304,232.9731602934019
5225,baseline_condition_allowed,ExtraTreesRegressor,75.3,118.06512500000001,-42.76512500000001,42.76512500000001,1828.855916265626
993,baseline_condition_allowed,ExtraTreesRegressor,143.0,112.41191666666658,30.588083333333415,30.588083333333415,935.6308420069495
875,baseline_condition_allowed,ExtraTreesRegressor,98.8,96.50856666666665,2.2914333333333445,2.2914333333333445,5.250666721111163
5166,baseline_condition_allowed,ExtraTreesRegressor,99.0,79.1307083333333,19.869291666666697,19.869291666666697,394.7887513350707
4163,baseline_condition_allowed,ExtraTreesRegressor,96.0,95.19501666666669,0.8049833333333112,0.8049833333333112,0.6479981669444088
998,baseline_condition_allowed,ExtraTreesRegressor,57.1,65.47287499999995,-8.372874999999944,8.372874999999944,70.10503576562405
818,baseline_condition_allowed,ExtraTreesRegressor,73.0,65.86241666666666,7.137583333333339,7.137583333333339,50.94509584027786
4184,baseline_condition_allowed,ExtraTreesRegressor,140.3,122.6765106060606,17.62348939393941,17.62348939393941,310.5873784182948
3704,baseline_condition_allowed,ExtraTreesRegressor,221.0,191.0688382352941,29.931161764705905,29.931161764705905,895.8744445849927
2457,baseline_condition_allowed,ExtraTreesRegressor,42.0,46.9503,-4.950299999999999,4.950299999999999,24.505470089999985
906,baseline_condition_allowed,ExtraTreesRegressor,115.0,106.57777619047626,8.422223809523743,8.422223809523743,70.93385389770863
5486,baseline_condition_allowed,ExtraTreesRegressor,58.5,79.41333333333334,-20.91333333333334,20.91333333333334,437.3675111111114
5202,baseline_condition_allowed,ExtraTreesRegressor,98.6,106.10650000000008,-7.506500000000088,7.506500000000088,56.34754225000132
2446,baseline_condition_allowed,ExtraTreesRegressor,47.0,43.36675000000001,3.6332499999999897,3.6332499999999897,13.200505562499925
1210,baseline_condition_allowed,ExtraTreesRegressor,68.0,83.87015833333331,-15.870158333333308,15.870158333333308,251.86192552506864
4071,baseline_condition_allowed,ExtraTreesRegressor,92.0,91.31559166666669,0.6844083333333089,0.6844083333333089,0.4684147667360776
2302,baseline_condition_allowed,ExtraTreesRegressor,37.5,43.239466666666694,-5.739466666666694,5.739466666666694,32.941477617778084
238,baseline_condition_allowed,ExtraTreesRegressor,70.0,69.26311287878795,0.7368871212120496,0.7368871212120496,0.5430026294081819
5403,baseline_condition_allowed,ExtraTreesRegressor,45.7,45.30243333333334,0.3975666666666626,0.3975666666666626,0.15805925444444124
1964,baseline_condition_allowed,ExtraTreesRegressor,39.0,39.164168531468505,-0.16416853146850485,0.16416853146850485,0.02695130672452547
4801,baseline_condition_allowed,ExtraTreesRegressor,137.0,112.05286666666665,24.947133333333355,24.947133333333355,622.3594615511122
1667,baseline_condition_allowed,ExtraTreesRegressor,103.7,91.57120833333335,12.128791666666658,12.128791666666658,147.10758729340256
93,baseline_condition_allowed,ExtraTreesRegressor,41.7,43.3767916666667,-1.6767916666666949,1.6767916666666949,2.8116302934028723
2546,baseline_condition_allowed,ExtraTreesRegressor,69.5,61.509042792792776,7.990957207207224,7.990957207207224,63.855397087417074
177,baseline_condition_allowed,ExtraTreesRegressor,54.2,50.95400833333331,3.24599166666669,3.24599166666669,10.536461900069595
412,baseline_condition_allowed,ExtraTreesRegressor,144.0,136.56074999999998,7.4392500000000155,7.4392500000000155,55.34244056250023
3152,baseline_condition_allowed,ExtraTreesRegressor,79.7,70.66197435897433,9.03802564102567,9.03802564102567,81.68590748783745
5691,baseline_condition_allowed,ExtraTreesRegressor,49.0,49.202850000000026,-0.2028500000000264,0.2028500000000264,0.04114812250001071
2999,baseline_condition_allowed,ExtraTreesRegressor,32.5,35.278916666666696,-2.778916666666696,2.778916666666696,7.7223778402779395
792,baseline_condition_allowed,ExtraTreesRegressor,52.0,58.56166666666664,-6.561666666666639,6.561666666666639,43.05546944444408
1935,baseline_condition_allowed,ExtraTreesRegressor,41.0,77.51654999999997,-36.51654999999997,36.51654999999997,1333.4584239024975
5329,baseline_condition_allowed,ExtraTreesRegressor,84.2,99.41733333333336,-15.217333333333357,15.217333333333357,231.5672337777785
4453,baseline_condition_allowed,ExtraTreesRegressor,55.0,135.92750000000004,-80.92750000000004,80.92750000000004,6549.260256250006
4620,baseline_condition_allowed,ExtraTreesRegressor,98.0,86.75958333333332,11.240416666666675,11.240416666666675,126.34696684027797
852,baseline_condition_allowed,ExtraTreesRegressor,71.3,63.996333333333354,7.303666666666643,7.303666666666643,53.34354677777744
5060,baseline_condition_allowed,ExtraTreesRegressor,51.1,48.50487500000001,2.595124999999989,2.595124999999989,6.734673765624942
2007,baseline_condition_allowed,ExtraTreesRegressor,47.0,49.34949108591569,-2.3494910859156874,2.3494910859156874,5.520108362797276
4263,baseline_condition_allowed,ExtraTreesRegressor,177.0,184.52491666666668,-7.524916666666684,7.524916666666684,56.62437084027803
5133,baseline_condition_allowed,ExtraTreesRegressor,130.0,122.3930000000001,7.6069999999999,7.6069999999999,57.866448999998475
3335,baseline_condition_allowed,ExtraTreesRegressor,42.6,42.64674722222224,-0.04674722222223693,0.04674722222223693,0.002185302785495202
3052,baseline_condition_allowed,ExtraTreesRegressor,104.0,78.04172499999993,25.95827500000007,25.95827500000007,673.8320409756287
1438,baseline_condition_allowed,ExtraTreesRegressor,171.0,178.03322916666664,-7.0332291666666436,7.0332291666666436,49.46631251085037
5491,baseline_condition_allowed,ExtraTreesRegressor,76.7,121.5603333333333,-44.8603333333333,44.8603333333333,2012.4495067777748
3782,baseline_condition_allowed,ExtraTreesRegressor,77.7,74.79752499999996,2.902475000000038,2.902475000000038,8.424361125625222
4754,baseline_condition_allowed,ExtraTreesRegressor,121.0,81.29841666666665,39.701583333333346,39.701583333333346,1576.2157191736121
3553,baseline_condition_allowed,ExtraTreesRegressor,61.0,78.68575000000003,-17.685750000000027,17.685750000000027,312.785753062501
585,baseline_condition_allowed,ExtraTreesRegressor,67.6,117.16358333333339,-49.5635833333334,49.5635833333334,2456.548792840284
3666,baseline_condition_allowed,ExtraTreesRegressor,82.0,80.69413611111112,1.3058638888888794,1.3058638888888794,1.7052804963039876
3030,baseline_condition_allowed,ExtraTreesRegressor,43.0,48.939103787878786,-5.939103787878786,5.939103787878786,35.27295380319614
3232,baseline_condition_allowed,ExtraTreesRegressor,50.4,69.9511125,-19.551112499999995,19.551112499999995,382.24599998765603
1153,baseline_condition_allowed,ExtraTreesRegressor,107.2,86.20333333333333,20.99666666666667,20.99666666666667,440.86001111111125
3674,baseline_condition_allowed,ExtraTreesRegressor,74.7,67.85574305555556,6.844256944444439,6.844256944444439,46.843853121575926
1451,baseline_condition_allowed,ExtraTreesRegressor,74.0,84.61650000000002,-10.616500000000016,10.616500000000016,112.71007225000035
5191,baseline_condition_allowed,ExtraTreesRegressor,102.0,93.9137083333334,8.086291666666597,8.086291666666597,65.38811291840165
718,baseline_condition_allowed,ExtraTreesRegressor,56.7,51.546100000000045,5.1538999999999575,5.1538999999999575,26.56268520999956
3107,baseline_condition_allowed,ExtraTreesRegressor,123.0,75.12288333333333,47.877116666666666,47.877116666666666,2292.218300313611
3570,baseline_condition_allowed,ExtraTreesRegressor,57.5,52.57441666666665,4.92558333333335,4.92558333333335,24.261371173611273
2370,baseline_condition_allowed,ExtraTreesRegressor,77.5,55.25208333333331,22.24791666666669,22.24791666666669,494.9697960069455
3204,baseline_condition_allowed,ExtraTreesRegressor,82.7,84.68263762626262,-1.9826376262626155,1.9826376262626155,3.930851957072259
1663,baseline_condition_allowed,ExtraTreesRegressor,121.5,104.21088333333337,17.28911666666663,17.28911666666663,298.91355511360985
3392,baseline_condition_allowed,ExtraTreesRegressor,105.0,80.43662500000005,24.56337499999995,24.56337499999995,603.3593913906226
5597,baseline_condition_allowed,ExtraTreesRegressor,71.6,89.44600000000003,-17.846000000000032,17.846000000000032,318.47971600000113
5739,baseline_condition_allowed,ExtraTreesRegressor,81.0,73.79837500000002,7.201624999999979,7.201624999999979,51.86340264062469
2145,baseline_condition_allowed,ExtraTreesRegressor,50.0,48.31489166666666,1.6851083333333392,1.6851083333333392,2.839590095069464
4154,baseline_condition_allowed,ExtraTreesRegressor,178.0,161.96729166666674,16.03270833333326,16.03270833333326,257.04773650173377
2052,baseline_condition_allowed,ExtraTreesRegressor,33.0,37.012957142857104,-4.012957142857104,4.012957142857104,16.10382503040785
2336,baseline_condition_allowed,ExtraTreesRegressor,49.2,52.08172564102568,-2.8817256410256746,2.8817256410256746,8.304342670144836
2142,baseline_condition_allowed,ExtraTreesRegressor,50.3,48.63206388888889,1.6679361111111106,1.6679361111111106,2.782010870748455
4774,baseline_condition_allowed,ExtraTreesRegressor,104.5,66.54789166666664,37.952108333333356,37.952108333333356,1440.3625269450713
946,baseline_condition_allowed,ExtraTreesRegressor,65.8,118.09404166666654,-52.294041666666544,52.294041666666544,2734.6667938350565
341,baseline_condition_allowed,ExtraTreesRegressor,79.8,86.64062500000004,-6.8406250000000455,6.8406250000000455,46.794150390625624
1148,baseline_condition_allowed,ExtraTreesRegressor,60.4,60.40433333333337,-0.004333333333370604,0.004333333333370604,1.8777777778100788e-05
5195,baseline_condition_allowed,ExtraTreesRegressor,198.0,188.6061666666667,9.393833333333305,9.393833333333305,88.2441046944439
1511,baseline_condition_allowed,ExtraTreesRegressor,84.8,97.85104166666665,-13.051041666666649,13.051041666666649,170.32968858506896
5137,baseline_condition_allowed,ExtraTreesRegressor,119.4,133.07318560606058,-13.67318560606057,13.67318560606057,186.95600461778199
5683,baseline_condition_allowed,ExtraTreesRegressor,85.0,137.97660227272726,-52.97660227272726,52.97660227272726,2806.5203883627314
893,baseline_condition_allowed,ExtraTreesRegressor,202.8,127.66474999999997,75.13525000000004,75.13525000000004,5645.305792562506
567,baseline_condition_allowed,ExtraTreesRegressor,44.0,41.973274999999965,2.0267250000000345,2.0267250000000345,4.10761422562514
5509,baseline_condition_allowed,ExtraTreesRegressor,91.0,79.11769166666673,11.88230833333327,11.88230833333327,141.18925132840127
342,baseline_condition_allowed,ExtraTreesRegressor,70.2,89.4102083333333,-19.2102083333333,19.2102083333333,369.0321042100681
5521,baseline_condition_allowed,ExtraTreesRegressor,38.0,45.35155833333333,-7.35155833333333,7.35155833333333,54.04540992840273
2662,baseline_condition_allowed,ExtraTreesRegressor,35.5,33.87475119047621,1.6252488095237894,1.6252488095237894,2.6414336928584947
136,baseline_condition_allowed,ExtraTreesRegressor,35.4,42.362525,-6.962524999999999,6.962524999999999,48.47675437562499
1532,baseline_condition_allowed,ExtraTreesRegressor,106.0,91.89483333333335,14.105166666666648,14.105166666666648,198.9557266944439
2482,baseline_condition_allowed,ExtraTreesRegressor,51.0,51.57159166666667,-0.57159166666667,0.57159166666667,0.32671703340278163
5342,baseline_condition_allowed,ExtraTreesRegressor,53.4,56.35499999999999,-2.954999999999991,2.954999999999991,8.732024999999949
4966,baseline_condition_allowed,ExtraTreesRegressor,67.4,62.352375000000045,5.047624999999961,5.047624999999961,25.478518140624605
1891,baseline_condition_allowed,ExtraTreesRegressor,52.0,48.04873387445891,3.951266125541089,3.951266125541089,15.612503994848488
4606,baseline_condition_allowed,ExtraTreesRegressor,124.5,110.90783333333329,13.592166666666714,13.592166666666714,184.74699469444573
2499,baseline_condition_allowed,ExtraTreesRegressor,34.5,40.274213095238075,-5.774213095238075,5.774213095238075,33.34153686921887
614,baseline_condition_allowed,ExtraTreesRegressor,88.8,76.01561666666674,12.784383333333253,12.784383333333253,163.44045721360905
5546,baseline_condition_allowed,ExtraTreesRegressor,70.7,65.8530333333333,4.846966666666702,4.846966666666702,23.493085867778124
5207,baseline_condition_allowed,ExtraTreesRegressor,92.6,164.74158333333332,-72.14158333333333,72.14158333333333,5204.408045840277
1146,baseline_condition_allowed,ExtraTreesRegressor,59.0,66.4611224358974,-7.461122435897394,7.461122435897394,55.66834800345146
4984,baseline_condition_allowed,ExtraTreesRegressor,114.0,92.23205555555556,21.76794444444444,21.76794444444444,473.8434053364195
2854,baseline_condition_allowed,ExtraTreesRegressor,50.0,42.64918452380952,7.350815476190483,7.350815476190483,54.03448816500152
5676,baseline_condition_allowed,ExtraTreesRegressor,60.0,88.34258712121213,-28.342587121212134,28.342587121212134,803.3022447234999
3806,baseline_condition_allowed,ExtraTreesRegressor,138.5,121.66787499999998,16.83212500000002,16.83212500000002,283.32043201562567
5747,baseline_condition_allowed,ExtraTreesRegressor,53.0,87.68191666666668,-34.68191666666668,34.68191666666668,1202.835343673612
4832,baseline_condition_allowed,ExtraTreesRegressor,66.0,56.11530000000002,9.884699999999981,9.884699999999981,97.70729408999962
920,baseline_condition_allowed,ExtraTreesRegressor,76.5,85.8074166666666,-9.307416666666597,9.307416666666597,86.62800500694316
2462,baseline_condition_allowed,ExtraTreesRegressor,50.5,48.650774999999996,1.8492250000000041,1.8492250000000041,3.419633100625015
1919,baseline_condition_allowed,ExtraTreesRegressor,93.0,83.67430000000004,9.325699999999955,9.325699999999955,86.96868048999916
1076,baseline_condition_allowed,ExtraTreesRegressor,113.0,118.32858333333328,-5.328583333333285,5.328583333333285,28.39380034027726
5633,baseline_condition_allowed,ExtraTreesRegressor,147.0,120.05524166666663,26.94475833333337,26.94475833333337,726.020001641738
2428,baseline_condition_allowed,ExtraTreesRegressor,36.0,38.71942196969697,-2.719421969696967,2.719421969696967,7.395255849270531
2391,baseline_condition_allowed,ExtraTreesRegressor,66.5,60.33113333333336,6.168866666666638,6.168866666666638,38.05491595111076
5416,baseline_condition_allowed,ExtraTreesRegressor,73.0,65.74843333333332,7.251566666666676,7.251566666666676,52.585219121111244
3364,baseline_condition_allowed,ExtraTreesRegressor,140.0,124.76962500000002,15.230374999999981,15.230374999999981,231.96432264062443
4733,baseline_condition_allowed,ExtraTreesRegressor,86.0,116.67484166666674,-30.674841666666737,30.674841666666737,940.9459112750737
2873,baseline_condition_allowed,ExtraTreesRegressor,36.0,51.12596865079368,-15.12596865079368,15.12596865079368,228.7949276247932
4490,baseline_condition_allowed,ExtraTreesRegressor,298.5,202.78525000000013,95.71474999999987,95.71474999999987,9161.313367562474
3439,baseline_condition_allowed,ExtraTreesRegressor,155.2,136.0880202380952,19.11197976190479,19.11197976190479,365.2677704194583
5544,baseline_condition_allowed,ExtraTreesRegressor,82.9,98.86354166666659,-15.963541666666586,15.963541666666586,254.8346625434002
2876,baseline_condition_allowed,ExtraTreesRegressor,41.0,50.19110030663777,-9.191100306637772,9.191100306637772,84.47632484667695
5355,baseline_condition_allowed,ExtraTreesRegressor,71.5,68.853125,2.6468749999999943,2.6468749999999943,7.00594726562497
415,baseline_condition_allowed,ExtraTreesRegressor,119.5,112.60712499999994,6.8928750000000605,6.8928750000000605,47.51172576562583
4155,baseline_condition_allowed,ExtraTreesRegressor,45.0,47.333250000000014,-2.333250000000014,2.333250000000014,5.444055562500065
1815,baseline_condition_allowed,ExtraTreesRegressor,50.5,52.94112737262737,-2.4411273726273706,2.4411273726273706,5.959102849390609
2368,baseline_condition_allowed,ExtraTreesRegressor,55.4,54.61708333333332,0.7829166666666794,0.7829166666666794,0.6129585069444643
3747,baseline_condition_allowed,ExtraTreesRegressor,33.6,38.074341666666676,-4.474341666666675,4.474341666666675,20.019733350069515
5796,baseline_condition_allowed,ExtraTreesRegressor,125.9,109.56807499999996,16.33192500000004,16.33192500000004,266.7317742056263
1798,baseline_condition_allowed,ExtraTreesRegressor,189.0,182.62729166666665,6.37270833333335,6.37270833333335,40.61141150173632
90,baseline_condition_allowed,ExtraTreesRegressor,35.9,37.64996666666667,-1.7499666666666727,1.7499666666666727,3.0623833344444655
3302,baseline_condition_allowed,ExtraTreesRegressor,45.0,47.33154166666667,-2.3315416666666735,2.3315416666666735,5.436086543402809
2962,baseline_condition_allowed,ExtraTreesRegressor,61.3,73.52241666666669,-12.222416666666689,12.222416666666689,149.38746917361166
4543,baseline_condition_allowed,ExtraTreesRegressor,80.0,69.7645416666667,10.235458333333298,10.235458333333298,104.76460729340207
659,baseline_condition_allowed,ExtraTreesRegressor,43.9,44.30894999999999,-0.40894999999999015,0.40894999999999015,0.16724010249999194
5720,baseline_condition_allowed,ExtraTreesRegressor,191.5,184.75179166666675,6.7482083333332525,6.7482083333332525,45.53831571006835
1019,baseline_condition_allowed,ExtraTreesRegressor,44.0,67.61223863636361,-23.612238636363614,23.612238636363614,557.5378134205827
2167,baseline_condition_allowed,ExtraTreesRegressor,35.5,36.911033333333336,-1.4110333333333358,1.4110333333333358,1.9910150677777847
584,baseline_condition_allowed,ExtraTreesRegressor,42.0,73.10703333333326,-31.107033333333263,31.107033333333263,967.6475228011067
5499,baseline_condition_allowed,ExtraTreesRegressor,79.5,75.1950833333334,4.3049166666666,4.3049166666666,18.532307506943866
2467,baseline_condition_allowed,ExtraTreesRegressor,98.0,156.53083333333336,-58.53083333333336,58.53083333333336,3425.858450694448
5143,baseline_condition_allowed,ExtraTreesRegressor,189.3,163.14983333333322,26.15016666666679,26.15016666666679,683.831216694451
3855,baseline_condition_allowed,ExtraTreesRegressor,113.0,114.3641916666667,-1.3641916666666987,1.3641916666666987,1.861018903402865
493,baseline_condition_allowed,ExtraTreesRegressor,62.0,54.152060606060594,7.847939393939406,7.847939393939406,61.59015273094601
5246,baseline_condition_allowed,ExtraTreesRegressor,37.2,44.34183846153846,-7.141838461538455,7.141838461538455,51.00585661070997
2846,baseline_condition_allowed,ExtraTreesRegressor,53.0,49.110902976190474,3.8890970238095264,3.8890970238095264,15.125075660604116
4405,baseline_condition_allowed,ExtraTreesRegressor,115.0,132.18841666666668,-17.188416666666683,17.188416666666683,295.441667506945
1869,baseline_condition_allowed,ExtraTreesRegressor,54.0,70.73133234126982,-16.73133234126982,16.73133234126982,279.9374819140214
1119,baseline_condition_allowed,ExtraTreesRegressor,53.0,79.1830833333333,-26.1830833333333,26.1830833333333,685.553852840276
2855,baseline_condition_allowed,ExtraTreesRegressor,50.0,42.180101190476186,7.8198988095238136,7.8198988095238136,61.15081739119196
2484,baseline_condition_allowed,ExtraTreesRegressor,166.0,122.2815000000001,43.718499999999906,43.718499999999906,1911.3072422499918
221,baseline_condition_allowed,ExtraTreesRegressor,48.5,78.84944696969696,-30.349446969696956,30.349446969696956,921.0889313664477
2528,baseline_condition_allowed,ExtraTreesRegressor,30.5,31.68420833333331,-1.1842083333333093,1.1842083333333093,1.4023493767360542
4587,baseline_condition_allowed,ExtraTreesRegressor,181.0,160.7610416666667,20.2389583333333,20.2389583333333,409.61543441840143
1423,baseline_condition_allowed,ExtraTreesRegressor,110.2,97.13800000000005,13.061999999999955,13.061999999999955,170.61584399999882
2981,baseline_condition_allowed,ExtraTreesRegressor,263.8,204.97991666666658,58.82008333333343,58.82008333333343,3459.802203340289
4208,baseline_condition_allowed,ExtraTreesRegressor,92.5,89.1469833333334,3.353016666666605,3.353016666666605,11.24272076694403
