row_id,feature_set,model_name,y_true,y_pred,residual,absolute_error,squared_error
4137,baseline_condition_allowed,HistGradientBoostingRegressor,67.2,72.6095925753572,-5.409592575357195,5.409592575357195,29.263691831359687
1393,baseline_condition_allowed,HistGradientBoostingRegressor,119.0,106.75429417479212,12.245705825207878,12.245705825207878,149.95731115753017
1802,baseline_condition_allowed,HistGradientBoostingRegressor,86.7,69.84955784440832,16.85044215559168,16.85044215559168,283.93740083894113
2552,baseline_condition_allowed,HistGradientBoostingRegressor,68.0,81.38447333071615,-13.384473330716148,13.384473330716148,179.1441263406518
1606,baseline_condition_allowed,HistGradientBoostingRegressor,87.0,75.40068002777889,11.59931997222111,11.59931997222111,134.54422381796755
1420,baseline_condition_allowed,HistGradientBoostingRegressor,72.8,66.78877701979485,6.011222980205147,6.011222980205147,36.134801717746456
17,baseline_condition_allowed,HistGradientBoostingRegressor,87.0,100.26374220195902,-13.263742201959019,13.263742201959019,175.92685720002868
3749,baseline_condition_allowed,HistGradientBoostingRegressor,35.0,48.52354828678883,-13.52354828678883,13.52354828678883,182.88635826510912
3909,baseline_condition_allowed,HistGradientBoostingRegressor,164.0,105.53139891383708,58.46860108616292,58.46860108616292,3418.577312972852
3840,baseline_condition_allowed,HistGradientBoostingRegressor,69.2,64.03191531155086,5.168084688449142,5.168084688449142,26.709099346982462
2562,baseline_condition_allowed,HistGradientBoostingRegressor,160.4,138.90969006286025,21.490309937139756,21.490309937139756,461.83342119432774
2356,baseline_condition_allowed,HistGradientBoostingRegressor,257.0,195.71303232887027,61.28696767112973,61.28696767112973,3756.0924063221005
4899,baseline_condition_allowed,HistGradientBoostingRegressor,117.3,119.5251593741854,-2.2251593741854094,2.2251593741854094,4.9513342405252025
2317,baseline_condition_allowed,HistGradientBoostingRegressor,55.0,53.32273209127306,1.6772679087269395,1.6772679087269395,2.813227637645241
4567,baseline_condition_allowed,HistGradientBoostingRegressor,136.3,119.84299496431339,16.45700503568662,16.45700503568662,270.8330147446148
4594,baseline_condition_allowed,HistGradientBoostingRegressor,55.0,52.009747625860406,2.990252374139594,2.990252374139594,8.941609261047478
4976,baseline_condition_allowed,HistGradientBoostingRegressor,44.5,46.89026388459964,-2.3902638845996407,2.3902638845996407,5.713361438021364
619,baseline_condition_allowed,HistGradientBoostingRegressor,63.2,54.17583025368709,9.024169746312914,9.024169746312914,81.43563961026929
824,baseline_condition_allowed,HistGradientBoostingRegressor,58.7,57.915476302294294,0.7845236977057084,0.7845236977057084,0.6154774322618377
3255,baseline_condition_allowed,HistGradientBoostingRegressor,181.3,158.7277013453337,22.572298654666298,22.572298654666298,509.50866655544996
2413,baseline_condition_allowed,HistGradientBoostingRegressor,62.0,63.5444587507376,-1.544458750737597,1.544458750737597,2.385352832729939
307,baseline_condition_allowed,HistGradientBoostingRegressor,126.0,102.49045455868364,23.509545441316362,23.509545441316362,552.698726857319
847,baseline_condition_allowed,HistGradientBoostingRegressor,64.5,57.26509720413799,7.234902795862013,7.234902795862013,52.34381846557197
864,baseline_condition_allowed,HistGradientBoostingRegressor,80.7,77.26715178112435,3.432848218875648,3.432848218875648,11.78444689383771
4578,baseline_condition_allowed,HistGradientBoostingRegressor,56.8,57.8343170616907,-1.0343170616907003,1.0343170616907003,1.0698117841044839
483,baseline_condition_allowed,HistGradientBoostingRegressor,65.1,60.546125550530874,4.55387444946912,4.55387444946912,20.737772501527683
4217,baseline_condition_allowed,HistGradientBoostingRegressor,77.0,168.0500292419498,-91.0500292419498,91.0500292419498,8290.107824959914
5299,baseline_condition_allowed,HistGradientBoostingRegressor,35.2,38.02354789979024,-2.823547899790235,2.823547899790235,7.9724227424098455
2454,baseline_condition_allowed,HistGradientBoostingRegressor,57.0,50.24446125486706,6.755538745132938,6.755538745132938,45.63730373699231
3238,baseline_condition_allowed,HistGradientBoostingRegressor,108.0,146.14199498690323,-38.14199498690323,38.14199498690323,1454.811781580951
2621,baseline_condition_allowed,HistGradientBoostingRegressor,108.0,194.14895362190435,-86.14895362190435,86.14895362190435,7421.642210149027
5174,baseline_condition_allowed,HistGradientBoostingRegressor,142.7,130.16821535693984,12.53178464306015,12.53178464306015,157.04562634003818
2736,baseline_condition_allowed,HistGradientBoostingRegressor,69.0,55.237585398843805,13.762414601156195,13.762414601156195,189.40405565411723
2367,baseline_condition_allowed,HistGradientBoostingRegressor,159.0,146.5818890871178,12.418110912882213,12.418110912882213,154.20947864464432
1785,baseline_condition_allowed,HistGradientBoostingRegressor,108.0,140.4928772478515,-32.49287724785151,32.49287724785151,1055.7870718439463
1116,baseline_condition_allowed,HistGradientBoostingRegressor,65.0,103.66087264642589,-38.66087264642589,38.66087264642589,1494.6630737831613
1952,baseline_condition_allowed,HistGradientBoostingRegressor,120.5,120.9180332572564,-0.41803325725639695,0.41803325725639695,0.17475180417239294
2619,baseline_condition_allowed,HistGradientBoostingRegressor,121.0,101.56096333544437,19.43903666455563,19.43903666455563,377.87614644593805
4848,baseline_condition_allowed,HistGradientBoostingRegressor,88.0,120.49147916620757,-32.49147916620757,32.49147916620757,1055.6962184081005
1382,baseline_condition_allowed,HistGradientBoostingRegressor,39.9,90.0178732677871,-50.1178732677871,50.1178732677871,2511.8012208859686
789,baseline_condition_allowed,HistGradientBoostingRegressor,46.0,65.03052818662282,-19.030528186622817,19.030528186622817,362.1610030618455
3987,baseline_condition_allowed,HistGradientBoostingRegressor,140.0,123.94709173592483,16.05290826407517,16.05290826407517,257.6958637348129
4981,baseline_condition_allowed,HistGradientBoostingRegressor,58.6,54.61928952774976,3.9807104722502444,3.9807104722502444,15.846055863882764
5373,baseline_condition_allowed,HistGradientBoostingRegressor,46.5,44.88928384230621,1.610716157693787,1.610716157693787,2.5944065406558363
4945,baseline_condition_allowed,HistGradientBoostingRegressor,100.0,105.95787682187144,-5.957876821871437,5.957876821871437,35.496296224592896
2947,baseline_condition_allowed,HistGradientBoostingRegressor,94.5,92.7141307665874,1.7858692334125976,1.7858692334125976,3.189328918849699
4823,baseline_condition_allowed,HistGradientBoostingRegressor,97.0,107.19449502771478,-10.19449502771478,10.19449502771478,103.92772887010136
418,baseline_condition_allowed,HistGradientBoostingRegressor,104.0,88.97800966936255,15.02199033063745,15.02199033063745,225.66019349376506
1807,baseline_condition_allowed,HistGradientBoostingRegressor,82.5,82.7047922940683,-0.20479229406829802,0.20479229406829802,0.04193988370975625
3994,baseline_condition_allowed,HistGradientBoostingRegressor,61.8,126.7382893978052,-64.9382893978052,64.9382893978052,4216.9814299131
3587,baseline_condition_allowed,HistGradientBoostingRegressor,40.7,46.40125488150249,-5.701254881502486,5.701254881502486,32.504307223855925
5721,baseline_condition_allowed,HistGradientBoostingRegressor,95.0,119.51087724407253,-24.51087724407253,24.51087724407253,600.7831032739927
4379,baseline_condition_allowed,HistGradientBoostingRegressor,117.4,133.39777843984834,-15.997778439848332,15.997778439848332,255.92891501047615
859,baseline_condition_allowed,HistGradientBoostingRegressor,53.0,76.01635444392079,-23.01635444392079,23.01635444392079,529.7525718881923
680,baseline_condition_allowed,HistGradientBoostingRegressor,75.9,70.38205897937816,5.517941020621848,5.517941020621848,30.44767310706128
2733,baseline_condition_allowed,HistGradientBoostingRegressor,44.5,52.9526956985477,-8.4526956985477,8.4526956985477,71.44806457224679
831,baseline_condition_allowed,HistGradientBoostingRegressor,51.1,52.92388360278307,-1.82388360278307,1.82388360278307,3.3265513965009514
3823,baseline_condition_allowed,HistGradientBoostingRegressor,80.3,71.78563764606736,8.51436235393264,8.51436235393264,72.49436629406536
4825,baseline_condition_allowed,HistGradientBoostingRegressor,145.0,112.9573810922217,32.042618907778305,32.042618907778305,1026.7294264691118
4987,baseline_condition_allowed,HistGradientBoostingRegressor,80.6,78.78470084532621,1.815299154673781,1.815299154673781,3.2953110209593435
4817,baseline_condition_allowed,HistGradientBoostingRegressor,86.3,78.87942671204313,7.42057328795687,7.42057328795687,55.06490792193903
3812,baseline_condition_allowed,HistGradientBoostingRegressor,64.0,69.48538754986696,-5.485387549866957,5.485387549866957,30.089476572235412
3890,baseline_condition_allowed,HistGradientBoostingRegressor,159.0,187.20511232679894,-28.20511232679894,28.20511232679894,795.5283613673455
4287,baseline_condition_allowed,HistGradientBoostingRegressor,136.5,123.95083495541756,12.549165044582438,12.549165044582438,157.48154331616973
3926,baseline_condition_allowed,HistGradientBoostingRegressor,61.6,54.282400636815666,7.3175993631843355,7.3175993631843355,53.54726044007579
1255,baseline_condition_allowed,HistGradientBoostingRegressor,265.0,260.9486843549172,4.051315645082809,4.051315645082809,16.413158456092738
2532,baseline_condition_allowed,HistGradientBoostingRegressor,101.0,137.48137909341543,-36.48137909341543,36.48137909341543,1330.8910205574882
1618,baseline_condition_allowed,HistGradientBoostingRegressor,47.0,54.850626340753344,-7.850626340753344,7.850626340753344,61.63233394213024
4167,baseline_condition_allowed,HistGradientBoostingRegressor,88.5,92.44955239715048,-3.949552397150484,3.949552397150484,15.598964137837132
2513,baseline_condition_allowed,HistGradientBoostingRegressor,180.5,161.9189599836752,18.581040016324806,18.581040016324806,345.2550480882638
4563,baseline_condition_allowed,HistGradientBoostingRegressor,49.2,50.24350551064976,-1.0435055106497586,1.0435055106497586,1.0889037507564134
4244,baseline_condition_allowed,HistGradientBoostingRegressor,94.0,93.34161283399105,0.65838716600895,0.65838716600895,0.43347366036529666
2612,baseline_condition_allowed,HistGradientBoostingRegressor,137.0,127.58802235305977,9.41197764694023,9.41197764694023,88.58532322650254
1899,baseline_condition_allowed,HistGradientBoostingRegressor,87.0,65.94041399477845,21.059586005221547,21.059586005221547,443.5061627113232
2913,baseline_condition_allowed,HistGradientBoostingRegressor,45.0,57.48300494251247,-12.483004942512473,12.483004942512473,155.82541239479082
2344,baseline_condition_allowed,HistGradientBoostingRegressor,75.8,58.92933982915803,16.870660170841965,16.870660170841965,284.61917460003343
1501,baseline_condition_allowed,HistGradientBoostingRegressor,128.8,121.49714540454391,7.302854595456097,7.302854595456097,53.331685242374235
1044,baseline_condition_allowed,HistGradientBoostingRegressor,46.8,84.73673090673059,-37.93673090673059,37.93673090673059,1439.1955518896877
4876,baseline_condition_allowed,HistGradientBoostingRegressor,91.7,85.44768343676662,6.252316563233379,6.252316563233379,39.09146240688245
1321,baseline_condition_allowed,HistGradientBoostingRegressor,114.0,131.58839763473145,-17.58839763473145,17.58839763473145,309.35173135742684
2386,baseline_condition_allowed,HistGradientBoostingRegressor,38.0,43.17202179359931,-5.172021793599313,5.172021793599313,26.749809433466258
2762,baseline_condition_allowed,HistGradientBoostingRegressor,49.0,46.59133683629919,2.4086631637008082,2.4086631637008082,5.801658236169186
546,baseline_condition_allowed,HistGradientBoostingRegressor,44.8,48.89527082615988,-4.095270826159883,4.095270826159883,16.77124313959625
1607,baseline_condition_allowed,HistGradientBoostingRegressor,138.0,129.25709894043797,8.74290105956203,8.74290105956203,76.43831893729086
4158,baseline_condition_allowed,HistGradientBoostingRegressor,141.5,117.85798658249095,23.642013417509048,23.642013417509048,558.9447984336779
385,baseline_condition_allowed,HistGradientBoostingRegressor,84.8,72.73410872244447,12.065891277555522,12.065891277555522,145.58573232179043
533,baseline_condition_allowed,HistGradientBoostingRegressor,47.0,81.59764869418838,-34.59764869418838,34.59764869418838,1196.997295166475
4337,baseline_condition_allowed,HistGradientBoostingRegressor,51.0,59.430821902544324,-8.430821902544324,8.430821902544324,71.07875795242109
1962,baseline_condition_allowed,HistGradientBoostingRegressor,33.8,44.64331153956656,-10.843311539566564,10.843311539566564,117.5774051440974
4607,baseline_condition_allowed,HistGradientBoostingRegressor,84.0,95.08928710911893,-11.089287109118928,11.089287109118928,122.97228858847123
1021,baseline_condition_allowed,HistGradientBoostingRegressor,68.2,72.16287892008762,-3.9628789200876184,3.9628789200876184,15.704409335274809
3522,baseline_condition_allowed,HistGradientBoostingRegressor,50.6,53.331845144032926,-2.731845144032924,2.731845144032924,7.462977890976268
2649,baseline_condition_allowed,HistGradientBoostingRegressor,35.0,45.54022299297016,-10.540222992970158,10.540222992970158,111.0963007415368
69,baseline_condition_allowed,HistGradientBoostingRegressor,50.6,49.72457876651682,0.8754212334831806,0.8754212334831806,0.7663623360332134
995,baseline_condition_allowed,HistGradientBoostingRegressor,53.4,51.83090658749522,1.5690934125047775,1.5690934125047775,2.4620541371658877
3073,baseline_condition_allowed,HistGradientBoostingRegressor,59.0,58.39552917640384,0.6044708235961593,0.6044708235961593,0.3653849765790192
553,baseline_condition_allowed,HistGradientBoostingRegressor,56.8,51.08430957505235,5.7156904249476455,5.7156904249476455,32.6691170338382
4681,baseline_condition_allowed,HistGradientBoostingRegressor,101.0,84.11863217751636,16.88136782248364,16.88136782248364,284.980579557986
1825,baseline_condition_allowed,HistGradientBoostingRegressor,74.7,69.82082606325459,4.879173936745417,4.879173936745417,23.80633830501577
2040,baseline_condition_allowed,HistGradientBoostingRegressor,40.0,47.40594436373045,-7.405944363730448,7.405944363730448,54.84801191867079
3005,baseline_condition_allowed,HistGradientBoostingRegressor,41.0,63.123182417163825,-22.123182417163825,22.123182417163825,489.43520026310665
3879,baseline_condition_allowed,HistGradientBoostingRegressor,98.0,88.84738311373594,9.152616886264056,9.152616886264056,83.77039586672595
179,baseline_condition_allowed,HistGradientBoostingRegressor,55.6,51.0293515226065,4.5706484773935045,4.5706484773935045,20.890827503899562
4521,baseline_condition_allowed,HistGradientBoostingRegressor,265.0,195.42086609494,69.57913390505999,69.57913390505999,4841.255874978268
431,baseline_condition_allowed,HistGradientBoostingRegressor,82.0,72.67387483881367,9.326125161186326,9.326125161186326,86.97661052211267
1644,baseline_condition_allowed,HistGradientBoostingRegressor,115.0,238.1475466186461,-123.14754661864609,123.14754661864609,15165.318238191612
1006,baseline_condition_allowed,HistGradientBoostingRegressor,40.0,53.56950529537821,-13.569505295378207,13.569505295378207,184.1314739612972
1963,baseline_condition_allowed,HistGradientBoostingRegressor,36.3,48.89194549572784,-12.591945495727842,12.591945495727842,158.55709136738068
375,baseline_condition_allowed,HistGradientBoostingRegressor,61.2,60.47421370112716,0.7257862988728405,0.7257862988728405,0.5267657516315362
1082,baseline_condition_allowed,HistGradientBoostingRegressor,41.0,41.71445411083447,-0.7144541108344669,0.7144541108344669,0.5104446764882686
5368,baseline_condition_allowed,HistGradientBoostingRegressor,39.4,46.12589570832492,-6.72589570832492,6.72589570832492,45.23767307926358
3295,baseline_condition_allowed,HistGradientBoostingRegressor,112.6,108.71036697205176,3.8896330279482356,3.8896330279482356,15.12924509210576
1351,baseline_condition_allowed,HistGradientBoostingRegressor,82.0,81.26809854364642,0.7319014563535831,0.7319014563535831,0.5356797418124959
5043,baseline_condition_allowed,HistGradientBoostingRegressor,68.6,60.286746339639976,8.313253660360019,8.313253660360019,69.11018642148925
1544,baseline_condition_allowed,HistGradientBoostingRegressor,55.0,52.69482346983997,2.3051765301600327,2.3051765301600327,5.313838835200648
3593,baseline_condition_allowed,HistGradientBoostingRegressor,38.0,39.90845707585755,-1.908457075857548,1.908457075857548,3.6422084103907433
799,baseline_condition_allowed,HistGradientBoostingRegressor,120.0,107.53551610097281,12.464483899027186,12.464483899027186,155.36335886910797
4589,baseline_condition_allowed,HistGradientBoostingRegressor,116.0,107.61501053166207,8.384989468337935,8.384989468337935,70.30804838413808
724,baseline_condition_allowed,HistGradientBoostingRegressor,49.0,60.277962656370626,-11.277962656370626,11.277962656370626,127.19244167849038
1247,baseline_condition_allowed,HistGradientBoostingRegressor,64.4,62.03495488592558,2.3650451140744266,2.3650451140744266,5.593438391607318
1459,baseline_condition_allowed,HistGradientBoostingRegressor,84.0,78.59168261243643,5.408317387563571,5.408317387563571,29.249896964622447
1693,baseline_condition_allowed,HistGradientBoostingRegressor,159.0,155.92444764615223,3.075552353847769,3.075552353847769,9.459022281258552
4651,baseline_condition_allowed,HistGradientBoostingRegressor,83.0,121.71209942198496,-38.71209942198496,38.71209942198496,1498.6266416576482
97,baseline_condition_allowed,HistGradientBoostingRegressor,102.3,82.44045331225304,19.859546687746956,19.859546687746956,394.4015946428011
1622,baseline_condition_allowed,HistGradientBoostingRegressor,73.0,76.27368198605073,-3.2736819860507325,3.2736819860507325,10.716993745793069
2640,baseline_condition_allowed,HistGradientBoostingRegressor,57.0,48.9458621690675,8.054137830932497,8.054137830932497,64.86913619965803
1557,baseline_condition_allowed,HistGradientBoostingRegressor,75.0,63.85939065016388,11.140609349836119,11.140609349836119,124.11317668565594
29,baseline_condition_allowed,HistGradientBoostingRegressor,111.0,101.28782536069004,9.712174639309964,9.712174639309964,94.32633622445563
3481,baseline_condition_allowed,HistGradientBoostingRegressor,98.0,127.76666005679519,-29.76666005679519,29.76666005679519,886.0540509368061
5077,baseline_condition_allowed,HistGradientBoostingRegressor,71.7,66.6220367453865,5.077963254613508,5.077963254613508,25.785710815205007
2355,baseline_condition_allowed,HistGradientBoostingRegressor,217.0,180.83502709275479,36.164972907245215,36.164972907245215,1307.9052653817803
3584,baseline_condition_allowed,HistGradientBoostingRegressor,47.6,49.02163373166224,-1.42163373166224,1.42163373166224,2.021042466999906
4752,baseline_condition_allowed,HistGradientBoostingRegressor,50.0,47.25284965145745,2.7471503485425472,2.7471503485425472,7.546835037497439
3733,baseline_condition_allowed,HistGradientBoostingRegressor,37.0,37.58260562330888,-0.5826056233088792,0.5826056233088792,0.33942931231112766
1925,baseline_condition_allowed,HistGradientBoostingRegressor,157.5,123.80522815272082,33.694771847279185,33.694771847279185,1135.3376498401979
3509,baseline_condition_allowed,HistGradientBoostingRegressor,127.0,122.71782055160318,4.282179448396818,4.282179448396818,18.337060828272072
5075,baseline_condition_allowed,HistGradientBoostingRegressor,41.7,41.51900907324935,0.18099092675065265,0.18099092675065265,0.032757715566060115
937,baseline_condition_allowed,HistGradientBoostingRegressor,49.0,64.4707811250669,-15.470781125066907,15.470781125066907,239.34506861972648
3485,baseline_condition_allowed,HistGradientBoostingRegressor,106.2,103.52422334609598,2.6757766539040233,2.6757766539040233,7.159780701577811
806,baseline_condition_allowed,HistGradientBoostingRegressor,56.1,106.50509182772193,-50.405091827721925,50.405091827721925,2540.6732821610794
1406,baseline_condition_allowed,HistGradientBoostingRegressor,120.0,143.02323540207377,-23.023235402073766,23.023235402073766,530.0693683793028
985,baseline_condition_allowed,HistGradientBoostingRegressor,102.2,89.10376397254774,13.096236027452264,13.096236027452264,171.51139808673864
3428,baseline_condition_allowed,HistGradientBoostingRegressor,236.0,256.9124556482824,-20.91245564828239,20.91245564828239,437.330801241378
1256,baseline_condition_allowed,HistGradientBoostingRegressor,132.0,123.21411997456327,8.785880025436725,8.785880025436725,77.19168782136803
5748,baseline_condition_allowed,HistGradientBoostingRegressor,49.0,45.66902093746943,3.3309790625305666,3.3309790625305666,11.095421515017012
1988,baseline_condition_allowed,HistGradientBoostingRegressor,38.0,46.80722230757302,-8.80722230757302,8.80722230757302,77.56716477501185
3142,baseline_condition_allowed,HistGradientBoostingRegressor,87.0,82.48994045833628,4.510059541663722,4.510059541663722,20.34063706935198
728,baseline_condition_allowed,HistGradientBoostingRegressor,68.5,52.30118885318106,16.19881114681894,16.19881114681894,262.4014825703056
3968,baseline_condition_allowed,HistGradientBoostingRegressor,115.5,98.58504312635509,16.91495687364491,16.91495687364491,286.11576603726724
210,baseline_condition_allowed,HistGradientBoostingRegressor,60.0,64.141215966668,-4.141215966668,4.141215966668,17.149669682585976
1078,baseline_condition_allowed,HistGradientBoostingRegressor,106.0,125.73652502986971,-19.73652502986971,19.73652502986971,389.5304202546736
2160,baseline_condition_allowed,HistGradientBoostingRegressor,38.7,37.75077162051445,0.9492283794855538,0.9492283794855538,0.9010345164207706
4420,baseline_condition_allowed,HistGradientBoostingRegressor,101.5,76.5277995603657,24.972200439634307,24.972200439634307,623.6107947972719
3099,baseline_condition_allowed,HistGradientBoostingRegressor,137.0,158.955860326659,-21.955860326659007,21.955860326659007,482.05980268375896
2966,baseline_condition_allowed,HistGradientBoostingRegressor,69.5,76.04874517014466,-6.548745170144656,6.548745170144656,42.88606330349296
3771,baseline_condition_allowed,HistGradientBoostingRegressor,149.5,139.65744687550713,9.842553124492866,9.842553124492866,96.87585200846429
3266,baseline_condition_allowed,HistGradientBoostingRegressor,210.0,234.5772364077787,-24.577236407778713,24.577236407778713,604.0405494438435
1727,baseline_condition_allowed,HistGradientBoostingRegressor,75.0,88.36613113878424,-13.36613113878424,13.36613113878424,178.6534616191777
2997,baseline_condition_allowed,HistGradientBoostingRegressor,32.0,46.68338594277779,-14.68338594277779,14.68338594277779,215.6018227445644
2353,baseline_condition_allowed,HistGradientBoostingRegressor,78.5,67.65035174273767,10.84964825726233,10.84964825726233,117.71486730631553
3641,baseline_condition_allowed,HistGradientBoostingRegressor,66.5,60.21840523327128,6.281594766728723,6.281594766728723,39.458432813393685
5026,baseline_condition_allowed,HistGradientBoostingRegressor,109.0,105.40360608535757,3.5963939146424337,3.5963939146424337,12.934049189277129
4013,baseline_condition_allowed,HistGradientBoostingRegressor,81.4,74.61283857997236,6.787161420027644,6.787161420027644,46.06556014151167
377,baseline_condition_allowed,HistGradientBoostingRegressor,40.5,50.17064564035554,-9.670645640355538,9.670645640355538,93.52138710132758
2251,baseline_condition_allowed,HistGradientBoostingRegressor,52.0,45.4839846516507,6.516015348349299,6.516015348349299,42.45845601992364
2965,baseline_condition_allowed,HistGradientBoostingRegressor,128.0,95.97524997581311,32.024750024186886,32.024750024186886,1025.584614111658
962,baseline_condition_allowed,HistGradientBoostingRegressor,42.1,49.763196865519106,-7.6631968655191045,7.6631968655191045,58.724586199701825
1251,baseline_condition_allowed,HistGradientBoostingRegressor,61.4,112.71452919248345,-51.314529192483455,51.314529192483455,2633.1809062462366
5346,baseline_condition_allowed,HistGradientBoostingRegressor,66.8,65.86133074344086,0.9386692565591375,0.9386692565591375,0.8810999732092838
4509,baseline_condition_allowed,HistGradientBoostingRegressor,122.5,138.08638850246635,-15.586388502466349,15.586388502466349,242.9355065498152
4566,baseline_condition_allowed,HistGradientBoostingRegressor,95.0,62.20886406308186,32.79113593691814,32.79113593691814,1075.2585960334443
1730,baseline_condition_allowed,HistGradientBoostingRegressor,164.0,175.98834001378498,-11.988340013784978,11.988340013784978,143.72029628611799
2452,baseline_condition_allowed,HistGradientBoostingRegressor,40.0,49.126041950626956,-9.126041950626956,9.126041950626956,83.28464168460305
1565,baseline_condition_allowed,HistGradientBoostingRegressor,46.0,63.3745971852546,-17.3745971852546,17.3745971852546,301.8766273498571
3048,baseline_condition_allowed,HistGradientBoostingRegressor,99.0,79.60965500372771,19.39034499627229,19.39034499627229,375.98547907446186
183,baseline_condition_allowed,HistGradientBoostingRegressor,64.3,86.0041573453556,-21.704157345355597,21.704157345355597,471.0704460719533
5261,baseline_condition_allowed,HistGradientBoostingRegressor,35.2,54.78282846345107,-19.582828463451065,19.582828463451065,383.48717062894923
5203,baseline_condition_allowed,HistGradientBoostingRegressor,113.0,97.84519753861947,15.154802461380527,15.154802461380527,229.66803764346528
3632,baseline_condition_allowed,HistGradientBoostingRegressor,238.0,201.72921294146607,36.27078705853393,36.27078705853393,1315.5699938455123
1653,baseline_condition_allowed,HistGradientBoostingRegressor,46.5,74.03404571293746,-27.534045712937456,27.534045712937456,758.1236733221294
208,baseline_condition_allowed,HistGradientBoostingRegressor,68.0,76.52710189639365,-8.527101896393646,8.527101896393646,72.7114667514801
23,baseline_condition_allowed,HistGradientBoostingRegressor,90.5,87.70147687901432,2.798523120985678,2.798523120985678,7.831731658691418
1521,baseline_condition_allowed,HistGradientBoostingRegressor,105.6,98.7688667174163,6.831133282583693,6.831133282583693,46.664381924422656
4125,baseline_condition_allowed,HistGradientBoostingRegressor,114.7,101.43918698438198,13.260813015618027,13.260813015618027,175.84916183518447
3096,baseline_condition_allowed,HistGradientBoostingRegressor,102.0,73.62383988899995,28.376160111000047,28.376160111000047,805.2064626451102
3608,baseline_condition_allowed,HistGradientBoostingRegressor,129.7,135.93873093158544,-6.238730931585451,6.238730931585451,38.92176363672107
2761,baseline_condition_allowed,HistGradientBoostingRegressor,44.0,42.29852150206259,1.7014784979374085,1.7014784979374085,2.8950290789433395
941,baseline_condition_allowed,HistGradientBoostingRegressor,68.0,67.62400437473161,0.3759956252683878,0.3759956252683878,0.14137271022096592
3952,baseline_condition_allowed,HistGradientBoostingRegressor,132.0,139.80603801853073,-7.806038018530728,7.806038018530728,60.93422954674713
4149,baseline_condition_allowed,HistGradientBoostingRegressor,66.0,61.87420147419142,4.125798525808577,4.125798525808577,17.022213475564225
1621,baseline_condition_allowed,HistGradientBoostingRegressor,128.0,110.8652296429563,17.134770357043706,17.134770357043706,293.6003551886237
5781,baseline_condition_allowed,HistGradientBoostingRegressor,94.5,89.00096643411769,5.499033565882314,5.499033565882314,30.23937015870036
3613,baseline_condition_allowed,HistGradientBoostingRegressor,120.0,103.04636067321579,16.953639326784213,16.953639326784213,287.42588642268424
1610,baseline_condition_allowed,HistGradientBoostingRegressor,77.0,74.54422570724789,2.4557742927521105,2.4557742927521105,6.030827376942129
3377,baseline_condition_allowed,HistGradientBoostingRegressor,42.1,41.03332622983841,1.066673770161593,1.066673770161593,1.1377929319507467
1675,baseline_condition_allowed,HistGradientBoostingRegressor,100.0,85.65160635226277,14.348393647737225,14.348393647737225,205.87640027042596
3215,baseline_condition_allowed,HistGradientBoostingRegressor,36.6,38.899040453711386,-2.2990404537113847,2.2990404537113847,5.28558700780145
2507,baseline_condition_allowed,HistGradientBoostingRegressor,62.0,69.62897157184945,-7.628971571849448,7.628971571849448,58.20120724408703
5502,baseline_condition_allowed,HistGradientBoostingRegressor,178.0,163.66046739982906,14.33953260017094,14.33953260017094,205.62219519136517
58,baseline_condition_allowed,HistGradientBoostingRegressor,48.0,48.34528674092472,-0.34528674092472045,0.34528674092472045,0.11922293345841502
5108,baseline_condition_allowed,HistGradientBoostingRegressor,74.2,79.1021427713236,-4.9021427713235965,4.9021427713235965,24.031003750440192
1790,baseline_condition_allowed,HistGradientBoostingRegressor,47.0,59.66679581237878,-12.66679581237878,12.66679581237878,160.44771615249658
2989,baseline_condition_allowed,HistGradientBoostingRegressor,98.7,96.13442640614198,2.5655735938580193,2.5655735938580193,6.582167865501553
1886,baseline_condition_allowed,HistGradientBoostingRegressor,193.0,194.08473627375022,-1.0847362737502237,1.0847362737502237,1.1766527835895204
676,baseline_condition_allowed,HistGradientBoostingRegressor,58.7,48.75024375326465,9.949756246735355,9.949756246735355,98.9976493694492
4441,baseline_condition_allowed,HistGradientBoostingRegressor,121.0,153.5484430433939,-32.54844304339389,32.54844304339389,1059.401144549056
3453,baseline_condition_allowed,HistGradientBoostingRegressor,154.8,137.4241009208838,17.37589907911621,17.37589907911621,301.92186880763154
4494,baseline_condition_allowed,HistGradientBoostingRegressor,79.0,82.36609779996343,-3.366097799963427,3.366097799963427,11.330614398918623
3773,baseline_condition_allowed,HistGradientBoostingRegressor,125.0,114.32587371624535,10.674126283754646,10.674126283754646,113.93697192154177
4622,baseline_condition_allowed,HistGradientBoostingRegressor,109.0,94.56300754281203,14.43699245718797,14.43699245718797,208.42675120890232
4475,baseline_condition_allowed,HistGradientBoostingRegressor,58.1,61.78975547303711,-3.68975547303711,3.68975547303711,13.614295450807306
301,baseline_condition_allowed,HistGradientBoostingRegressor,135.0,123.87851455451684,11.12148544548316,11.12148544548316,123.68743851409376
246,baseline_condition_allowed,HistGradientBoostingRegressor,114.0,85.03991461166382,28.960085388336182,28.960085388336182,838.6865456997228
3725,baseline_condition_allowed,HistGradientBoostingRegressor,200.5,187.77264358199483,12.727356418005172,12.727356418005172,161.98560139093743
5404,baseline_condition_allowed,HistGradientBoostingRegressor,52.5,52.5305512036109,-0.030551203610897915,0.030551203610897915,0.0009333760420745417
2589,baseline_condition_allowed,HistGradientBoostingRegressor,54.7,63.506287365622946,-8.806287365622943,8.806287365622943,77.55069716593027
1537,baseline_condition_allowed,HistGradientBoostingRegressor,78.0,179.00984408178724,-101.00984408178724,101.00984408178724,10202.988601426969
5385,baseline_condition_allowed,HistGradientBoostingRegressor,52.5,57.792048760794295,-5.2920487607942945,5.2920487607942945,28.00578008662443
517,baseline_condition_allowed,HistGradientBoostingRegressor,262.0,186.50379536620412,75.49620463379588,75.49620463379588,5699.676914107983
2059,baseline_condition_allowed,HistGradientBoostingRegressor,38.0,43.04215646406908,-5.04215646406908,5.04215646406908,25.423341808153612
3158,baseline_condition_allowed,HistGradientBoostingRegressor,43.8,45.768545785038896,-1.9685457850388985,1.9685457850388985,3.8751725077944132
5522,baseline_condition_allowed,HistGradientBoostingRegressor,45.0,42.18270674958121,2.8172932504187926,2.8172932504187926,7.937141258855286
2119,baseline_condition_allowed,HistGradientBoostingRegressor,57.0,47.49448701001219,9.505512989987807,9.505512989987807,90.35477720282694
5574,baseline_condition_allowed,HistGradientBoostingRegressor,125.0,123.92366712347061,1.076332876529392,1.076332876529392,1.1584924610980354
3132,baseline_condition_allowed,HistGradientBoostingRegressor,131.0,87.2865862735289,43.7134137264711,43.7134137264711,1910.8625396216323
4066,baseline_condition_allowed,HistGradientBoostingRegressor,80.3,78.28233074056389,2.0176692594361043,2.0176692594361043,4.070989240473438
1101,baseline_condition_allowed,HistGradientBoostingRegressor,110.0,116.5570496995356,-6.557049699535597,6.557049699535597,42.99490076217986
1704,baseline_condition_allowed,HistGradientBoostingRegressor,39.1,41.743073695333486,-2.6430736953334844,2.6430736953334844,6.985838558963801
1749,baseline_condition_allowed,HistGradientBoostingRegressor,47.0,43.80996769592712,3.1900323040728793,3.1900323040728793,10.176306101028523
2700,baseline_condition_allowed,HistGradientBoostingRegressor,30.3,38.15005288680432,-7.850052886804317,7.850052886804317,61.62333032562479
2018,baseline_condition_allowed,HistGradientBoostingRegressor,45.0,76.42616664339039,-31.42616664339039,31.42616664339039,987.6039498981427
3196,baseline_condition_allowed,HistGradientBoostingRegressor,168.0,127.33028984402829,40.669710155971714,40.669710155971714,1654.0253241707487
1039,baseline_condition_allowed,HistGradientBoostingRegressor,69.0,70.34872725781474,-1.348727257814744,1.348727257814744,1.819065215972479
3737,baseline_condition_allowed,HistGradientBoostingRegressor,65.1,76.95840325135218,-11.858403251352186,11.858403251352186,140.6217276716801
1624,baseline_condition_allowed,HistGradientBoostingRegressor,83.5,81.33997475648513,2.160025243514866,2.160025243514866,4.665709052621457
5614,baseline_condition_allowed,HistGradientBoostingRegressor,102.0,101.25674214165697,0.7432578583430285,0.7432578583430285,0.5524322439886654
1789,baseline_condition_allowed,HistGradientBoostingRegressor,30.0,48.053370045683906,-18.053370045683906,18.053370045683906,325.92417000639693
4809,baseline_condition_allowed,HistGradientBoostingRegressor,94.0,105.41333815427416,-11.413338154274157,11.413338154274157,130.26428782381024
5028,baseline_condition_allowed,HistGradientBoostingRegressor,90.8,90.52252953753617,0.2774704624638247,0.2774704624638247,0.07698985753988874
5758,baseline_condition_allowed,HistGradientBoostingRegressor,42.0,45.89725706208022,-3.8972570620802216,3.8972570620802216,15.18861260793416
5120,baseline_condition_allowed,HistGradientBoostingRegressor,133.0,109.91703427485668,23.082965725143325,23.082965725143325,532.8233066681415
1011,baseline_condition_allowed,HistGradientBoostingRegressor,111.0,122.79359624106364,-11.79359624106364,11.79359624106364,139.0889122972304
277,baseline_condition_allowed,HistGradientBoostingRegressor,58.0,119.01966853193933,-61.01966853193933,61.01966853193933,3723.399947747747
5744,baseline_condition_allowed,HistGradientBoostingRegressor,46.0,53.941830369822945,-7.941830369822945,7.941830369822945,63.07266962304206
3835,baseline_condition_allowed,HistGradientBoostingRegressor,43.3,40.787482269477415,2.512517730522582,2.512517730522582,6.312745346190345
2574,baseline_condition_allowed,HistGradientBoostingRegressor,125.3,98.66063196687026,26.63936803312974,26.63936803312974,709.6559292045348
1069,baseline_condition_allowed,HistGradientBoostingRegressor,71.0,76.18656027405635,-5.1865602740563475,5.1865602740563475,26.900407476419453
1128,baseline_condition_allowed,HistGradientBoostingRegressor,115.0,105.9304891992525,9.069510800747494,9.069510800747494,82.25602616487545
5302,baseline_condition_allowed,HistGradientBoostingRegressor,57.0,59.93861552713987,-2.9386155271398735,2.9386155271398735,8.635461216347556
4644,baseline_condition_allowed,HistGradientBoostingRegressor,92.2,68.6785895763724,23.5214104236276,23.5214104236276,553.2567483167371
3761,baseline_condition_allowed,HistGradientBoostingRegressor,55.0,92.53250850798503,-37.53250850798503,37.53250850798503,1408.6891949019684
4400,baseline_condition_allowed,HistGradientBoostingRegressor,138.0,140.708852165498,-2.7088521654980013,2.7088521654980013,7.337880054523211
5391,baseline_condition_allowed,HistGradientBoostingRegressor,43.5,48.094903485342925,-4.594903485342925,4.594903485342925,21.11313803961656
3538,baseline_condition_allowed,HistGradientBoostingRegressor,86.0,71.87396011831062,14.12603988168938,14.12603988168938,199.5450027390789
434,baseline_condition_allowed,HistGradientBoostingRegressor,165.7,136.06438711801817,29.635612881981814,29.635612881981814,878.2695508906864
2003,baseline_condition_allowed,HistGradientBoostingRegressor,42.3,45.20105141976826,-2.9010514197682653,2.9010514197682653,8.416099340139468
4336,baseline_condition_allowed,HistGradientBoostingRegressor,82.5,69.73548111275103,12.764518887248968,12.764518887248968,162.93294242293564
2156,baseline_condition_allowed,HistGradientBoostingRegressor,34.0,35.14562793765644,-1.1456279376564424,1.1456279376564424,1.3124633715389535
4116,baseline_condition_allowed,HistGradientBoostingRegressor,123.0,110.9765296996621,12.023470300337905,12.023470300337905,144.56383806310768
1152,baseline_condition_allowed,HistGradientBoostingRegressor,109.3,100.3549159073122,8.945084092687793,8.945084092687793,80.0145294252562
2661,baseline_condition_allowed,HistGradientBoostingRegressor,33.5,33.48435242878262,0.015647571217378697,0.015647571217378697,0.00024484648500293826
5079,baseline_condition_allowed,HistGradientBoostingRegressor,85.1,77.62251533278796,7.477484667212039,7.477484667212039,55.912776948391134
3555,baseline_condition_allowed,HistGradientBoostingRegressor,72.0,61.947605561659465,10.052394438340535,10.052394438340535,101.05063394397972
5780,baseline_condition_allowed,HistGradientBoostingRegressor,36.0,61.12221894408789,-25.12221894408789,25.12221894408789,631.1258846746885
2261,baseline_condition_allowed,HistGradientBoostingRegressor,84.0,98.39946217679963,-14.39946217679963,14.39946217679963,207.34451098108315
1953,baseline_condition_allowed,HistGradientBoostingRegressor,120.5,177.63877492187814,-57.13877492187814,57.13877492187814,3264.8395995730502
4846,baseline_condition_allowed,HistGradientBoostingRegressor,236.0,146.85380346325277,89.14619653674723,89.14619653674723,7947.044356968363
4122,baseline_condition_allowed,HistGradientBoostingRegressor,184.3,188.10558756662283,-3.805587566622819,3.805587566622819,14.482496727234189
328,baseline_condition_allowed,HistGradientBoostingRegressor,88.1,72.17756058723224,15.922439412767758,15.922439412767758,253.52407685326008
3716,baseline_condition_allowed,HistGradientBoostingRegressor,155.5,146.8383325661298,8.661667433870207,8.661667433870207,75.02448273496769
2915,baseline_condition_allowed,HistGradientBoostingRegressor,40.5,52.11533254858942,-11.615332548589421,11.615332548589421,134.91595021432082
1594,baseline_condition_allowed,HistGradientBoostingRegressor,42.0,49.87134877398912,-7.871348773989119,7.871348773989119,61.95813152178001
3903,baseline_condition_allowed,HistGradientBoostingRegressor,101.0,86.06197217027143,14.938027829728568,14.938027829728568,223.1446754417452
3839,baseline_condition_allowed,HistGradientBoostingRegressor,56.8,56.96181486377434,-0.16181486377434595,0.16181486377434595,0.026184050138310138
1717,baseline_condition_allowed,HistGradientBoostingRegressor,57.0,55.16496335738547,1.8350366426145328,1.8350366426145328,3.3673594797380164
1049,baseline_condition_allowed,HistGradientBoostingRegressor,53.2,65.11011478077592,-11.910114780775913,11.910114780775913,141.85083409125687
2133,baseline_condition_allowed,HistGradientBoostingRegressor,57.0,51.57947856439024,5.420521435609757,5.420521435609757,29.382052633904863
4272,baseline_condition_allowed,HistGradientBoostingRegressor,154.2,159.41630658037914,-5.216306580379154,5.216306580379154,27.209854340506862
3396,baseline_condition_allowed,HistGradientBoostingRegressor,63.0,58.2208732291329,4.7791267708671015,4.7791267708671015,22.84005269201861
917,baseline_condition_allowed,HistGradientBoostingRegressor,78.3,69.70524317841927,8.59475682158073,8.59475682158073,73.8698448221085
3868,baseline_condition_allowed,HistGradientBoostingRegressor,126.0,142.06280517438927,-16.06280517438927,16.06280517438927,258.01371007038665
593,baseline_condition_allowed,HistGradientBoostingRegressor,48.0,70.36925112144971,-22.369251121449707,22.369251121449707,500.383395734479
2129,baseline_condition_allowed,HistGradientBoostingRegressor,40.0,39.23250880150444,0.7674911984955628,0.7674911984955628,0.5890427397681554
4436,baseline_condition_allowed,HistGradientBoostingRegressor,136.0,142.63331255493495,-6.633312554934946,6.633312554934946,44.00083545145758
3307,baseline_condition_allowed,HistGradientBoostingRegressor,65.5,96.66799934658539,-31.16799934658539,31.16799934658539,971.4441832687473
2021,baseline_condition_allowed,HistGradientBoostingRegressor,38.5,33.976738249204196,4.523261750795804,4.523261750795804,20.459896866212322
1657,baseline_condition_allowed,HistGradientBoostingRegressor,46.2,114.75559798085797,-68.55559798085797,68.55559798085797,4699.870014513017
3732,baseline_condition_allowed,HistGradientBoostingRegressor,60.1,52.67270717172045,7.427292828279555,7.427292828279555,55.16467875701291
1888,baseline_condition_allowed,HistGradientBoostingRegressor,215.0,141.03148217204946,73.96851782795054,73.96851782795054,5471.341629663836
2939,baseline_condition_allowed,HistGradientBoostingRegressor,53.0,49.06332677715164,3.9366732228483627,3.9366732228483627,15.497396063491315
4321,baseline_condition_allowed,HistGradientBoostingRegressor,181.0,149.43500084902587,31.56499915097413,31.56499915097413,996.3491714009976
5097,baseline_condition_allowed,HistGradientBoostingRegressor,75.0,86.53558977251369,-11.535589772513688,11.535589772513688,133.0698313997224
942,baseline_condition_allowed,HistGradientBoostingRegressor,65.2,83.82631924944178,-18.626319249441778,18.626319249441778,346.9397687821253
5222,baseline_condition_allowed,HistGradientBoostingRegressor,65.0,62.241119339128616,2.758880660871384,2.758880660871384,7.611422500930123
3659,baseline_condition_allowed,HistGradientBoostingRegressor,45.2,54.9383812214163,-9.738381221416297,9.738381221416297,94.83606881363357
5603,baseline_condition_allowed,HistGradientBoostingRegressor,85.1,71.61450272938926,13.485497270610736,13.485497270610736,181.85863663564962
2144,baseline_condition_allowed,HistGradientBoostingRegressor,50.0,43.22270441449091,6.777295585509087,6.777295585509087,45.93173545336096
5728,baseline_condition_allowed,HistGradientBoostingRegressor,51.6,66.24589566443228,-14.645895664432281,14.645895664432281,214.5022598134363
1507,baseline_condition_allowed,HistGradientBoostingRegressor,47.0,52.03001355484265,-5.030013554842647,5.030013554842647,25.30103636190076
1852,baseline_condition_allowed,HistGradientBoostingRegressor,86.0,73.01222373875724,12.987776261242757,12.987776261242757,168.6823322121009
835,baseline_condition_allowed,HistGradientBoostingRegressor,123.0,147.900161689588,-24.900161689588003,24.900161689588003,620.0180521676261
227,baseline_condition_allowed,HistGradientBoostingRegressor,65.3,58.851212690455114,6.448787309544883,6.448787309544883,41.58685776374713
2573,baseline_condition_allowed,HistGradientBoostingRegressor,129.5,107.22930611437826,22.27069388562174,22.27069388562174,495.9838061470695
5030,baseline_condition_allowed,HistGradientBoostingRegressor,58.2,86.81757916774042,-28.617579167740416,28.617579167740416,818.9658374218902
4283,baseline_condition_allowed,HistGradientBoostingRegressor,59.7,94.09069332594609,-34.39069332594609,34.39069332594609,1182.7197874392727
1238,baseline_condition_allowed,HistGradientBoostingRegressor,176.0,131.797194339989,44.202805660010995,44.202805660010995,1953.8880282167001
3663,baseline_condition_allowed,HistGradientBoostingRegressor,132.5,236.37933613089515,-103.87933613089515,103.87933613089515,10790.9164749955
2130,baseline_condition_allowed,HistGradientBoostingRegressor,48.0,43.82719289449583,4.1728071055041696,4.1728071055041696,17.412319139746085
4354,baseline_condition_allowed,HistGradientBoostingRegressor,56.0,49.142493007054576,6.857506992945424,6.857506992945424,47.0254021582954
4023,baseline_condition_allowed,HistGradientBoostingRegressor,74.4,73.0096834215699,1.3903165784301024,1.3903165784301024,1.932980188257587
1135,baseline_condition_allowed,HistGradientBoostingRegressor,146.0,173.24594748520963,-27.245947485209626,27.245947485209626,742.3416543668008
292,baseline_condition_allowed,HistGradientBoostingRegressor,107.0,90.47770158064033,16.52229841935967,16.52229841935967,272.9863450583751
3777,baseline_condition_allowed,HistGradientBoostingRegressor,99.0,88.27258159015412,10.727418409845882,10.727418409845882,115.07750573990035
1057,baseline_condition_allowed,HistGradientBoostingRegressor,51.5,85.0135008192127,-33.513500819212695,33.513500819212695,1123.15473715937
1187,baseline_condition_allowed,HistGradientBoostingRegressor,60.7,57.87784679433459,2.8221532056654155,2.8221532056654155,7.964548716247581
1422,baseline_condition_allowed,HistGradientBoostingRegressor,102.4,101.13935457505363,1.2606454249463752,1.2606454249463752,1.589226887438227
3990,baseline_condition_allowed,HistGradientBoostingRegressor,85.0,110.19122517537069,-25.19122517537069,25.19122517537069,634.5978258362301
4103,baseline_condition_allowed,HistGradientBoostingRegressor,176.0,159.32744084634325,16.67255915365675,16.67255915365675,277.97422873218346
1272,baseline_condition_allowed,HistGradientBoostingRegressor,54.0,55.142012105713995,-1.1420121057139951,1.1420121057139951,1.3041916495973132
3037,baseline_condition_allowed,HistGradientBoostingRegressor,111.0,167.04963520803182,-56.049635208031816,56.049635208031816,3141.56160695344
4093,baseline_condition_allowed,HistGradientBoostingRegressor,97.0,154.86795563403118,-57.867955634031176,57.867955634031176,3348.7002892622004
3267,baseline_condition_allowed,HistGradientBoostingRegressor,128.5,129.92005452313043,-1.4200545231304318,1.4200545231304318,2.016554848663198
2925,baseline_condition_allowed,HistGradientBoostingRegressor,65.5,98.65316960675285,-33.153169606752854,33.153169606752854,1099.1326549741211
1310,baseline_condition_allowed,HistGradientBoostingRegressor,48.0,47.93747373861979,0.06252626138020645,0.06252626138020645,0.0039095333621858965
1636,baseline_condition_allowed,HistGradientBoostingRegressor,77.0,79.81180508650714,-2.8118050865071353,2.8118050865071353,7.906247844507399
742,baseline_condition_allowed,HistGradientBoostingRegressor,91.0,83.77980175383726,7.220198246162738,7.220198246162738,52.13126271389148
498,baseline_condition_allowed,HistGradientBoostingRegressor,96.0,73.67934238161578,22.320657618384217,22.320657618384217,498.2117565171334
3962,baseline_condition_allowed,HistGradientBoostingRegressor,145.5,151.48200133045538,-5.982001330455375,5.982001330455375,35.78433991756988
4686,baseline_condition_allowed,HistGradientBoostingRegressor,76.0,72.41124859288476,3.5887514071152395,3.5887514071152395,12.879136662071613
1822,baseline_condition_allowed,HistGradientBoostingRegressor,46.0,43.01625648526968,2.983743514730321,2.983743514730321,8.90272536169525
5360,baseline_condition_allowed,HistGradientBoostingRegressor,175.0,138.17586793167493,36.82413206832507,36.82413206832507,1356.0167025854469
2201,baseline_condition_allowed,HistGradientBoostingRegressor,56.0,47.99878221120198,8.001217788798023,8.001217788798023,64.01948610377792
506,baseline_condition_allowed,HistGradientBoostingRegressor,44.0,59.612762171292935,-15.612762171292935,15.612762171292935,243.7583426173557
3875,baseline_condition_allowed,HistGradientBoostingRegressor,182.7,150.14658352775717,32.553416472242816,32.553416472242816,1059.7249240152898
18,baseline_condition_allowed,HistGradientBoostingRegressor,65.5,105.09474661056787,-39.59474661056787,39.59474661056787,1567.7439591550756
2711,baseline_condition_allowed,HistGradientBoostingRegressor,46.0,52.5120713173061,-6.512071317306102,6.512071317306102,42.40707284168083
5733,baseline_condition_allowed,HistGradientBoostingRegressor,78.8,97.77023113706201,-18.970231137062015,18.970231137062015,359.8696693935572
163,baseline_condition_allowed,HistGradientBoostingRegressor,71.0,62.26118304712946,8.738816952870543,8.738816952870543,76.36692173577761
1929,baseline_condition_allowed,HistGradientBoostingRegressor,154.0,87.59550477870596,66.40449522129404,66.40449522129404,4409.556985594863
321,baseline_condition_allowed,HistGradientBoostingRegressor,72.7,91.21624884099896,-18.516248840998955,18.516248840998955,342.8514711417951
3694,baseline_condition_allowed,HistGradientBoostingRegressor,58.0,52.178905543098374,5.821094456901626,5.821094456901626,33.88514067617084
3955,baseline_condition_allowed,HistGradientBoostingRegressor,82.7,82.95060021870647,-0.25060021870646665,0.25060021870646665,0.06280046961572891
5184,baseline_condition_allowed,HistGradientBoostingRegressor,44.5,74.66001232960853,-30.160012329608534,30.160012329608534,909.6263437221388
4358,baseline_condition_allowed,HistGradientBoostingRegressor,41.7,42.107101760118745,-0.4071017601187421,0.4071017601187421,0.16573184309177785
5529,baseline_condition_allowed,HistGradientBoostingRegressor,62.0,136.5025526497056,-74.50255264970559,74.50255264970559,5550.630351322154
865,baseline_condition_allowed,HistGradientBoostingRegressor,55.2,91.02686134734957,-35.82686134734956,35.82686134734956,1283.5639940022102
5062,baseline_condition_allowed,HistGradientBoostingRegressor,60.7,54.996766731313166,5.703233268686837,5.703233268686837,32.52686971705634
2175,baseline_condition_allowed,HistGradientBoostingRegressor,52.0,50.706436658062444,1.2935633419375563,1.2935633419375563,1.6733061196046592
359,baseline_condition_allowed,HistGradientBoostingRegressor,59.0,121.25387035948604,-62.253870359486044,62.253870359486044,3875.544374735695
5775,baseline_condition_allowed,HistGradientBoostingRegressor,146.0,142.11768888675536,3.88231111324464,3.88231111324464,15.072339580022836
2260,baseline_condition_allowed,HistGradientBoostingRegressor,183.0,180.9671480816486,2.0328519183514118,2.0328519183514118,4.132486921945015
2495,baseline_condition_allowed,HistGradientBoostingRegressor,39.3,49.98165256982377,-10.681652569823775,10.681652569823775,114.09770162242286
3309,baseline_condition_allowed,HistGradientBoostingRegressor,142.8,121.62150267613949,21.178497323860526,21.178497323860526,448.52874889676747
1220,baseline_condition_allowed,HistGradientBoostingRegressor,72.5,65.14289943786687,7.357100562133127,7.357100562133127,54.12692868133957
5500,baseline_condition_allowed,HistGradientBoostingRegressor,40.0,44.93801558163924,-4.938015581639242,4.938015581639242,24.38399788451194
1961,baseline_condition_allowed,HistGradientBoostingRegressor,34.0,43.91864322370731,-9.918643223707313,9.918643223707313,98.37948339919501
490,baseline_condition_allowed,HistGradientBoostingRegressor,68.0,58.634347330249895,9.365652669750105,9.365652669750105,87.71544993039727
4302,baseline_condition_allowed,HistGradientBoostingRegressor,120.0,111.77173278277655,8.228267217223447,8.228267217223447,67.70438139803409
133,baseline_condition_allowed,HistGradientBoostingRegressor,61.0,58.76123438552699,2.23876561447301,2.23876561447301,5.012071476546715
1575,baseline_condition_allowed,HistGradientBoostingRegressor,96.5,84.46973829138388,12.030261708616123,12.030261708616123,144.72719677779534
4950,baseline_condition_allowed,HistGradientBoostingRegressor,63.0,65.44128342914848,-2.441283429148484,2.441283429148484,5.959864781434982
2491,baseline_condition_allowed,HistGradientBoostingRegressor,53.0,77.14732158520796,-24.147321585207962,24.147321585207962,583.0931397394504
3119,baseline_condition_allowed,HistGradientBoostingRegressor,42.2,41.36580102164823,0.8341989783517718,0.8341989783517718,0.6958879354831399
96,baseline_condition_allowed,HistGradientBoostingRegressor,41.7,40.77102104591125,0.9289789540887554,0.9289789540887554,0.863001897139838
1887,baseline_condition_allowed,HistGradientBoostingRegressor,206.0,207.87130763091437,-1.871307630914373,1.871307630914373,3.5017922495183633
1193,baseline_condition_allowed,HistGradientBoostingRegressor,226.3,177.7201180192246,48.57988198077541,48.57988198077541,2360.0049332660674
5345,baseline_condition_allowed,HistGradientBoostingRegressor,79.8,73.44682337528471,6.353176624715289,6.353176624715289,40.36285322482875
2234,baseline_condition_allowed,HistGradientBoostingRegressor,57.5,61.09940807791478,-3.599408077914781,3.599408077914781,12.955738511358177
3173,baseline_condition_allowed,HistGradientBoostingRegressor,169.5,160.23555824470614,9.26444175529386,9.26444175529386,85.82988103723237
369,baseline_condition_allowed,HistGradientBoostingRegressor,115.7,111.4192177288597,4.280782271140296,4.280782271140296,18.325096852909073
216,baseline_condition_allowed,HistGradientBoostingRegressor,168.2,157.32476580234376,10.875234197656226,10.875234197656226,118.27071885387147
4528,baseline_condition_allowed,HistGradientBoostingRegressor,78.0,70.82645934528104,7.173540654718963,7.173540654718963,51.459685524905765
3206,baseline_condition_allowed,HistGradientBoostingRegressor,143.0,124.5392726846384,18.460727315361595,18.460727315361595,340.7984530121377
4357,baseline_condition_allowed,HistGradientBoostingRegressor,63.2,57.10378649075485,6.096213509245153,6.096213509245153,37.163819150303105
3127,baseline_condition_allowed,HistGradientBoostingRegressor,84.0,75.80066821884387,8.199331781156133,8.199331781156133,67.229041657477
4074,baseline_condition_allowed,HistGradientBoostingRegressor,166.5,163.0526154291008,3.447384570899203,3.447384570899203,11.884460379673882
4274,baseline_condition_allowed,HistGradientBoostingRegressor,53.0,51.70115463186891,1.29884536813109,1.29884536813109,1.6869992903155868
3258,baseline_condition_allowed,HistGradientBoostingRegressor,48.7,46.805317822734025,1.8946821772659774,1.8946821772659774,3.5898205528493445
878,baseline_condition_allowed,HistGradientBoostingRegressor,111.2,110.49970825791003,0.7002917420899735,0.7002917420899735,0.49040852403940993
1303,baseline_condition_allowed,HistGradientBoostingRegressor,53.5,56.83176813963281,-3.331768139632807,3.331768139632807,11.100678936272255
5218,baseline_condition_allowed,HistGradientBoostingRegressor,126.0,155.2518514689087,-29.25185146890871,29.25185146890871,855.6708143590968
1975,baseline_condition_allowed,HistGradientBoostingRegressor,54.0,49.15120393506971,4.848796064930291,4.848796064930291,23.51082327928347
2480,baseline_condition_allowed,HistGradientBoostingRegressor,96.0,80.44701957913786,15.552980420862141,15.552980420862141,241.89519997172113
233,baseline_condition_allowed,HistGradientBoostingRegressor,60.0,58.85529247615456,1.1447075238454403,1.1447075238454403,1.3103553151483591
3799,baseline_condition_allowed,HistGradientBoostingRegressor,58.0,50.85383067936259,7.146169320637412,7.146169320637412,51.06773595921937
2566,baseline_condition_allowed,HistGradientBoostingRegressor,85.2,103.14765754450518,-17.947657544505176,17.947657544505176,322.1184113348336
3249,baseline_condition_allowed,HistGradientBoostingRegressor,123.9,110.26501533382928,13.634984666170723,13.634984666170723,185.91280684671074
4218,baseline_condition_allowed,HistGradientBoostingRegressor,91.3,113.56970581523949,-22.26970581523949,22.26970581523949,495.93979709731155
4699,baseline_condition_allowed,HistGradientBoostingRegressor,122.0,117.36543858979053,4.634561410209471,4.634561410209471,21.479159465002805
4414,baseline_condition_allowed,HistGradientBoostingRegressor,47.0,45.797290863988295,1.2027091360117055,1.2027091360117055,1.446509265846023
4818,baseline_condition_allowed,HistGradientBoostingRegressor,88.0,80.2417318306822,7.758268169317802,7.758268169317802,60.1907249870498
1708,baseline_condition_allowed,HistGradientBoostingRegressor,49.0,51.500847756060175,-2.5008477560601747,2.5008477560601747,6.254239498991211
2638,baseline_condition_allowed,HistGradientBoostingRegressor,63.0,52.57962216352334,10.42037783647666,10.42037783647666,108.58427425493402
1043,baseline_condition_allowed,HistGradientBoostingRegressor,43.5,85.03095692454703,-41.53095692454703,41.53095692454703,1724.8203830685807
2676,baseline_condition_allowed,HistGradientBoostingRegressor,32.0,34.72050494305023,-2.72050494305023,2.72050494305023,7.401147145160735
34,baseline_condition_allowed,HistGradientBoostingRegressor,35.9,76.55366443845078,-40.65366443845078,40.65366443845078,1652.7204322741577
5723,baseline_condition_allowed,HistGradientBoostingRegressor,59.0,86.52953370764399,-27.529533707643992,27.529533707643992,757.8752261603067
3126,baseline_condition_allowed,HistGradientBoostingRegressor,51.0,51.006652858666975,-0.006652858666974737,0.006652858666974737,4.426052844274087e-05
4063,baseline_condition_allowed,HistGradientBoostingRegressor,70.0,67.45260981964726,2.5473901803527355,2.5473901803527355,6.489196730957542
2204,baseline_condition_allowed,HistGradientBoostingRegressor,32.0,50.75858436487006,-18.75858436487006,18.75858436487006,351.8844873739475
310,baseline_condition_allowed,HistGradientBoostingRegressor,40.5,53.199561560937354,-12.699561560937354,12.699561560937354,161.27886384003762
3090,baseline_condition_allowed,HistGradientBoostingRegressor,355.0,278.4024628289985,76.59753717100148,76.59753717100148,5867.182700662953
2750,baseline_condition_allowed,HistGradientBoostingRegressor,40.0,44.198506072754924,-4.198506072754924,4.198506072754924,17.627453242959973
4872,baseline_condition_allowed,HistGradientBoostingRegressor,63.7,65.39251987935052,-1.6925198793505132,1.6925198793505132,2.864623541996676
4640,baseline_condition_allowed,HistGradientBoostingRegressor,113.5,115.66832025570376,-2.1683202557037617,2.1683202557037617,4.701612731295227
4377,baseline_condition_allowed,HistGradientBoostingRegressor,196.0,184.84147263335217,11.158527366647832,11.158527366647832,124.51273299222859
4393,baseline_condition_allowed,HistGradientBoostingRegressor,170.7,183.44749224403895,-12.747492244038966,12.747492244038966,162.4985585118336
5290,baseline_condition_allowed,HistGradientBoostingRegressor,78.0,65.82655641279666,12.173443587203337,12.173443587203337,148.19272877082204
4954,baseline_condition_allowed,HistGradientBoostingRegressor,63.5,61.974011310762535,1.5259886892374652,1.5259886892374652,2.328641479680677
368,baseline_condition_allowed,HistGradientBoostingRegressor,83.3,85.45617712556933,-2.1561771255693287,2.1561771255693287,4.649099796828413
2768,baseline_condition_allowed,HistGradientBoostingRegressor,45.5,43.60447997561342,1.8955200243865775,1.8955200243865775,3.5929961628504916
185,baseline_condition_allowed,HistGradientBoostingRegressor,44.0,60.617142933351985,-16.617142933351985,16.617142933351985,276.1294392674498
2418,baseline_condition_allowed,HistGradientBoostingRegressor,45.5,55.901649729018466,-10.401649729018466,10.401649729018466,108.19431708518992
595,baseline_condition_allowed,HistGradientBoostingRegressor,51.2,63.65408055250446,-12.454080552504458,12.454080552504458,155.10412240826975
4845,baseline_condition_allowed,HistGradientBoostingRegressor,158.0,132.8795466784569,25.120453321543096,25.120453321543096,631.0371750798256
3665,baseline_condition_allowed,HistGradientBoostingRegressor,40.0,42.98603130236217,-2.9860313023621714,2.9860313023621714,8.916382938686725
3484,baseline_condition_allowed,HistGradientBoostingRegressor,133.5,141.2091997622338,-7.709199762233794,7.709199762233794,59.431760974025586
4806,baseline_condition_allowed,HistGradientBoostingRegressor,163.0,124.70870489295378,38.291295107046224,38.291295107046224,1466.223280974902
1305,baseline_condition_allowed,HistGradientBoostingRegressor,39.2,54.05316997932188,-14.853169979321876,14.853169979321876,220.61665843462862
3928,baseline_condition_allowed,HistGradientBoostingRegressor,75.1,69.4649731508163,5.635026849183689,5.635026849183689,31.753527591021047
1531,baseline_condition_allowed,HistGradientBoostingRegressor,84.0,71.75937478689411,12.240625213105886,12.240625213105886,149.83290560772352
1862,baseline_condition_allowed,HistGradientBoostingRegressor,70.5,62.79455847729482,7.705441522705179,7.705441522705179,59.37382905982911
3235,baseline_condition_allowed,HistGradientBoostingRegressor,335.0,286.6853550645675,48.31464493543251,48.31464493543251,2334.3049152369144
3270,baseline_condition_allowed,HistGradientBoostingRegressor,204.5,145.09965564658438,59.40034435341562,59.40034435341562,3528.4009093043546
2527,baseline_condition_allowed,HistGradientBoostingRegressor,62.0,67.23146745567512,-5.231467455675116,5.231467455675116,27.36825173978787
3233,baseline_condition_allowed,HistGradientBoostingRegressor,75.0,66.08989173187413,8.910108268125867,8.910108268125867,79.39002934972494
1561,baseline_condition_allowed,HistGradientBoostingRegressor,109.0,109.96865571979451,-0.968655719794512,0.968655719794512,0.9382939034906242
1215,baseline_condition_allowed,HistGradientBoostingRegressor,89.0,80.69580636112954,8.304193638870458,8.304193638870458,68.95963199185658
612,baseline_condition_allowed,HistGradientBoostingRegressor,79.0,71.71229828783306,7.287701712166935,7.287701712166935,53.11059624552088
514,baseline_condition_allowed,HistGradientBoostingRegressor,79.4,64.82319622547885,14.576803774521153,14.576803774521153,212.48320828089413
4571,baseline_condition_allowed,HistGradientBoostingRegressor,61.8,56.32461804521543,5.475381954784567,5.475381954784567,29.97980755078046
5324,baseline_condition_allowed,HistGradientBoostingRegressor,51.1,52.01288450287725,-0.9128845028772474,0.9128845028772474,0.8333581155934392
1200,baseline_condition_allowed,HistGradientBoostingRegressor,70.0,61.391183264312104,8.608816735687896,8.608816735687896,74.11172558866
496,baseline_condition_allowed,HistGradientBoostingRegressor,79.5,58.5802304947312,20.919769505268803,20.919769505268803,437.63675615357454
1986,baseline_condition_allowed,HistGradientBoostingRegressor,45.0,46.80923170348489,-1.8092317034848904,1.8092317034848904,3.2733193568948384
5312,baseline_condition_allowed,HistGradientBoostingRegressor,69.9,69.91466689714782,-0.014666897147819213,0.014666897147819213,0.00021511787194470738
2310,baseline_condition_allowed,HistGradientBoostingRegressor,62.0,55.099632522443315,6.900367477556685,6.900367477556685,47.615071325322006
4971,baseline_condition_allowed,HistGradientBoostingRegressor,77.0,76.46038991172087,0.539610088279133,0.539610088279133,0.29117904737261374
1336,baseline_condition_allowed,HistGradientBoostingRegressor,58.0,68.16199240377314,-10.16199240377314,10.16199240377314,103.26608961434302
4027,baseline_condition_allowed,HistGradientBoostingRegressor,98.5,88.97588943203934,9.524110567960662,9.524110567960662,90.70868211073996
469,baseline_condition_allowed,HistGradientBoostingRegressor,69.3,85.70991371382426,-16.409913713824267,16.409913713824267,269.28526809515773
3758,baseline_condition_allowed,HistGradientBoostingRegressor,64.7,57.98657183164844,6.713428168351562,6.713428168351562,45.07011777161622
4926,baseline_condition_allowed,HistGradientBoostingRegressor,35.0,47.58290347277749,-12.582903472777488,12.582903472777488,158.32945980523579
3188,baseline_condition_allowed,HistGradientBoostingRegressor,310.0,275.1160169073711,34.88398309262891,34.88398309262891,1216.8922764068195
1779,baseline_condition_allowed,HistGradientBoostingRegressor,201.0,173.26621302570845,27.733786974291547,27.733786974291547,769.1629399353835
551,baseline_condition_allowed,HistGradientBoostingRegressor,56.1,52.19158896770707,3.908411032292932,3.908411032292932,15.275676797349101
2075,baseline_condition_allowed,HistGradientBoostingRegressor,32.0,43.330938675025735,-11.330938675025735,11.330938675025735,128.39017125719394
1484,baseline_condition_allowed,HistGradientBoostingRegressor,99.6,103.99743802608035,-4.397438026080351,4.397438026080351,19.337461193217457
5741,baseline_condition_allowed,HistGradientBoostingRegressor,70.0,67.99698646867068,2.003013531329316,2.003013531329316,4.012063206688336
2728,baseline_condition_allowed,HistGradientBoostingRegressor,45.0,56.79961376945385,-11.799613769453849,11.799613769453849,139.23088510828487
2629,baseline_condition_allowed,HistGradientBoostingRegressor,105.3,135.1986434564487,-29.89864345644871,29.89864345644871,893.9288805358433
3887,baseline_condition_allowed,HistGradientBoostingRegressor,128.0,112.80020204745824,15.199797952541758,15.199797952541758,231.0338577980926
579,baseline_condition_allowed,HistGradientBoostingRegressor,171.0,132.49935869280168,38.50064130719832,38.50064130719832,1482.2993810655457
4723,baseline_condition_allowed,HistGradientBoostingRegressor,80.0,120.17406181784133,-40.174061817841334,40.174061817841334,1613.955242943737
2529,baseline_condition_allowed,HistGradientBoostingRegressor,36.7,34.71104120671753,1.988958793282471,1.988958793282471,3.9559570813756633
4482,baseline_condition_allowed,HistGradientBoostingRegressor,174.2,189.2543586105589,-15.054358610558921,15.054358610558921,226.63371317530954
1549,baseline_condition_allowed,HistGradientBoostingRegressor,41.0,37.33510570508399,3.66489429491601,3.66489429491601,13.431450192907919
2835,baseline_condition_allowed,HistGradientBoostingRegressor,49.0,54.849484841488696,-5.849484841488696,5.849484841488696,34.21647291080603
5036,baseline_condition_allowed,HistGradientBoostingRegressor,97.0,91.66753317803547,5.33246682196453,5.33246682196453,28.4352024073525
2986,baseline_condition_allowed,HistGradientBoostingRegressor,110.0,99.57162474042862,10.428375259571382,10.428375259571382,108.7510105544405
733,baseline_condition_allowed,HistGradientBoostingRegressor,84.9,73.82206248218993,11.07793751781007,11.07793751781007,122.72069964850395
3658,baseline_condition_allowed,HistGradientBoostingRegressor,52.5,48.07219402722851,4.427805972771488,4.427805972771488,19.605465732510858
5344,baseline_condition_allowed,HistGradientBoostingRegressor,83.0,76.4235576206699,6.5764423793301034,6.5764423793301034,43.24959436864899
1226,baseline_condition_allowed,HistGradientBoostingRegressor,90.0,136.39779078903885,-46.39779078903885,46.39779078903885,2152.7549901034185
1570,baseline_condition_allowed,HistGradientBoostingRegressor,68.0,115.62580714077878,-47.625807140778775,47.625807140778775,2268.2175058106545
1605,baseline_condition_allowed,HistGradientBoostingRegressor,239.0,201.56781448838913,37.43218551161087,37.43218551161087,1401.1685121756507
549,baseline_condition_allowed,HistGradientBoostingRegressor,42.9,48.62151804864705,-5.721518048647049,5.721518048647049,32.73576878099393
4842,baseline_condition_allowed,HistGradientBoostingRegressor,151.0,134.57110548138337,16.42889451861663,16.42889451861663,269.90857510383154
2189,baseline_condition_allowed,HistGradientBoostingRegressor,43.2,38.68694648203319,4.51305351796681,4.51305351796681,20.3676520560326
408,baseline_condition_allowed,HistGradientBoostingRegressor,133.3,112.94373125008555,20.356268749914463,20.356268749914463,414.37767741874416
902,baseline_condition_allowed,HistGradientBoostingRegressor,102.7,134.44935842525194,-31.74935842525194,31.74935842525194,1008.0217604151164
1696,baseline_condition_allowed,HistGradientBoostingRegressor,75.0,66.21876702818686,8.78123297181314,8.78123297181314,77.11005250525822
2976,baseline_condition_allowed,HistGradientBoostingRegressor,44.0,41.345581288245896,2.6544187117541043,2.6544187117541043,7.045938697310318
2872,baseline_condition_allowed,HistGradientBoostingRegressor,199.3,166.75768757546174,32.54231242453827,32.54231242453827,1059.0020979362575
1679,baseline_condition_allowed,HistGradientBoostingRegressor,114.8,99.66206659036123,15.137933409638762,15.137933409638762,229.15702791465745
3363,baseline_condition_allowed,HistGradientBoostingRegressor,246.5,240.85453072427686,5.645469275723144,5.645469275723144,31.871323343134
1404,baseline_condition_allowed,HistGradientBoostingRegressor,135.0,167.80878383953967,-32.80878383953967,32.80878383953967,1076.4162970296395
5190,baseline_condition_allowed,HistGradientBoostingRegressor,58.0,69.60435077735337,-11.604350777353375,11.604350777353375,134.66095696386188
2604,baseline_condition_allowed,HistGradientBoostingRegressor,57.7,69.77250967918148,-12.07250967918148,12.07250967918148,145.7454899539305
4944,baseline_condition_allowed,HistGradientBoostingRegressor,52.0,53.33173972076468,-1.3317397207646806,1.3317397207646806,1.7735306838623894
5773,baseline_condition_allowed,HistGradientBoostingRegressor,99.0,92.40335378411297,6.596646215887034,6.596646215887034,43.51574129757673
2603,baseline_condition_allowed,HistGradientBoostingRegressor,74.0,69.77250967918148,4.227490320818518,4.227490320818518,17.871674412614254
5319,baseline_condition_allowed,HistGradientBoostingRegressor,121.7,116.72529853227702,4.97470146772298,4.97470146772298,24.74765469296517
3939,baseline_condition_allowed,HistGradientBoostingRegressor,78.6,69.99050586161037,8.609494138389621,8.609494138389621,74.12338931896525
4349,baseline_condition_allowed,HistGradientBoostingRegressor,126.8,115.2038809334035,11.5961190665965,11.5961190665965,134.4699774066829
4569,baseline_condition_allowed,HistGradientBoostingRegressor,42.2,91.63703010712489,-49.43703010712488,49.43703010712488,2444.019945812772
2688,baseline_condition_allowed,HistGradientBoostingRegressor,47.5,42.58724771651805,4.91275228348195,4.91275228348195,24.135134998857115
3759,baseline_condition_allowed,HistGradientBoostingRegressor,45.0,110.31118658169068,-65.31118658169068,65.31118658169068,4265.551092708412
1637,baseline_condition_allowed,HistGradientBoostingRegressor,114.0,107.86663229381254,6.133367706187457,6.133367706187457,37.61819941930318
3387,baseline_condition_allowed,HistGradientBoostingRegressor,44.4,45.3321328424153,-0.9321328424152995,0.9321328424152995,0.8688716359092256
3623,baseline_condition_allowed,HistGradientBoostingRegressor,44.7,100.46036517865691,-55.76036517865691,55.76036517865691,3109.218324857174
2693,baseline_condition_allowed,HistGradientBoostingRegressor,32.0,46.017371172905,-14.017371172905001,14.017371172905001,196.48669459898812
3792,baseline_condition_allowed,HistGradientBoostingRegressor,62.0,63.24936133018922,-1.2493613301892168,1.2493613301892168,1.5609037333721691
3959,baseline_condition_allowed,HistGradientBoostingRegressor,43.0,50.73899184603188,-7.73899184603188,7.73899184603188,59.89199479294792
5001,baseline_condition_allowed,HistGradientBoostingRegressor,88.6,77.71600848531956,10.883991514680432,10.883991514680432,118.46127129163564
2375,baseline_condition_allowed,HistGradientBoostingRegressor,48.0,51.486757435148064,-3.486757435148064,3.486757435148064,12.157477411560306
4138,baseline_condition_allowed,HistGradientBoostingRegressor,84.0,86.16965110772261,-2.169651107722615,2.169651107722615,4.70738592924197
5697,baseline_condition_allowed,HistGradientBoostingRegressor,44.5,46.14488420869323,-1.6448842086932274,1.6448842086932274,2.705644060008345
1205,baseline_condition_allowed,HistGradientBoostingRegressor,37.4,43.131893392783404,-5.731893392783405,5.731893392783405,32.854601866234056
1714,baseline_condition_allowed,HistGradientBoostingRegressor,50.0,90.51376450133813,-40.51376450133813,40.51376450133813,1641.3651140698857
2001,baseline_condition_allowed,HistGradientBoostingRegressor,63.0,48.764542816112986,14.235457183887014,14.235457183887014,202.6482412342804
1676,baseline_condition_allowed,HistGradientBoostingRegressor,78.0,75.95720543836934,2.0427945616306573,2.0427945616306573,4.17300962102779
4390,baseline_condition_allowed,HistGradientBoostingRegressor,154.0,156.83750632210086,-2.8375063221008645,2.8375063221008645,8.051442127962375
641,baseline_condition_allowed,HistGradientBoostingRegressor,125.5,94.24813137241523,31.25186862758477,31.25186862758477,976.6792927158172
4054,baseline_condition_allowed,HistGradientBoostingRegressor,58.6,74.9818109869666,-16.38181098696659,16.38181098696659,268.36373121269935
3217,baseline_condition_allowed,HistGradientBoostingRegressor,73.7,114.65477192272675,-40.95477192272675,40.95477192272675,1677.2933432425673
2216,baseline_condition_allowed,HistGradientBoostingRegressor,71.0,65.10877960554214,5.891220394457861,5.891220394457861,34.70647773607623
5743,baseline_condition_allowed,HistGradientBoostingRegressor,69.5,55.67929348209419,13.820706517905812,13.820706517905812,191.0119286540842
209,baseline_condition_allowed,HistGradientBoostingRegressor,68.7,73.77283568577423,-5.072835685774223,5.072835685774223,25.73366189486443
4246,baseline_condition_allowed,HistGradientBoostingRegressor,157.0,189.27146346848846,-32.27146346848846,32.27146346848846,1041.4473543979855
2741,baseline_condition_allowed,HistGradientBoostingRegressor,78.0,75.39187992701738,2.608120072982615,2.608120072982615,6.802290315094841
5766,baseline_condition_allowed,HistGradientBoostingRegressor,88.0,84.54309662655211,3.4569033734478865,3.4569033734478865,11.950180933355378
98,baseline_condition_allowed,HistGradientBoostingRegressor,51.0,94.92490521423979,-43.924905214239786,43.924905214239786,1929.3972980799495
2341,baseline_condition_allowed,HistGradientBoostingRegressor,50.0,50.11360943067881,-0.11360943067880669,0.11360943067880669,0.012907102739162582
3791,baseline_condition_allowed,HistGradientBoostingRegressor,61.0,62.12077912354014,-1.1207791235401388,1.1207791235401388,1.2561458437634017
2430,baseline_condition_allowed,HistGradientBoostingRegressor,55.0,55.310020959088675,-0.3100209590886749,0.3100209590886749,0.09611299507426183
2842,baseline_condition_allowed,HistGradientBoostingRegressor,44.5,54.21481394952044,-9.71481394952044,9.71481394952044,94.37761007379694
3690,baseline_condition_allowed,HistGradientBoostingRegressor,33.5,39.31726710831009,-5.817267108310091,5.817267108310091,33.84059660942645
3541,baseline_condition_allowed,HistGradientBoostingRegressor,250.5,250.2630905172293,0.2369094827706988,0.2369094827706988,0.05612610302668002
5446,baseline_condition_allowed,HistGradientBoostingRegressor,74.9,67.3848462811869,7.51515371881311,7.51515371881311,56.47753541739052
1465,baseline_condition_allowed,HistGradientBoostingRegressor,99.5,100.13601136465368,-0.6360113646536831,0.6360113646536831,0.40451045596864027
2829,baseline_condition_allowed,HistGradientBoostingRegressor,65.5,55.83222229753266,9.66777770246734,9.66777770246734,93.46592570432469
5155,baseline_condition_allowed,HistGradientBoostingRegressor,86.8,99.39465306255582,-12.594653062555821,12.594653062555821,158.62528576614673
1515,baseline_condition_allowed,HistGradientBoostingRegressor,57.7,53.304830674003725,4.395169325996278,4.395169325996278,19.317513404178577
3242,baseline_condition_allowed,HistGradientBoostingRegressor,113.5,78.8839252624789,34.6160747375211,34.6160747375211,1198.2726302336466
5364,baseline_condition_allowed,HistGradientBoostingRegressor,67.0,97.20582036123199,-30.205820361231986,30.205820361231986,912.3915836950168
2416,baseline_condition_allowed,HistGradientBoostingRegressor,34.0,74.86987910025476,-40.869879100254764,40.869879100254764,1670.3470176694411
5553,baseline_condition_allowed,HistGradientBoostingRegressor,53.1,54.237147363059115,-1.137147363059114,1.137147363059114,1.2931041253122963
5448,baseline_condition_allowed,HistGradientBoostingRegressor,71.8,67.55001712617809,4.2499828738219065,4.2499828738219065,18.06235442777951
4922,baseline_condition_allowed,HistGradientBoostingRegressor,64.5,63.977432395423335,0.5225676045766647,0.5225676045766647,0.27307690135299345
1805,baseline_condition_allowed,HistGradientBoostingRegressor,101.0,108.79893820335298,-7.798938203352975,7.798938203352975,60.82343709971853
5291,baseline_condition_allowed,HistGradientBoostingRegressor,75.6,64.27831651179902,11.321683488200975,11.321683488200975,128.1805170070026
1534,baseline_condition_allowed,HistGradientBoostingRegressor,91.5,72.10414575747555,19.39585424252445,19.39585424252445,376.19916179725374
858,baseline_condition_allowed,HistGradientBoostingRegressor,73.0,94.21753799272993,-21.21753799272993,21.21753799272993,450.18391847293805
2049,baseline_condition_allowed,HistGradientBoostingRegressor,45.0,46.47983226309804,-1.4798322630980394,1.4798322630980394,2.189903526905865
3420,baseline_condition_allowed,HistGradientBoostingRegressor,58.0,53.49213661639686,4.507863383603137,4.507863383603137,20.320832285229926
5552,baseline_condition_allowed,HistGradientBoostingRegressor,238.0,205.89161267470908,32.10838732529092,32.10838732529092,1030.9485366309027
5517,baseline_condition_allowed,HistGradientBoostingRegressor,54.3,75.47695784436651,-21.176957844366513,21.176957844366513,448.46354354207637
1933,baseline_condition_allowed,HistGradientBoostingRegressor,136.7,140.58215909960117,-3.882159099601182,3.882159099601182,15.07115927461626
5196,baseline_condition_allowed,HistGradientBoostingRegressor,74.0,85.96500622209915,-11.965006222099149,11.965006222099149,143.16137389487133
1309,baseline_condition_allowed,HistGradientBoostingRegressor,49.4,47.31654440038167,2.0834555996183255,2.0834555996183255,4.340787235580956
536,baseline_condition_allowed,HistGradientBoostingRegressor,45.5,60.40913175683437,-14.90913175683437,14.90913175683437,222.2822097426471
3123,baseline_condition_allowed,HistGradientBoostingRegressor,140.2,134.44564971010223,5.754350289897758,5.754350289897758,33.11254725884641
1867,baseline_condition_allowed,HistGradientBoostingRegressor,59.0,62.903766213472785,-3.9037662134727853,3.9037662134727853,15.239390649451648
3692,baseline_condition_allowed,HistGradientBoostingRegressor,39.0,42.69578934447105,-3.695789344471052,3.695789344471052,13.65885887870577
1844,baseline_condition_allowed,HistGradientBoostingRegressor,84.0,70.1383256759289,13.861674324071103,13.861674324071103,192.14601506661208
5629,baseline_condition_allowed,HistGradientBoostingRegressor,84.5,90.4565346046934,-5.9565346046934025,5.9565346046934025,35.48030449690999
2914,baseline_condition_allowed,HistGradientBoostingRegressor,56.3,64.25385084162289,-7.953850841622895,7.953850841622895,63.263743210785236
1579,baseline_condition_allowed,HistGradientBoostingRegressor,48.0,69.11242451722757,-21.112424517227566,21.112424517227566,445.73446899563163
3275,baseline_condition_allowed,HistGradientBoostingRegressor,184.3,153.0788787563813,31.22112124361871,31.22112124361871,974.7584117087396
5540,baseline_condition_allowed,HistGradientBoostingRegressor,92.5,114.92930116929882,-22.429301169298824,22.429301169298824,503.07355094310964
3367,baseline_condition_allowed,HistGradientBoostingRegressor,150.4,131.89094104854965,18.509058951450356,18.509058951450356,342.58526326826455
4005,baseline_condition_allowed,HistGradientBoostingRegressor,54.2,55.56480877522749,-1.3648087752274876,1.3648087752274876,1.8627029929379546
3629,baseline_condition_allowed,HistGradientBoostingRegressor,76.2,88.28682636685214,-12.086826366852137,12.086826366852137,146.091371622432
5660,baseline_condition_allowed,HistGradientBoostingRegressor,76.5,63.90686454649946,12.593135453500537,12.593135453500537,158.5870605502122
532,baseline_condition_allowed,HistGradientBoostingRegressor,128.7,113.53745478742708,15.162545212572908,15.162545212572908,229.90277732331762
5590,baseline_condition_allowed,HistGradientBoostingRegressor,84.0,73.98045157985388,10.019548420146123,10.019548420146123,100.39135054365266
1509,baseline_condition_allowed,HistGradientBoostingRegressor,164.5,143.74487905590595,20.755120944094045,20.755120944094045,430.7750454039713
1258,baseline_condition_allowed,HistGradientBoostingRegressor,92.8,77.78585014536277,15.014149854637225,15.014149854637225,225.424695857503
4636,baseline_condition_allowed,HistGradientBoostingRegressor,103.0,98.79449726360023,4.205502736399765,4.205502736399765,17.686253265865915
891,baseline_condition_allowed,HistGradientBoostingRegressor,159.5,158.2688393377173,1.23116066228269,1.23116066228269,1.515756576352352
487,baseline_condition_allowed,HistGradientBoostingRegressor,56.2,66.52515364291939,-10.325153642919389,10.325153642919389,106.60879774989154
2878,baseline_condition_allowed,HistGradientBoostingRegressor,44.7,49.81408041720471,-5.114080417204704,5.114080417204704,26.15381851363664
2737,baseline_condition_allowed,HistGradientBoostingRegressor,61.0,56.23294956235994,4.767050437640059,4.767050437640059,22.724769875004274
5375,baseline_condition_allowed,HistGradientBoostingRegressor,58.0,52.69118465842249,5.308815341577507,5.308815341577507,28.1835203309687
840,baseline_condition_allowed,HistGradientBoostingRegressor,52.0,69.59034498981053,-17.590344989810532,17.590344989810532,309.4202368605525
1626,baseline_condition_allowed,HistGradientBoostingRegressor,69.7,77.6423284755296,-7.942328475529592,7.942328475529592,63.08058161320822
28,baseline_condition_allowed,HistGradientBoostingRegressor,72.5,120.22998584001053,-47.72998584001053,47.72998584001053,2278.1515482876057
5358,baseline_condition_allowed,HistGradientBoostingRegressor,89.1,81.16827340515303,7.931726594846964,7.931726594846964,62.91228677540261
943,baseline_condition_allowed,HistGradientBoostingRegressor,61.8,84.14907867083761,-22.349078670837613,22.349078670837613,499.48131743528876
5004,baseline_condition_allowed,HistGradientBoostingRegressor,56.1,67.12478163038685,-11.024781630386848,11.024781630386848,121.54580999771528
1118,baseline_condition_allowed,HistGradientBoostingRegressor,63.8,72.39940403680191,-8.599404036801914,8.599404036801914,73.94974978816506
4,baseline_condition_allowed,HistGradientBoostingRegressor,154.0,187.6838061197414,-33.683806119741405,33.683806119741405,1134.5987947123285
1120,baseline_condition_allowed,HistGradientBoostingRegressor,30.7,37.204986655898935,-6.504986655898936,6.504986655898936,42.31485139342322
976,baseline_condition_allowed,HistGradientBoostingRegressor,34.3,51.74579074216693,-17.445790742166935,17.445790742166935,304.35561461947754
720,baseline_condition_allowed,HistGradientBoostingRegressor,32.6,37.73815023867767,-5.138150238677667,5.138150238677667,26.40058787522337
4372,baseline_condition_allowed,HistGradientBoostingRegressor,108.0,104.80321455758464,3.1967854424153614,3.1967854424153614,10.219437164838778
4624,baseline_condition_allowed,HistGradientBoostingRegressor,43.3,52.19215514986418,-8.89215514986418,8.89215514986418,79.07042320925606
1706,baseline_condition_allowed,HistGradientBoostingRegressor,62.3,53.053616793372434,9.246383206627563,9.246383206627563,85.49560240380421
2441,baseline_condition_allowed,HistGradientBoostingRegressor,94.5,86.1780894229163,8.321910577083699,8.321910577083699,69.25419565297754
762,baseline_condition_allowed,HistGradientBoostingRegressor,40.0,44.549916039671416,-4.549916039671416,4.549916039671416,20.70173596805922
3523,baseline_condition_allowed,HistGradientBoostingRegressor,52.0,52.04007344588667,-0.04007344588666939,0.04007344588666939,0.00160588106523182
1524,baseline_condition_allowed,HistGradientBoostingRegressor,53.8,43.71682662046694,10.083173379533058,10.083173379533058,101.6703854017241
2664,baseline_condition_allowed,HistGradientBoostingRegressor,35.3,34.75306453356766,0.5469354664323376,0.5469354664323376,0.2991384044415587
5235,baseline_condition_allowed,HistGradientBoostingRegressor,33.6,34.80673925577822,-1.206739255778217,1.206739255778217,1.456219631436165
3765,baseline_condition_allowed,HistGradientBoostingRegressor,46.5,97.80574369162856,-51.305743691628564,51.305743691628564,2632.279335751084
3418,baseline_condition_allowed,HistGradientBoostingRegressor,42.0,48.98941798373216,-6.98941798373216,6.98941798373216,48.851963751318536
1429,baseline_condition_allowed,HistGradientBoostingRegressor,119.5,130.08310526152127,-10.583105261521268,10.583105261521268,112.00211697643915
2633,baseline_condition_allowed,HistGradientBoostingRegressor,51.0,51.237196024770455,-0.23719602477045498,0.23719602477045498,0.0562619541669063
3139,baseline_condition_allowed,HistGradientBoostingRegressor,59.2,51.293939011916414,7.906060988083588,7.906060988083588,62.505800347297246
5326,baseline_condition_allowed,HistGradientBoostingRegressor,122.0,107.12756381074506,14.872436189254941,14.872436189254941,221.18935820346005
2472,baseline_condition_allowed,HistGradientBoostingRegressor,59.0,50.90760388408584,8.092396115914163,8.092396115914163,65.48687489686263
3923,baseline_condition_allowed,HistGradientBoostingRegressor,112.8,103.5752953573118,9.224704642688195,9.224704642688195,85.09517574483314
4612,baseline_condition_allowed,HistGradientBoostingRegressor,49.0,45.38495972858629,3.6150402714137115,3.6150402714137115,13.06851616394292
4195,baseline_condition_allowed,HistGradientBoostingRegressor,175.0,184.64685408655433,-9.646854086554328,9.646854086554328,93.06179376726993
263,baseline_condition_allowed,HistGradientBoostingRegressor,60.5,71.00729706221938,-10.50729706221938,10.50729706221938,110.403291553724
1100,baseline_condition_allowed,HistGradientBoostingRegressor,86.0,79.33455138404497,6.665448615955029,6.665448615955029,44.42820525193681
5374,baseline_condition_allowed,HistGradientBoostingRegressor,45.6,58.10618856780045,-12.50618856780045,12.50618856780045,156.40475249338266
5659,baseline_condition_allowed,HistGradientBoostingRegressor,101.0,83.03785167428877,17.962148325711226,17.962148325711226,322.6387724748506
1115,baseline_condition_allowed,HistGradientBoostingRegressor,112.4,124.10608962832066,-11.706089628320655,11.706089628320655,137.0325343862764
2331,baseline_condition_allowed,HistGradientBoostingRegressor,59.7,53.346374643553965,6.353625356446038,6.353625356446038,40.368555170074046
499,baseline_condition_allowed,HistGradientBoostingRegressor,38.0,53.8830407207497,-15.883040720749698,15.883040720749698,252.27098253699307
1040,baseline_condition_allowed,HistGradientBoostingRegressor,54.0,55.3754017982772,-1.3754017982772027,1.3754017982772027,1.891730106704163
3466,baseline_condition_allowed,HistGradientBoostingRegressor,136.0,115.00667924839459,20.99332075160541,20.99332075160541,440.7195161797863
2521,baseline_condition_allowed,HistGradientBoostingRegressor,37.7,35.17472836752038,2.5252716324796225,2.5252716324796225,6.3769968178062975
1811,baseline_condition_allowed,HistGradientBoostingRegressor,70.0,58.79031231162144,11.209687688378558,11.209687688378558,125.65709807098582
1583,baseline_condition_allowed,HistGradientBoostingRegressor,59.8,55.68752777764193,4.112472222358065,4.112472222358065,16.91242777966668
4748,baseline_condition_allowed,HistGradientBoostingRegressor,52.0,49.76353420735834,2.23646579264166,2.23646579264166,5.001779241656288
3366,baseline_condition_allowed,HistGradientBoostingRegressor,157.4,136.45637433534645,20.943625664653553,20.943625664653553,438.63545598113495
1562,baseline_condition_allowed,HistGradientBoostingRegressor,72.0,83.67681868841024,-11.676818688410236,11.676818688410236,136.34809468200655
573,baseline_condition_allowed,HistGradientBoostingRegressor,33.2,37.03970002468972,-3.8397000246897193,3.8397000246897193,14.74329627960223
5524,baseline_condition_allowed,HistGradientBoostingRegressor,59.7,56.16352277833859,3.536477221661414,3.536477221661414,12.506671139330036
1463,baseline_condition_allowed,HistGradientBoostingRegressor,68.0,71.49847777131077,-3.4984777713107746,3.4984777713107746,12.239346716355605
4460,baseline_condition_allowed,HistGradientBoostingRegressor,72.0,88.95976856022924,-16.959768560229236,16.959768560229236,287.63374961654006
5426,baseline_condition_allowed,HistGradientBoostingRegressor,94.7,76.3310930695699,18.3689069304301,18.3689069304301,337.41674181880296
4968,baseline_condition_allowed,HistGradientBoostingRegressor,51.8,59.418784047129755,-7.618784047129758,7.618784047129758,58.045870356798886
4088,baseline_condition_allowed,HistGradientBoostingRegressor,170.5,134.5666557671455,35.933344232854495,35.933344232854495,1291.2052277568173
430,baseline_condition_allowed,HistGradientBoostingRegressor,176.0,142.52168104529562,33.47831895470438,33.47831895470438,1120.7978400329184
3932,baseline_condition_allowed,HistGradientBoostingRegressor,48.0,51.00460466448622,-3.004604664486223,3.004604664486223,9.027649189852369
779,baseline_condition_allowed,HistGradientBoostingRegressor,87.2,75.2400497010745,11.959950298925506,11.959950298925506,143.04041115276829
5022,baseline_condition_allowed,HistGradientBoostingRegressor,170.0,149.60487079004378,20.395129209956224,20.395129209956224,415.96129549080956
3685,baseline_condition_allowed,HistGradientBoostingRegressor,108.5,90.70736965134742,17.79263034865258,17.79263034865258,316.57769472379283
1428,baseline_condition_allowed,HistGradientBoostingRegressor,59.3,57.65122198691597,1.6487780130840264,1.6487780130840264,2.7184689364293098
510,baseline_condition_allowed,HistGradientBoostingRegressor,45.0,48.5175933847697,-3.5175933847696967,3.5175933847696967,12.373463220575532
4147,baseline_condition_allowed,HistGradientBoostingRegressor,86.5,69.03467155674318,17.465328443256823,17.465328443256823,305.0376976308358
4794,baseline_condition_allowed,HistGradientBoostingRegressor,204.0,156.81472840874795,47.18527159125205,47.18527159125205,2226.4498551402176
2780,baseline_condition_allowed,HistGradientBoostingRegressor,78.0,75.67753946780441,2.322460532195592,2.322460532195592,5.3938229236062325
534,baseline_condition_allowed,HistGradientBoostingRegressor,63.2,87.5012310498678,-24.301231049867795,24.301231049867795,590.5498305390586
2393,baseline_condition_allowed,HistGradientBoostingRegressor,73.0,67.56888045772796,5.431119542272043,5.431119542272043,29.497059482449288
5586,baseline_condition_allowed,HistGradientBoostingRegressor,69.5,61.95111817087912,7.54888182912088,7.54888182912088,56.98561687003141
652,baseline_condition_allowed,HistGradientBoostingRegressor,42.2,43.84810293279091,-1.6481029327909056,1.6481029327909056,2.716243277073984
5770,baseline_condition_allowed,HistGradientBoostingRegressor,42.5,45.32423419517533,-2.824234195175329,2.824234195175329,7.976298789197638
4541,baseline_condition_allowed,HistGradientBoostingRegressor,44.8,49.31128474646386,-4.511284746463865,4.511284746463865,20.351690063677538
3818,baseline_condition_allowed,HistGradientBoostingRegressor,55.8,60.62565683340089,-4.825656833400892,4.825656833400892,23.28696387374872
111,baseline_condition_allowed,HistGradientBoostingRegressor,41.0,40.81090017921865,0.189099820781351,0.189099820781351,0.03575874221953907
1180,baseline_condition_allowed,HistGradientBoostingRegressor,50.0,92.18616154966045,-42.186161549660454,42.186161549660454,1779.6722262940502
5705,baseline_condition_allowed,HistGradientBoostingRegressor,39.1,35.801390014155146,3.2986099858448554,3.2986099858448554,10.880827838715398
633,baseline_condition_allowed,HistGradientBoostingRegressor,74.5,73.0995047246221,1.4004952753779065,1.4004952753779065,1.9613870163558382
1471,baseline_condition_allowed,HistGradientBoostingRegressor,76.5,85.25015204895712,-8.75015204895712,8.75015204895712,76.56516087986847
2327,baseline_condition_allowed,HistGradientBoostingRegressor,46.0,47.82033346053504,-1.8203334605350392,1.8203334605350392,3.313613907543471
2900,baseline_condition_allowed,HistGradientBoostingRegressor,85.0,102.70605547777161,-17.706055477771613,17.706055477771613,313.5044005819262
2725,baseline_condition_allowed,HistGradientBoostingRegressor,49.5,50.77258593645658,-1.2725859364565792,1.2725859364565792,1.6194749656670688
4329,baseline_condition_allowed,HistGradientBoostingRegressor,39.0,38.14668878636616,0.8533112136338374,0.8533112136338374,0.7281400273132526
193,baseline_condition_allowed,HistGradientBoostingRegressor,45.5,62.52529378605993,-17.025293786059933,17.025293786059933,289.860628501651
4525,baseline_condition_allowed,HistGradientBoostingRegressor,106.5,97.85826315412201,8.641736845877986,8.641736845877986,74.6796157134052
562,baseline_condition_allowed,HistGradientBoostingRegressor,38.2,49.42409777054717,-11.224097770547168,11.224097770547168,125.9803707628019
1397,baseline_condition_allowed,HistGradientBoostingRegressor,231.0,223.39206091691915,7.607939083080851,7.607939083080851,57.88073709186909
5052,baseline_condition_allowed,HistGradientBoostingRegressor,51.0,47.24648363371115,3.7535163662888493,3.7535163662888493,14.088885111998247
4638,baseline_condition_allowed,HistGradientBoostingRegressor,136.0,111.5527588763654,24.447241123634598,24.447241123634598,597.6675985571306
145,baseline_condition_allowed,HistGradientBoostingRegressor,47.0,61.66510234951843,-14.665102349518428,14.665102349518428,215.0652269218509
2298,baseline_condition_allowed,HistGradientBoostingRegressor,34.5,55.87707024836279,-21.37707024836279,21.37707024836279,456.97913240343763
1134,baseline_condition_allowed,HistGradientBoostingRegressor,217.0,237.66890137256286,-20.668901372562857,20.668901372562857,427.20348394873076
5383,baseline_condition_allowed,HistGradientBoostingRegressor,71.0,60.313226656823474,10.686773343176526,10.686773343176526,114.20712448842838
5000,baseline_condition_allowed,HistGradientBoostingRegressor,96.0,108.58227598206292,-12.582275982062924,12.582275982062924,158.31366888879754
2953,baseline_condition_allowed,HistGradientBoostingRegressor,180.0,187.86769472830352,-7.867694728303519,7.867694728303519,61.90062033777498
2032,baseline_condition_allowed,HistGradientBoostingRegressor,86.0,78.5556660527406,7.444333947259395,7.444333947259395,55.41810791831864
1337,baseline_condition_allowed,HistGradientBoostingRegressor,122.5,93.45887730506159,29.04112269493841,29.04112269493841,843.3868073824667
5479,baseline_condition_allowed,HistGradientBoostingRegressor,108.7,92.44524128875024,16.254758711249764,16.254758711249764,264.2171807609501
1462,baseline_condition_allowed,HistGradientBoostingRegressor,71.0,66.87027634154839,4.12972365845161,4.12972365845161,17.05461749517495
5017,baseline_condition_allowed,HistGradientBoostingRegressor,67.7,70.41746750241153,-2.717467502411523,2.717467502411523,7.384629626662721
2964,baseline_condition_allowed,HistGradientBoostingRegressor,52.0,49.993767112582944,2.006232887417056,2.006232887417056,4.024970398553778
4168,baseline_condition_allowed,HistGradientBoostingRegressor,69.0,94.18056449262951,-25.180564492629514,25.180564492629514,634.0608281674743
2721,baseline_condition_allowed,HistGradientBoostingRegressor,78.5,76.32212119975608,2.177878800243917,2.177878800243917,4.743156068551884
3718,baseline_condition_allowed,HistGradientBoostingRegressor,89.0,84.6660796680761,4.333920331923906,4.333920331923906,18.78286544346342
4276,baseline_condition_allowed,HistGradientBoostingRegressor,89.0,68.81403269407666,20.18596730592334,20.18596730592334,407.47327607580604
2295,baseline_condition_allowed,HistGradientBoostingRegressor,38.0,49.47584650748848,-11.475846507488477,11.475846507488477,131.69505306343547
1673,baseline_condition_allowed,HistGradientBoostingRegressor,48.0,52.95705394690201,-4.957053946902008,4.957053946902008,24.572383832496772
4605,baseline_condition_allowed,HistGradientBoostingRegressor,53.0,106.6532265667451,-53.653226566745104,53.653226566745104,2878.6687210224827
5275,baseline_condition_allowed,HistGradientBoostingRegressor,53.9,55.325271452463916,-1.4252714524639174,1.4252714524639174,2.031398713208605
1067,baseline_condition_allowed,HistGradientBoostingRegressor,75.0,76.02398859511335,-1.0239885951133516,1.0239885951133516,1.0485526429222156
3684,baseline_condition_allowed,HistGradientBoostingRegressor,88.0,143.99057881867236,-55.99057881867236,55.99057881867236,3134.944916449962
631,baseline_condition_allowed,HistGradientBoostingRegressor,84.4,82.22508371031127,2.1749162896887384,2.1749162896887384,4.7302608671534285
5482,baseline_condition_allowed,HistGradientBoostingRegressor,84.0,87.82527198583689,-3.825271985836892,3.825271985836892,14.632705765628518
300,baseline_condition_allowed,HistGradientBoostingRegressor,70.3,93.72075591815299,-23.42075591815299,23.42075591815299,548.5318077776984
4335,baseline_condition_allowed,HistGradientBoostingRegressor,59.0,54.52922923012404,4.470770769875962,4.470770769875962,19.9877912767773
3280,baseline_condition_allowed,HistGradientBoostingRegressor,80.0,104.76452238487904,-24.764522384879044,24.764522384879044,613.2815689511752
3009,baseline_condition_allowed,HistGradientBoostingRegressor,63.0,60.59722414665306,2.402775853346938,2.402775853346938,5.773331801427107
391,baseline_condition_allowed,HistGradientBoostingRegressor,51.5,60.40061384465584,-8.900613844655837,8.900613844655837,79.22092681167915
4106,baseline_condition_allowed,HistGradientBoostingRegressor,98.0,175.04315739808945,-77.04315739808945,77.04315739808945,5935.648101866785
542,baseline_condition_allowed,HistGradientBoostingRegressor,98.0,92.50784344743244,5.492156552567565,5.492156552567565,30.163783597910836
637,baseline_condition_allowed,HistGradientBoostingRegressor,85.0,84.81508374744641,0.18491625255359168,0.18491625255359168,0.0341940204584637
3446,baseline_condition_allowed,HistGradientBoostingRegressor,80.0,73.26464585242006,6.73535414757994,6.73535414757994,45.364995493322304
933,baseline_condition_allowed,HistGradientBoostingRegressor,134.0,145.4654906599498,-11.465490659949808,11.465490659949808,131.45747607339626
3917,baseline_condition_allowed,HistGradientBoostingRegressor,85.0,74.54637465251506,10.453625347484945,10.453625347484945,109.27828290557973
711,baseline_condition_allowed,HistGradientBoostingRegressor,73.5,66.88563706813295,6.614362931867049,6.614362931867049,43.749796994456865
1922,baseline_condition_allowed,HistGradientBoostingRegressor,111.0,105.80458858419892,5.195411415801075,5.195411415801075,26.992299779436134
5021,baseline_condition_allowed,HistGradientBoostingRegressor,158.5,130.26282007836676,28.237179921633242,28.237179921633242,797.3383299266875
772,baseline_condition_allowed,HistGradientBoostingRegressor,74.0,106.24166276124079,-32.24166276124079,32.24166276124079,1039.524817609581
1686,baseline_condition_allowed,HistGradientBoostingRegressor,175.0,139.52831732782423,35.471682672175774,35.471682672175774,1258.240271595535
1740,baseline_condition_allowed,HistGradientBoostingRegressor,106.0,101.37173395509465,4.628266044905345,4.628266044905345,21.420846582423767
5072,baseline_condition_allowed,HistGradientBoostingRegressor,50.0,50.96517062520428,-0.96517062520428,0.96517062520428,0.9315543357572207
4412,baseline_condition_allowed,HistGradientBoostingRegressor,34.0,43.19261053036116,-9.192610530361158,9.192610530361158,84.50408836290684
5313,baseline_condition_allowed,HistGradientBoostingRegressor,77.0,75.61744998930008,1.3825500106999158,1.3825500106999158,1.9114445320863374
4896,baseline_condition_allowed,HistGradientBoostingRegressor,58.6,53.3331695950641,5.266830404935902,5.266830404935902,27.73950251435728
5681,baseline_condition_allowed,HistGradientBoostingRegressor,74.5,88.93604388002464,-14.436043880024641,14.436043880024641,208.3993629059969
67,baseline_condition_allowed,HistGradientBoostingRegressor,40.9,43.114685167051185,-2.2146851670511865,2.2146851670511865,4.904830389156541
1472,baseline_condition_allowed,HistGradientBoostingRegressor,66.0,79.46116365184054,-13.461163651840536,13.461163651840536,181.20292686163285
4148,baseline_condition_allowed,HistGradientBoostingRegressor,55.0,55.42994928386448,-0.42994928386448095,0.42994928386448095,0.18485638669558002
130,baseline_condition_allowed,HistGradientBoostingRegressor,111.0,106.04436731420932,4.955632685790675,4.955632685790675,24.558295316476904
921,baseline_condition_allowed,HistGradientBoostingRegressor,77.0,96.36396800168988,-19.363968001689884,19.363968001689884,374.9632567704697
1700,baseline_condition_allowed,HistGradientBoostingRegressor,65.0,58.699611153544915,6.3003888464550855,6.3003888464550855,39.69489961653564
4031,baseline_condition_allowed,HistGradientBoostingRegressor,46.0,47.626828211404,-1.6268282114040034,1.6268282114040034,2.646570029419949
3720,baseline_condition_allowed,HistGradientBoostingRegressor,165.0,153.27473097248344,11.72526902751656,11.72526902751656,137.48193376763916
846,baseline_condition_allowed,HistGradientBoostingRegressor,59.7,60.03802336721654,-0.33802336721653603,0.33802336721653603,0.11425979678440516
5473,baseline_condition_allowed,HistGradientBoostingRegressor,69.1,76.80373774552776,-7.703737745527761,7.703737745527761,59.347575251869145
198,baseline_condition_allowed,HistGradientBoostingRegressor,76.3,61.958826996635075,14.341173003364922,14.341173003364922,205.66924311244287
2978,baseline_condition_allowed,HistGradientBoostingRegressor,70.0,61.06893655641501,8.93106344358499,8.93106344358499,79.76389423334017
278,baseline_condition_allowed,HistGradientBoostingRegressor,68.0,59.62083183075084,8.379168169249162,8.379168169249162,70.21045920855836
2556,baseline_condition_allowed,HistGradientBoostingRegressor,146.5,158.5391095869509,-12.0391095869509,12.0391095869509,144.94015964661307
3256,baseline_condition_allowed,HistGradientBoostingRegressor,148.0,150.29900076460154,-2.2990007646015442,2.2990007646015442,5.285404515638485
4427,baseline_condition_allowed,HistGradientBoostingRegressor,52.8,53.19868560413527,-0.39868560413527376,0.39868560413527376,0.1589502109447082
734,baseline_condition_allowed,HistGradientBoostingRegressor,44.2,75.39528570473952,-31.19528570473952,31.19528570473952,973.1458502003258
492,baseline_condition_allowed,HistGradientBoostingRegressor,52.5,52.17985705287414,0.3201429471258592,0.3201429471258592,0.1024915065944307
2218,baseline_condition_allowed,HistGradientBoostingRegressor,57.0,52.79972433852444,4.200275661475558,4.200275661475558,17.642315632383937
3656,baseline_condition_allowed,HistGradientBoostingRegressor,49.4,44.42736458693315,4.972635413066847,4.972635413066847,24.72710295128649
3102,baseline_condition_allowed,HistGradientBoostingRegressor,63.0,59.46067073557311,3.5393292644268897,3.5393292644268897,12.526851642028587
2385,baseline_condition_allowed,HistGradientBoostingRegressor,32.0,38.356907858306116,-6.356907858306116,6.356907858306116,40.41027751899404
4265,baseline_condition_allowed,HistGradientBoostingRegressor,175.0,160.07481069769327,14.925189302306734,14.925189302306734,222.76127570969138
1839,baseline_condition_allowed,HistGradientBoostingRegressor,103.0,87.8892757427256,15.110724257274398,15.110724257274398,228.33398757938093
896,baseline_condition_allowed,HistGradientBoostingRegressor,128.6,135.10774893451762,-6.507748934517622,6.507748934517622,42.350796194715244
2515,baseline_condition_allowed,HistGradientBoostingRegressor,200.5,190.37587514914205,10.124124850857953,10.124124850857953,102.49790399575957
4743,baseline_condition_allowed,HistGradientBoostingRegressor,141.3,71.64065203490674,69.65934796509327,69.65934796509327,4852.424758921945
387,baseline_condition_allowed,HistGradientBoostingRegressor,47.0,69.14166438847262,-22.14166438847262,22.14166438847262,490.2533018917566
5129,baseline_condition_allowed,HistGradientBoostingRegressor,217.0,207.21796901604534,9.782030983954655,9.782030983954655,95.68813017104888
5792,baseline_condition_allowed,HistGradientBoostingRegressor,72.2,109.13050011590987,-36.930500115909865,36.930500115909865,1363.8618388112186
1208,baseline_condition_allowed,HistGradientBoostingRegressor,58.2,53.611770069489495,4.588229930510508,4.588229930510508,21.05185389523246
697,baseline_condition_allowed,HistGradientBoostingRegressor,73.0,66.22224010957765,6.777759890422345,6.777759890422345,45.93802913221792
1945,baseline_condition_allowed,HistGradientBoostingRegressor,156.0,135.20581201561404,20.794187984385957,20.794187984385957,432.3982539299813
4909,baseline_condition_allowed,HistGradientBoostingRegressor,77.8,87.54023798004094,-9.740237980040945,9.740237980040945,94.8722359078321
4312,baseline_condition_allowed,HistGradientBoostingRegressor,49.5,117.18640842063913,-67.68640842063913,67.68640842063913,4581.449884885567
125,baseline_condition_allowed,HistGradientBoostingRegressor,46.5,64.7445145624599,-18.244514562459898,18.244514562459898,332.8623116198113
621,baseline_condition_allowed,HistGradientBoostingRegressor,148.0,124.71049280287558,23.289507197124422,23.289507197124422,542.4011454849102
1658,baseline_condition_allowed,HistGradientBoostingRegressor,40.0,83.77219213091071,-43.77219213091071,43.77219213091071,1916.0048039453616
3912,baseline_condition_allowed,HistGradientBoostingRegressor,40.8,46.379643433983,-5.579643433983001,5.579643433983001,31.13242085038962
2563,baseline_condition_allowed,HistGradientBoostingRegressor,112.0,103.0908491035664,8.909150896433601,8.909150896433601,79.37296969542365
3971,baseline_condition_allowed,HistGradientBoostingRegressor,276.0,239.9359486564952,36.06405134350479,36.06405134350479,1300.6157993069494
4226,baseline_condition_allowed,HistGradientBoostingRegressor,40.5,41.18888052486899,-0.688880524868992,0.688880524868992,0.4745563775437779
438,baseline_condition_allowed,HistGradientBoostingRegressor,64.6,64.21937237500805,0.3806276249919449,0.3806276249919449,0.14487738890700866
5107,baseline_condition_allowed,HistGradientBoostingRegressor,67.4,65.67431335556708,1.7256866444329262,1.7256866444329262,2.9779943947741727
4481,baseline_condition_allowed,HistGradientBoostingRegressor,162.0,206.55840817638506,-44.55840817638506,44.55840817638506,1985.4517392133387
3918,baseline_condition_allowed,HistGradientBoostingRegressor,149.0,133.78581132673014,15.21418867326986,15.21418867326986,231.47153698585288
4382,baseline_condition_allowed,HistGradientBoostingRegressor,153.3,131.85354838908856,21.446451610911453,21.446451610911453,459.95028669916644
2941,baseline_condition_allowed,HistGradientBoostingRegressor,41.0,47.87952786608272,-6.879527866082718,6.879527866082718,47.327903660208634
2626,baseline_condition_allowed,HistGradientBoostingRegressor,177.2,166.95026324122222,10.249736758777772,10.249736758777772,105.05710362424026
5418,baseline_condition_allowed,HistGradientBoostingRegressor,56.1,50.63070160156823,5.469298398431775,5.469298398431775,29.91322497108838
2712,baseline_condition_allowed,HistGradientBoostingRegressor,38.0,52.77477330218506,-14.77477330218506,14.77477330218506,218.29392613096044
3821,baseline_condition_allowed,HistGradientBoostingRegressor,54.0,65.79087252303911,-11.790872523039113,11.790872523039113,139.02467485455873
4529,baseline_condition_allowed,HistGradientBoostingRegressor,63.0,62.72381432739769,0.27618567260230975,0.27618567260230975,0.07627852575079024
881,baseline_condition_allowed,HistGradientBoostingRegressor,72.6,63.40911910048553,9.190880899514461,9.190880899514461,84.47229170905975
4805,baseline_condition_allowed,HistGradientBoostingRegressor,140.0,112.76313360553529,27.236866394464712,27.236866394464712,741.8468909899212
634,baseline_condition_allowed,HistGradientBoostingRegressor,98.1,93.70184648069953,4.398153519300465,4.398153519300465,19.343754379335063
4152,baseline_condition_allowed,HistGradientBoostingRegressor,177.0,134.92132010631587,42.078679893684125,42.078679893684125,1770.6153015951365
2547,baseline_condition_allowed,HistGradientBoostingRegressor,59.5,94.38906869917535,-34.889068699175354,34.889068699175354,1217.2471146957773
1771,baseline_condition_allowed,HistGradientBoostingRegressor,66.0,54.425240329740056,11.574759670259944,11.574759670259944,133.97506142427608
399,baseline_condition_allowed,HistGradientBoostingRegressor,53.5,47.75967213769581,5.740327862304191,5.740327862304191,32.95136396674581
47,baseline_condition_allowed,HistGradientBoostingRegressor,73.4,63.13193392778525,10.268066072214758,10.268066072214758,105.43318086336781
305,baseline_condition_allowed,HistGradientBoostingRegressor,58.0,60.42464979868079,-2.4246497986807896,2.4246497986807896,5.878926646242793
4738,baseline_condition_allowed,HistGradientBoostingRegressor,97.5,101.05635231080663,-3.5563523108066306,3.5563523108066306,12.647641758579661
2810,baseline_condition_allowed,HistGradientBoostingRegressor,53.0,63.65225096845304,-10.652250968453039,10.652250968453039,113.4704506949087
4544,baseline_condition_allowed,HistGradientBoostingRegressor,112.0,106.48632847953166,5.5136715204683355,5.5136715204683355,30.40057363562361
4684,baseline_condition_allowed,HistGradientBoostingRegressor,154.0,128.2548892536684,25.74511074633159,25.74511074633159,662.8107273408783
1013,baseline_condition_allowed,HistGradientBoostingRegressor,103.1,90.84098839642112,12.25901160357887,12.25901160357887,150.28336549668137
848,baseline_condition_allowed,HistGradientBoostingRegressor,61.1,77.90359139587267,-16.803591395872665,16.803591395872665,282.3606837994459
4356,baseline_condition_allowed,HistGradientBoostingRegressor,61.0,52.46397708153041,8.536022918469591,8.536022918469591,72.86368726463812
1300,baseline_condition_allowed,HistGradientBoostingRegressor,52.7,48.29284241042035,4.407157589579654,4.407157589579654,19.423038019389548
4689,baseline_condition_allowed,HistGradientBoostingRegressor,83.7,145.48330863536194,-61.783308635361934,61.783308635361934,3817.1772259323884
4828,baseline_condition_allowed,HistGradientBoostingRegressor,62.5,59.139268929789914,3.360731070210086,3.360731070210086,11.29451332627543
520,baseline_condition_allowed,HistGradientBoostingRegressor,90.0,67.54018588597664,22.45981411402336,22.45981411402336,504.4432500364829
4804,baseline_condition_allowed,HistGradientBoostingRegressor,135.0,131.55444885282938,3.445551147170619,3.445551147170619,11.871822707768768
4254,baseline_condition_allowed,HistGradientBoostingRegressor,100.6,97.47604521424219,3.123954785757803,3.123954785757803,9.759093503459082
2366,baseline_condition_allowed,HistGradientBoostingRegressor,186.0,146.60480490959472,39.39519509040528,39.39519509040528,1551.9813962110923
2691,baseline_condition_allowed,HistGradientBoostingRegressor,71.0,50.87973577101128,20.120264228988717,20.120264228988717,404.8250326443229
3786,baseline_condition_allowed,HistGradientBoostingRegressor,133.5,103.98431686513416,29.51568313486584,29.51568313486584,871.1755509178037
2974,baseline_condition_allowed,HistGradientBoostingRegressor,44.0,56.6471917495933,-12.647191749593297,12.647191749593297,159.95145915098075
5298,baseline_condition_allowed,HistGradientBoostingRegressor,57.4,54.41796365401576,2.982036345984241,2.982036345984241,8.892540768771045
1431,baseline_condition_allowed,HistGradientBoostingRegressor,71.9,61.10812652507653,10.791873474923477,10.791873474923477,116.46453309875693
3779,baseline_condition_allowed,HistGradientBoostingRegressor,234.0,164.61656706463464,69.38343293536536,69.38343293536536,4814.060765896343
2675,baseline_condition_allowed,HistGradientBoostingRegressor,35.0,34.21402474820413,0.7859752517958682,0.7859752517958682,0.6177570964355785
1792,baseline_condition_allowed,HistGradientBoostingRegressor,31.0,52.22595227766197,-21.225952277661968,21.225952277661968,450.5410500935833
4323,baseline_condition_allowed,HistGradientBoostingRegressor,211.0,181.74398471779455,29.256015282205453,29.256015282205453,855.914430192639
4081,baseline_condition_allowed,HistGradientBoostingRegressor,71.0,65.25557586755833,5.744424132441665,5.744424132441665,32.998408613378174
1966,baseline_condition_allowed,HistGradientBoostingRegressor,39.0,43.91864322370731,-4.918643223707313,4.918643223707313,24.193051162121872
444,baseline_condition_allowed,HistGradientBoostingRegressor,46.8,66.72480232223045,-19.92480232223045,19.92480232223045,396.9977475799599
2692,baseline_condition_allowed,HistGradientBoostingRegressor,46.0,52.538604797167935,-6.538604797167935,6.538604797167935,42.75335269354753
5686,baseline_condition_allowed,HistGradientBoostingRegressor,85.5,77.96445463978914,7.535545360210861,7.535545360210861,56.78444387579544
679,baseline_condition_allowed,HistGradientBoostingRegressor,55.0,47.08232644003103,7.917673559968968,7.917673559968968,62.68955460223167
1447,baseline_condition_allowed,HistGradientBoostingRegressor,109.0,124.16127534734365,-15.161275347343647,15.161275347343647,229.86427015797022
2929,baseline_condition_allowed,HistGradientBoostingRegressor,39.5,38.74463160109299,0.7553683989070095,0.7553683989070095,0.570581418067339
3089,baseline_condition_allowed,HistGradientBoostingRegressor,44.9,55.22922095392179,-10.32922095392179,10.32922095392179,106.69280551493699
1492,baseline_condition_allowed,HistGradientBoostingRegressor,82.5,78.1691029176929,4.330897082307104,4.330897082307104,18.756669537536183
3287,baseline_condition_allowed,HistGradientBoostingRegressor,223.0,270.2981120078161,-47.29811200781609,47.29811200781609,2237.1113995039163
807,baseline_condition_allowed,HistGradientBoostingRegressor,40.9,39.657760869729735,1.2422391302702636,1.2422391302702636,1.5431580567746208
217,baseline_condition_allowed,HistGradientBoostingRegressor,124.0,112.5116269260276,11.488373073972397,11.488373073972397,131.982715886774
1386,baseline_condition_allowed,HistGradientBoostingRegressor,281.0,227.49779609144753,53.502203908552474,53.502203908552474,2862.4858230723275
2743,baseline_condition_allowed,HistGradientBoostingRegressor,97.0,77.41763341833038,19.582366581669618,19.582366581669618,383.469080938891
128,baseline_condition_allowed,HistGradientBoostingRegressor,46.0,52.07505646291504,-6.075056462915043,6.075056462915043,36.90631102760584
5352,baseline_condition_allowed,HistGradientBoostingRegressor,49.6,44.385695622453966,5.214304377546036,5.214304377546036,27.18897014169575
4983,baseline_condition_allowed,HistGradientBoostingRegressor,170.0,250.7836054813313,-80.7836054813313,80.7836054813313,6525.990914563382
247,baseline_condition_allowed,HistGradientBoostingRegressor,54.0,49.5749440201349,4.4250559798651,4.4250559798651,19.58112042493988
3356,baseline_condition_allowed,HistGradientBoostingRegressor,68.5,51.9245360188268,16.5754639811732,16.5754639811732,274.7460061911701
3183,baseline_condition_allowed,HistGradientBoostingRegressor,113.0,154.32832828557366,-41.32832828557366,41.32832828557366,1708.030718880148
3636,baseline_condition_allowed,HistGradientBoostingRegressor,40.2,38.139757169180335,2.060242830819668,2.060242830819668,4.2446005219438385
3329,baseline_condition_allowed,HistGradientBoostingRegressor,179.8,146.4238427562981,33.376157243701925,33.376157243701925,1113.9678723563165
4334,baseline_condition_allowed,HistGradientBoostingRegressor,47.8,56.82749524233267,-9.02749524233267,9.02749524233267,81.49567035033898
2863,baseline_condition_allowed,HistGradientBoostingRegressor,43.0,53.30389694504201,-10.303896945042013,10.303896945042013,106.17029225404612
1214,baseline_condition_allowed,HistGradientBoostingRegressor,50.0,50.41475840790121,-0.41475840790121055,0.41475840790121055,0.17202453692474695
1129,baseline_condition_allowed,HistGradientBoostingRegressor,179.0,178.81503089612636,0.18496910387364096,0.18496910387364096,0.03421356938781778
2195,baseline_condition_allowed,HistGradientBoostingRegressor,44.0,39.38225659548607,4.617743404513931,4.617743404513931,21.32355414993191
5664,baseline_condition_allowed,HistGradientBoostingRegressor,162.2,149.02721287916484,13.172787120835153,13.172787120835153,173.5223205308405
3490,baseline_condition_allowed,HistGradientBoostingRegressor,91.0,149.2098753422913,-58.2098753422913,58.2098753422913,3388.389587365092
758,baseline_condition_allowed,HistGradientBoostingRegressor,104.1,71.29861621544585,32.80138378455415,32.80138378455415,1075.9307781816117
2337,baseline_condition_allowed,HistGradientBoostingRegressor,62.0,54.47942749119188,7.520572508808122,7.520572508808122,56.5590108602405
2935,baseline_condition_allowed,HistGradientBoostingRegressor,128.5,108.48453936868506,20.015460631314937,20.015460631314937,400.61866428371815
3004,baseline_condition_allowed,HistGradientBoostingRegressor,31.0,56.26199866505432,-25.26199866505432,25.26199866505432,638.1685765532063
2017,baseline_condition_allowed,HistGradientBoostingRegressor,124.0,159.62281030836365,-35.622810308363654,35.622810308363654,1268.9846142656597
2618,baseline_condition_allowed,HistGradientBoostingRegressor,120.0,107.06782694102768,12.932173058972324,12.932173058972324,167.2411000272096
4604,baseline_condition_allowed,HistGradientBoostingRegressor,172.0,130.4645053177637,41.535494682236305,41.535494682236305,1725.1973184980804
5245,baseline_condition_allowed,HistGradientBoostingRegressor,38.7,37.01988210985202,1.680117890147983,1.680117890147983,2.82279612479531
2674,baseline_condition_allowed,HistGradientBoostingRegressor,34.0,34.21402474820413,-0.21402474820413175,0.21402474820413175,0.045806592843841996
5381,baseline_condition_allowed,HistGradientBoostingRegressor,114.0,138.37298236855392,-24.37298236855392,24.37298236855392,594.0422695378403
4048,baseline_condition_allowed,HistGradientBoostingRegressor,87.2,71.91391505817143,15.286084941828577,15.286084941828577,233.66439284879837
5100,baseline_condition_allowed,HistGradientBoostingRegressor,88.2,81.88969108970359,6.310308910296413,6.310308910296413,39.81999854336631
3383,baseline_condition_allowed,HistGradientBoostingRegressor,37.0,43.04236673529085,-6.042366735290848,6.042366735290848,36.51019576374938
1821,baseline_condition_allowed,HistGradientBoostingRegressor,58.0,50.56521486378498,7.4347851362150195,7.4347851362150195,55.27603002168379
3529,baseline_condition_allowed,HistGradientBoostingRegressor,49.7,50.13493748901411,-0.43493748901411067,0.43493748901411067,0.18917061934989965
5103,baseline_condition_allowed,HistGradientBoostingRegressor,125.6,109.84285994468908,15.757140055310913,15.757140055310913,248.28746272268359
1288,baseline_condition_allowed,HistGradientBoostingRegressor,141.0,127.14080884666284,13.859191153337164,13.859191153337164,192.0771794247391
2326,baseline_condition_allowed,HistGradientBoostingRegressor,51.5,51.11312107886036,0.3868789211396404,0.3868789211396404,0.1496752996221721
2239,baseline_condition_allowed,HistGradientBoostingRegressor,54.0,50.99869884306105,3.0013011569389505,3.0013011569389505,9.007808634643082
1064,baseline_condition_allowed,HistGradientBoostingRegressor,63.7,56.676712210534106,7.023287789465897,7.023287789465897,49.32657137366076
65,baseline_condition_allowed,HistGradientBoostingRegressor,50.6,44.74538901929129,5.854610980708713,5.854610980708713,34.27646973543504
1947,baseline_condition_allowed,HistGradientBoostingRegressor,127.0,96.21030635167826,30.789693648321744,30.789693648321744,948.0052349575044
5236,baseline_condition_allowed,HistGradientBoostingRegressor,37.7,48.349066582802855,-10.649066582802853,10.649066582802853,113.40261908496842
5670,baseline_condition_allowed,HistGradientBoostingRegressor,112.3,121.09186243624507,-8.791862436245069,8.791862436245069,77.29684509785707
1287,baseline_condition_allowed,HistGradientBoostingRegressor,187.0,164.723658612455,22.27634138754499,22.27634138754499,496.2353856144498
4061,baseline_condition_allowed,HistGradientBoostingRegressor,89.0,98.09509793796516,-9.095097937965164,9.095097937965164,82.72080650117819
3796,baseline_condition_allowed,HistGradientBoostingRegressor,43.3,42.8922035284776,0.4077964715223956,0.4077964715223956,0.16629796218611603
2681,baseline_condition_allowed,HistGradientBoostingRegressor,33.0,34.21402474820413,-1.2140247482041318,1.2140247482041318,1.4738560892521055
5044,baseline_condition_allowed,HistGradientBoostingRegressor,68.0,61.13894658192825,6.861053418071748,6.861053418071748,47.07405400563402
3130,baseline_condition_allowed,HistGradientBoostingRegressor,51.3,49.021487810425505,2.278512189574492,2.278512189574492,5.191617798039546
4827,baseline_condition_allowed,HistGradientBoostingRegressor,65.5,55.160605537437895,10.339394462562105,10.339394462562105,106.90307785245992
3805,baseline_condition_allowed,HistGradientBoostingRegressor,92.8,76.56958635708018,16.230413642919814,16.230413642919814,263.4263270202776
5504,baseline_condition_allowed,HistGradientBoostingRegressor,62.3,74.61331384898584,-12.313313848985842,12.313313848985842,151.61769794362655
3518,baseline_condition_allowed,HistGradientBoostingRegressor,182.0,196.1573634067713,-14.15736340677131,14.15736340677131,200.43093863138736
2952,baseline_condition_allowed,HistGradientBoostingRegressor,91.0,157.54734774190916,-66.54734774190916,66.54734774190916,4428.549491482583
4255,baseline_condition_allowed,HistGradientBoostingRegressor,94.3,102.66900980948692,-8.369009809486926,8.369009809486926,70.04032519128839
1878,baseline_condition_allowed,HistGradientBoostingRegressor,71.5,67.9856440246257,3.5143559753743006,3.5143559753743006,12.35069792164905
4739,baseline_condition_allowed,HistGradientBoostingRegressor,191.0,141.79365690528732,49.20634309471268,49.20634309471268,2421.2642007545783
1530,baseline_condition_allowed,HistGradientBoostingRegressor,49.0,97.03556702647468,-48.03556702647468,48.03556702647468,2307.4156995549415
2702,baseline_condition_allowed,HistGradientBoostingRegressor,32.0,34.38793800461765,-2.387938004617652,2.387938004617652,5.7022479138973345
2755,baseline_condition_allowed,HistGradientBoostingRegressor,202.0,160.36259589229593,41.63740410770407,41.63740410770407,1733.673420828252
2206,baseline_condition_allowed,HistGradientBoostingRegressor,53.0,44.11574115023984,8.884258849760158,8.884258849760158,78.93005530954169
420,baseline_condition_allowed,HistGradientBoostingRegressor,73.3,98.21471762844467,-24.914717628444677,24.914717628444677,620.743154505132
2540,baseline_condition_allowed,HistGradientBoostingRegressor,63.7,86.16742458979994,-22.467424589799933,22.467424589799933,504.7851676983467
229,baseline_condition_allowed,HistGradientBoostingRegressor,65.0,61.82467198520976,3.1753280147902387,3.1753280147902387,10.082708001511719
4662,baseline_condition_allowed,HistGradientBoostingRegressor,70.0,65.33176398107578,4.668236018924219,4.668236018924219,21.79242752838144
5354,baseline_condition_allowed,HistGradientBoostingRegressor,58.3,64.88308206721817,-6.583082067218172,6.583082067218172,43.33696950372948
664,baseline_condition_allowed,HistGradientBoostingRegressor,35.0,55.22083574753597,-20.220835747535972,20.220835747535972,408.8821983288286
3441,baseline_condition_allowed,HistGradientBoostingRegressor,198.5,221.8578120238621,-23.357812023862095,23.357812023862095,545.5873825420766
3476,baseline_condition_allowed,HistGradientBoostingRegressor,92.5,190.8093883159057,-98.3093883159057,98.3093883159057,9664.735831047536
2746,baseline_condition_allowed,HistGradientBoostingRegressor,92.0,70.93973391491447,21.06026608508553,21.06026608508553,443.5348075746038
5049,baseline_condition_allowed,HistGradientBoostingRegressor,60.3,53.709094732954064,6.590905267045933,6.590905267045933,43.440032239173824
1539,baseline_condition_allowed,HistGradientBoostingRegressor,48.5,54.95513041669744,-6.455130416697443,6.455130416697443,41.66870869657251
2567,baseline_condition_allowed,HistGradientBoostingRegressor,78.0,82.57755786029792,-4.577557860297915,4.577557860297915,20.95403596437523
1050,baseline_condition_allowed,HistGradientBoostingRegressor,74.9,68.36033969236024,6.539660307639764,6.539660307639764,42.76715693931901
3506,baseline_condition_allowed,HistGradientBoostingRegressor,105.0,96.98919003944728,8.01080996055272,8.01080996055272,64.17307622409068
3581,baseline_condition_allowed,HistGradientBoostingRegressor,272.0,191.874318913827,80.12568108617299,80.12568108617299,6420.1247695230995
5565,baseline_condition_allowed,HistGradientBoostingRegressor,101.6,90.34708610638536,11.252913893614632,11.252913893614632,126.62807109710523
2117,baseline_condition_allowed,HistGradientBoostingRegressor,32.0,35.08798091947889,-3.0879809194788876,3.0879809194788876,9.535626159065677
402,baseline_condition_allowed,HistGradientBoostingRegressor,71.5,76.97648557704848,-5.476485577048479,5.476485577048479,29.99189427562001
1559,baseline_condition_allowed,HistGradientBoostingRegressor,62.2,55.07802688321424,7.12197311678576,7.12197311678576,50.722501076219075
4188,baseline_condition_allowed,HistGradientBoostingRegressor,134.5,130.72365396469806,3.776346035301941,3.776346035301941,14.26078937834069
2440,baseline_condition_allowed,HistGradientBoostingRegressor,76.0,100.51698559235234,-24.51698559235234,24.51698559235234,601.0825825356123
586,baseline_condition_allowed,HistGradientBoostingRegressor,55.5,49.22294444977728,6.27705555022272,6.27705555022272,39.40142638058185
2271,baseline_condition_allowed,HistGradientBoostingRegressor,193.0,220.30131145304404,-27.301311453044036,27.301311453044036,745.3616070561135
3572,baseline_condition_allowed,HistGradientBoostingRegressor,115.0,121.7995116330948,-6.799511633094795,6.799511633094795,46.233358448591446
5713,baseline_condition_allowed,HistGradientBoostingRegressor,101.4,91.1635078427997,10.236492157200303,10.236492157200303,104.78577168442331
4153,baseline_condition_allowed,HistGradientBoostingRegressor,168.0,154.20024726734118,13.799752732658817,13.799752732658817,190.4331754825245
1385,baseline_condition_allowed,HistGradientBoostingRegressor,125.0,196.03399052563836,-71.03399052563836,71.03399052563836,5045.82780999648
3954,baseline_condition_allowed,HistGradientBoostingRegressor,128.0,117.63583761868072,10.364162381319275,10.364162381319275,107.41586186635362
1330,baseline_condition_allowed,HistGradientBoostingRegressor,98.5,97.77964085156304,0.7203591484369554,0.7203591484369554,0.5189173027368155
513,baseline_condition_allowed,HistGradientBoostingRegressor,60.8,73.26569636895091,-12.465696368950915,12.465696368950915,155.39358596287605
4135,baseline_condition_allowed,HistGradientBoostingRegressor,82.0,78.55455041088888,3.4454495891111208,3.4454495891111208,11.87112287110599
4704,baseline_condition_allowed,HistGradientBoostingRegressor,130.0,171.98782032474125,-41.98782032474125,41.98782032474125,1762.9770556227545
833,baseline_condition_allowed,HistGradientBoostingRegressor,127.0,141.3998495844733,-14.399849584473287,14.399849584473287,207.3556680554555
5799,baseline_condition_allowed,HistGradientBoostingRegressor,66.3,72.77439415231983,-6.474394152319832,6.474394152319832,41.91777963959323
1266,baseline_condition_allowed,HistGradientBoostingRegressor,51.0,59.75487740987206,-8.754877409872059,8.754877409872059,76.64787846188808
224,baseline_condition_allowed,HistGradientBoostingRegressor,44.0,57.730076954266885,-13.730076954266885,13.730076954266885,188.5150131700906
4985,baseline_condition_allowed,HistGradientBoostingRegressor,112.7,104.79972136857886,7.900278631421145,7.900278631421145,62.414402454089554
635,baseline_condition_allowed,HistGradientBoostingRegressor,96.1,86.4921411871426,9.607858812857401,9.607858812857401,92.31095096780163
4992,baseline_condition_allowed,HistGradientBoostingRegressor,48.1,49.452572182743324,-1.352572182743323,1.352572182743323,1.8294515095310373
3905,baseline_condition_allowed,HistGradientBoostingRegressor,159.0,148.82881393202808,10.171186067971917,10.171186067971917,103.45302602930602
2593,baseline_condition_allowed,HistGradientBoostingRegressor,48.0,53.09214856653544,-5.0921485665354425,5.0921485665354425,25.92997702366896
3883,baseline_condition_allowed,HistGradientBoostingRegressor,96.2,121.55849823331938,-25.35849823331938,25.35849823331938,643.0534326492622
303,baseline_condition_allowed,HistGradientBoostingRegressor,67.5,101.90425283459079,-34.40425283459079,34.40425283459079,1183.6526131064486
3527,baseline_condition_allowed,HistGradientBoostingRegressor,63.5,89.6598317158843,-26.159831715884295,26.159831715884295,684.3367954033858
1198,baseline_condition_allowed,HistGradientBoostingRegressor,185.0,160.62786880073907,24.372131199260934,24.372131199260934,594.0007791939883
2223,baseline_condition_allowed,HistGradientBoostingRegressor,91.5,75.24870924120891,16.251290758791086,16.251290758791086,264.1044513267685
3400,baseline_condition_allowed,HistGradientBoostingRegressor,65.0,62.66860469522959,2.3313953047704103,2.3313953047704103,5.435404067105514
484,baseline_condition_allowed,HistGradientBoostingRegressor,71.0,75.09051357361429,-4.090513573614288,4.090513573614288,16.732301295922735
4206,baseline_condition_allowed,HistGradientBoostingRegressor,91.7,83.53497796485662,8.16502203514338,8.16502203514338,66.66758483437695
2197,baseline_condition_allowed,HistGradientBoostingRegressor,33.3,34.933862788679846,-1.6338627886798491,1.6338627886798491,2.6695076122326933
2923,baseline_condition_allowed,HistGradientBoostingRegressor,79.0,97.70311203466112,-18.703112034661117,18.703112034661117,349.80639978108553
4052,baseline_condition_allowed,HistGradientBoostingRegressor,74.2,70.80471887786383,3.3952811221361685,3.3952811221361685,11.52793389833424
2470,baseline_condition_allowed,HistGradientBoostingRegressor,49.0,52.745727892470825,-3.745727892470825,3.745727892470825,14.030477444433927
3020,baseline_condition_allowed,HistGradientBoostingRegressor,68.0,58.634244739871995,9.365755260128005,9.365755260128005,87.71737159261538
2867,baseline_condition_allowed,HistGradientBoostingRegressor,56.5,51.293977191962576,5.2060228080374245,5.2060228080374245,27.10267347780587
3810,baseline_condition_allowed,HistGradientBoostingRegressor,56.0,58.557520387361194,-2.557520387361194,2.557520387361194,6.5409105317681515
1294,baseline_condition_allowed,HistGradientBoostingRegressor,113.0,165.7153551296221,-52.71535512962211,52.71535512962211,2778.908666442176
4319,baseline_condition_allowed,HistGradientBoostingRegressor,116.0,106.23691875483843,9.763081245161572,9.763081245161572,95.31775539962564
5019,baseline_condition_allowed,HistGradientBoostingRegressor,76.0,67.90409510636495,8.095904893635051,8.095904893635051,65.54367604678397
5335,baseline_condition_allowed,HistGradientBoostingRegressor,56.0,51.20889101188699,4.79110898811301,4.79110898811301,22.954725335977265
4862,baseline_condition_allowed,HistGradientBoostingRegressor,52.1,50.461362404574366,1.6386375954256351,1.6386375954256351,2.6851331691423077
4431,baseline_condition_allowed,HistGradientBoostingRegressor,198.0,191.24753672599613,6.752463274003873,6.752463274003873,45.5957602667711
2671,baseline_condition_allowed,HistGradientBoostingRegressor,37.0,35.16453061230062,1.8354693876993835,1.8354693876993835,3.3689478731815496
763,baseline_condition_allowed,HistGradientBoostingRegressor,41.8,40.33986467273218,1.460135327267814,1.460135327267814,2.131995173935486
26,baseline_condition_allowed,HistGradientBoostingRegressor,73.0,63.12420917244312,9.875790827556877,9.875790827556877,97.53124446965654
2026,baseline_condition_allowed,HistGradientBoostingRegressor,44.5,41.50876563601386,2.9912343639861376,2.9912343639861376,8.947483020291553
4975,baseline_condition_allowed,HistGradientBoostingRegressor,66.7,66.41788318776291,0.28211681223709206,0.28211681223709206,0.07958989574681866
1780,baseline_condition_allowed,HistGradientBoostingRegressor,103.5,103.03969505625898,0.46030494374102204,0.46030494374102204,0.21188064123242548
3833,baseline_condition_allowed,HistGradientBoostingRegressor,59.3,52.9351056874637,6.3648943125363004,6.3648943125363004,40.511879609756946
5690,baseline_condition_allowed,HistGradientBoostingRegressor,46.4,41.98312682927816,4.416873170721836,4.416873170721836,19.508768606242363
5722,baseline_condition_allowed,HistGradientBoostingRegressor,139.0,158.94018337425817,-19.94018337425817,19.94018337425817,397.6109129990419
3977,baseline_condition_allowed,HistGradientBoostingRegressor,55.0,70.49221180196777,-15.49221180196777,15.49221180196777,240.00862651702946
3991,baseline_condition_allowed,HistGradientBoostingRegressor,97.0,86.61580349406691,10.38419650593309,10.38419650593309,107.831537073833
4442,baseline_condition_allowed,HistGradientBoostingRegressor,70.0,65.7114115170642,4.288588482935793,4.288588482935793,18.39199117596953
4444,baseline_condition_allowed,HistGradientBoostingRegressor,34.2,40.38231455461827,-6.182314554618266,6.182314554618266,38.221013252244845
4839,baseline_condition_allowed,HistGradientBoostingRegressor,99.5,58.57500410382834,40.92499589617166,40.92499589617166,1674.855289101667
2,baseline_condition_allowed,HistGradientBoostingRegressor,176.0,225.84313211649166,-49.84313211649166,49.84313211649166,2484.3378191820425
3577,baseline_condition_allowed,HistGradientBoostingRegressor,56.0,57.166197915909,-1.1661979159090023,1.1661979159090023,1.3600175790705005
2081,baseline_condition_allowed,HistGradientBoostingRegressor,114.5,100.4275310876388,14.072468912361202,14.072468912361202,198.03438128937248
4266,baseline_condition_allowed,HistGradientBoostingRegressor,134.0,120.18195584217926,13.818044157820736,13.818044157820736,190.9383443474838
4047,baseline_condition_allowed,HistGradientBoostingRegressor,81.0,80.8031716211794,0.196828378820598,0.196828378820598,0.03874141070914483
3225,baseline_condition_allowed,HistGradientBoostingRegressor,59.0,68.6525716943719,-9.6525716943719,9.6525716943719,93.17214031498962
126,baseline_condition_allowed,HistGradientBoostingRegressor,40.3,78.50673856419596,-38.20673856419596,38.20673856419596,1459.7548717128186
2139,baseline_condition_allowed,HistGradientBoostingRegressor,61.7,50.43951050276721,11.26048949723279,11.26048949723279,126.79862371728997
4461,baseline_condition_allowed,HistGradientBoostingRegressor,65.0,71.08249554283886,-6.082495542838856,6.082495542838856,36.996752028654555
4421,baseline_condition_allowed,HistGradientBoostingRegressor,105.5,97.5172753379014,7.9827246620986045,7.9827246620986045,63.72389303087728
2817,baseline_condition_allowed,HistGradientBoostingRegressor,53.5,56.98990900754214,-3.4899090075421384,3.4899090075421384,12.179464880923753
4856,baseline_condition_allowed,HistGradientBoostingRegressor,155.7,121.23209218354252,34.46790781645747,34.46790781645747,1188.03666924381
928,baseline_condition_allowed,HistGradientBoostingRegressor,85.0,127.20898893810597,-42.208988938105975,42.208988938105975,1781.5987471771525
5167,baseline_condition_allowed,HistGradientBoostingRegressor,191.0,168.38866421185426,22.611335788145738,22.611335788145738,511.2725061242802
5259,baseline_condition_allowed,HistGradientBoostingRegressor,46.4,48.052308885583614,-1.652308885583615,1.652308885583615,2.7301246533785677
5046,baseline_condition_allowed,HistGradientBoostingRegressor,48.0,104.39010307711668,-56.39010307711668,56.39010307711668,3179.8437250478437
318,baseline_condition_allowed,HistGradientBoostingRegressor,35.0,36.66171757458667,-1.6617175745866675,1.6617175745866675,2.7613052976901966
625,baseline_condition_allowed,HistGradientBoostingRegressor,112.5,102.81869722277322,9.681302777226776,9.681302777226776,93.72762346433889
13,baseline_condition_allowed,HistGradientBoostingRegressor,75.0,67.9869104870811,7.013089512918896,7.013089512918896,49.183424516212995
2838,baseline_condition_allowed,HistGradientBoostingRegressor,61.5,85.66775247182383,-24.16775247182383,24.16775247182383,584.0802595393469
2176,baseline_condition_allowed,HistGradientBoostingRegressor,70.0,61.11177639495089,8.888223605049113,8.888223605049113,79.00051885335225
3346,baseline_condition_allowed,HistGradientBoostingRegressor,95.0,88.96419451657522,6.035805483424781,6.035805483424781,36.43094783374065
5411,baseline_condition_allowed,HistGradientBoostingRegressor,43.2,43.37334951508366,-0.17334951508365748,0.17334951508365748,0.03005005437973919
3389,baseline_condition_allowed,HistGradientBoostingRegressor,51.0,48.780253730303976,2.2197462696960244,2.2197462696960244,4.927273501829416
901,baseline_condition_allowed,HistGradientBoostingRegressor,86.3,115.43117329067422,-29.131173290674226,29.131173290674226,848.6252572912914
1982,baseline_condition_allowed,HistGradientBoostingRegressor,63.0,49.23688290914691,13.763117090853093,13.763117090853093,189.42339205653252
653,baseline_condition_allowed,HistGradientBoostingRegressor,52.2,53.908416060230735,-1.7084160602307321,1.7084160602307321,2.9186854348542965
874,baseline_condition_allowed,HistGradientBoostingRegressor,176.5,149.7858120545192,26.714187945480802,26.714187945480802,713.6478375864718
5638,baseline_condition_allowed,HistGradientBoostingRegressor,111.3,110.55153709992781,0.7484629000721839,0.7484629000721839,0.5601967127844639
2980,baseline_condition_allowed,HistGradientBoostingRegressor,126.0,108.9997779778016,17.0002220221984,17.0002220221984,289.00754880403946
3171,baseline_condition_allowed,HistGradientBoostingRegressor,157.7,147.08220526689786,10.61779473310213,10.61779473310213,112.73756499429133
4840,baseline_condition_allowed,HistGradientBoostingRegressor,92.0,58.307512941076894,33.692487058923106,33.692487058923106,1135.183684215701
4642,baseline_condition_allowed,HistGradientBoostingRegressor,73.2,93.62646446551838,-20.42646446551838,20.42646446551838,417.240450561085
4510,baseline_condition_allowed,HistGradientBoostingRegressor,209.2,182.66068215068492,26.53931784931507,26.53931784931507,704.3353919069734
4300,baseline_condition_allowed,HistGradientBoostingRegressor,124.7,117.5822069900595,7.117793009940499,7.117793009940499,50.662977332357826
4742,baseline_condition_allowed,HistGradientBoostingRegressor,76.5,58.055154022737746,18.444845977262254,18.444845977262254,340.21234312492754
1489,baseline_condition_allowed,HistGradientBoostingRegressor,96.0,106.01590142407505,-10.015901424075054,10.015901424075054,100.31828133678869
4306,baseline_condition_allowed,HistGradientBoostingRegressor,38.2,43.549475078557464,-5.349475078557461,5.349475078557461,28.61688361610735
4974,baseline_condition_allowed,HistGradientBoostingRegressor,64.5,59.67687407702649,4.82312592297351,4.82312592297351,23.262543668859074
1138,baseline_condition_allowed,HistGradientBoostingRegressor,47.6,43.40793171707899,4.192068282921014,4.192068282921014,17.573436488672336
5145,baseline_condition_allowed,HistGradientBoostingRegressor,137.2,190.52043556641112,-53.320435566411135,53.320435566411135,2843.0688489918016
1194,baseline_condition_allowed,HistGradientBoostingRegressor,37.0,39.679204597788626,-2.679204597788626,2.679204597788626,7.1781372768117135
95,baseline_condition_allowed,HistGradientBoostingRegressor,37.2,37.206529008592234,-0.006529008592231378,0.006529008592231378,4.262795319743116e-05
2539,baseline_condition_allowed,HistGradientBoostingRegressor,61.8,68.28637126709891,-6.486371267098917,6.486371267098917,42.07301221464641
3110,baseline_condition_allowed,HistGradientBoostingRegressor,69.0,63.323591238828314,5.676408761171686,5.676408761171686,32.221616423906674
1654,baseline_condition_allowed,HistGradientBoostingRegressor,53.8,83.35666061555388,-29.55666061555388,29.55666061555388,873.5961867430339
4931,baseline_condition_allowed,HistGradientBoostingRegressor,145.0,149.10680426400648,-4.106804264006485,4.106804264006485,16.865841262861842
5738,baseline_condition_allowed,HistGradientBoostingRegressor,45.6,49.88640001428663,-4.286400014286627,4.286400014286627,18.3732250824764
5132,baseline_condition_allowed,HistGradientBoostingRegressor,146.0,133.04629249879318,12.953707501206821,12.953707501206821,167.7985380268219
4270,baseline_condition_allowed,HistGradientBoostingRegressor,71.8,72.85235391881396,-1.0523539188139637,1.0523539188139637,1.1074487704431064
5503,baseline_condition_allowed,HistGradientBoostingRegressor,46.0,63.92927500967921,-17.92927500967921,17.92927500967921,321.4589023727074
5066,baseline_condition_allowed,HistGradientBoostingRegressor,56.5,53.09631844945426,3.403681550545741,3.403681550545741,11.58504809752546
5037,baseline_condition_allowed,HistGradientBoostingRegressor,72.4,76.16945365773086,-3.7694536577308497,3.7694536577308497,14.208780877780482
537,baseline_condition_allowed,HistGradientBoostingRegressor,54.8,72.44398841057273,-17.64398841057273,17.64398841057273,311.3103270324249
3915,baseline_condition_allowed,HistGradientBoostingRegressor,54.0,72.35610724269033,-18.356107242690328,18.356107242690328,336.9466731051483
335,baseline_condition_allowed,HistGradientBoostingRegressor,63.5,64.53110272688834,-1.031102726888335,1.031102726888335,1.0631728333965604
1141,baseline_condition_allowed,HistGradientBoostingRegressor,39.1,41.34476410727532,-2.2447641072753157,2.2447641072753157,5.038965897311545
4701,baseline_condition_allowed,HistGradientBoostingRegressor,168.0,137.13630029898667,30.86369970101333,30.86369970101333,952.5679592343304
2731,baseline_condition_allowed,HistGradientBoostingRegressor,56.5,53.631600846286986,2.868399153713014,2.868399153713014,8.227713705021536
1687,baseline_condition_allowed,HistGradientBoostingRegressor,132.0,117.99507270693688,14.004927293063119,14.004927293063119,196.13798848398426
2833,baseline_condition_allowed,HistGradientBoostingRegressor,50.2,51.058259972428075,-0.8582599724280726,0.8582599724280726,0.736610180272236
4286,baseline_condition_allowed,HistGradientBoostingRegressor,63.0,59.919271535067274,3.080728464932726,3.080728464932726,9.490887874646749
3850,baseline_condition_allowed,HistGradientBoostingRegressor,119.0,108.31617440791233,10.683825592087672,10.683825592087672,114.14412928214749
4012,baseline_condition_allowed,HistGradientBoostingRegressor,86.0,83.14080092280807,2.8591990771919313,2.8591990771919313,8.175019363015192
923,baseline_condition_allowed,HistGradientBoostingRegressor,57.3,56.526120010376935,0.7738799896230617,0.7738799896230617,0.5988902383389901
3683,baseline_condition_allowed,HistGradientBoostingRegressor,133.0,162.4295226633256,-29.4295226633256,29.4295226633256,866.096804191195
4022,baseline_condition_allowed,HistGradientBoostingRegressor,52.3,62.50459497849004,-10.204594978490043,10.204594978490043,104.1337586750242
1171,baseline_condition_allowed,HistGradientBoostingRegressor,39.7,41.30980862844899,-1.609808628448988,1.609808628448988,2.591483820228812
627,baseline_condition_allowed,HistGradientBoostingRegressor,70.9,65.23228081578111,5.667719184218896,5.667719184218896,32.12304075116291
5643,baseline_condition_allowed,HistGradientBoostingRegressor,187.3,138.59121760001545,48.70878239998456,48.70878239998456,2372.545482889045
3412,baseline_condition_allowed,HistGradientBoostingRegressor,51.5,50.340909815485,1.1590901845150015,1.1590901845150015,1.3434900558390201
4046,baseline_condition_allowed,HistGradientBoostingRegressor,53.0,53.192029690934376,-0.19202969093437616,0.19202969093437616,0.03687540220035203
5571,baseline_condition_allowed,HistGradientBoostingRegressor,81.8,74.86973510093301,6.930264899066984,6.930264899066984,48.02857157123991
2522,baseline_condition_allowed,HistGradientBoostingRegressor,38.0,36.91026255202584,1.0897374479741586,1.0897374479741586,1.187527705517232
912,baseline_condition_allowed,HistGradientBoostingRegressor,142.0,153.64160859144846,-11.64160859144846,11.64160859144846,135.5270505964866
2890,baseline_condition_allowed,HistGradientBoostingRegressor,35.0,55.24495116976063,-20.244951169760633,20.244951169760633,409.85804786599243
2245,baseline_condition_allowed,HistGradientBoostingRegressor,44.0,97.56450370080253,-53.56450370080253,53.56450370080253,2869.1560567132883
5283,baseline_condition_allowed,HistGradientBoostingRegressor,84.1,85.72163129993127,-1.6216312999312805,1.6216312999312805,2.6296880729168146
3907,baseline_condition_allowed,HistGradientBoostingRegressor,129.6,126.97842403093232,2.6215759690676776,2.6215759690676776,6.8726605615931335
957,baseline_condition_allowed,HistGradientBoostingRegressor,66.0,62.30397511348047,3.696024886519531,3.696024886519531,13.660599961771712
3673,baseline_condition_allowed,HistGradientBoostingRegressor,60.0,113.28300877287053,-53.28300877287053,53.28300877287053,2839.079023889798
4479,baseline_condition_allowed,HistGradientBoostingRegressor,91.0,103.52047473757952,-12.52047473757952,12.52047473757952,156.76228765436693
3308,baseline_condition_allowed,HistGradientBoostingRegressor,124.0,109.14885688865938,14.851143111340619,14.851143111340619,220.55645171351992
5225,baseline_condition_allowed,HistGradientBoostingRegressor,75.3,137.4006676481877,-62.100667648187695,62.100667648187695,3856.492922350666
993,baseline_condition_allowed,HistGradientBoostingRegressor,143.0,135.33346988278504,7.666530117214961,7.666530117214961,58.775684038164044
875,baseline_condition_allowed,HistGradientBoostingRegressor,98.8,95.67000153143631,3.1299984685636844,3.1299984685636844,9.79689041321101
5166,baseline_condition_allowed,HistGradientBoostingRegressor,99.0,82.74951873222217,16.25048126777783,16.25048126777783,264.0781414343981
4163,baseline_condition_allowed,HistGradientBoostingRegressor,96.0,98.00488654059976,-2.004886540599756,2.004886540599756,4.019570040678057
998,baseline_condition_allowed,HistGradientBoostingRegressor,57.1,60.22192100347348,-3.1219210034734814,3.1219210034734814,9.74639075192887
818,baseline_condition_allowed,HistGradientBoostingRegressor,73.0,65.13421606050503,7.865783939494975,7.865783939494975,61.870556982817085
4184,baseline_condition_allowed,HistGradientBoostingRegressor,140.3,138.26289210469005,2.0371078953099584,2.0371078953099584,4.149808577134168
3704,baseline_condition_allowed,HistGradientBoostingRegressor,221.0,184.71890184869704,36.281098151302956,36.281098151302956,1316.3180830644787
2457,baseline_condition_allowed,HistGradientBoostingRegressor,42.0,43.06304552413496,-1.0630455241349566,1.0630455241349566,1.1300657863833645
906,baseline_condition_allowed,HistGradientBoostingRegressor,115.0,100.68266227167001,14.317337728329989,14.317337728329989,204.9861596270613
5486,baseline_condition_allowed,HistGradientBoostingRegressor,58.5,72.50886630391578,-14.00886630391578,14.00886630391578,196.24833512098698
5202,baseline_condition_allowed,HistGradientBoostingRegressor,98.6,109.84839198160846,-11.248391981608464,11.248391981608464,126.52632217191358
2446,baseline_condition_allowed,HistGradientBoostingRegressor,47.0,43.79543844094239,3.204561559057609,3.204561559057609,10.269214785789734
1210,baseline_condition_allowed,HistGradientBoostingRegressor,68.0,89.06935211116925,-21.069352111169252,21.069352111169252,443.9175983844322
4071,baseline_condition_allowed,HistGradientBoostingRegressor,92.0,86.55355952021789,5.446440479782112,5.446440479782112,29.6637138998092
2302,baseline_condition_allowed,HistGradientBoostingRegressor,37.5,43.89480385898577,-6.394803858985767,6.394803858985767,40.893516394899265
238,baseline_condition_allowed,HistGradientBoostingRegressor,70.0,66.70393724439522,3.2960627556047797,3.2960627556047797,10.864029688884974
5403,baseline_condition_allowed,HistGradientBoostingRegressor,45.7,45.338635978877846,0.3613640211221565,0.3613640211221565,0.13058395576157436
1964,baseline_condition_allowed,HistGradientBoostingRegressor,39.0,44.64331153956656,-5.643311539566561,5.643311539566561,31.84696513260511
4801,baseline_condition_allowed,HistGradientBoostingRegressor,137.0,114.32140371875842,22.678596281241582,22.678596281241582,514.3187292875446
1667,baseline_condition_allowed,HistGradientBoostingRegressor,103.7,100.25315241244556,3.446847587554444,3.446847587554444,11.880758291829892
93,baseline_condition_allowed,HistGradientBoostingRegressor,41.7,41.21648782956914,0.48351217043086336,0.48351217043086336,0.23378401895476425
2546,baseline_condition_allowed,HistGradientBoostingRegressor,69.5,56.931046026248765,12.568953973751235,12.568953973751235,157.97860399427697
177,baseline_condition_allowed,HistGradientBoostingRegressor,54.2,47.77749109382823,6.422508906171771,6.422508906171771,41.24862064985572
412,baseline_condition_allowed,HistGradientBoostingRegressor,144.0,124.54195389064463,19.458046109355365,19.458046109355365,378.61555839379946
3152,baseline_condition_allowed,HistGradientBoostingRegressor,79.7,73.77723790602153,5.922762093978477,5.922762093978477,35.07911082186831
5691,baseline_condition_allowed,HistGradientBoostingRegressor,49.0,46.445380403614735,2.5546195963852654,2.5546195963852654,6.526081282235616
2999,baseline_condition_allowed,HistGradientBoostingRegressor,32.5,46.554440627946555,-14.054440627946555,14.054440627946555,197.52730136447474
792,baseline_condition_allowed,HistGradientBoostingRegressor,52.0,59.91037689472378,-7.9103768947237825,7.9103768947237825,62.57406261657987
1935,baseline_condition_allowed,HistGradientBoostingRegressor,41.0,76.07159020915476,-35.07159020915476,35.07159020915476,1230.0164397988804
5329,baseline_condition_allowed,HistGradientBoostingRegressor,84.2,95.7437901176558,-11.543790117655803,11.543790117655803,133.25909028048778
4453,baseline_condition_allowed,HistGradientBoostingRegressor,55.0,129.087752035766,-74.08775203576599,74.08775203576599,5488.995001713147
4620,baseline_condition_allowed,HistGradientBoostingRegressor,98.0,95.04718449287859,2.9528155071214144,2.9528155071214144,8.719119419096696
852,baseline_condition_allowed,HistGradientBoostingRegressor,71.3,65.22870187138409,6.071298128615908,6.071298128615908,36.86066096653502
5060,baseline_condition_allowed,HistGradientBoostingRegressor,51.1,44.61101389313185,6.488986106868154,6.488986106868154,42.106940695127925
2007,baseline_condition_allowed,HistGradientBoostingRegressor,47.0,44.342278561317336,2.657721438682664,2.657721438682664,7.063483245633449
4263,baseline_condition_allowed,HistGradientBoostingRegressor,177.0,188.0904116398118,-11.090411639811805,11.090411639811805,122.99723034047317
5133,baseline_condition_allowed,HistGradientBoostingRegressor,130.0,119.97728156539745,10.022718434602552,10.022718434602552,100.45488481932183
3335,baseline_condition_allowed,HistGradientBoostingRegressor,42.6,45.214480297772376,-2.6144802977723742,2.6144802977723742,6.835507227439923
3052,baseline_condition_allowed,HistGradientBoostingRegressor,104.0,94.04726934202657,9.952730657973433,9.952730657973433,99.05684755016428
1438,baseline_condition_allowed,HistGradientBoostingRegressor,171.0,172.4421567079728,-1.4421567079727993,1.4421567079727993,2.079815970350942
5491,baseline_condition_allowed,HistGradientBoostingRegressor,76.7,131.06017949101764,-54.36017949101763,54.36017949101763,2955.029114295654
3782,baseline_condition_allowed,HistGradientBoostingRegressor,77.7,75.61956292872192,2.0804370712780837,2.0804370712780837,4.328218407548131
4754,baseline_condition_allowed,HistGradientBoostingRegressor,121.0,78.59707708673983,42.40292291326017,42.40292291326017,1798.0078715878844
3553,baseline_condition_allowed,HistGradientBoostingRegressor,61.0,86.20844843692255,-25.208448436922552,25.208448436922552,635.4658725969831
585,baseline_condition_allowed,HistGradientBoostingRegressor,67.6,106.25296214508928,-38.65296214508929,38.65296214508929,1494.0514825897058
3666,baseline_condition_allowed,HistGradientBoostingRegressor,82.0,77.84406649321254,4.155933506787463,4.155933506787463,17.27178331283874
3030,baseline_condition_allowed,HistGradientBoostingRegressor,43.0,46.1859227215761,-3.185922721576098,3.185922721576098,10.150103587854852
3232,baseline_condition_allowed,HistGradientBoostingRegressor,50.4,64.60795588677355,-14.207955886773554,14.207955886773554,201.8660104805033
1153,baseline_condition_allowed,HistGradientBoostingRegressor,107.2,99.5375667856293,7.662433214370708,7.662433214370708,58.71288276469142
3674,baseline_condition_allowed,HistGradientBoostingRegressor,74.7,65.23450447372683,9.465495526273173,9.465495526273173,89.59560555789746
1451,baseline_condition_allowed,HistGradientBoostingRegressor,74.0,78.68180314485602,-4.681803144856019,4.681803144856019,21.91928068718371
5191,baseline_condition_allowed,HistGradientBoostingRegressor,102.0,83.24137755644918,18.75862244355082,18.75862244355082,351.88591597968855
718,baseline_condition_allowed,HistGradientBoostingRegressor,56.7,49.04736921637277,7.652630783627231,7.652630783627231,58.562757910519124
3107,baseline_condition_allowed,HistGradientBoostingRegressor,123.0,78.70210103827016,44.29789896172984,44.29789896172984,1962.3038524236258
3570,baseline_condition_allowed,HistGradientBoostingRegressor,57.5,52.08239926034977,5.417600739650233,5.417600739650233,29.35039777425875
2370,baseline_condition_allowed,HistGradientBoostingRegressor,77.5,65.97352579365129,11.52647420634871,11.52647420634871,132.8596076296221
3204,baseline_condition_allowed,HistGradientBoostingRegressor,82.7,76.71881083912969,5.981189160870315,5.981189160870315,35.77462377811254
1663,baseline_condition_allowed,HistGradientBoostingRegressor,121.5,106.2979908249699,15.2020091750301,15.2020091750301,231.1010829576993
3392,baseline_condition_allowed,HistGradientBoostingRegressor,105.0,88.05954350639821,16.940456493601786,16.940456493601786,286.9790662116149
5597,baseline_condition_allowed,HistGradientBoostingRegressor,71.6,89.38489237809695,-17.784892378096956,17.784892378096956,316.3023969004912
5739,baseline_condition_allowed,HistGradientBoostingRegressor,81.0,70.46838068043778,10.531619319562225,10.531619319562225,110.91500549217629
2145,baseline_condition_allowed,HistGradientBoostingRegressor,50.0,45.119833930731126,4.880166069268874,4.880166069268874,23.816020863643214
4154,baseline_condition_allowed,HistGradientBoostingRegressor,178.0,144.25316354109458,33.74683645890542,33.74683645890542,1138.848970984108
2052,baseline_condition_allowed,HistGradientBoostingRegressor,33.0,45.38502470143064,-12.385024701430638,12.385024701430638,153.38883685504706
2336,baseline_condition_allowed,HistGradientBoostingRegressor,49.2,50.63459838992815,-1.4345983899281478,1.4345983899281478,2.058072540384434
2142,baseline_condition_allowed,HistGradientBoostingRegressor,50.3,45.119833930731126,5.180166069268871,5.180166069268871,26.83412050520451
4774,baseline_condition_allowed,HistGradientBoostingRegressor,104.5,58.99380030933337,45.50619969066663,45.50619969066663,2070.8142102868273
946,baseline_condition_allowed,HistGradientBoostingRegressor,65.8,127.92707868907577,-62.12707868907577,62.12707868907577,3859.7739064386133
341,baseline_condition_allowed,HistGradientBoostingRegressor,79.8,100.90702857441138,-21.107028574411387,21.107028574411387,445.5066552410188
1148,baseline_condition_allowed,HistGradientBoostingRegressor,60.4,65.26423186036025,-4.864231860360256,4.864231860360256,23.660751591343796
5195,baseline_condition_allowed,HistGradientBoostingRegressor,198.0,191.3687419769099,6.631258023090112,6.631258023090112,43.97358296879698
1511,baseline_condition_allowed,HistGradientBoostingRegressor,84.8,103.47519976565604,-18.675199765656046,18.675199765656046,348.76308628715964
5137,baseline_condition_allowed,HistGradientBoostingRegressor,119.4,133.37318822707235,-13.973188227072342,13.973188227072342,195.2499892291931
5683,baseline_condition_allowed,HistGradientBoostingRegressor,85.0,125.0413072198728,-40.041307219872806,40.041307219872806,1603.306283876238
893,baseline_condition_allowed,HistGradientBoostingRegressor,202.8,138.44425234741828,64.35574765258173,64.35574765258173,4141.662255922778
567,baseline_condition_allowed,HistGradientBoostingRegressor,44.0,41.7204332411264,2.2795667588735995,2.2795667588735995,5.196424608161487
5509,baseline_condition_allowed,HistGradientBoostingRegressor,91.0,77.51357276905019,13.486427230949815,13.486427230949815,181.8837194557047
342,baseline_condition_allowed,HistGradientBoostingRegressor,70.2,103.14845401803473,-32.948454018034724,32.948454018034724,1085.6006221785485
5521,baseline_condition_allowed,HistGradientBoostingRegressor,38.0,39.18627248207588,-1.1862724820758785,1.1862724820758785,1.4072424017304657
2662,baseline_condition_allowed,HistGradientBoostingRegressor,35.5,33.48435242878262,2.0156475712173787,2.0156475712173787,4.062835131354518
136,baseline_condition_allowed,HistGradientBoostingRegressor,35.4,49.57437538501459,-14.174375385014592,14.174375385014592,200.91291755530756
1532,baseline_condition_allowed,HistGradientBoostingRegressor,106.0,92.34142948674457,13.658570513255427,13.658570513255427,186.55654846557061
2482,baseline_condition_allowed,HistGradientBoostingRegressor,51.0,51.08634928141863,-0.0863492814186273,0.0863492814186273,0.007456198401513294
5342,baseline_condition_allowed,HistGradientBoostingRegressor,53.4,58.2670113710085,-4.867011371008502,4.867011371008502,23.687799685526056
4966,baseline_condition_allowed,HistGradientBoostingRegressor,67.4,63.04190589417867,4.358094105821337,4.358094105821337,18.99298423519468
1891,baseline_condition_allowed,HistGradientBoostingRegressor,52.0,46.180306122009824,5.819693877990176,5.819693877990176,33.86883683351633
4606,baseline_condition_allowed,HistGradientBoostingRegressor,124.5,101.2191063155657,23.280893684434304,23.280893684434304,542.0000107459331
2499,baseline_condition_allowed,HistGradientBoostingRegressor,34.5,49.3157205187754,-14.8157205187754,14.8157205187754,219.5055744904624
614,baseline_condition_allowed,HistGradientBoostingRegressor,88.8,79.60910321033118,9.190896789668813,9.190896789668813,84.47258379834449
5546,baseline_condition_allowed,HistGradientBoostingRegressor,70.7,61.709519557716234,8.990480442283769,8.990480442283769,80.82873858308695
5207,baseline_condition_allowed,HistGradientBoostingRegressor,92.6,136.32063175294448,-43.720631752944485,43.720631752944485,1911.4936408765775
1146,baseline_condition_allowed,HistGradientBoostingRegressor,59.0,67.50647443430688,-8.506474434306881,8.506474434306881,72.36010730151658
4984,baseline_condition_allowed,HistGradientBoostingRegressor,114.0,103.62656124939834,10.373438750601665,10.373438750601665,107.60823151248422
2854,baseline_condition_allowed,HistGradientBoostingRegressor,50.0,44.774748022666955,5.225251977333045,5.225251977333045,27.303258226622894
5676,baseline_condition_allowed,HistGradientBoostingRegressor,60.0,86.81071493439254,-26.810714934392536,26.810714934392536,718.814435293259
3806,baseline_condition_allowed,HistGradientBoostingRegressor,138.5,126.62348222508038,11.87651777491962,11.87651777491962,141.05167445798168
5747,baseline_condition_allowed,HistGradientBoostingRegressor,53.0,81.04068505543907,-28.04068505543907,28.04068505543907,786.280018378324
4832,baseline_condition_allowed,HistGradientBoostingRegressor,66.0,57.9515362720163,8.048463727983702,8.048463727983702,64.7777683806693
920,baseline_condition_allowed,HistGradientBoostingRegressor,76.5,84.13231906404924,-7.632319064049241,7.632319064049241,58.25229429544949
2462,baseline_condition_allowed,HistGradientBoostingRegressor,50.5,45.91399361317176,4.586006386828238,4.586006386828238,21.031454580029393
1919,baseline_condition_allowed,HistGradientBoostingRegressor,93.0,84.57279450981542,8.427205490184576,8.427205490184576,71.01779237379706
1076,baseline_condition_allowed,HistGradientBoostingRegressor,113.0,126.28414462850324,-13.284144628503242,13.284144628503242,176.46849851099154
5633,baseline_condition_allowed,HistGradientBoostingRegressor,147.0,118.34743298192328,28.652567018076724,28.652567018076724,820.9695967253781
2428,baseline_condition_allowed,HistGradientBoostingRegressor,36.0,37.14463052727782,-1.144630527277819,1.144630527277819,1.310179043976298
2391,baseline_condition_allowed,HistGradientBoostingRegressor,66.5,57.43795827482505,9.06204172517495,9.06204172517495,82.12060022881178
5416,baseline_condition_allowed,HistGradientBoostingRegressor,73.0,62.53639847386726,10.463601526132742,10.463601526132742,109.48695689768743
3364,baseline_condition_allowed,HistGradientBoostingRegressor,140.0,116.16030912112696,23.839690878873043,23.839690878873043,568.3308612002226
4733,baseline_condition_allowed,HistGradientBoostingRegressor,86.0,119.96675837830097,-33.966758378300966,33.966758378300966,1153.740674729879
2873,baseline_condition_allowed,HistGradientBoostingRegressor,36.0,50.968041003881574,-14.968041003881574,14.968041003881574,224.04225149388012
4490,baseline_condition_allowed,HistGradientBoostingRegressor,298.5,213.77100539388317,84.72899460611683,84.72899460611683,7179.002526963374
3439,baseline_condition_allowed,HistGradientBoostingRegressor,155.2,129.5187692781336,25.6812307218664,25.6812307218664,659.5256113897345
5544,baseline_condition_allowed,HistGradientBoostingRegressor,82.9,104.554217348022,-21.654217348021987,21.654217348021987,468.90512895537637
2876,baseline_condition_allowed,HistGradientBoostingRegressor,41.0,55.29392983029688,-14.293929830296882,14.293929830296882,204.31642999345107
5355,baseline_condition_allowed,HistGradientBoostingRegressor,71.5,70.23150719622276,1.2684928037772352,1.2684928037772352,1.6090739932346312
415,baseline_condition_allowed,HistGradientBoostingRegressor,119.5,101.46944830504964,18.03055169495036,18.03055169495036,325.10079442427735
4155,baseline_condition_allowed,HistGradientBoostingRegressor,45.0,44.0997698102605,0.9002301897395029,0.9002301897395029,0.8104143945184213
1815,baseline_condition_allowed,HistGradientBoostingRegressor,50.5,49.9004153274308,0.5995846725692004,0.5995846725692004,0.3595017795799153
2368,baseline_condition_allowed,HistGradientBoostingRegressor,55.4,56.74554093734072,-1.345540937340722,1.345540937340722,1.810480414059749
3747,baseline_condition_allowed,HistGradientBoostingRegressor,33.6,37.06232556547267,-3.4623255654726677,3.4623255654726677,11.987698321325627
5796,baseline_condition_allowed,HistGradientBoostingRegressor,125.9,103.44910593813253,22.450894061867473,22.450894061867473,504.04264417719617
1798,baseline_condition_allowed,HistGradientBoostingRegressor,189.0,207.74950593733496,-18.74950593733496,18.74950593733496,351.54397289415886
90,baseline_condition_allowed,HistGradientBoostingRegressor,35.9,36.31729878240345,-0.4172987824034493,0.4172987824034493,0.17413827379540134
3302,baseline_condition_allowed,HistGradientBoostingRegressor,45.0,44.29411900248341,0.7058809975165872,0.7058809975165872,0.49826798265501215
2962,baseline_condition_allowed,HistGradientBoostingRegressor,61.3,69.56748047809536,-8.267480478095365,8.267480478095365,68.35123345568796
4543,baseline_condition_allowed,HistGradientBoostingRegressor,80.0,76.25472311843163,3.7452768815683726,3.7452768815683726,14.027098919610513
659,baseline_condition_allowed,HistGradientBoostingRegressor,43.9,46.12046723943363,-2.2204672394336313,2.2204672394336313,4.9304747613980116
5720,baseline_condition_allowed,HistGradientBoostingRegressor,191.5,184.67626389267693,6.823736107323072,6.823736107323072,46.56337446238462
1019,baseline_condition_allowed,HistGradientBoostingRegressor,44.0,64.33350193588285,-20.33350193588285,20.33350193588285,413.45130097655164
2167,baseline_condition_allowed,HistGradientBoostingRegressor,35.5,34.83038318043485,0.6696168195651495,0.6696168195651495,0.448386685044546
584,baseline_condition_allowed,HistGradientBoostingRegressor,42.0,70.1341910981786,-28.134191098178604,28.134191098178604,791.5327087488322
5499,baseline_condition_allowed,HistGradientBoostingRegressor,79.5,70.64457219642628,8.855427803573718,8.855427803573718,78.41860158430644
2467,baseline_condition_allowed,HistGradientBoostingRegressor,98.0,160.97122649576542,-62.97122649576542,62.97122649576542,3965.375366380989
5143,baseline_condition_allowed,HistGradientBoostingRegressor,189.3,146.12209855923442,43.177901440765595,43.177901440765595,1864.3311728284677
3855,baseline_condition_allowed,HistGradientBoostingRegressor,113.0,101.20787075003267,11.792129249967331,11.792129249967331,139.0543122479351
493,baseline_condition_allowed,HistGradientBoostingRegressor,62.0,54.22999238691634,7.7700076130836635,7.7700076130836635,60.37301830737809
5246,baseline_condition_allowed,HistGradientBoostingRegressor,37.2,46.27061992891808,-9.070619928918077,9.070619928918077,82.27614589488579
2846,baseline_condition_allowed,HistGradientBoostingRegressor,53.0,48.621243350678604,4.378756649321396,4.378756649321396,19.173509793976336
4405,baseline_condition_allowed,HistGradientBoostingRegressor,115.0,145.47838096935877,-30.478380969358767,30.478380969358767,928.9317065133706
1869,baseline_condition_allowed,HistGradientBoostingRegressor,54.0,65.38955317021632,-11.389553170216317,11.389553170216317,129.72192141718455
1119,baseline_condition_allowed,HistGradientBoostingRegressor,53.0,72.68001863743301,-19.680018637433008,19.680018637433008,387.30313356971055
2855,baseline_condition_allowed,HistGradientBoostingRegressor,50.0,45.7904144562202,4.209585543779802,4.209585543779802,17.720610450399892
2484,baseline_condition_allowed,HistGradientBoostingRegressor,166.0,117.6170874988546,48.3829125011454,48.3829125011454,2340.9062220934916
221,baseline_condition_allowed,HistGradientBoostingRegressor,48.5,70.08121741018277,-21.581217410182774,21.581217410182774,465.7489449055761
2528,baseline_condition_allowed,HistGradientBoostingRegressor,30.5,34.28293331444866,-3.7829333144486625,3.7829333144486625,14.310584461565544
4587,baseline_condition_allowed,HistGradientBoostingRegressor,181.0,138.12479866568142,42.875201334318575,42.875201334318575,1838.2828894583533
1423,baseline_condition_allowed,HistGradientBoostingRegressor,110.2,93.70971950118874,16.49028049881126,16.49028049881126,271.92935092947494
2981,baseline_condition_allowed,HistGradientBoostingRegressor,263.8,199.36495512673275,64.43504487326726,64.43504487326726,4151.8750078199655
4208,baseline_condition_allowed,HistGradientBoostingRegressor,92.5,80.52770098428407,11.972299015715933,11.972299015715933,143.3359437217127
