row_id,feature_set,model_name,y_true,y_pred,residual,absolute_error,squared_error
4137,strict_no_prior_iri,HistGradientBoostingRegressor,67.2,60.24473562094996,6.955264379050043,6.955264379050043,48.375702582482376
1393,strict_no_prior_iri,HistGradientBoostingRegressor,119.0,152.26045973583766,-33.26045973583766,33.26045973583766,1106.258181839278
1802,strict_no_prior_iri,HistGradientBoostingRegressor,86.7,56.30423562662436,30.39576437337564,30.39576437337564,923.9024918417718
2552,strict_no_prior_iri,HistGradientBoostingRegressor,68.0,87.38236924511232,-19.382369245112315,19.382369245112315,375.67623755387575
1606,strict_no_prior_iri,HistGradientBoostingRegressor,87.0,108.74310484263046,-21.74310484263046,21.74310484263046,472.76260819762007
1420,strict_no_prior_iri,HistGradientBoostingRegressor,72.8,106.22290429710125,-33.422904297101255,33.422904297101255,1117.0905316531896
17,strict_no_prior_iri,HistGradientBoostingRegressor,87.0,92.28209693504621,-5.282096935046212,5.282096935046212,27.900548031224588
3749,strict_no_prior_iri,HistGradientBoostingRegressor,35.0,55.82669437249891,-20.826694372498913,20.826694372498913,433.7511984854779
3909,strict_no_prior_iri,HistGradientBoostingRegressor,164.0,175.60920636667387,-11.609206366673874,11.609206366673874,134.77367246402122
3840,strict_no_prior_iri,HistGradientBoostingRegressor,69.2,81.58144545345958,-12.381445453459577,12.381445453459577,153.30019151699483
2562,strict_no_prior_iri,HistGradientBoostingRegressor,160.4,96.04495093728157,64.35504906271844,64.35504906271844,4141.572339864897
2356,strict_no_prior_iri,HistGradientBoostingRegressor,257.0,94.49139639909457,162.50860360090542,162.50860360090542,26409.04624431621
4899,strict_no_prior_iri,HistGradientBoostingRegressor,117.3,95.03016450346634,22.26983549653366,22.26983549653366,495.94557304267056
2317,strict_no_prior_iri,HistGradientBoostingRegressor,55.0,53.943195820988265,1.0568041790117348,1.0568041790117348,1.116835072776667
4567,strict_no_prior_iri,HistGradientBoostingRegressor,136.3,95.02005019007234,41.27994980992767,41.27994980992767,1704.0342563101476
4594,strict_no_prior_iri,HistGradientBoostingRegressor,55.0,60.94333968005745,-5.9433396800574485,5.9433396800574485,35.323286552545376
4976,strict_no_prior_iri,HistGradientBoostingRegressor,44.5,73.5917030246684,-29.091703024668405,29.091703024668405,846.3271848755008
619,strict_no_prior_iri,HistGradientBoostingRegressor,63.2,57.593716871973335,5.606283128026668,5.606283128026668,31.43041051159648
824,strict_no_prior_iri,HistGradientBoostingRegressor,58.7,61.7554034963178,-3.055403496317794,3.055403496317794,9.335490525311
3255,strict_no_prior_iri,HistGradientBoostingRegressor,181.3,110.22833653798054,71.07166346201947,71.07166346201947,5051.181347258554
2413,strict_no_prior_iri,HistGradientBoostingRegressor,62.0,92.83586016286777,-30.835860162867775,30.835860162867775,950.8502719839358
307,strict_no_prior_iri,HistGradientBoostingRegressor,126.0,94.75910798523562,31.240892014764384,31.240892014764384,975.9933338781691
847,strict_no_prior_iri,HistGradientBoostingRegressor,64.5,71.62769969885943,-7.1276996988594306,7.1276996988594306,50.804102997120815
864,strict_no_prior_iri,HistGradientBoostingRegressor,80.7,81.57889293786224,-0.8788929378622328,0.8788929378622328,0.7724527962241066
4578,strict_no_prior_iri,HistGradientBoostingRegressor,56.8,61.69658859468622,-4.8965885946862215,4.8965885946862215,23.976579865611185
483,strict_no_prior_iri,HistGradientBoostingRegressor,65.1,85.7847396972991,-20.684739697299108,20.684739697299108,427.8584563450216
4217,strict_no_prior_iri,HistGradientBoostingRegressor,77.0,123.38737728340894,-46.38737728340894,46.38737728340894,2151.7887712333236
5299,strict_no_prior_iri,HistGradientBoostingRegressor,35.2,47.64610180815591,-12.446101808155909,12.446101808155909,154.9054502189818
2454,strict_no_prior_iri,HistGradientBoostingRegressor,57.0,48.38827053809288,8.611729461907117,8.611729461907117,74.16188432507904
3238,strict_no_prior_iri,HistGradientBoostingRegressor,108.0,86.92635093342759,21.073649066572415,21.073649066572415,444.0986849810484
2621,strict_no_prior_iri,HistGradientBoostingRegressor,108.0,253.75226288065997,-145.75226288065997,145.75226288065997,21243.72213483301
5174,strict_no_prior_iri,HistGradientBoostingRegressor,142.7,137.38830282716785,5.31169717283214,5.31169717283214,28.21412685587295
2736,strict_no_prior_iri,HistGradientBoostingRegressor,69.0,51.164808638502976,17.835191361497024,17.835191361497024,318.09405090121805
2367,strict_no_prior_iri,HistGradientBoostingRegressor,159.0,115.42722611060694,43.57277388939306,43.57277388939306,1898.586624416174
1785,strict_no_prior_iri,HistGradientBoostingRegressor,108.0,101.22750457982605,6.772495420173954,6.772495420173954,45.866694216277175
1116,strict_no_prior_iri,HistGradientBoostingRegressor,65.0,96.24475292110041,-31.244752921100414,31.244752921100414,976.2345851006129
1952,strict_no_prior_iri,HistGradientBoostingRegressor,120.5,132.4166115449648,-11.916611544964809,11.916611544964809,142.00563071358857
2619,strict_no_prior_iri,HistGradientBoostingRegressor,121.0,107.03281422075406,13.967185779245938,13.967185779245938,195.08227859196995
4848,strict_no_prior_iri,HistGradientBoostingRegressor,88.0,149.13392912065726,-61.13392912065726,61.13392912065726,3737.3572897295453
1382,strict_no_prior_iri,HistGradientBoostingRegressor,39.9,140.3143842417952,-100.4143842417952,100.4143842417952,10083.048562658889
789,strict_no_prior_iri,HistGradientBoostingRegressor,46.0,54.61930406653185,-8.619304066531853,8.619304066531853,74.29240259133255
3987,strict_no_prior_iri,HistGradientBoostingRegressor,140.0,155.28942450001543,-15.289424500015429,15.289424500015429,233.76650154167203
4981,strict_no_prior_iri,HistGradientBoostingRegressor,58.6,64.16238350652087,-5.562383506520867,5.562383506520867,30.94011027361537
5373,strict_no_prior_iri,HistGradientBoostingRegressor,46.5,76.1848900477249,-29.684890047724906,29.684890047724906,881.1926971455172
4945,strict_no_prior_iri,HistGradientBoostingRegressor,100.0,93.15395125418766,6.84604874581234,6.84604874581234,46.868383430038705
2947,strict_no_prior_iri,HistGradientBoostingRegressor,94.5,103.80893955591682,-9.308939555916822,9.308939555916822,86.65635565571289
4823,strict_no_prior_iri,HistGradientBoostingRegressor,97.0,114.87251880288701,-17.872518802887015,17.872518802887015,319.4269283595499
418,strict_no_prior_iri,HistGradientBoostingRegressor,104.0,102.88050018282645,1.1194998171735477,1.1194998171735477,1.2532798406516068
1807,strict_no_prior_iri,HistGradientBoostingRegressor,82.5,97.47719988784014,-14.977199887840143,14.977199887840143,224.3165164803188
3994,strict_no_prior_iri,HistGradientBoostingRegressor,61.8,103.51063430099386,-41.71063430099386,41.71063430099386,1739.7770137912455
3587,strict_no_prior_iri,HistGradientBoostingRegressor,40.7,50.64488500908184,-9.944885009081837,9.944885009081837,98.90073784386064
5721,strict_no_prior_iri,HistGradientBoostingRegressor,95.0,92.26213451777141,2.7378654822285853,2.7378654822285853,7.495907398778764
4379,strict_no_prior_iri,HistGradientBoostingRegressor,117.4,104.02224908674205,13.377750913257955,13.377750913257955,178.96421949717407
859,strict_no_prior_iri,HistGradientBoostingRegressor,53.0,73.32799066555066,-20.327990665550658,20.327990665550658,413.2272044987147
680,strict_no_prior_iri,HistGradientBoostingRegressor,75.9,65.41748073218388,10.48251926781613,10.48251926781613,109.88321020013642
2733,strict_no_prior_iri,HistGradientBoostingRegressor,44.5,51.164808638502976,-6.664808638502976,6.664808638502976,44.41967418786389
831,strict_no_prior_iri,HistGradientBoostingRegressor,51.1,70.68437863890422,-19.58437863890422,19.58437863890422,383.5478866719679
3823,strict_no_prior_iri,HistGradientBoostingRegressor,80.3,76.6129227717891,3.687077228210896,3.687077228210896,13.594538486791343
4825,strict_no_prior_iri,HistGradientBoostingRegressor,145.0,101.35309303462633,43.646906965373674,43.646906965373674,1905.052487643985
4987,strict_no_prior_iri,HistGradientBoostingRegressor,80.6,87.6217942957024,-7.021794295702406,7.021794295702406,49.30559513115885
4817,strict_no_prior_iri,HistGradientBoostingRegressor,86.3,96.9313775947578,-10.631377594757808,10.631377594757808,113.02618956231831
3812,strict_no_prior_iri,HistGradientBoostingRegressor,64.0,83.08168338180214,-19.081683381802137,19.081683381802137,364.11064068334383
3890,strict_no_prior_iri,HistGradientBoostingRegressor,159.0,113.07498387679907,45.92501612320093,45.92501612320093,2109.1071059162655
4287,strict_no_prior_iri,HistGradientBoostingRegressor,136.5,121.06481340255742,15.43518659744258,15.43518659744258,238.24498529787107
3926,strict_no_prior_iri,HistGradientBoostingRegressor,61.6,69.31248890399402,-7.712488903994021,7.712488903994021,59.4824850942309
1255,strict_no_prior_iri,HistGradientBoostingRegressor,265.0,197.06828619545632,67.93171380454368,67.93171380454368,4614.71774042243
2532,strict_no_prior_iri,HistGradientBoostingRegressor,101.0,125.06684277115653,-24.06684277115653,24.06684277115653,579.2129209715694
1618,strict_no_prior_iri,HistGradientBoostingRegressor,47.0,73.17554561556582,-26.175545615565824,26.175545615565824,685.1591882725672
4167,strict_no_prior_iri,HistGradientBoostingRegressor,88.5,163.45560390930527,-74.95560390930527,74.95560390930527,5618.342557408659
2513,strict_no_prior_iri,HistGradientBoostingRegressor,180.5,142.81211411758207,37.68788588241793,37.68788588241793,1420.3767422861567
4563,strict_no_prior_iri,HistGradientBoostingRegressor,49.2,59.01947452596694,-9.819474525966939,9.819474525966939,96.42207996611364
4244,strict_no_prior_iri,HistGradientBoostingRegressor,94.0,98.29335652997293,-4.293356529972925,4.293356529972925,18.43291029346116
2612,strict_no_prior_iri,HistGradientBoostingRegressor,137.0,105.69071371716275,31.30928628283725,31.30928628283725,980.2714075406607
1899,strict_no_prior_iri,HistGradientBoostingRegressor,87.0,57.190464259898555,29.809535740101445,29.809535740101445,888.6084210403855
2913,strict_no_prior_iri,HistGradientBoostingRegressor,45.0,55.55721696106489,-10.557216961064888,10.557216961064888,111.45482996299616
2344,strict_no_prior_iri,HistGradientBoostingRegressor,75.8,51.143729054796054,24.656270945203943,24.656270945203943,607.9316969233081
1501,strict_no_prior_iri,HistGradientBoostingRegressor,128.8,144.57788544067023,-15.777885440670218,15.777885440670218,248.94166897891324
1044,strict_no_prior_iri,HistGradientBoostingRegressor,46.8,71.10492882780666,-24.304928827806663,24.304928827806663,590.7295653247473
4876,strict_no_prior_iri,HistGradientBoostingRegressor,91.7,66.88994559487178,24.810054405128227,24.810054405128227,615.5387995854226
1321,strict_no_prior_iri,HistGradientBoostingRegressor,114.0,97.15839250488521,16.841607495114786,16.841607495114786,283.63974301950657
2386,strict_no_prior_iri,HistGradientBoostingRegressor,38.0,57.6554779086883,-19.655477908688297,19.655477908688297,386.3378118189337
2762,strict_no_prior_iri,HistGradientBoostingRegressor,49.0,51.34613670929849,-2.3461367092984915,2.3461367092984915,5.504357458717954
546,strict_no_prior_iri,HistGradientBoostingRegressor,44.8,50.80374011908106,-6.0037401190810655,6.0037401190810655,36.04489541746353
1607,strict_no_prior_iri,HistGradientBoostingRegressor,138.0,120.69403394966001,17.30596605033999,17.30596605033999,299.4964609355203
4158,strict_no_prior_iri,HistGradientBoostingRegressor,141.5,118.48519621464942,23.01480378535058,23.01480378535058,529.6811932781874
385,strict_no_prior_iri,HistGradientBoostingRegressor,84.8,58.132873496259045,26.667126503740953,26.667126503740953,711.1356359665232
533,strict_no_prior_iri,HistGradientBoostingRegressor,47.0,82.50000132513502,-35.50000132513502,35.50000132513502,1260.250094084588
4337,strict_no_prior_iri,HistGradientBoostingRegressor,51.0,79.79662077949742,-28.796620779497417,28.796620779497417,829.2453683181824
1962,strict_no_prior_iri,HistGradientBoostingRegressor,33.8,48.44927055490378,-14.64927055490378,14.64927055490378,214.60112779077087
4607,strict_no_prior_iri,HistGradientBoostingRegressor,84.0,108.03395717050516,-24.03395717050516,24.03395717050516,577.6310972736765
1021,strict_no_prior_iri,HistGradientBoostingRegressor,68.2,87.3785333680144,-19.1785333680144,19.1785333680144,367.81614214804176
3522,strict_no_prior_iri,HistGradientBoostingRegressor,50.6,55.317358548251235,-4.717358548251234,4.717358548251234,22.253471672758987
2649,strict_no_prior_iri,HistGradientBoostingRegressor,35.0,45.86959496226196,-10.869594962261957,10.869594962261957,118.1480946436305
69,strict_no_prior_iri,HistGradientBoostingRegressor,50.6,44.94388204042252,5.656117959577479,5.656117959577479,31.9916703726549
995,strict_no_prior_iri,HistGradientBoostingRegressor,53.4,76.83382877888245,-23.43382877888245,23.43382877888245,549.1443312379794
3073,strict_no_prior_iri,HistGradientBoostingRegressor,59.0,60.67406778800864,-1.6740677880086423,1.6740677880086423,2.8025029588481485
553,strict_no_prior_iri,HistGradientBoostingRegressor,56.8,51.16436875553694,5.635631244463056,5.635631244463056,31.760339523568213
4681,strict_no_prior_iri,HistGradientBoostingRegressor,101.0,103.58547736105326,-2.5854773610532646,2.5854773610532646,6.684693184518953
1825,strict_no_prior_iri,HistGradientBoostingRegressor,74.7,72.21146598015305,2.488534019846952,2.488534019846952,6.19280156793563
2040,strict_no_prior_iri,HistGradientBoostingRegressor,40.0,44.781123866115905,-4.781123866115905,4.781123866115905,22.8591454231431
3005,strict_no_prior_iri,HistGradientBoostingRegressor,41.0,53.1470529949565,-12.147052994956503,12.147052994956503,147.55089646228177
3879,strict_no_prior_iri,HistGradientBoostingRegressor,98.0,106.26341567029824,-8.263415670298244,8.263415670298244,68.28403854013057
179,strict_no_prior_iri,HistGradientBoostingRegressor,55.6,55.98626263826362,-0.3862626382636165,0.3862626382636165,0.14919882571836945
4521,strict_no_prior_iri,HistGradientBoostingRegressor,265.0,138.78784935107458,126.21215064892542,126.21215064892542,15929.506971427045
431,strict_no_prior_iri,HistGradientBoostingRegressor,82.0,79.30036548790171,2.699634512098285,2.699634512098285,7.288026498912147
1644,strict_no_prior_iri,HistGradientBoostingRegressor,115.0,149.82328654216545,-34.82328654216545,34.82328654216545,1212.6612855977612
1006,strict_no_prior_iri,HistGradientBoostingRegressor,40.0,52.72082101147289,-12.720821011472893,12.720821011472893,161.81928720593024
1963,strict_no_prior_iri,HistGradientBoostingRegressor,36.3,48.44927055490378,-12.14927055490378,12.14927055490378,147.60477501625198
375,strict_no_prior_iri,HistGradientBoostingRegressor,61.2,65.0182360165239,-3.8182360165238975,3.8182360165238975,14.578926277880282
1082,strict_no_prior_iri,HistGradientBoostingRegressor,41.0,60.430982398233674,-19.430982398233674,19.430982398233674,377.56307696046684
5368,strict_no_prior_iri,HistGradientBoostingRegressor,39.4,45.82196128690845,-6.421961286908449,6.421961286908449,41.24158677055082
3295,strict_no_prior_iri,HistGradientBoostingRegressor,112.6,74.02174344750047,38.578256552499525,38.578256552499525,1488.2818786304724
1351,strict_no_prior_iri,HistGradientBoostingRegressor,82.0,75.48528214597063,6.514717854029371,6.514717854029371,42.44154871760905
5043,strict_no_prior_iri,HistGradientBoostingRegressor,68.6,57.089088680651834,11.51091131934816,11.51091131934816,132.5010794018976
1544,strict_no_prior_iri,HistGradientBoostingRegressor,55.0,85.85540507816178,-30.85540507816178,30.85540507816178,952.0560225374518
3593,strict_no_prior_iri,HistGradientBoostingRegressor,38.0,60.697604132284006,-22.697604132284006,22.697604132284006,515.181233345876
799,strict_no_prior_iri,HistGradientBoostingRegressor,120.0,87.14791053632409,32.85208946367591,32.85208946367591,1079.2597821293657
4589,strict_no_prior_iri,HistGradientBoostingRegressor,116.0,87.24402893432915,28.75597106567085,28.75597106567085,826.9058719296991
724,strict_no_prior_iri,HistGradientBoostingRegressor,49.0,51.649094588893554,-2.649094588893554,2.649094588893554,7.017702140905109
1247,strict_no_prior_iri,HistGradientBoostingRegressor,64.4,70.41095277361073,-6.010952773610725,6.010952773610725,36.13155324657847
1459,strict_no_prior_iri,HistGradientBoostingRegressor,84.0,124.51571039669331,-40.51571039669331,40.51571039669331,1641.522788948722
1693,strict_no_prior_iri,HistGradientBoostingRegressor,159.0,118.17795395899422,40.82204604100578,40.82204604100578,1666.4394429739955
4651,strict_no_prior_iri,HistGradientBoostingRegressor,83.0,112.29194596960016,-29.291945969600164,29.291945969600164,858.0180986859752
97,strict_no_prior_iri,HistGradientBoostingRegressor,102.3,68.14998494043968,34.15001505956032,34.15001505956032,1166.2235285681966
1622,strict_no_prior_iri,HistGradientBoostingRegressor,73.0,88.20414125792779,-15.204141257927787,15.204141257927787,231.16591139102195
2640,strict_no_prior_iri,HistGradientBoostingRegressor,57.0,52.60167706767711,4.398322932322891,4.398322932322891,19.345244616997437
1557,strict_no_prior_iri,HistGradientBoostingRegressor,75.0,83.50541232372741,-8.505412323727413,8.505412323727413,72.34203879661415
29,strict_no_prior_iri,HistGradientBoostingRegressor,111.0,134.80563147120785,-23.805631471207846,23.805631471207846,566.7080897429614
3481,strict_no_prior_iri,HistGradientBoostingRegressor,98.0,150.0645377780515,-52.06453777805149,52.06453777805149,2710.7160940421504
5077,strict_no_prior_iri,HistGradientBoostingRegressor,71.7,50.04180534311697,21.658194656883033,21.658194656883033,469.07739579543676
2355,strict_no_prior_iri,HistGradientBoostingRegressor,217.0,94.49139639909457,122.50860360090543,122.50860360090543,15008.357956243779
3584,strict_no_prior_iri,HistGradientBoostingRegressor,47.6,70.86043536139469,-23.26043536139469,23.26043536139469,541.0478532016206
4752,strict_no_prior_iri,HistGradientBoostingRegressor,50.0,55.799874833073744,-5.799874833073744,5.799874833073744,33.63854807932219
3733,strict_no_prior_iri,HistGradientBoostingRegressor,37.0,61.83981437110794,-24.83981437110794,24.83981437110794,617.0163779911006
1925,strict_no_prior_iri,HistGradientBoostingRegressor,157.5,115.75877901939617,41.74122098060383,41.74122098060383,1742.329528951601
3509,strict_no_prior_iri,HistGradientBoostingRegressor,127.0,98.727479598301,28.272520401698998,28.272520401698998,799.3354098644861
5075,strict_no_prior_iri,HistGradientBoostingRegressor,41.7,50.57130053064252,-8.871300530642515,8.871300530642515,78.69997310497816
937,strict_no_prior_iri,HistGradientBoostingRegressor,49.0,70.93482493773003,-21.934824937730028,21.934824937730028,481.1365450488631
3485,strict_no_prior_iri,HistGradientBoostingRegressor,106.2,142.0922357914376,-35.892235791437585,35.892235791437585,1288.2525901081533
806,strict_no_prior_iri,HistGradientBoostingRegressor,56.1,118.86694770594208,-62.76694770594208,62.76694770594208,3939.6897243204676
1406,strict_no_prior_iri,HistGradientBoostingRegressor,120.0,161.35236810502695,-41.352368105026954,41.352368105026954,1710.0183478936506
985,strict_no_prior_iri,HistGradientBoostingRegressor,102.2,111.49001223931114,-9.290012239311139,9.290012239311139,86.30432740655075
3428,strict_no_prior_iri,HistGradientBoostingRegressor,236.0,164.73676032197622,71.26323967802378,71.26323967802378,5078.449329407463
1256,strict_no_prior_iri,HistGradientBoostingRegressor,132.0,143.10538417768967,-11.105384177689672,11.105384177689672,123.32955773408011
5748,strict_no_prior_iri,HistGradientBoostingRegressor,49.0,82.32821128757757,-33.328211287577574,33.328211287577574,1110.769667629413
1988,strict_no_prior_iri,HistGradientBoostingRegressor,38.0,46.81694814914867,-8.816948149148672,8.816948149148672,77.7385746647762
3142,strict_no_prior_iri,HistGradientBoostingRegressor,87.0,78.12840187530254,8.871598124697456,8.871598124697456,78.70525328613543
728,strict_no_prior_iri,HistGradientBoostingRegressor,68.5,53.17201601174769,15.327983988252313,15.327983988252313,234.9470931441193
3968,strict_no_prior_iri,HistGradientBoostingRegressor,115.5,129.91923646723086,-14.41923646723086,14.41923646723086,207.9143802979203
210,strict_no_prior_iri,HistGradientBoostingRegressor,60.0,60.54913558391971,-0.549135583919707,0.549135583919707,0.30154988952683753
1078,strict_no_prior_iri,HistGradientBoostingRegressor,106.0,110.85359578795212,-4.853595787952116,4.853595787952116,23.557392072826524
2160,strict_no_prior_iri,HistGradientBoostingRegressor,38.7,45.04381461447522,-6.343814614475214,6.343814614475214,40.2439838628293
4420,strict_no_prior_iri,HistGradientBoostingRegressor,101.5,72.67655903097555,28.823440969024446,28.823440969024446,830.7907492948369
3099,strict_no_prior_iri,HistGradientBoostingRegressor,137.0,178.60443105882993,-41.60443105882993,41.60443105882993,1730.9286837289326
2966,strict_no_prior_iri,HistGradientBoostingRegressor,69.5,55.5108994737139,13.989100526286101,13.989100526286101,195.69493353453808
3771,strict_no_prior_iri,HistGradientBoostingRegressor,149.5,86.11493985515013,63.385060144849874,63.385060144849874,4017.665849566236
3266,strict_no_prior_iri,HistGradientBoostingRegressor,210.0,266.66412685509533,-56.66412685509533,56.66412685509533,3210.8232722503362
1727,strict_no_prior_iri,HistGradientBoostingRegressor,75.0,98.69286668603625,-23.692866686036254,23.692866686036254,561.3519318022866
2997,strict_no_prior_iri,HistGradientBoostingRegressor,32.0,50.01654513598845,-18.01654513598845,18.01654513598845,324.59589863710914
2353,strict_no_prior_iri,HistGradientBoostingRegressor,78.5,61.80649248681857,16.69350751318143,16.69350751318143,278.67319309264485
3641,strict_no_prior_iri,HistGradientBoostingRegressor,66.5,91.57523808256333,-25.07523808256333,25.07523808256333,628.7675648972344
5026,strict_no_prior_iri,HistGradientBoostingRegressor,109.0,91.45508508508543,17.54491491491457,17.54491491491457,307.82403937159177
4013,strict_no_prior_iri,HistGradientBoostingRegressor,81.4,114.4604220641016,-33.0604220641016,33.0604220641016,1092.991507056536
377,strict_no_prior_iri,HistGradientBoostingRegressor,40.5,57.475913174839775,-16.975913174839775,16.975913174839775,288.18162811969864
2251,strict_no_prior_iri,HistGradientBoostingRegressor,52.0,54.31671466578427,-2.316714665784268,2.316714665784268,5.367166842659912
2965,strict_no_prior_iri,HistGradientBoostingRegressor,128.0,78.36079067280366,49.63920932719634,49.63920932719634,2464.051102629216
962,strict_no_prior_iri,HistGradientBoostingRegressor,42.1,58.34338921054039,-16.243389210540386,16.243389210540386,263.8476930450998
1251,strict_no_prior_iri,HistGradientBoostingRegressor,61.4,68.77872852940457,-7.378728529404576,7.378728529404576,54.44563471064902
5346,strict_no_prior_iri,HistGradientBoostingRegressor,66.8,86.14543326564988,-19.345433265649888,19.345433265649888,374.2457882357133
4509,strict_no_prior_iri,HistGradientBoostingRegressor,122.5,173.50707789196505,-51.007077891965054,51.007077891965054,2601.72199507699
4566,strict_no_prior_iri,HistGradientBoostingRegressor,95.0,52.26482767800945,42.73517232199055,42.73517232199055,1826.294953390227
1730,strict_no_prior_iri,HistGradientBoostingRegressor,164.0,134.33306182968468,29.66693817031532,29.66693817031532,880.1272204013121
2452,strict_no_prior_iri,HistGradientBoostingRegressor,40.0,47.31994149040919,-7.319941490409192,7.319941490409192,53.58154342301395
1565,strict_no_prior_iri,HistGradientBoostingRegressor,46.0,71.70327254295988,-25.70327254295988,25.70327254295988,660.6582194176752
3048,strict_no_prior_iri,HistGradientBoostingRegressor,99.0,58.29623294913268,40.70376705086732,40.70376705086732,1656.7966521312721
183,strict_no_prior_iri,HistGradientBoostingRegressor,64.3,65.12303110482952,-0.8230311048295249,0.8230311048295249,0.6773801995169084
5261,strict_no_prior_iri,HistGradientBoostingRegressor,35.2,67.61156072836424,-32.411560728364236,32.411560728364236,1050.5092688484428
5203,strict_no_prior_iri,HistGradientBoostingRegressor,113.0,140.08901835345856,-27.089018353458556,27.089018353458556,733.8149153540145
3632,strict_no_prior_iri,HistGradientBoostingRegressor,238.0,160.05404385107354,77.94595614892646,77.94595614892646,6075.572079970366
1653,strict_no_prior_iri,HistGradientBoostingRegressor,46.5,57.06464525498427,-10.56464525498427,10.56464525498427,111.61172936366167
208,strict_no_prior_iri,HistGradientBoostingRegressor,68.0,88.02756617871734,-20.027566178717336,20.027566178717336,401.1034070429025
23,strict_no_prior_iri,HistGradientBoostingRegressor,90.5,114.21445890889206,-23.714458908892055,23.714458908892055,562.3755613415298
1521,strict_no_prior_iri,HistGradientBoostingRegressor,105.6,75.56625601487576,30.033743985124232,30.033743985124232,902.025777763986
4125,strict_no_prior_iri,HistGradientBoostingRegressor,114.7,129.2102667824307,-14.51026678243069,14.51026678243069,210.5478420973115
3096,strict_no_prior_iri,HistGradientBoostingRegressor,102.0,88.49057408978027,13.509425910219733,13.509425910219733,182.50458842371626
3608,strict_no_prior_iri,HistGradientBoostingRegressor,129.7,212.30589741334083,-82.60589741334084,82.60589741334084,6823.734287463391
2761,strict_no_prior_iri,HistGradientBoostingRegressor,44.0,50.14549040968557,-6.145490409685571,6.145490409685571,37.76705237553733
941,strict_no_prior_iri,HistGradientBoostingRegressor,68.0,79.42765160902512,-11.42765160902512,11.42765160902512,130.5912212972544
3952,strict_no_prior_iri,HistGradientBoostingRegressor,132.0,127.83056493057757,4.169435069422434,4.169435069422434,17.384188798129657
4149,strict_no_prior_iri,HistGradientBoostingRegressor,66.0,67.25625338823265,-1.2562533882326505,1.2562533882326505,1.5781725754460145
1621,strict_no_prior_iri,HistGradientBoostingRegressor,128.0,114.80600615726827,13.193993842731729,13.193993842731729,174.08147352204276
5781,strict_no_prior_iri,HistGradientBoostingRegressor,94.5,70.02273112948619,24.47726887051381,24.47726887051381,599.1366913594245
3613,strict_no_prior_iri,HistGradientBoostingRegressor,120.0,218.50806387589446,-98.50806387589446,98.50806387589446,9703.838648577304
1610,strict_no_prior_iri,HistGradientBoostingRegressor,77.0,116.48811329929183,-39.488113299291825,39.488113299291825,1559.311091937708
3377,strict_no_prior_iri,HistGradientBoostingRegressor,42.1,54.71821638559652,-12.618216385596519,12.618216385596519,159.21938475373648
1675,strict_no_prior_iri,HistGradientBoostingRegressor,100.0,69.20673346180776,30.793266538192242,30.793266538192242,948.22526409215
3215,strict_no_prior_iri,HistGradientBoostingRegressor,36.6,72.48828739863177,-35.88828739863177,35.88828739863177,1287.9691724067918
2507,strict_no_prior_iri,HistGradientBoostingRegressor,62.0,120.01305278680728,-58.01305278680728,58.01305278680728,3365.514293644888
5502,strict_no_prior_iri,HistGradientBoostingRegressor,178.0,141.42860818090344,36.57139181909656,36.57139181909656,1337.466699585883
58,strict_no_prior_iri,HistGradientBoostingRegressor,48.0,58.088812966385035,-10.088812966385035,10.088812966385035,101.78414707069881
5108,strict_no_prior_iri,HistGradientBoostingRegressor,74.2,108.87629017257758,-34.67629017257758,34.67629017257758,1202.4451001328005
1790,strict_no_prior_iri,HistGradientBoostingRegressor,47.0,47.41916560091669,-0.41916560091669197,0.41916560091669197,0.17569980099185148
2989,strict_no_prior_iri,HistGradientBoostingRegressor,98.7,107.71767076650399,-9.017670766503983,9.017670766503983,81.31838605306054
1886,strict_no_prior_iri,HistGradientBoostingRegressor,193.0,126.24998685274659,66.75001314725341,66.75001314725341,4455.564255158503
676,strict_no_prior_iri,HistGradientBoostingRegressor,58.7,48.00885212013178,10.691147879868225,10.691147879868225,114.30064298921084
4441,strict_no_prior_iri,HistGradientBoostingRegressor,121.0,148.90669891625765,-27.906698916257653,27.906698916257653,778.7838444026561
3453,strict_no_prior_iri,HistGradientBoostingRegressor,154.8,113.40412841749207,41.39587158250794,41.39587158250794,1713.6181840754882
4494,strict_no_prior_iri,HistGradientBoostingRegressor,79.0,167.64944280357108,-88.64944280357108,88.64944280357108,7858.72370938362
3773,strict_no_prior_iri,HistGradientBoostingRegressor,125.0,121.74727966636516,3.2527203336348407,3.2527203336348407,10.580189568841549
4622,strict_no_prior_iri,HistGradientBoostingRegressor,109.0,107.08604465783965,1.9139553421603495,1.9139553421603495,3.6632250517841403
4475,strict_no_prior_iri,HistGradientBoostingRegressor,58.1,64.90823512436324,-6.808235124363243,6.808235124363243,46.352065508613386
301,strict_no_prior_iri,HistGradientBoostingRegressor,135.0,99.95550844822219,35.04449155177781,35.04449155177781,1228.1163881226264
246,strict_no_prior_iri,HistGradientBoostingRegressor,114.0,76.35974187229472,37.64025812770528,37.64025812770528,1416.7890319202834
3725,strict_no_prior_iri,HistGradientBoostingRegressor,200.5,178.83306893920962,21.666931060790375,21.666931060790375,469.45590159304277
5404,strict_no_prior_iri,HistGradientBoostingRegressor,52.5,54.82381149717208,-2.3238114971720805,2.3238114971720805,5.400099874389146
2589,strict_no_prior_iri,HistGradientBoostingRegressor,54.7,51.394124272665195,3.305875727334808,3.305875727334808,10.928814324581445
1537,strict_no_prior_iri,HistGradientBoostingRegressor,78.0,237.84334515215707,-159.84334515215707,159.84334515215707,25549.894989431614
5385,strict_no_prior_iri,HistGradientBoostingRegressor,52.5,57.5049325975509,-5.004932597550898,5.004932597550898,25.049350306027577
517,strict_no_prior_iri,HistGradientBoostingRegressor,262.0,92.45420451511468,169.54579548488533,169.54579548488533,28745.776766602565
2059,strict_no_prior_iri,HistGradientBoostingRegressor,38.0,42.782984664088595,-4.782984664088595,4.782984664088595,22.876942296906687
3158,strict_no_prior_iri,HistGradientBoostingRegressor,43.8,57.97868236851397,-14.178682368513975,14.178682368513975,201.03503370720907
5522,strict_no_prior_iri,HistGradientBoostingRegressor,45.0,48.01929832092162,-3.019298320921621,3.019298320921621,9.116162350720119
2119,strict_no_prior_iri,HistGradientBoostingRegressor,57.0,45.219971641027215,11.780028358972785,11.780028358972785,138.76906813820307
5574,strict_no_prior_iri,HistGradientBoostingRegressor,125.0,98.80323020849094,26.196769791509055,26.196769791509055,686.2707475093214
3132,strict_no_prior_iri,HistGradientBoostingRegressor,131.0,61.41350345385551,69.58649654614449,69.58649654614449,4842.280501566579
4066,strict_no_prior_iri,HistGradientBoostingRegressor,80.3,84.050850493196,-3.7508504931959976,3.7508504931959976,14.068879422308658
1101,strict_no_prior_iri,HistGradientBoostingRegressor,110.0,128.62601416669014,-18.62601416669014,18.62601416669014,346.9284037377418
1704,strict_no_prior_iri,HistGradientBoostingRegressor,39.1,66.41682848634058,-27.316828486340576,27.316828486340576,746.209118552148
1749,strict_no_prior_iri,HistGradientBoostingRegressor,47.0,43.24084911157463,3.759150888425367,3.759150888425367,14.131215401949227
2700,strict_no_prior_iri,HistGradientBoostingRegressor,30.3,43.52596222229219,-13.225962222292193,13.225962222292193,174.92607670550024
2018,strict_no_prior_iri,HistGradientBoostingRegressor,45.0,42.69598571559242,2.304014284407579,2.304014284407579,5.3084818227541675
3196,strict_no_prior_iri,HistGradientBoostingRegressor,168.0,120.88161114704323,47.11838885295677,47.11838885295677,2220.1425680984407
1039,strict_no_prior_iri,HistGradientBoostingRegressor,69.0,75.38324435744758,-6.38324435744758,6.38324435744758,40.74580852688637
3737,strict_no_prior_iri,HistGradientBoostingRegressor,65.1,131.3886702007576,-66.2886702007576,66.2886702007576,4394.187796984807
1624,strict_no_prior_iri,HistGradientBoostingRegressor,83.5,98.28630762540156,-14.786307625401562,14.786307625401562,218.6348931930084
5614,strict_no_prior_iri,HistGradientBoostingRegressor,102.0,103.64416012991705,-1.6441601299170543,1.6441601299170543,2.7032625328088646
1789,strict_no_prior_iri,HistGradientBoostingRegressor,30.0,60.0461361658358,-30.046136165835797,30.046136165835797,902.7702984959459
4809,strict_no_prior_iri,HistGradientBoostingRegressor,94.0,84.34669903721473,9.653300962785266,9.653300962785266,93.18621947811096
5028,strict_no_prior_iri,HistGradientBoostingRegressor,90.8,76.73197579611144,14.068024203888555,14.068024203888555,197.9093050011942
5758,strict_no_prior_iri,HistGradientBoostingRegressor,42.0,61.47351068424908,-19.473510684249078,19.473510684249078,379.217618369563
5120,strict_no_prior_iri,HistGradientBoostingRegressor,133.0,112.55532752126273,20.444672478737274,20.444672478737274,417.98463276283735
1011,strict_no_prior_iri,HistGradientBoostingRegressor,111.0,131.05098320380904,-20.05098320380904,20.05098320380904,402.0419274394322
277,strict_no_prior_iri,HistGradientBoostingRegressor,58.0,121.2407665766315,-63.2407665766315,63.2407665766315,3999.394557199992
5744,strict_no_prior_iri,HistGradientBoostingRegressor,46.0,79.83914899095628,-33.839148990956275,33.839148990956275,1145.088004432137
3835,strict_no_prior_iri,HistGradientBoostingRegressor,43.3,57.14730717294971,-13.847307172949712,13.847307172949712,191.74791594202455
2574,strict_no_prior_iri,HistGradientBoostingRegressor,125.3,76.8657975350124,48.43420246498759,48.43420246498759,2345.87196841941
1069,strict_no_prior_iri,HistGradientBoostingRegressor,71.0,64.89013173346828,6.10986826653172,6.10986826653172,37.330490234371325
1128,strict_no_prior_iri,HistGradientBoostingRegressor,115.0,184.70410941643993,-69.70410941643993,69.70410941643993,4858.66286953903
5302,strict_no_prior_iri,HistGradientBoostingRegressor,57.0,94.74108746779001,-37.74108746779001,37.74108746779001,1424.389683251376
4644,strict_no_prior_iri,HistGradientBoostingRegressor,92.2,108.84848959860925,-16.648489598609245,16.648489598609245,277.17220591500023
3761,strict_no_prior_iri,HistGradientBoostingRegressor,55.0,70.11379068516544,-15.11379068516544,15.11379068516544,228.42666887499365
4400,strict_no_prior_iri,HistGradientBoostingRegressor,138.0,146.65915225940734,-8.659152259407335,8.659152259407335,74.98091785159916
5391,strict_no_prior_iri,HistGradientBoostingRegressor,43.5,61.7724562750306,-18.2724562750306,18.2724562750306,333.8826583229051
3538,strict_no_prior_iri,HistGradientBoostingRegressor,86.0,86.23894305594409,-0.23894305594409104,0.23894305594409104,0.057093783983901025
434,strict_no_prior_iri,HistGradientBoostingRegressor,165.7,79.3403966851359,86.35960331486409,86.35960331486409,7457.981084700685
2003,strict_no_prior_iri,HistGradientBoostingRegressor,42.3,47.42858841763119,-5.128588417631192,5.128588417631192,26.302419157460818
4336,strict_no_prior_iri,HistGradientBoostingRegressor,82.5,57.258380146023846,25.241619853976154,25.241619853976154,637.1393728526432
2156,strict_no_prior_iri,HistGradientBoostingRegressor,34.0,46.022818569245466,-12.022818569245466,12.022818569245466,144.5481663489936
4116,strict_no_prior_iri,HistGradientBoostingRegressor,123.0,141.32676901071667,-18.326769010716674,18.326769010716674,335.87046237216504
1152,strict_no_prior_iri,HistGradientBoostingRegressor,109.3,87.40687539037386,21.893124609626142,21.893124609626142,479.3089051726178
2661,strict_no_prior_iri,HistGradientBoostingRegressor,33.5,45.43503296035087,-11.935032960350867,11.935032960350867,142.4450117646616
5079,strict_no_prior_iri,HistGradientBoostingRegressor,85.1,81.7963231438812,3.3036768561187984,3.3036768561187984,10.914280769654987
3555,strict_no_prior_iri,HistGradientBoostingRegressor,72.0,63.820934998849125,8.179065001150875,8.179065001150875,66.89710429305116
5780,strict_no_prior_iri,HistGradientBoostingRegressor,36.0,72.19539644045679,-36.19539644045679,36.19539644045679,1310.106723481832
2261,strict_no_prior_iri,HistGradientBoostingRegressor,84.0,61.18171593532611,22.81828406467389,22.81828406467389,520.6740876561504
1953,strict_no_prior_iri,HistGradientBoostingRegressor,120.5,132.4166115449648,-11.916611544964809,11.916611544964809,142.00563071358857
4846,strict_no_prior_iri,HistGradientBoostingRegressor,236.0,145.61136068056072,90.38863931943928,90.38863931943928,8170.106118019684
4122,strict_no_prior_iri,HistGradientBoostingRegressor,184.3,152.5590657624049,31.7409342375951,31.7409342375951,1007.4869062753368
328,strict_no_prior_iri,HistGradientBoostingRegressor,88.1,60.80382474571421,27.296175254285785,27.296175254285785,745.0811835126837
3716,strict_no_prior_iri,HistGradientBoostingRegressor,155.5,135.4326033605055,20.06739663949449,20.06739663949449,402.7004078867947
2915,strict_no_prior_iri,HistGradientBoostingRegressor,40.5,62.728654591934124,-22.228654591934124,22.228654591934124,494.113084967514
1594,strict_no_prior_iri,HistGradientBoostingRegressor,42.0,61.116970175072545,-19.116970175072545,19.116970175072545,365.4585486746132
3903,strict_no_prior_iri,HistGradientBoostingRegressor,101.0,122.41236835777133,-21.412368357771328,21.412368357771328,458.4895186888868
3839,strict_no_prior_iri,HistGradientBoostingRegressor,56.8,94.43808918091693,-37.638089180916936,37.638089180916936,1416.6257571906565
1717,strict_no_prior_iri,HistGradientBoostingRegressor,57.0,109.39438333419143,-52.39438333419143,52.39438333419143,2745.171404970197
1049,strict_no_prior_iri,HistGradientBoostingRegressor,53.2,77.2971422680719,-24.09714226807189,24.09714226807189,580.6722654876969
2133,strict_no_prior_iri,HistGradientBoostingRegressor,57.0,53.46767697484956,3.53232302515044,3.53232302515044,12.477305954007955
4272,strict_no_prior_iri,HistGradientBoostingRegressor,154.2,77.46173798295747,76.73826201704252,76.73826201704252,5888.76085739627
3396,strict_no_prior_iri,HistGradientBoostingRegressor,63.0,68.41564220132575,-5.415642201325753,5.415642201325753,29.32918045278044
917,strict_no_prior_iri,HistGradientBoostingRegressor,78.3,84.55622476022914,-6.256224760229145,6.256224760229145,39.140348250504225
3868,strict_no_prior_iri,HistGradientBoostingRegressor,126.0,119.03250989210231,6.967490107897689,6.967490107897689,48.545918403652145
593,strict_no_prior_iri,HistGradientBoostingRegressor,48.0,110.18795812152254,-62.18795812152254,62.18795812152254,3867.3421353242416
2129,strict_no_prior_iri,HistGradientBoostingRegressor,40.0,45.90280076787594,-5.902800767875938,5.902800767875938,34.843056905236764
4436,strict_no_prior_iri,HistGradientBoostingRegressor,136.0,155.56937787305293,-19.56937787305293,19.56937787305293,382.9605503383336
3307,strict_no_prior_iri,HistGradientBoostingRegressor,65.5,90.4036931825282,-24.9036931825282,24.9036931825282,620.1939341295016
2021,strict_no_prior_iri,HistGradientBoostingRegressor,38.5,42.37516002899379,-3.8751600289937898,3.8751600289937898,15.016865250311149
1657,strict_no_prior_iri,HistGradientBoostingRegressor,46.2,88.17204555194684,-41.972045551946835,41.972045551946835,1761.6526078147
3732,strict_no_prior_iri,HistGradientBoostingRegressor,60.1,69.46875669960525,-9.36875669960525,9.36875669960525,87.77360209639825
1888,strict_no_prior_iri,HistGradientBoostingRegressor,215.0,130.51561111929206,84.48438888070794,84.48438888070794,7137.611964546687
2939,strict_no_prior_iri,HistGradientBoostingRegressor,53.0,70.10295483847511,-17.102954838475114,17.102954838475114,292.5110642069193
4321,strict_no_prior_iri,HistGradientBoostingRegressor,181.0,130.52255120118144,50.47744879881856,50.47744879881856,2547.972837237349
5097,strict_no_prior_iri,HistGradientBoostingRegressor,75.0,88.16197440399364,-13.16197440399364,13.16197440399364,173.2375702113837
942,strict_no_prior_iri,HistGradientBoostingRegressor,65.2,90.57260881398885,-25.372608813988847,25.372608813988847,643.7692780277046
5222,strict_no_prior_iri,HistGradientBoostingRegressor,65.0,136.89430091663576,-71.89430091663576,71.89430091663576,5168.790504291773
3659,strict_no_prior_iri,HistGradientBoostingRegressor,45.2,59.90193547919743,-14.701935479197424,14.701935479197424,216.14690683448399
5603,strict_no_prior_iri,HistGradientBoostingRegressor,85.1,79.7986998582205,5.3013001417794925,5.3013001417794925,28.103783193231266
2144,strict_no_prior_iri,HistGradientBoostingRegressor,50.0,46.34675813073906,3.6532418692609383,3.6532418692609383,13.346176155321155
5728,strict_no_prior_iri,HistGradientBoostingRegressor,51.6,105.0081740241974,-53.4081740241974,53.4081740241974,2852.433052598954
1507,strict_no_prior_iri,HistGradientBoostingRegressor,47.0,94.88265687096124,-47.88265687096124,47.88265687096124,2292.748829022212
1852,strict_no_prior_iri,HistGradientBoostingRegressor,86.0,56.824217797530295,29.175782202469705,29.175782202469705,851.226267125948
835,strict_no_prior_iri,HistGradientBoostingRegressor,123.0,148.9203253018918,-25.920325301891808,25.920325301891808,671.8632637558926
227,strict_no_prior_iri,HistGradientBoostingRegressor,65.3,58.46586303898494,6.834136961015055,6.834136961015055,46.70542800191209
2573,strict_no_prior_iri,HistGradientBoostingRegressor,129.5,88.51022825560264,40.98977174439736,40.98977174439736,1680.161387657796
5030,strict_no_prior_iri,HistGradientBoostingRegressor,58.2,90.37437538406162,-32.17437538406162,32.17437538406162,1035.1904313545103
4283,strict_no_prior_iri,HistGradientBoostingRegressor,59.7,93.23034536796347,-33.53034536796346,33.53034536796346,1124.2840604949088
1238,strict_no_prior_iri,HistGradientBoostingRegressor,176.0,114.26869236097154,61.73130763902846,61.73130763902846,3810.7543428243735
3663,strict_no_prior_iri,HistGradientBoostingRegressor,132.5,183.91530397519412,-51.41530397519412,51.41530397519412,2643.5334828616124
2130,strict_no_prior_iri,HistGradientBoostingRegressor,48.0,45.90280076787594,2.097199232124062,2.097199232124062,4.398244619221756
4354,strict_no_prior_iri,HistGradientBoostingRegressor,56.0,49.84974819009525,6.150251809904752,6.150251809904752,37.82559732523668
4023,strict_no_prior_iri,HistGradientBoostingRegressor,74.4,58.52864703755382,15.871352962446188,15.871352962446188,251.89984485854941
1135,strict_no_prior_iri,HistGradientBoostingRegressor,146.0,198.0939066797041,-52.093906679704105,52.093906679704105,2713.7751131537198
292,strict_no_prior_iri,HistGradientBoostingRegressor,107.0,79.35632608848344,27.643673911516558,27.643673911516558,764.1727073262612
3777,strict_no_prior_iri,HistGradientBoostingRegressor,99.0,119.59571814855967,-20.59571814855967,20.59571814855967,424.1836060549101
1057,strict_no_prior_iri,HistGradientBoostingRegressor,51.5,98.46495934924219,-46.96495934924219,46.96495934924219,2205.7074066759715
1187,strict_no_prior_iri,HistGradientBoostingRegressor,60.7,117.3120739166736,-56.612073916673594,56.612073916673594,3204.9269131469146
1422,strict_no_prior_iri,HistGradientBoostingRegressor,102.4,114.97619835891155,-12.57619835891154,12.57619835891154,158.16076516268933
3990,strict_no_prior_iri,HistGradientBoostingRegressor,85.0,120.98104490772505,-35.98104490772505,35.98104490772505,1294.6355926517267
4103,strict_no_prior_iri,HistGradientBoostingRegressor,176.0,154.73612109822147,21.263878901778526,21.263878901778526,452.1525459495019
1272,strict_no_prior_iri,HistGradientBoostingRegressor,54.0,68.0067162702035,-14.006716270203498,14.006716270203498,196.18810067398337
3037,strict_no_prior_iri,HistGradientBoostingRegressor,111.0,118.97604608409661,-7.976046084096609,7.976046084096609,63.61731113563285
4093,strict_no_prior_iri,HistGradientBoostingRegressor,97.0,95.65732093499547,1.342679065004532,1.342679065004532,1.802787071601444
3267,strict_no_prior_iri,HistGradientBoostingRegressor,128.5,147.83950016001492,-19.33950016001492,19.33950016001492,374.0162664392172
2925,strict_no_prior_iri,HistGradientBoostingRegressor,65.5,74.08253285837453,-8.582532858374535,8.582532858374535,73.65987026507855
1310,strict_no_prior_iri,HistGradientBoostingRegressor,48.0,47.96042710724758,0.03957289275241749,0.03957289275241749,0.0015660138407943365
1636,strict_no_prior_iri,HistGradientBoostingRegressor,77.0,95.23138316656433,-18.231383166564328,18.231383166564328,332.38333216608515
742,strict_no_prior_iri,HistGradientBoostingRegressor,91.0,123.33994116941233,-32.33994116941233,32.33994116941233,1045.8717948410504
498,strict_no_prior_iri,HistGradientBoostingRegressor,96.0,52.02989405495094,43.97010594504906,43.97010594504906,1933.370216818839
3962,strict_no_prior_iri,HistGradientBoostingRegressor,145.5,128.09027439713617,17.40972560286383,17.40972560286383,303.09854556701237
4686,strict_no_prior_iri,HistGradientBoostingRegressor,76.0,108.2216887695551,-32.2216887695551,32.2216887695551,1038.2372271620734
1822,strict_no_prior_iri,HistGradientBoostingRegressor,46.0,50.282756801252816,-4.282756801252816,4.282756801252816,18.342005818677254
5360,strict_no_prior_iri,HistGradientBoostingRegressor,175.0,85.33396643338989,89.66603356661011,89.66603356661011,8039.997575568451
2201,strict_no_prior_iri,HistGradientBoostingRegressor,56.0,42.99499774651953,13.00500225348047,13.00500225348047,169.1300836130321
506,strict_no_prior_iri,HistGradientBoostingRegressor,44.0,53.75667313538673,-9.756673135386727,9.756673135386727,95.19267067077706
3875,strict_no_prior_iri,HistGradientBoostingRegressor,182.7,71.64139172086574,111.05860827913425,111.05860827913425,12334.014472898187
18,strict_no_prior_iri,HistGradientBoostingRegressor,65.5,100.72144898898436,-35.22144898898436,35.22144898898436,1240.5504688836277
2711,strict_no_prior_iri,HistGradientBoostingRegressor,46.0,47.47273065259995,-1.4727306525999495,1.4727306525999495,2.168935575107473
5733,strict_no_prior_iri,HistGradientBoostingRegressor,78.8,94.12348507953354,-15.32348507953354,15.32348507953354,234.80919498268705
163,strict_no_prior_iri,HistGradientBoostingRegressor,71.0,56.27597117091215,14.72402882908785,14.72402882908785,216.7970249598101
1929,strict_no_prior_iri,HistGradientBoostingRegressor,154.0,72.27492482737554,81.72507517262446,81.72507517262446,6678.987911971119
321,strict_no_prior_iri,HistGradientBoostingRegressor,72.7,88.7210782588117,-16.0210782588117,16.0210782588117,256.6749485749689
3694,strict_no_prior_iri,HistGradientBoostingRegressor,58.0,45.001421525780934,12.998578474219066,12.998578474219066,168.96304235043127
3955,strict_no_prior_iri,HistGradientBoostingRegressor,82.7,125.3410528675167,-42.64105286751669,42.64105286751669,1818.2593896503536
5184,strict_no_prior_iri,HistGradientBoostingRegressor,44.5,140.4736423270744,-95.9736423270744,95.9736423270744,9210.940021525206
4358,strict_no_prior_iri,HistGradientBoostingRegressor,41.7,51.00337276036261,-9.303372760362606,9.303372760362606,86.55274471825693
5529,strict_no_prior_iri,HistGradientBoostingRegressor,62.0,128.56686544141763,-66.56686544141763,66.56686544141763,4431.147574695801
865,strict_no_prior_iri,HistGradientBoostingRegressor,55.2,93.82979198493295,-38.62979198493295,38.62979198493295,1492.26082879919
5062,strict_no_prior_iri,HistGradientBoostingRegressor,60.7,57.54934385201673,3.1506561479832698,3.1506561479832698,9.926634162824776
2175,strict_no_prior_iri,HistGradientBoostingRegressor,52.0,56.199083592722886,-4.199083592722886,4.199083592722886,17.632303018674538
359,strict_no_prior_iri,HistGradientBoostingRegressor,59.0,77.02312493034384,-18.02312493034384,18.02312493034384,324.83303225478164
5775,strict_no_prior_iri,HistGradientBoostingRegressor,146.0,117.23719397531947,28.76280602468053,28.76280602468053,827.2990104133985
2260,strict_no_prior_iri,HistGradientBoostingRegressor,183.0,111.3888668118541,71.6111331881459,71.6111331881459,5128.154396490371
2495,strict_no_prior_iri,HistGradientBoostingRegressor,39.3,52.38942907294808,-13.089429072948086,13.089429072948086,171.3331534557386
3309,strict_no_prior_iri,HistGradientBoostingRegressor,142.8,123.81254725022536,18.987452749774647,18.987452749774647,360.5233619249248
1220,strict_no_prior_iri,HistGradientBoostingRegressor,72.5,68.98018793717544,3.519812062824556,3.519812062824556,12.389076957605257
5500,strict_no_prior_iri,HistGradientBoostingRegressor,40.0,62.60218141142803,-22.602181411428028,22.602181411428028,510.85860455510266
1961,strict_no_prior_iri,HistGradientBoostingRegressor,34.0,48.44927055490378,-14.449270554903777,14.449270554903777,208.7814195688093
490,strict_no_prior_iri,HistGradientBoostingRegressor,68.0,64.68249082597549,3.317509174024508,3.317509174024508,11.005867119736774
4302,strict_no_prior_iri,HistGradientBoostingRegressor,120.0,103.66479595239802,16.335204047601977,16.335204047601977,266.838891276792
133,strict_no_prior_iri,HistGradientBoostingRegressor,61.0,68.00612047747767,-7.0061204774776655,7.0061204774776655,49.08572414493187
1575,strict_no_prior_iri,HistGradientBoostingRegressor,96.5,82.11264414275358,14.387355857246419,14.387355857246419,206.99600856304284
4950,strict_no_prior_iri,HistGradientBoostingRegressor,63.0,59.31112851862678,3.6888714813732193,3.6888714813732193,13.607772806088649
2491,strict_no_prior_iri,HistGradientBoostingRegressor,53.0,76.46923414436662,-23.469234144366624,23.469234144366624,550.8049513231042
3119,strict_no_prior_iri,HistGradientBoostingRegressor,42.2,60.863192408423224,-18.66319240842322,18.66319240842322,348.31475087382614
96,strict_no_prior_iri,HistGradientBoostingRegressor,41.7,46.748343518765424,-5.048343518765421,5.048343518765421,25.485772283460832
1887,strict_no_prior_iri,HistGradientBoostingRegressor,206.0,221.16878078671272,-15.168780786712716,15.168780786712716,230.09191055534484
1193,strict_no_prior_iri,HistGradientBoostingRegressor,226.3,128.8972382273315,97.4027617726685,97.4027617726685,9487.298000943212
5345,strict_no_prior_iri,HistGradientBoostingRegressor,79.8,70.09104137304159,9.708958626958406,9.708958626958406,94.26387761999005
2234,strict_no_prior_iri,HistGradientBoostingRegressor,57.5,53.609918837045676,3.890081162954324,3.890081162954324,15.132731454372067
3173,strict_no_prior_iri,HistGradientBoostingRegressor,169.5,200.7825878623981,-31.28258786239809,31.28258786239809,978.6003033686562
369,strict_no_prior_iri,HistGradientBoostingRegressor,115.7,51.90109757746657,63.79890242253343,63.79890242253343,4070.299950319942
216,strict_no_prior_iri,HistGradientBoostingRegressor,168.2,174.05162372242606,-5.851623722426069,5.851623722426069,34.241500188859526
4528,strict_no_prior_iri,HistGradientBoostingRegressor,78.0,109.55596817146574,-31.555968171465736,31.555968171465736,995.7791272385585
3206,strict_no_prior_iri,HistGradientBoostingRegressor,143.0,116.51422463495955,26.485775365040453,26.485775365040453,701.4962966873837
4357,strict_no_prior_iri,HistGradientBoostingRegressor,63.2,48.52817350716483,14.671826492835173,14.671826492835173,215.26249263586004
3127,strict_no_prior_iri,HistGradientBoostingRegressor,84.0,76.14996985631736,7.850030143682645,7.850030143682645,61.62297325672616
4074,strict_no_prior_iri,HistGradientBoostingRegressor,166.5,217.73025976596054,-51.23025976596054,51.23025976596054,2624.5395156877953
4274,strict_no_prior_iri,HistGradientBoostingRegressor,53.0,67.29108856625993,-14.29108856625993,14.29108856625993,204.2352124086853
3258,strict_no_prior_iri,HistGradientBoostingRegressor,48.7,71.81543218869813,-23.115432188698122,23.115432188698122,534.3232052703013
878,strict_no_prior_iri,HistGradientBoostingRegressor,111.2,121.97991243660456,-10.779912436604562,10.779912436604562,116.2065121408617
1303,strict_no_prior_iri,HistGradientBoostingRegressor,53.5,62.82494255989481,-9.324942559894808,9.324942559894808,86.95455374533753
5218,strict_no_prior_iri,HistGradientBoostingRegressor,126.0,117.68146141227827,8.318538587721733,8.318538587721733,69.19808423541548
1975,strict_no_prior_iri,HistGradientBoostingRegressor,54.0,49.364853257866756,4.635146742133244,4.635146742133244,21.48458532110843
2480,strict_no_prior_iri,HistGradientBoostingRegressor,96.0,62.5837982190157,33.4162017809843,33.4162017809843,1116.6425414674584
233,strict_no_prior_iri,HistGradientBoostingRegressor,60.0,72.45850934203372,-12.458509342033722,12.458509342033722,155.21445502554153
3799,strict_no_prior_iri,HistGradientBoostingRegressor,58.0,67.37700691670274,-9.37700691670274,9.37700691670274,87.92825871589103
2566,strict_no_prior_iri,HistGradientBoostingRegressor,85.2,74.58275414321811,10.617245856781892,10.617245856781892,112.72590958335225
3249,strict_no_prior_iri,HistGradientBoostingRegressor,123.9,102.03792484165062,21.862075158349384,21.862075158349384,477.9503302293173
4218,strict_no_prior_iri,HistGradientBoostingRegressor,91.3,114.2290387590392,-22.9290387590392,22.9290387590392,525.740818413522
4699,strict_no_prior_iri,HistGradientBoostingRegressor,122.0,94.88324111945813,27.116758880541866,27.116758880541866,735.3186121854461
4414,strict_no_prior_iri,HistGradientBoostingRegressor,47.0,60.18420148897255,-13.184201488972548,13.184201488972548,173.82316890182594
4818,strict_no_prior_iri,HistGradientBoostingRegressor,88.0,85.47729836559546,2.522701634404541,2.522701634404541,6.364023536227342
1708,strict_no_prior_iri,HistGradientBoostingRegressor,49.0,43.792731529054485,5.207268470945515,5.207268470945515,27.115644928503237
2638,strict_no_prior_iri,HistGradientBoostingRegressor,63.0,53.384603030335875,9.615396969664125,9.615396969664125,92.45585888422605
1043,strict_no_prior_iri,HistGradientBoostingRegressor,43.5,73.70988211353226,-30.20988211353226,30.20988211353226,912.6369773135164
2676,strict_no_prior_iri,HistGradientBoostingRegressor,32.0,43.511894888676046,-11.511894888676046,11.511894888676046,132.5237239279257
34,strict_no_prior_iri,HistGradientBoostingRegressor,35.9,75.77319745287527,-39.87319745287527,39.87319745287527,1589.8718751159788
5723,strict_no_prior_iri,HistGradientBoostingRegressor,59.0,98.60913914533478,-39.60913914533478,39.60913914533478,1568.883903834492
3126,strict_no_prior_iri,HistGradientBoostingRegressor,51.0,103.16639791538375,-52.166397915383754,52.166397915383754,2721.3330714661547
4063,strict_no_prior_iri,HistGradientBoostingRegressor,70.0,79.70704539164032,-9.707045391640321,9.707045391640321,94.2267302353656
2204,strict_no_prior_iri,HistGradientBoostingRegressor,32.0,42.99499774651953,-10.99499774651953,10.99499774651953,120.88997544596955
310,strict_no_prior_iri,HistGradientBoostingRegressor,40.5,53.9830095479193,-13.483009547919302,13.483009547919302,181.79154646928305
3090,strict_no_prior_iri,HistGradientBoostingRegressor,355.0,186.6871746861248,168.3128253138752,168.3128253138752,28329.207165139072
2750,strict_no_prior_iri,HistGradientBoostingRegressor,40.0,55.076555859201854,-15.076555859201854,15.076555859201854,227.30253657563375
4872,strict_no_prior_iri,HistGradientBoostingRegressor,63.7,70.63697187777124,-6.936971877771242,6.936971877771242,48.12157883298907
4640,strict_no_prior_iri,HistGradientBoostingRegressor,113.5,98.9536094352534,14.546390564746602,14.546390564746602,211.59747846214896
4377,strict_no_prior_iri,HistGradientBoostingRegressor,196.0,177.57953141565952,18.420468584340483,18.420468584340483,339.3136628666747
4393,strict_no_prior_iri,HistGradientBoostingRegressor,170.7,119.97760045686395,50.722399543136035,50.722399543136035,2572.7618154135266
5290,strict_no_prior_iri,HistGradientBoostingRegressor,78.0,85.4188502799029,-7.418850279902898,7.418850279902898,55.03933947561531
4954,strict_no_prior_iri,HistGradientBoostingRegressor,63.5,57.25556467441611,6.244435325583893,6.244435325583893,38.99297253540002
368,strict_no_prior_iri,HistGradientBoostingRegressor,83.3,66.0172562550622,17.282743744937804,17.282743744937804,298.6932313531868
2768,strict_no_prior_iri,HistGradientBoostingRegressor,45.5,50.14549040968557,-4.645490409685571,4.645490409685571,21.58058114648062
185,strict_no_prior_iri,HistGradientBoostingRegressor,44.0,73.26693319898193,-29.26693319898193,29.26693319898193,856.5533788736708
2418,strict_no_prior_iri,HistGradientBoostingRegressor,45.5,58.576599212940465,-13.076599212940465,13.076599212940465,170.9974469758752
595,strict_no_prior_iri,HistGradientBoostingRegressor,51.2,88.9059873216971,-37.705987321697094,37.705987321697094,1421.741479903982
4845,strict_no_prior_iri,HistGradientBoostingRegressor,158.0,114.03681291139186,43.96318708860814,43.96318708860814,1932.7618189879613
3665,strict_no_prior_iri,HistGradientBoostingRegressor,40.0,62.750070027526284,-22.750070027526284,22.750070027526284,517.5656862573497
3484,strict_no_prior_iri,HistGradientBoostingRegressor,133.5,169.90447530853098,-36.40447530853098,36.40447530853098,1325.2858224894414
4806,strict_no_prior_iri,HistGradientBoostingRegressor,163.0,121.22787434719504,41.77212565280496,41.77212565280496,1744.9104815537262
1305,strict_no_prior_iri,HistGradientBoostingRegressor,39.2,48.3115531519397,-9.111553151939695,9.111553151939695,83.0204008406222
3928,strict_no_prior_iri,HistGradientBoostingRegressor,75.1,67.36355192230968,7.736448077690312,7.736448077690312,59.85262885879813
1531,strict_no_prior_iri,HistGradientBoostingRegressor,84.0,83.03545935273957,0.964540647260435,0.964540647260435,0.9303386602175788
1862,strict_no_prior_iri,HistGradientBoostingRegressor,70.5,58.05545321936398,12.444546780636017,12.444546780636017,154.86674457543825
3235,strict_no_prior_iri,HistGradientBoostingRegressor,335.0,261.11424889054274,73.88575110945726,73.88575110945726,5459.104217008665
3270,strict_no_prior_iri,HistGradientBoostingRegressor,204.5,118.74304656252139,85.75695343747861,85.75695343747861,7354.255062877875
2527,strict_no_prior_iri,HistGradientBoostingRegressor,62.0,83.87785969311632,-21.87785969311632,21.87785969311632,478.64074475168377
3233,strict_no_prior_iri,HistGradientBoostingRegressor,75.0,95.15280808102476,-20.15280808102476,20.15280808102476,406.13567355061684
1561,strict_no_prior_iri,HistGradientBoostingRegressor,109.0,100.80609083062167,8.19390916937833,8.19390916937833,67.14014747602226
1215,strict_no_prior_iri,HistGradientBoostingRegressor,89.0,72.86518248341682,16.134817516583183,16.134817516583183,260.33233629343954
612,strict_no_prior_iri,HistGradientBoostingRegressor,79.0,92.93292162797489,-13.932921627974892,13.932921627974892,194.1263050912905
514,strict_no_prior_iri,HistGradientBoostingRegressor,79.4,69.2948190340172,10.105180965982811,10.105180965982811,102.1146823552613
4571,strict_no_prior_iri,HistGradientBoostingRegressor,61.8,73.14415755204212,-11.34415755204212,11.34415755204212,128.68991056555424
5324,strict_no_prior_iri,HistGradientBoostingRegressor,51.1,92.98479643273268,-41.88479643273268,41.88479643273268,1754.336172211456
1200,strict_no_prior_iri,HistGradientBoostingRegressor,70.0,90.25192081945787,-20.251920819457865,20.251920819457865,410.1402968775909
496,strict_no_prior_iri,HistGradientBoostingRegressor,79.5,53.85023502347151,25.649764976528488,25.649764976528488,657.9104433511475
1986,strict_no_prior_iri,HistGradientBoostingRegressor,45.0,46.81694814914867,-1.816948149148672,1.816948149148672,3.301300576694785
5312,strict_no_prior_iri,HistGradientBoostingRegressor,69.9,96.92789351197955,-27.027893511979542,27.027893511979542,730.5070276949058
2310,strict_no_prior_iri,HistGradientBoostingRegressor,62.0,50.30955524433457,11.690444755665432,11.690444755665432,136.6664985852654
4971,strict_no_prior_iri,HistGradientBoostingRegressor,77.0,89.84201149670213,-12.842011496702128,12.842011496702128,164.91725928142964
1336,strict_no_prior_iri,HistGradientBoostingRegressor,58.0,86.4471191963862,-28.447119196386197,28.447119196386197,809.238590573404
4027,strict_no_prior_iri,HistGradientBoostingRegressor,98.5,137.31553611891874,-38.81553611891874,38.81553611891874,1506.6458441990856
469,strict_no_prior_iri,HistGradientBoostingRegressor,69.3,111.6982855064646,-42.3982855064646,42.3982855064646,1797.6146138876863
3758,strict_no_prior_iri,HistGradientBoostingRegressor,64.7,94.1275613010154,-29.427561301015402,29.427561301015402,865.9813641250192
4926,strict_no_prior_iri,HistGradientBoostingRegressor,35.0,85.30716344687588,-50.307163446875876,50.307163446875876,2530.8106940706843
3188,strict_no_prior_iri,HistGradientBoostingRegressor,310.0,192.90121605079983,117.09878394920017,117.09878394920017,13712.12520238146
1779,strict_no_prior_iri,HistGradientBoostingRegressor,201.0,132.96525888177163,68.03474111822837,68.03474111822837,4628.725999024354
551,strict_no_prior_iri,HistGradientBoostingRegressor,56.1,51.64250650430697,4.457493495693029,4.457493495693029,19.86924826414566
2075,strict_no_prior_iri,HistGradientBoostingRegressor,32.0,51.34142651014546,-19.34142651014546,19.34142651014546,374.0907794473576
1484,strict_no_prior_iri,HistGradientBoostingRegressor,99.6,83.92585055856995,15.674149441430046,15.674149441430046,245.67896071228182
5741,strict_no_prior_iri,HistGradientBoostingRegressor,70.0,77.51862194687048,-7.518621946870482,7.518621946870482,56.52967597996248
2728,strict_no_prior_iri,HistGradientBoostingRegressor,45.0,51.164808638502976,-6.164808638502976,6.164808638502976,38.004865549360915
2629,strict_no_prior_iri,HistGradientBoostingRegressor,105.3,130.5804628575586,-25.28046285755859,25.28046285755859,639.1018022923994
3887,strict_no_prior_iri,HistGradientBoostingRegressor,128.0,126.1934549958397,1.8065450041602986,1.8065450041602986,3.2636048520565333
579,strict_no_prior_iri,HistGradientBoostingRegressor,171.0,122.13768640870137,48.86231359129863,48.86231359129863,2387.525689494407
4723,strict_no_prior_iri,HistGradientBoostingRegressor,80.0,102.34340185497486,-22.343401854974857,22.343401854974857,499.2276064528939
2529,strict_no_prior_iri,HistGradientBoostingRegressor,36.7,44.291445805150914,-7.5914458051509115,7.5914458051509115,57.63004941254337
4482,strict_no_prior_iri,HistGradientBoostingRegressor,174.2,116.12930191572671,58.070698084273275,58.070698084273275,3372.2059759948197
1549,strict_no_prior_iri,HistGradientBoostingRegressor,41.0,58.90277976437802,-17.902779764378018,17.902779764378018,320.50952329182303
2835,strict_no_prior_iri,HistGradientBoostingRegressor,49.0,54.28097493329521,-5.280974933295212,5.280974933295212,27.888696246092373
5036,strict_no_prior_iri,HistGradientBoostingRegressor,97.0,77.77424024596843,19.22575975403157,19.22575975403157,369.6298381197401
2986,strict_no_prior_iri,HistGradientBoostingRegressor,110.0,90.79370717643046,19.20629282356954,19.20629282356954,368.88168402469887
733,strict_no_prior_iri,HistGradientBoostingRegressor,84.9,80.57023914447043,4.329760855529571,4.329760855529571,18.746829066076163
3658,strict_no_prior_iri,HistGradientBoostingRegressor,52.5,53.25133359762871,-0.7513335976287081,0.7513335976287081,0.5645021749256974
5344,strict_no_prior_iri,HistGradientBoostingRegressor,83.0,102.63392893820077,-19.633928938200768,19.633928938200768,385.49116555031753
1226,strict_no_prior_iri,HistGradientBoostingRegressor,90.0,69.9920195959034,20.0079804040966,20.0079804040966,400.31927985071354
1570,strict_no_prior_iri,HistGradientBoostingRegressor,68.0,125.90237708998352,-57.90237708998352,57.90237708998352,3352.685272670648
1605,strict_no_prior_iri,HistGradientBoostingRegressor,239.0,114.28452998336746,124.71547001663254,124.71547001663254,15553.948461469568
549,strict_no_prior_iri,HistGradientBoostingRegressor,42.9,51.37409991711657,-8.474099917116568,8.474099917116568,71.81036940527503
4842,strict_no_prior_iri,HistGradientBoostingRegressor,151.0,123.24775398078296,27.75224601921704,27.75224601921704,770.187159111148
2189,strict_no_prior_iri,HistGradientBoostingRegressor,43.2,43.294171929595,-0.09417192959499943,0.09417192959499943,0.008868352323645528
408,strict_no_prior_iri,HistGradientBoostingRegressor,133.3,90.65394771770372,42.646052282296296,42.646052282296296,1818.685775264349
902,strict_no_prior_iri,HistGradientBoostingRegressor,102.7,84.28804617087606,18.411953829123945,18.411953829123945,339.0000438057919
1696,strict_no_prior_iri,HistGradientBoostingRegressor,75.0,98.02663653878072,-23.02663653878072,23.02663653878072,530.2259902891115
2976,strict_no_prior_iri,HistGradientBoostingRegressor,44.0,45.82208021633849,-1.8220802163384917,1.8220802163384917,3.319976314772125
2872,strict_no_prior_iri,HistGradientBoostingRegressor,199.3,141.59872872488054,57.70127127511947,57.70127127511947,3329.436706764927
1679,strict_no_prior_iri,HistGradientBoostingRegressor,114.8,71.06098732301413,43.739012676985865,43.739012676985865,1913.1012299575302
3363,strict_no_prior_iri,HistGradientBoostingRegressor,246.5,169.46591886579026,77.03408113420974,77.03408113420974,5934.24965619201
1404,strict_no_prior_iri,HistGradientBoostingRegressor,135.0,128.08615581460563,6.9138441853943675,6.9138441853943675,47.801241419911506
5190,strict_no_prior_iri,HistGradientBoostingRegressor,58.0,133.3648232676523,-75.3648232676523,75.3648232676523,5679.856586164466
2604,strict_no_prior_iri,HistGradientBoostingRegressor,57.7,51.91350487962439,5.786495120375612,5.786495120375612,33.48352577813077
4944,strict_no_prior_iri,HistGradientBoostingRegressor,52.0,73.394623448564,-21.394623448564005,21.394623448564005,457.72991250584477
5773,strict_no_prior_iri,HistGradientBoostingRegressor,99.0,98.76380089981718,0.23619910018281587,0.23619910018281587,0.05579001492717189
2603,strict_no_prior_iri,HistGradientBoostingRegressor,74.0,51.91350487962439,22.08649512037561,22.08649512037561,487.8132667023756
5319,strict_no_prior_iri,HistGradientBoostingRegressor,121.7,121.77175582564442,-0.0717558256444164,0.0717558256444164,0.005148898513911887
3939,strict_no_prior_iri,HistGradientBoostingRegressor,78.6,74.91876017156969,3.681239828430307,3.681239828430307,13.551526674421597
4349,strict_no_prior_iri,HistGradientBoostingRegressor,126.8,108.96208036573167,17.83791963426833,17.83791963426833,318.19137687861564
4569,strict_no_prior_iri,HistGradientBoostingRegressor,42.2,100.5393596409315,-58.33935964093149,58.33935964093149,3403.480883313946
2688,strict_no_prior_iri,HistGradientBoostingRegressor,47.5,47.744536746361916,-0.24453674636191636,0.24453674636191636,0.05979822032127221
3759,strict_no_prior_iri,HistGradientBoostingRegressor,45.0,82.42793015507063,-37.42793015507063,37.42793015507063,1400.8499556928452
1637,strict_no_prior_iri,HistGradientBoostingRegressor,114.0,110.32297789972868,3.6770221002713157,3.6770221002713157,13.520491525883678
3387,strict_no_prior_iri,HistGradientBoostingRegressor,44.4,60.077793345074504,-15.677793345074505,15.677793345074505,245.79320417086245
3623,strict_no_prior_iri,HistGradientBoostingRegressor,44.7,92.36314702465799,-47.66314702465799,47.66314702465799,2271.7755842941638
2693,strict_no_prior_iri,HistGradientBoostingRegressor,32.0,46.1887515367197,-14.1887515367197,14.1887515367197,201.32067017076565
3792,strict_no_prior_iri,HistGradientBoostingRegressor,62.0,71.30775832434303,-9.307758324343027,9.307758324343027,86.6343650243769
3959,strict_no_prior_iri,HistGradientBoostingRegressor,43.0,61.10633956408511,-18.10633956408511,18.10633956408511,327.8395324099538
5001,strict_no_prior_iri,HistGradientBoostingRegressor,88.6,74.56168407925425,14.038315920745745,14.038315920745745,197.07431389066346
2375,strict_no_prior_iri,HistGradientBoostingRegressor,48.0,57.976207944284816,-9.976207944284816,9.976207944284816,99.52472494761147
4138,strict_no_prior_iri,HistGradientBoostingRegressor,84.0,87.27148599142453,-3.2714859914245267,3.2714859914245267,10.702620592086918
5697,strict_no_prior_iri,HistGradientBoostingRegressor,44.5,46.32640781011822,-1.8264078101182193,1.8264078101182193,3.3357654888608295
1205,strict_no_prior_iri,HistGradientBoostingRegressor,37.4,69.77140197566509,-32.37140197566509,32.37140197566509,1047.9076658700935
1714,strict_no_prior_iri,HistGradientBoostingRegressor,50.0,79.06034324641669,-29.060343246416693,29.060343246416693,844.5035495995563
2001,strict_no_prior_iri,HistGradientBoostingRegressor,63.0,49.465625241138824,13.534374758861176,13.534374758861176,183.17930011329852
1676,strict_no_prior_iri,HistGradientBoostingRegressor,78.0,77.87492370097074,0.12507629902925999,0.12507629902925999,0.015644080578856863
4390,strict_no_prior_iri,HistGradientBoostingRegressor,154.0,91.17167444633877,62.82832555366123,62.82832555366123,3947.3984918768406
641,strict_no_prior_iri,HistGradientBoostingRegressor,125.5,80.18820971356186,45.31179028643814,45.31179028643814,2053.1583389621496
4054,strict_no_prior_iri,HistGradientBoostingRegressor,58.6,84.51191509360618,-25.911915093606176,25.911915093606176,671.4273438182555
3217,strict_no_prior_iri,HistGradientBoostingRegressor,73.7,59.678058732960196,14.021941267039807,14.021941267039807,196.6148368963139
2216,strict_no_prior_iri,HistGradientBoostingRegressor,71.0,59.48701982988607,11.512980170113927,11.512980170113927,132.5487123974365
5743,strict_no_prior_iri,HistGradientBoostingRegressor,69.5,59.7408473606982,9.759152639301803,9.759152639301803,95.24106023719135
209,strict_no_prior_iri,HistGradientBoostingRegressor,68.7,66.70700538274656,1.9929946172534443,1.9929946172534443,3.972027544401203
4246,strict_no_prior_iri,HistGradientBoostingRegressor,157.0,188.00479275167012,-31.004792751670124,31.004792751670124,961.2971735740163
2741,strict_no_prior_iri,HistGradientBoostingRegressor,78.0,56.82566879466424,21.17433120533576,21.17433120533576,448.3523019932558
5766,strict_no_prior_iri,HistGradientBoostingRegressor,88.0,98.03002715161718,-10.030027151617176,10.030027151617176,100.60144466217777
98,strict_no_prior_iri,HistGradientBoostingRegressor,51.0,66.30212275712492,-15.30212275712492,15.30212275712492,234.15496087412035
2341,strict_no_prior_iri,HistGradientBoostingRegressor,50.0,52.46991169988742,-2.469911699887419,2.469911699887419,6.100463805240759
3791,strict_no_prior_iri,HistGradientBoostingRegressor,61.0,110.32067548962749,-49.32067548962749,49.32067548962749,2432.529030753142
2430,strict_no_prior_iri,HistGradientBoostingRegressor,55.0,66.39209456426947,-11.39209456426947,11.39209456426947,129.77981856125803
2842,strict_no_prior_iri,HistGradientBoostingRegressor,44.5,52.03930161602269,-7.539301616022691,7.539301616022691,56.84106885736235
3690,strict_no_prior_iri,HistGradientBoostingRegressor,33.5,44.83301882439599,-11.333018824395992,11.333018824395992,128.43731567411393
3541,strict_no_prior_iri,HistGradientBoostingRegressor,250.5,169.7984896725075,80.70151032749251,80.70151032749251,6512.733769138381
5446,strict_no_prior_iri,HistGradientBoostingRegressor,74.9,73.22625379298839,1.673746207011618,1.673746207011618,2.8014263654857783
1465,strict_no_prior_iri,HistGradientBoostingRegressor,99.5,139.44376137247698,-39.943761372476985,39.943761372476985,1595.5040725813844
2829,strict_no_prior_iri,HistGradientBoostingRegressor,65.5,55.84213502955891,9.65786497044109,9.65786497044109,93.27435578727307
5155,strict_no_prior_iri,HistGradientBoostingRegressor,86.8,154.92093858134248,-68.12093858134249,68.12093858134249,4640.462273203035
1515,strict_no_prior_iri,HistGradientBoostingRegressor,57.7,68.25742147549943,-10.557421475499424,10.557421475499424,111.45914821133644
3242,strict_no_prior_iri,HistGradientBoostingRegressor,113.5,77.7944240702677,35.705575929732305,35.705575929732305,1274.888152473879
5364,strict_no_prior_iri,HistGradientBoostingRegressor,67.0,75.43728696476064,-8.437286964760645,8.437286964760645,71.18781132571989
2416,strict_no_prior_iri,HistGradientBoostingRegressor,34.0,58.576599212940465,-24.576599212940465,24.576599212940465,604.0092288735059
5553,strict_no_prior_iri,HistGradientBoostingRegressor,53.1,75.37713219461102,-22.27713219461102,22.27713219461102,496.2706188161748
5448,strict_no_prior_iri,HistGradientBoostingRegressor,71.8,64.70681983768092,7.093180162319072,7.093180162319072,50.31320481511682
4922,strict_no_prior_iri,HistGradientBoostingRegressor,64.5,64.05068916079789,0.4493108392021128,0.4493108392021128,0.20188023022450685
1805,strict_no_prior_iri,HistGradientBoostingRegressor,101.0,86.94580449299221,14.05419550700779,14.05419550700779,197.52041134919796
5291,strict_no_prior_iri,HistGradientBoostingRegressor,75.6,88.35493749649312,-12.754937496493127,12.754937496493127,162.68843053944636
1534,strict_no_prior_iri,HistGradientBoostingRegressor,91.5,68.63237773879406,22.867622261205938,22.867622261205938,522.9281478812013
858,strict_no_prior_iri,HistGradientBoostingRegressor,73.0,83.66066985283598,-10.66066985283598,10.66066985283598,113.64988171116592
2049,strict_no_prior_iri,HistGradientBoostingRegressor,45.0,44.23835857014647,0.7616414298535332,0.7616414298535332,0.5800976676693346
3420,strict_no_prior_iri,HistGradientBoostingRegressor,58.0,48.41528960098285,9.584710399017148,9.584710399017148,91.86667343302744
5552,strict_no_prior_iri,HistGradientBoostingRegressor,238.0,93.58423084919097,144.415769150809,144.415769150809,20855.91437941976
5517,strict_no_prior_iri,HistGradientBoostingRegressor,54.3,80.74629127377614,-26.44629127377614,26.44629127377614,699.406322137408
1933,strict_no_prior_iri,HistGradientBoostingRegressor,136.7,123.01858177073362,13.68141822926637,13.68141822926637,187.18120476410215
5196,strict_no_prior_iri,HistGradientBoostingRegressor,74.0,134.78770199365962,-60.787701993659624,60.787701993659624,3695.1447136699703
1309,strict_no_prior_iri,HistGradientBoostingRegressor,49.4,48.38819372556085,1.0118062744391452,1.0118062744391452,1.0237519369944228
536,strict_no_prior_iri,HistGradientBoostingRegressor,45.5,76.5975198941975,-31.097519894197504,31.097519894197504,967.0557435700096
3123,strict_no_prior_iri,HistGradientBoostingRegressor,140.2,111.4950832331625,28.704916766837485,28.704916766837485,823.9722465910678
1867,strict_no_prior_iri,HistGradientBoostingRegressor,59.0,65.56317929353754,-6.563179293537544,6.563179293537544,43.07532243911998
3692,strict_no_prior_iri,HistGradientBoostingRegressor,39.0,46.59984513977748,-7.599845139777479,7.599845139777479,57.75764614859936
1844,strict_no_prior_iri,HistGradientBoostingRegressor,84.0,64.56712523252338,19.43287476747662,19.43287476747662,377.6366217284295
5629,strict_no_prior_iri,HistGradientBoostingRegressor,84.5,92.01538160114282,-7.5153816011428205,7.5153816011428205,56.480960610796025
2914,strict_no_prior_iri,HistGradientBoostingRegressor,56.3,62.728654591934124,-6.4286545919341265,6.4286545919341265,41.32759986239573
1579,strict_no_prior_iri,HistGradientBoostingRegressor,48.0,77.97990473660401,-29.979904736604013,29.979904736604013,898.7946880158518
3275,strict_no_prior_iri,HistGradientBoostingRegressor,184.3,158.99555948445942,25.30444051554059,25.30444051554059,640.3147098045322
5540,strict_no_prior_iri,HistGradientBoostingRegressor,92.5,109.67528575981177,-17.17528575981177,17.17528575981177,294.990440931193
3367,strict_no_prior_iri,HistGradientBoostingRegressor,150.4,163.9870767403722,-13.587076740372197,13.587076740372197,184.60865434876317
4005,strict_no_prior_iri,HistGradientBoostingRegressor,54.2,63.97705449823067,-9.777054498230669,9.777054498230669,95.59079466137256
3629,strict_no_prior_iri,HistGradientBoostingRegressor,76.2,147.31730785031408,-71.11730785031408,71.11730785031408,5057.671475876345
5660,strict_no_prior_iri,HistGradientBoostingRegressor,76.5,89.59707627960306,-13.097076279603058,13.097076279603058,171.5334070737411
532,strict_no_prior_iri,HistGradientBoostingRegressor,128.7,134.45744403625724,-5.7574440362572545,5.7574440362572545,33.14816183063423
5590,strict_no_prior_iri,HistGradientBoostingRegressor,84.0,105.00790725775683,-21.007907257756827,21.007907257756827,441.33216735051195
1509,strict_no_prior_iri,HistGradientBoostingRegressor,164.5,128.60045757330326,35.89954242669674,35.89954242669674,1288.7771464461994
1258,strict_no_prior_iri,HistGradientBoostingRegressor,92.8,77.55170555564956,15.248294444350435,15.248294444350435,232.51048346160835
4636,strict_no_prior_iri,HistGradientBoostingRegressor,103.0,99.90160703627076,3.098392963729239,3.098392963729239,9.600038957686857
891,strict_no_prior_iri,HistGradientBoostingRegressor,159.5,184.50258309581938,-25.002583095819375,25.002583095819375,625.1291614633527
487,strict_no_prior_iri,HistGradientBoostingRegressor,56.2,73.17987624977367,-16.979876249773667,16.979876249773667,288.3161974576279
2878,strict_no_prior_iri,HistGradientBoostingRegressor,44.7,52.07861949702256,-7.378619497022555,7.378619497022555,54.44402568184138
2737,strict_no_prior_iri,HistGradientBoostingRegressor,61.0,51.164808638502976,9.835191361497024,9.835191361497024,96.7309891172657
5375,strict_no_prior_iri,HistGradientBoostingRegressor,58.0,69.00550878384381,-11.005508783843808,11.005508783843808,121.12122359126322
840,strict_no_prior_iri,HistGradientBoostingRegressor,52.0,85.29588168999535,-33.295881689995355,33.295881689995355,1108.615737514168
1626,strict_no_prior_iri,HistGradientBoostingRegressor,69.7,59.76911972515688,9.930880274843126,9.930880274843126,98.62238303326829
28,strict_no_prior_iri,HistGradientBoostingRegressor,72.5,165.99198857068868,-93.49198857068868,93.49198857068868,8740.751926901781
5358,strict_no_prior_iri,HistGradientBoostingRegressor,89.1,119.44317391296518,-30.343173912965185,30.343173912965185,920.7082031124509
943,strict_no_prior_iri,HistGradientBoostingRegressor,61.8,89.8679066685291,-28.067906668529105,28.067906668529105,787.8073847532606
5004,strict_no_prior_iri,HistGradientBoostingRegressor,56.1,71.76151725597705,-15.661517255977053,15.661517255977053,245.283122759267
1118,strict_no_prior_iri,HistGradientBoostingRegressor,63.8,81.8166601215382,-18.01666012153821,18.01666012153821,324.60004193502516
4,strict_no_prior_iri,HistGradientBoostingRegressor,154.0,151.57846384633459,2.4215361536654143,2.4215361536654143,5.863837343508689
1120,strict_no_prior_iri,HistGradientBoostingRegressor,30.7,53.68806999604579,-22.98806999604579,22.98806999604579,528.4513621431007
976,strict_no_prior_iri,HistGradientBoostingRegressor,34.3,54.49396134932221,-20.193961349322215,20.193961349322215,407.7960749779195
720,strict_no_prior_iri,HistGradientBoostingRegressor,32.6,48.796858350266774,-16.196858350266773,16.196858350266773,262.33822041860645
4372,strict_no_prior_iri,HistGradientBoostingRegressor,108.0,129.64661734730515,-21.646617347305153,21.646617347305153,468.57604258065237
4624,strict_no_prior_iri,HistGradientBoostingRegressor,43.3,66.97759300890098,-23.677593008900985,23.677593008900985,560.6284106951567
1706,strict_no_prior_iri,HistGradientBoostingRegressor,62.3,71.25719653355401,-8.957196533554011,8.957196533554011,80.231369740712
2441,strict_no_prior_iri,HistGradientBoostingRegressor,94.5,81.09513614567516,13.404863854324844,13.404863854324844,179.6903749529847
762,strict_no_prior_iri,HistGradientBoostingRegressor,40.0,48.95086132425644,-8.950861324256437,8.950861324256437,80.1179184460697
3523,strict_no_prior_iri,HistGradientBoostingRegressor,52.0,54.976280036417656,-2.9762800364176556,2.9762800364176556,8.85824285517828
1524,strict_no_prior_iri,HistGradientBoostingRegressor,53.8,69.23591498456081,-15.43591498456081,15.43591498456081,238.26747141058897
2664,strict_no_prior_iri,HistGradientBoostingRegressor,35.3,45.43503296035087,-10.13503296035087,10.13503296035087,102.71889310739851
5235,strict_no_prior_iri,HistGradientBoostingRegressor,33.6,48.55249366047045,-14.952493660470445,14.952493660470445,223.57706666640885
3765,strict_no_prior_iri,HistGradientBoostingRegressor,46.5,67.4522736740748,-20.952273674074803,20.952273674074803,438.99777211332804
3418,strict_no_prior_iri,HistGradientBoostingRegressor,42.0,98.56940214591536,-56.56940214591536,56.56940214591536,3200.0972591462937
1429,strict_no_prior_iri,HistGradientBoostingRegressor,119.5,104.06601113813967,15.433988861860328,15.433988861860328,238.20801218802868
2633,strict_no_prior_iri,HistGradientBoostingRegressor,51.0,51.284606574120254,-0.2846065741202537,0.2846065741202537,0.08100090203246746
3139,strict_no_prior_iri,HistGradientBoostingRegressor,59.2,56.061601329173925,3.138398670826078,3.138398670826078,9.849546217042892
5326,strict_no_prior_iri,HistGradientBoostingRegressor,122.0,122.37565751379793,-0.37565751379793255,0.37565751379793255,0.1411185676728439
2472,strict_no_prior_iri,HistGradientBoostingRegressor,59.0,54.85052906949935,4.149470930500648,4.149470930500648,17.218109003069916
3923,strict_no_prior_iri,HistGradientBoostingRegressor,112.8,135.26666414436545,-22.466664144365453,22.466664144365453,504.75099777571626
4612,strict_no_prior_iri,HistGradientBoostingRegressor,49.0,63.2850390719458,-14.285039071945803,14.285039071945803,204.06234128701823
4195,strict_no_prior_iri,HistGradientBoostingRegressor,175.0,140.23032728671785,34.76967271328215,34.76967271328215,1208.9301405887572
263,strict_no_prior_iri,HistGradientBoostingRegressor,60.5,80.73463174966147,-20.234631749661474,20.234631749661474,409.44032204440816
1100,strict_no_prior_iri,HistGradientBoostingRegressor,86.0,123.33996729333906,-37.33996729333906,37.33996729333906,1394.2731574676307
5374,strict_no_prior_iri,HistGradientBoostingRegressor,45.6,68.69783249044458,-23.09783249044458,23.09783249044458,533.5098657566373
5659,strict_no_prior_iri,HistGradientBoostingRegressor,101.0,96.95334758490883,4.046652415091174,4.046652415091174,16.37539576856323
1115,strict_no_prior_iri,HistGradientBoostingRegressor,112.4,101.7943530798152,10.60564692018481,10.60564692018481,112.47974659562556
2331,strict_no_prior_iri,HistGradientBoostingRegressor,59.7,50.3762859198034,9.323714080196602,9.323714080196602,86.93164424925637
499,strict_no_prior_iri,HistGradientBoostingRegressor,38.0,52.64437314598692,-14.644373145986918,14.644373145986918,214.4576648389028
1040,strict_no_prior_iri,HistGradientBoostingRegressor,54.0,64.42276199753533,-10.422761997535332,10.422761997535332,108.63396765726671
3466,strict_no_prior_iri,HistGradientBoostingRegressor,136.0,167.40627533822217,-31.406275338222173,31.406275338222173,986.3541306202222
2521,strict_no_prior_iri,HistGradientBoostingRegressor,37.7,45.28369068569517,-7.583690685695167,7.583690685695167,57.51236441629963
1811,strict_no_prior_iri,HistGradientBoostingRegressor,70.0,49.64620259691612,20.35379740308388,20.35379740308388,414.27706872578415
1583,strict_no_prior_iri,HistGradientBoostingRegressor,59.8,68.40980743751086,-8.609807437510867,8.609807437510867,74.12878411101744
4748,strict_no_prior_iri,HistGradientBoostingRegressor,52.0,58.18133594869909,-6.181335948699093,6.181335948699093,38.20891411067972
3366,strict_no_prior_iri,HistGradientBoostingRegressor,157.4,179.86720953336766,-22.46720953336765,22.46720953336765,504.77550421624625
1562,strict_no_prior_iri,HistGradientBoostingRegressor,72.0,80.123298777148,-8.123298777147994,8.123298777147994,65.98798302281409
573,strict_no_prior_iri,HistGradientBoostingRegressor,33.2,47.2806564804615,-14.0806564804615,14.0806564804615,198.26488692076242
5524,strict_no_prior_iri,HistGradientBoostingRegressor,59.7,80.74591234404303,-21.045912344043032,21.045912344043032,442.93042639314285
1463,strict_no_prior_iri,HistGradientBoostingRegressor,68.0,126.34293161827864,-58.34293161827864,58.34293161827864,3403.8976698151378
4460,strict_no_prior_iri,HistGradientBoostingRegressor,72.0,101.90946552220272,-29.909465522202723,29.909465522202723,894.5761278238334
5426,strict_no_prior_iri,HistGradientBoostingRegressor,94.7,118.94026820840274,-24.24026820840274,24.24026820840274,587.5906028153005
4968,strict_no_prior_iri,HistGradientBoostingRegressor,51.8,64.03992173898158,-12.239921738981579,12.239921738981579,149.81568417639383
4088,strict_no_prior_iri,HistGradientBoostingRegressor,170.5,114.32642270688247,56.17357729311753,56.17357729311753,3155.4707859058494
430,strict_no_prior_iri,HistGradientBoostingRegressor,176.0,87.62099888102165,88.37900111897835,88.37900111897835,7810.847838788377
3932,strict_no_prior_iri,HistGradientBoostingRegressor,48.0,72.14983139393577,-24.14983139393577,24.14983139393577,583.2143563555258
779,strict_no_prior_iri,HistGradientBoostingRegressor,87.2,63.90155467662709,23.29844532337291,23.29844532337291,542.817554486197
5022,strict_no_prior_iri,HistGradientBoostingRegressor,170.0,135.27085285309298,34.729147146907025,34.729147146907025,1206.1136615515204
3685,strict_no_prior_iri,HistGradientBoostingRegressor,108.5,109.07054323783892,-0.570543237838919,0.570543237838919,0.3255195862437173
1428,strict_no_prior_iri,HistGradientBoostingRegressor,59.3,67.38760181775048,-8.087601817750482,8.087601817750482,65.4093031624809
510,strict_no_prior_iri,HistGradientBoostingRegressor,45.0,50.276537714952056,-5.276537714952056,5.276537714952056,27.841850257311464
4147,strict_no_prior_iri,HistGradientBoostingRegressor,86.5,72.07425237613657,14.42574762386343,14.42574762386343,208.10219450740138
4794,strict_no_prior_iri,HistGradientBoostingRegressor,204.0,117.78078076457145,86.21921923542855,86.21921923542855,7433.753765566893
2780,strict_no_prior_iri,HistGradientBoostingRegressor,78.0,74.37574909208209,3.6242509079179115,3.6242509079179115,13.135194643543805
534,strict_no_prior_iri,HistGradientBoostingRegressor,63.2,79.3162111371476,-16.1162111371476,16.1162111371476,259.7322614171204
2393,strict_no_prior_iri,HistGradientBoostingRegressor,73.0,59.43279467742901,13.567205322570992,13.567205322570992,184.06906026479865
5586,strict_no_prior_iri,HistGradientBoostingRegressor,69.5,79.27298460930189,-9.772984609301886,9.772984609301886,95.51122817365155
652,strict_no_prior_iri,HistGradientBoostingRegressor,42.2,57.23818658897565,-15.038186588975648,15.038186588975648,226.14705588484705
5770,strict_no_prior_iri,HistGradientBoostingRegressor,42.5,52.495102060946735,-9.995102060946735,9.995102060946735,99.90206520874167
4541,strict_no_prior_iri,HistGradientBoostingRegressor,44.8,66.73559893154419,-21.93559893154419,21.93559893154419,481.1705004855627
3818,strict_no_prior_iri,HistGradientBoostingRegressor,55.8,66.1433156166253,-10.343315616625304,10.343315616625304,106.9841779451249
111,strict_no_prior_iri,HistGradientBoostingRegressor,41.0,46.146882799281286,-5.146882799281286,5.146882799281286,26.49040254953757
1180,strict_no_prior_iri,HistGradientBoostingRegressor,50.0,125.06931596189257,-75.06931596189257,75.06931596189257,5635.402198986459
5705,strict_no_prior_iri,HistGradientBoostingRegressor,39.1,41.680827759074816,-2.5808277590748148,2.5808277590748148,6.66067192201113
633,strict_no_prior_iri,HistGradientBoostingRegressor,74.5,77.44326062695791,-2.9432606269579082,2.9432606269579082,8.66278311820066
1471,strict_no_prior_iri,HistGradientBoostingRegressor,76.5,85.52044925373335,-9.020449253733346,9.020449253733346,81.36850473917849
2327,strict_no_prior_iri,HistGradientBoostingRegressor,46.0,53.30115881304024,-7.301158813040239,7.301158813040239,53.30692001323515
2900,strict_no_prior_iri,HistGradientBoostingRegressor,85.0,75.90498105930354,9.095018940696463,9.095018940696463,82.71936953162741
2725,strict_no_prior_iri,HistGradientBoostingRegressor,49.5,50.94942877306269,-1.4494287730626922,1.4494287730626922,2.1008437681820213
4329,strict_no_prior_iri,HistGradientBoostingRegressor,39.0,49.70117199543743,-10.701171995437427,10.701171995437427,114.51508207593425
193,strict_no_prior_iri,HistGradientBoostingRegressor,45.5,69.5492096634255,-24.0492096634255,24.0492096634255,578.3644854353985
4525,strict_no_prior_iri,HistGradientBoostingRegressor,106.5,145.92799116687974,-39.427991166879735,39.427991166879735,1554.5664874555464
562,strict_no_prior_iri,HistGradientBoostingRegressor,38.2,50.121762343848886,-11.921762343848883,11.921762343848883,142.12841738321322
1397,strict_no_prior_iri,HistGradientBoostingRegressor,231.0,194.8319440260092,36.16805597399079,36.16805597399079,1308.1282729377308
5052,strict_no_prior_iri,HistGradientBoostingRegressor,51.0,51.84617926523089,-0.8461792652308873,0.8461792652308873,0.7160193489066843
4638,strict_no_prior_iri,HistGradientBoostingRegressor,136.0,119.95828006292209,16.041719937077914,16.041719937077914,257.33677853964303
145,strict_no_prior_iri,HistGradientBoostingRegressor,47.0,54.12578641433626,-7.125786414336261,7.125786414336261,50.77683202273923
2298,strict_no_prior_iri,HistGradientBoostingRegressor,34.5,48.519432232281936,-14.019432232281936,14.019432232281936,196.54448011554567
1134,strict_no_prior_iri,HistGradientBoostingRegressor,217.0,205.25161645504534,11.748383544954663,11.748383544954663,138.0245159193615
5383,strict_no_prior_iri,HistGradientBoostingRegressor,71.0,89.12378992029433,-18.12378992029433,18.12378992029433,328.4717610749623
5000,strict_no_prior_iri,HistGradientBoostingRegressor,96.0,75.60730694034177,20.392693059658228,20.392693059658228,415.86193022543284
2953,strict_no_prior_iri,HistGradientBoostingRegressor,180.0,163.3552013990361,16.644798600963895,16.644798600963895,277.04932046664965
2032,strict_no_prior_iri,HistGradientBoostingRegressor,86.0,127.10901188057923,-41.10901188057923,41.10901188057923,1689.9508577976044
1337,strict_no_prior_iri,HistGradientBoostingRegressor,122.5,70.51449575314331,51.98550424685669,51.98550424685669,2702.492651799955
5479,strict_no_prior_iri,HistGradientBoostingRegressor,108.7,129.12201668243316,-20.422016682433153,20.422016682433153,417.05876537757797
1462,strict_no_prior_iri,HistGradientBoostingRegressor,71.0,89.59748591173616,-18.597485911736158,18.597485911736158,345.86648223722483
5017,strict_no_prior_iri,HistGradientBoostingRegressor,67.7,81.62106174013068,-13.921061740130682,13.921061740130682,193.79595997253028
2964,strict_no_prior_iri,HistGradientBoostingRegressor,52.0,84.97125614545517,-32.97125614545517,32.97125614545517,1087.1037318092153
4168,strict_no_prior_iri,HistGradientBoostingRegressor,69.0,132.56484766194316,-63.56484766194316,63.56484766194316,4040.489858286041
2721,strict_no_prior_iri,HistGradientBoostingRegressor,78.5,70.52930026859654,7.970699731403457,7.970699731403457,63.532054208195134
3718,strict_no_prior_iri,HistGradientBoostingRegressor,89.0,120.25825815375728,-31.258258153757282,31.258258153757282,977.0787028069336
4276,strict_no_prior_iri,HistGradientBoostingRegressor,89.0,67.7991503641475,21.200849635852506,21.200849635852506,449.47602528202736
2295,strict_no_prior_iri,HistGradientBoostingRegressor,38.0,48.33970927665869,-10.339709276658688,10.339709276658688,106.90958792582173
1673,strict_no_prior_iri,HistGradientBoostingRegressor,48.0,54.78942406047055,-6.789424060470552,6.789424060470552,46.09627907289643
4605,strict_no_prior_iri,HistGradientBoostingRegressor,53.0,131.08979149320464,-78.08979149320464,78.08979149320464,6098.015535452177
5275,strict_no_prior_iri,HistGradientBoostingRegressor,53.9,57.720779396063996,-3.8207793960639975,3.8207793960639975,14.598355193387166
1067,strict_no_prior_iri,HistGradientBoostingRegressor,75.0,58.7093846282304,16.290615371769597,16.290615371769597,265.3841491909359
3684,strict_no_prior_iri,HistGradientBoostingRegressor,88.0,116.76308942741615,-28.763089427416148,28.763089427416148,827.3153134095386
631,strict_no_prior_iri,HistGradientBoostingRegressor,84.4,96.15638328795953,-11.756383287959522,11.756383287959522,138.21254801341397
5482,strict_no_prior_iri,HistGradientBoostingRegressor,84.0,85.11307372308852,-1.1130737230885188,1.1130737230885188,1.2389331130301366
300,strict_no_prior_iri,HistGradientBoostingRegressor,70.3,122.98436573007092,-52.68436573007092,52.68436573007092,2775.6423923798716
4335,strict_no_prior_iri,HistGradientBoostingRegressor,59.0,67.58005806646422,-8.580058066464218,8.580058066464218,73.6173964238977
3280,strict_no_prior_iri,HistGradientBoostingRegressor,80.0,93.1269658020654,-13.1269658020654,13.1269658020654,172.3172311685945
3009,strict_no_prior_iri,HistGradientBoostingRegressor,63.0,61.20652860555047,1.7934713944495329,1.7934713944495329,3.216539642708752
391,strict_no_prior_iri,HistGradientBoostingRegressor,51.5,61.09135922383199,-9.591359223831986,9.591359223831986,91.99417176058692
4106,strict_no_prior_iri,HistGradientBoostingRegressor,98.0,163.20582390925674,-65.20582390925674,65.20582390925674,4251.799471684997
542,strict_no_prior_iri,HistGradientBoostingRegressor,98.0,75.18720237776485,22.812797622235152,22.812797622235152,520.4237353530579
637,strict_no_prior_iri,HistGradientBoostingRegressor,85.0,91.13875373239259,-6.138753732392587,6.138753732392587,37.68429738696392
3446,strict_no_prior_iri,HistGradientBoostingRegressor,80.0,141.33253214630355,-61.33253214630355,61.33253214630355,3761.679499477358
933,strict_no_prior_iri,HistGradientBoostingRegressor,134.0,140.4381471753591,-6.4381471753590915,6.4381471753590915,41.449739051584245
3917,strict_no_prior_iri,HistGradientBoostingRegressor,85.0,93.84150347955806,-8.841503479558057,8.841503479558057,78.17218377903723
711,strict_no_prior_iri,HistGradientBoostingRegressor,73.5,74.05567484133381,-0.5556748413338113,0.5556748413338113,0.30877452929135635
1922,strict_no_prior_iri,HistGradientBoostingRegressor,111.0,122.86120969333658,-11.861209693336576,11.861209693336576,140.68829538930154
5021,strict_no_prior_iri,HistGradientBoostingRegressor,158.5,106.70250590041375,51.797494099586245,51.797494099586245,2682.9803949966717
772,strict_no_prior_iri,HistGradientBoostingRegressor,74.0,114.22026002737644,-40.22026002737644,40.22026002737644,1617.669316669775
1686,strict_no_prior_iri,HistGradientBoostingRegressor,175.0,158.47139841751672,16.528601582483276,16.528601582483276,273.19467027246867
1740,strict_no_prior_iri,HistGradientBoostingRegressor,106.0,75.98382823564232,30.01617176435768,30.01617176435768,900.9705673874232
5072,strict_no_prior_iri,HistGradientBoostingRegressor,50.0,54.652273908001696,-4.652273908001696,4.652273908001696,21.643652515073374
4412,strict_no_prior_iri,HistGradientBoostingRegressor,34.0,66.52996728908272,-32.52996728908272,32.52996728908272,1058.1987718287917
5313,strict_no_prior_iri,HistGradientBoostingRegressor,77.0,105.27580843762138,-28.27580843762138,28.27580843762138,799.5213428010603
4896,strict_no_prior_iri,HistGradientBoostingRegressor,58.6,61.739226978832846,-3.139226978832845,3.139226978832845,9.854746024631991
5681,strict_no_prior_iri,HistGradientBoostingRegressor,74.5,86.29114321239302,-11.791143212393024,11.791143212393024,139.0310582551621
67,strict_no_prior_iri,HistGradientBoostingRegressor,40.9,51.50913684355104,-10.609136843551042,10.609136843551042,112.55378456519216
1472,strict_no_prior_iri,HistGradientBoostingRegressor,66.0,86.61804211405958,-20.618042114059577,20.618042114059577,425.1036606171343
4148,strict_no_prior_iri,HistGradientBoostingRegressor,55.0,80.8622652074454,-25.862265207445404,25.862265207445404,668.8567616602411
130,strict_no_prior_iri,HistGradientBoostingRegressor,111.0,77.7174873633398,33.2825126366602,33.2825126366602,1107.7256474094459
921,strict_no_prior_iri,HistGradientBoostingRegressor,77.0,96.87629019731284,-19.87629019731284,19.87629019731284,395.06691200779454
1700,strict_no_prior_iri,HistGradientBoostingRegressor,65.0,78.70799182779753,-13.707991827797528,13.707991827797528,187.9090399509638
4031,strict_no_prior_iri,HistGradientBoostingRegressor,46.0,48.88990088396111,-2.8899008839611113,2.8899008839611113,8.351527119119213
3720,strict_no_prior_iri,HistGradientBoostingRegressor,165.0,160.49756198507228,4.502438014927719,4.502438014927719,20.27194807826626
846,strict_no_prior_iri,HistGradientBoostingRegressor,59.7,73.48051088457993,-13.780510884579925,13.780510884579925,189.9024802400258
5473,strict_no_prior_iri,HistGradientBoostingRegressor,69.1,105.82270838195659,-36.72270838195659,36.72270838195659,1348.557310906225
198,strict_no_prior_iri,HistGradientBoostingRegressor,76.3,57.57402786778482,18.725972132215176,18.725972132215176,350.6620322964994
2978,strict_no_prior_iri,HistGradientBoostingRegressor,70.0,133.04272127260415,-63.042721272604155,63.042721272604155,3974.3847054552566
278,strict_no_prior_iri,HistGradientBoostingRegressor,68.0,98.05219585722654,-30.052195857226536,30.052195857226536,903.1344758411038
2556,strict_no_prior_iri,HistGradientBoostingRegressor,146.5,105.78402354569991,40.71597645430009,40.71597645430009,1657.7907386271193
3256,strict_no_prior_iri,HistGradientBoostingRegressor,148.0,176.7173870831058,-28.71738708310579,28.71738708310579,824.6883208809313
4427,strict_no_prior_iri,HistGradientBoostingRegressor,52.8,58.25736797629508,-5.457367976295082,5.457367976295082,29.782865228691076
734,strict_no_prior_iri,HistGradientBoostingRegressor,44.2,55.84916597708012,-11.649165977080116,11.649165977080116,135.70306796156095
492,strict_no_prior_iri,HistGradientBoostingRegressor,52.5,56.480775740534185,-3.9807757405341846,3.9807757405341846,15.846575496425485
2218,strict_no_prior_iri,HistGradientBoostingRegressor,57.0,59.48701982988607,-2.487019829886073,2.487019829886073,6.185267634246551
3656,strict_no_prior_iri,HistGradientBoostingRegressor,49.4,76.96584344159139,-27.56584344159139,27.56584344159139,759.8757246463271
3102,strict_no_prior_iri,HistGradientBoostingRegressor,63.0,107.5962439437571,-44.5962439437571,44.5962439437571,1988.824973891092
2385,strict_no_prior_iri,HistGradientBoostingRegressor,32.0,58.155639118123474,-26.155639118123474,26.155639118123474,684.117457677511
4265,strict_no_prior_iri,HistGradientBoostingRegressor,175.0,174.29073877591028,0.7092612240897154,0.7092612240897154,0.5030514839972414
1839,strict_no_prior_iri,HistGradientBoostingRegressor,103.0,84.19348879706423,18.806511202935766,18.806511202935766,353.6848636261485
896,strict_no_prior_iri,HistGradientBoostingRegressor,128.6,144.24137902217223,-15.64137902217223,15.64137902217223,244.65273771524954
2515,strict_no_prior_iri,HistGradientBoostingRegressor,200.5,108.96768303870924,91.53231696129076,91.53231696129076,8378.165048302197
4743,strict_no_prior_iri,HistGradientBoostingRegressor,141.3,63.444706595346766,77.85529340465325,77.85529340465325,6061.446711124644
387,strict_no_prior_iri,HistGradientBoostingRegressor,47.0,57.07798286412127,-10.077982864121267,10.077982864121267,101.5657386095219
5129,strict_no_prior_iri,HistGradientBoostingRegressor,217.0,163.66448266216048,53.33551733783952,53.33551733783952,2844.67740969498
5792,strict_no_prior_iri,HistGradientBoostingRegressor,72.2,68.7428299987465,3.457170001253502,3.457170001253502,11.952024417567138
1208,strict_no_prior_iri,HistGradientBoostingRegressor,58.2,59.592910458320226,-1.3929104583202232,1.3929104583202232,1.9401995448978542
697,strict_no_prior_iri,HistGradientBoostingRegressor,73.0,59.07627236009991,13.923727639900093,13.923727639900093,193.8701913901178
1945,strict_no_prior_iri,HistGradientBoostingRegressor,156.0,132.38916564949756,23.610834350502444,23.610834350502444,557.4714987268661
4909,strict_no_prior_iri,HistGradientBoostingRegressor,77.8,78.56951010537077,-0.7695101053707702,0.7695101053707702,0.592145802267734
4312,strict_no_prior_iri,HistGradientBoostingRegressor,49.5,89.2417481884386,-39.741748188438606,39.741748188438606,1579.4065490732632
125,strict_no_prior_iri,HistGradientBoostingRegressor,46.5,66.41043226946272,-19.910432269462717,19.910432269462717,396.4253131568623
621,strict_no_prior_iri,HistGradientBoostingRegressor,148.0,157.87852060471852,-9.878520604718517,9.878520604718517,97.5851693378483
1658,strict_no_prior_iri,HistGradientBoostingRegressor,40.0,70.25016627007933,-30.250166270079333,30.250166270079333,915.0725593674454
3912,strict_no_prior_iri,HistGradientBoostingRegressor,40.8,89.39771310525205,-48.597713105252055,48.597713105252055,2361.7377190603875
2563,strict_no_prior_iri,HistGradientBoostingRegressor,112.0,101.62401668999276,10.375983310007243,10.375983310007243,107.66102964954885
3971,strict_no_prior_iri,HistGradientBoostingRegressor,276.0,128.24964057666006,147.75035942333994,147.75035942333994,21830.16870972614
4226,strict_no_prior_iri,HistGradientBoostingRegressor,40.5,45.62993987703556,-5.129939877035561,5.129939877035561,26.316283141999627
438,strict_no_prior_iri,HistGradientBoostingRegressor,64.6,75.08487632747048,-10.484876327470488,10.484876327470488,109.93263160235102
5107,strict_no_prior_iri,HistGradientBoostingRegressor,67.4,81.53963006695228,-14.139630066952279,14.139630066952279,199.9291384302609
4481,strict_no_prior_iri,HistGradientBoostingRegressor,162.0,151.15144161084518,10.848558389154817,10.848558389154817,117.69121912290137
3918,strict_no_prior_iri,HistGradientBoostingRegressor,149.0,96.91600615947921,52.08399384052079,52.08399384052079,2712.742414379408
4382,strict_no_prior_iri,HistGradientBoostingRegressor,153.3,88.7821726195025,64.51782738049751,64.51782738049751,4162.5500498996735
2941,strict_no_prior_iri,HistGradientBoostingRegressor,41.0,62.95859787864796,-21.958597878647957,21.958597878647957,482.1800207961626
2626,strict_no_prior_iri,HistGradientBoostingRegressor,177.2,202.3140205427553,-25.1140205427553,25.1140205427553,630.7140278219351
5418,strict_no_prior_iri,HistGradientBoostingRegressor,56.1,62.952352815782504,-6.852352815782503,6.852352815782503,46.95473911196239
2712,strict_no_prior_iri,HistGradientBoostingRegressor,38.0,44.751580930340346,-6.751580930340346,6.751580930340346,45.58384505893541
3821,strict_no_prior_iri,HistGradientBoostingRegressor,54.0,50.51161028291295,3.4883897170870526,3.4883897170870526,12.168862818278686
4529,strict_no_prior_iri,HistGradientBoostingRegressor,63.0,95.94553410841293,-32.94553410841293,32.94553410841293,1085.4082176885997
881,strict_no_prior_iri,HistGradientBoostingRegressor,72.6,75.78630190492456,-3.1863019049245622,3.1863019049245622,10.152519829325893
4805,strict_no_prior_iri,HistGradientBoostingRegressor,140.0,98.59952440045183,41.40047559954817,41.40047559954817,1713.9993798687838
634,strict_no_prior_iri,HistGradientBoostingRegressor,98.1,83.14260129725791,14.957398702742083,14.957398702742083,223.72377595279053
4152,strict_no_prior_iri,HistGradientBoostingRegressor,177.0,121.63585514150664,55.36414485849336,55.36414485849336,3065.188535912237
2547,strict_no_prior_iri,HistGradientBoostingRegressor,59.5,145.46105967358864,-85.96105967358864,85.96105967358864,7389.303780206266
1771,strict_no_prior_iri,HistGradientBoostingRegressor,66.0,54.86509284022602,11.13490715977398,11.13490715977398,123.98615745678586
399,strict_no_prior_iri,HistGradientBoostingRegressor,53.5,49.95666142821986,3.54333857178014,3.54333857178014,12.555248234264923
47,strict_no_prior_iri,HistGradientBoostingRegressor,73.4,71.49214814134795,1.9078518586520516,1.9078518586520516,3.6398987145620882
305,strict_no_prior_iri,HistGradientBoostingRegressor,58.0,124.8697088877849,-66.8697088877849,66.8697088877849,4471.5579667370985
4738,strict_no_prior_iri,HistGradientBoostingRegressor,97.5,86.41330481576584,11.08669518423416,11.08669518423416,122.9148101081209
2810,strict_no_prior_iri,HistGradientBoostingRegressor,53.0,49.53299390316803,3.467006096831973,3.467006096831973,12.020131275470073
4544,strict_no_prior_iri,HistGradientBoostingRegressor,112.0,94.78787307232268,17.212126927677318,17.212126927677318,296.2573133744746
4684,strict_no_prior_iri,HistGradientBoostingRegressor,154.0,105.1723235264571,48.827676473542894,48.827676473542894,2384.1419898049744
1013,strict_no_prior_iri,HistGradientBoostingRegressor,103.1,76.51378571555304,26.586214284446953,26.586214284446953,706.8267899785312
848,strict_no_prior_iri,HistGradientBoostingRegressor,61.1,72.84761254493661,-11.747612544936608,11.747612544936608,138.00640050595197
4356,strict_no_prior_iri,HistGradientBoostingRegressor,61.0,58.812077593627755,2.1879224063722447,2.1879224063722447,4.787004456305714
1300,strict_no_prior_iri,HistGradientBoostingRegressor,52.7,72.78057768271825,-20.080577682718243,20.080577682718243,403.22960007168194
4689,strict_no_prior_iri,HistGradientBoostingRegressor,83.7,168.61953633306348,-84.91953633306348,84.91953633306348,7211.327651022488
4828,strict_no_prior_iri,HistGradientBoostingRegressor,62.5,56.00159632680602,6.498403673193977,6.498403673193977,42.22925029978097
520,strict_no_prior_iri,HistGradientBoostingRegressor,90.0,79.51279376972687,10.48720623027313,10.48720623027313,109.98149451627957
4804,strict_no_prior_iri,HistGradientBoostingRegressor,135.0,140.36594417864006,-5.3659441786400635,5.3659441786400635,28.793356928281185
4254,strict_no_prior_iri,HistGradientBoostingRegressor,100.6,92.36519949648567,8.234800503514322,8.234800503514322,67.81193933267973
2366,strict_no_prior_iri,HistGradientBoostingRegressor,186.0,108.54997889653495,77.45002110346505,77.45002110346505,5998.505768927182
2691,strict_no_prior_iri,HistGradientBoostingRegressor,71.0,46.478034627394514,24.521965372605486,24.521965372605486,601.3267857352625
3786,strict_no_prior_iri,HistGradientBoostingRegressor,133.5,82.72988154678833,50.770118453211666,50.770118453211666,2577.604927753144
2974,strict_no_prior_iri,HistGradientBoostingRegressor,44.0,45.82208021633849,-1.8220802163384917,1.8220802163384917,3.319976314772125
5298,strict_no_prior_iri,HistGradientBoostingRegressor,57.4,62.73926457694957,-5.339264576949574,5.339264576949574,28.507746222668516
1431,strict_no_prior_iri,HistGradientBoostingRegressor,71.9,77.14753066794799,-5.247530667947984,5.247530667947984,27.536578111054617
3779,strict_no_prior_iri,HistGradientBoostingRegressor,234.0,119.91417430599554,114.08582569400446,114.08582569400446,13015.575624282767
2675,strict_no_prior_iri,HistGradientBoostingRegressor,35.0,43.511894888676046,-8.511894888676046,8.511894888676046,72.45235459586941
1792,strict_no_prior_iri,HistGradientBoostingRegressor,31.0,47.41916560091669,-16.419165600916692,16.419165600916692,269.588999030326
4323,strict_no_prior_iri,HistGradientBoostingRegressor,211.0,163.68148445180344,47.31851554819656,47.31851554819656,2239.0419136849196
4081,strict_no_prior_iri,HistGradientBoostingRegressor,71.0,89.97528867957496,-18.97528867957496,18.97528867957496,360.0615804732056
1966,strict_no_prior_iri,HistGradientBoostingRegressor,39.0,48.44927055490378,-9.449270554903777,9.449270554903777,89.28871401977152
444,strict_no_prior_iri,HistGradientBoostingRegressor,46.8,66.72304968032397,-19.92304968032397,19.92304968032397,396.92790856465706
2692,strict_no_prior_iri,HistGradientBoostingRegressor,46.0,45.39629954548242,0.603700454517579,0.603700454517579,0.3644542387847315
5686,strict_no_prior_iri,HistGradientBoostingRegressor,85.5,104.24256947243049,-18.74256947243049,18.74256947243049,351.2839104288833
679,strict_no_prior_iri,HistGradientBoostingRegressor,55.0,48.06291367017786,6.937086329822137,6.937086329822137,48.12316674740516
1447,strict_no_prior_iri,HistGradientBoostingRegressor,109.0,99.26167770486974,9.73832229513026,9.73832229513026,94.8349211238311
2929,strict_no_prior_iri,HistGradientBoostingRegressor,39.5,49.59004135481314,-10.090041354813138,10.090041354813138,101.80893454183935
3089,strict_no_prior_iri,HistGradientBoostingRegressor,44.9,56.57264626687243,-11.672646266872434,11.672646266872434,136.25067087153096
1492,strict_no_prior_iri,HistGradientBoostingRegressor,82.5,92.31402637000014,-9.814026370000136,9.814026370000136,96.31511359105804
3287,strict_no_prior_iri,HistGradientBoostingRegressor,223.0,212.24245303346675,10.757546966533255,10.757546966533255,115.72481673716884
807,strict_no_prior_iri,HistGradientBoostingRegressor,40.9,39.96845618470722,0.9315438152927769,0.9315438152927769,0.8677738798102231
217,strict_no_prior_iri,HistGradientBoostingRegressor,124.0,80.78885516431372,43.211144835686284,43.211144835686284,1867.2030380106573
1386,strict_no_prior_iri,HistGradientBoostingRegressor,281.0,90.10615905784752,190.89384094215248,190.89384094215248,36440.45850964781
2743,strict_no_prior_iri,HistGradientBoostingRegressor,97.0,67.60562267670888,29.394377323291124,29.394377323291124,864.0294182240115
128,strict_no_prior_iri,HistGradientBoostingRegressor,46.0,56.97729890266762,-10.97729890266762,10.97729890266762,120.50109119850774
5352,strict_no_prior_iri,HistGradientBoostingRegressor,49.6,72.06500368345745,-22.465003683457446,22.465003683457446,504.67639049775664
4983,strict_no_prior_iri,HistGradientBoostingRegressor,170.0,90.3222952143217,79.6777047856783,79.6777047856783,6348.536639913703
247,strict_no_prior_iri,HistGradientBoostingRegressor,54.0,66.27918154567396,-12.279181545673964,12.279181545673964,150.77829943162004
3356,strict_no_prior_iri,HistGradientBoostingRegressor,68.5,107.05947536242667,-38.55947536242667,38.55947536242667,1486.8331402255892
3183,strict_no_prior_iri,HistGradientBoostingRegressor,113.0,125.00833416602117,-12.008334166021172,12.008334166021172,144.2000894428314
3636,strict_no_prior_iri,HistGradientBoostingRegressor,40.2,46.362120839225156,-6.162120839225153,6.162120839225153,37.97173323721291
3329,strict_no_prior_iri,HistGradientBoostingRegressor,179.8,170.59731153674826,9.202688463251746,9.202688463251746,84.6894749516668
4334,strict_no_prior_iri,HistGradientBoostingRegressor,47.8,56.74780924047511,-8.94780924047511,8.94780924047511,80.06329020393176
2863,strict_no_prior_iri,HistGradientBoostingRegressor,43.0,44.80363954775365,-1.8036395477536473,1.8036395477536473,3.2531156182209813
1214,strict_no_prior_iri,HistGradientBoostingRegressor,50.0,65.32755402765356,-15.327554027653562,15.327554027653562,234.93391247063894
1129,strict_no_prior_iri,HistGradientBoostingRegressor,179.0,184.06103960170148,-5.061039601701481,5.061039601701481,25.61412184999068
2195,strict_no_prior_iri,HistGradientBoostingRegressor,44.0,44.462189615536474,-0.46218961553647375,0.46218961553647375,0.2136192407097534
5664,strict_no_prior_iri,HistGradientBoostingRegressor,162.2,119.82335038829362,42.37664961170637,42.37664961170637,1795.7804323133337
3490,strict_no_prior_iri,HistGradientBoostingRegressor,91.0,80.72253424197312,10.277465758026878,10.277465758026878,105.626302407415
758,strict_no_prior_iri,HistGradientBoostingRegressor,104.1,77.80329327977458,26.296706720225416,26.296706720225416,691.5167843295485
2337,strict_no_prior_iri,HistGradientBoostingRegressor,62.0,52.17082337545192,9.829176624548083,9.829176624548083,96.61271311656245
2935,strict_no_prior_iri,HistGradientBoostingRegressor,128.5,74.65603199003907,53.84396800996093,53.84396800996093,2899.1728910576962
3004,strict_no_prior_iri,HistGradientBoostingRegressor,31.0,53.1470529949565,-22.147052994956503,22.147052994956503,490.49195636141184
2017,strict_no_prior_iri,HistGradientBoostingRegressor,124.0,125.98044208094616,-1.9804420809461618,1.9804420809461618,3.9221508359823636
2618,strict_no_prior_iri,HistGradientBoostingRegressor,120.0,110.09331184020868,9.906688159791315,9.906688159791315,98.14247029534944
4604,strict_no_prior_iri,HistGradientBoostingRegressor,172.0,119.53037298941716,52.46962701058284,52.46962701058284,2753.0617586296844
5245,strict_no_prior_iri,HistGradientBoostingRegressor,38.7,43.31928654940571,-4.619286549405707,4.619286549405707,21.337808225520487
2674,strict_no_prior_iri,HistGradientBoostingRegressor,34.0,43.511894888676046,-9.511894888676046,9.511894888676046,90.4761443732215
5381,strict_no_prior_iri,HistGradientBoostingRegressor,114.0,155.2728789823877,-41.27287898238771,41.27287898238771,1703.4505394948212
4048,strict_no_prior_iri,HistGradientBoostingRegressor,87.2,73.64954787719647,13.550452122803534,13.550452122803534,183.6147527323908
5100,strict_no_prior_iri,HistGradientBoostingRegressor,88.2,115.89661555464781,-27.696615554647806,27.696615554647806,767.1025131819588
3383,strict_no_prior_iri,HistGradientBoostingRegressor,37.0,55.392594920509644,-18.392594920509644,18.392594920509644,338.2875479099572
1821,strict_no_prior_iri,HistGradientBoostingRegressor,58.0,50.282756801252816,7.717243198747184,7.717243198747184,59.555842588609664
3529,strict_no_prior_iri,HistGradientBoostingRegressor,49.7,50.27881511759182,-0.5788151175918159,0.5788151175918159,0.3350269403528277
5103,strict_no_prior_iri,HistGradientBoostingRegressor,125.6,95.86065443091354,29.739345569086453,29.739345569086453,884.428674877542
1288,strict_no_prior_iri,HistGradientBoostingRegressor,141.0,148.99597001119633,-7.995970011196334,7.995970011196334,63.935536419951106
2326,strict_no_prior_iri,HistGradientBoostingRegressor,51.5,53.02877882631463,-1.5287788263146282,1.5287788263146282,2.337164699787932
2239,strict_no_prior_iri,HistGradientBoostingRegressor,54.0,60.71458598695633,-6.71458598695633,6.71458598695633,45.085664976230305
1064,strict_no_prior_iri,HistGradientBoostingRegressor,63.7,75.21286374186101,-11.512863741861011,11.512863741861011,132.54603153865793
65,strict_no_prior_iri,HistGradientBoostingRegressor,50.6,44.73165781005857,5.86834218994143,5.86834218994143,34.43744005824658
1947,strict_no_prior_iri,HistGradientBoostingRegressor,127.0,113.23585606527116,13.764143934728835,13.764143934728835,189.45165825593259
5236,strict_no_prior_iri,HistGradientBoostingRegressor,37.7,55.0737602318061,-17.373760231806095,17.373760231806095,301.84754459228697
5670,strict_no_prior_iri,HistGradientBoostingRegressor,112.3,111.33351560754355,0.9664843924564508,0.9664843924564508,0.9340920808619148
1287,strict_no_prior_iri,HistGradientBoostingRegressor,187.0,202.8715038295312,-15.871503829531207,15.871503829531207,251.90463381082378
4061,strict_no_prior_iri,HistGradientBoostingRegressor,89.0,91.80902742670496,-2.809027426704958,2.809027426704958,7.890635083980678
3796,strict_no_prior_iri,HistGradientBoostingRegressor,43.3,54.03892590714339,-10.73892590714339,10.73892590714339,115.32452963911548
2681,strict_no_prior_iri,HistGradientBoostingRegressor,33.0,43.19186941289543,-10.191869412895429,10.191869412895429,103.8742021295134
5044,strict_no_prior_iri,HistGradientBoostingRegressor,68.0,54.905234088338766,13.094765911661234,13.094765911661234,171.47289428120507
3130,strict_no_prior_iri,HistGradientBoostingRegressor,51.3,65.25185097009421,-13.951850970094213,13.951850970094213,194.65414549171885
4827,strict_no_prior_iri,HistGradientBoostingRegressor,65.5,59.48033669080215,6.019663309197853,6.019663309197853,36.23634635610284
3805,strict_no_prior_iri,HistGradientBoostingRegressor,92.8,74.32355558210521,18.476444417894783,18.476444417894783,341.3789983275553
5504,strict_no_prior_iri,HistGradientBoostingRegressor,62.3,79.7359392089453,-17.4359392089453,17.4359392089453,304.01197609803603
3518,strict_no_prior_iri,HistGradientBoostingRegressor,182.0,214.84961908419967,-32.849619084199674,32.849619084199674,1079.0974739770154
2952,strict_no_prior_iri,HistGradientBoostingRegressor,91.0,127.33274391613469,-36.33274391613469,36.33274391613469,1320.0682804754222
4255,strict_no_prior_iri,HistGradientBoostingRegressor,94.3,114.04108460609436,-19.74108460609436,19.74108460609436,389.7104214249758
1878,strict_no_prior_iri,HistGradientBoostingRegressor,71.5,123.04128869164215,-51.54128869164215,51.54128869164215,2656.504439995199
4739,strict_no_prior_iri,HistGradientBoostingRegressor,191.0,138.5962874682688,52.4037125317312,52.4037125317312,2746.149087108322
1530,strict_no_prior_iri,HistGradientBoostingRegressor,49.0,110.5709901885202,-61.5709901885202,61.5709901885202,3790.9868327948507
2702,strict_no_prior_iri,HistGradientBoostingRegressor,32.0,40.05616940547236,-8.05616940547236,8.05616940547236,64.90186548966888
2755,strict_no_prior_iri,HistGradientBoostingRegressor,202.0,107.5884958920992,94.4115041079008,94.4115041079008,8913.53210791617
2206,strict_no_prior_iri,HistGradientBoostingRegressor,53.0,42.99499774651953,10.00500225348047,10.00500225348047,100.10007009214928
420,strict_no_prior_iri,HistGradientBoostingRegressor,73.3,113.86137265357864,-40.561372653578644,40.561372653578644,1645.2249515424774
2540,strict_no_prior_iri,HistGradientBoostingRegressor,63.7,61.4990535316286,2.2009464683714057,2.2009464683714057,4.844165356636563
229,strict_no_prior_iri,HistGradientBoostingRegressor,65.0,55.92209315220466,9.07790684779534,9.07790684779534,82.40839273724953
4662,strict_no_prior_iri,HistGradientBoostingRegressor,70.0,78.80505365231748,-8.805053652317483,8.805053652317483,77.52896982018945
5354,strict_no_prior_iri,HistGradientBoostingRegressor,58.3,169.01883252850422,-110.71883252850422,110.71883252850422,12258.659876474965
664,strict_no_prior_iri,HistGradientBoostingRegressor,35.0,51.22440117915309,-16.22440117915309,16.22440117915309,263.23119362210423
3441,strict_no_prior_iri,HistGradientBoostingRegressor,198.5,216.5768515908528,-18.07685159085281,18.07685159085281,326.77256343771785
3476,strict_no_prior_iri,HistGradientBoostingRegressor,92.5,131.11560484127875,-38.61560484127875,38.61560484127875,1491.164937257791
2746,strict_no_prior_iri,HistGradientBoostingRegressor,92.0,61.97283049196095,30.02716950803905,30.02716950803905,901.6309086645102
5049,strict_no_prior_iri,HistGradientBoostingRegressor,60.3,54.669332420729184,5.630667579270813,5.630667579270813,31.704417388251443
1539,strict_no_prior_iri,HistGradientBoostingRegressor,48.5,55.42046913735709,-6.920469137357088,6.920469137357088,47.89289308111196
2567,strict_no_prior_iri,HistGradientBoostingRegressor,78.0,107.97320884137696,-29.97320884137696,29.97320884137696,898.3932482487979
1050,strict_no_prior_iri,HistGradientBoostingRegressor,74.9,93.40398884727581,-18.503988847275807,18.503988847275807,342.3976032601074
3506,strict_no_prior_iri,HistGradientBoostingRegressor,105.0,104.46472669307428,0.535273306925717,0.535273306925717,0.28651751310719276
3581,strict_no_prior_iri,HistGradientBoostingRegressor,272.0,96.15111471701786,175.84888528298214,175.84888528298214,30922.830455267413
5565,strict_no_prior_iri,HistGradientBoostingRegressor,101.6,67.46962349247026,34.13037650752973,34.13037650752973,1164.8826005457374
2117,strict_no_prior_iri,HistGradientBoostingRegressor,32.0,44.893367515936056,-12.893367515936056,12.893367515936056,166.2389259009951
402,strict_no_prior_iri,HistGradientBoostingRegressor,71.5,56.62284577870262,14.877154221297381,14.877154221297381,221.3297177242665
1559,strict_no_prior_iri,HistGradientBoostingRegressor,62.2,69.14220852329282,-6.94220852329282,6.94220852329282,48.19425918087947
4188,strict_no_prior_iri,HistGradientBoostingRegressor,134.5,151.02424078048017,-16.52424078048017,16.52424078048017,273.0505333712839
2440,strict_no_prior_iri,HistGradientBoostingRegressor,76.0,84.50572703869119,-8.505727038691191,8.505727038691191,72.34739245672242
586,strict_no_prior_iri,HistGradientBoostingRegressor,55.5,55.817685415946166,-0.3176854159461655,0.3176854159461655,0.10092402350488819
2271,strict_no_prior_iri,HistGradientBoostingRegressor,193.0,171.70692619159036,21.293073808409645,21.293073808409645,453.3949922103808
3572,strict_no_prior_iri,HistGradientBoostingRegressor,115.0,112.10901371811117,2.8909862818888286,2.8909862818888286,8.357801682069393
5713,strict_no_prior_iri,HistGradientBoostingRegressor,101.4,147.04141623191666,-45.64141623191665,45.64141623191665,2083.1388756550646
4153,strict_no_prior_iri,HistGradientBoostingRegressor,168.0,204.09000711726833,-36.09000711726833,36.09000711726833,1302.4886137244787
1385,strict_no_prior_iri,HistGradientBoostingRegressor,125.0,161.66894935525985,-36.668949355259855,36.668949355259855,1344.611846818612
3954,strict_no_prior_iri,HistGradientBoostingRegressor,128.0,156.7880807663009,-28.788080766300908,28.788080766300908,828.7535942070642
1330,strict_no_prior_iri,HistGradientBoostingRegressor,98.5,80.45051333688663,18.04948666311337,18.04948666311337,325.7839688019074
513,strict_no_prior_iri,HistGradientBoostingRegressor,60.8,70.3579298494297,-9.557929849429698,9.557929849429698,91.3540230066192
4135,strict_no_prior_iri,HistGradientBoostingRegressor,82.0,90.86172769255721,-8.86172769255721,8.86172769255721,78.53021769703533
4704,strict_no_prior_iri,HistGradientBoostingRegressor,130.0,120.7778651158113,9.222134884188705,9.222134884188705,85.04777182217022
833,strict_no_prior_iri,HistGradientBoostingRegressor,127.0,167.45362102128655,-40.45362102128655,40.45362102128655,1636.4954537338772
5799,strict_no_prior_iri,HistGradientBoostingRegressor,66.3,69.28114530509889,-2.9811453050988916,2.9811453050988916,8.887227330113165
1266,strict_no_prior_iri,HistGradientBoostingRegressor,51.0,54.15944543269041,-3.1594454326904113,3.1594454326904113,9.982095442148301
224,strict_no_prior_iri,HistGradientBoostingRegressor,44.0,79.60487491199122,-35.60487491199122,35.60487491199122,1267.7071174985415
4985,strict_no_prior_iri,HistGradientBoostingRegressor,112.7,88.55670452531885,24.143295474681153,24.143295474681153,582.8987163777595
635,strict_no_prior_iri,HistGradientBoostingRegressor,96.1,99.85066300201623,-3.750663002016239,3.750663002016239,14.067472954693466
4992,strict_no_prior_iri,HistGradientBoostingRegressor,48.1,79.8949397766937,-31.794939776693703,31.794939776693703,1010.9181954035794
3905,strict_no_prior_iri,HistGradientBoostingRegressor,159.0,103.43953456262864,55.56046543737136,55.56046543737136,3086.9653196173376
2593,strict_no_prior_iri,HistGradientBoostingRegressor,48.0,49.45002776930125,-1.4500277693012507,1.4500277693012507,2.102580531744761
3883,strict_no_prior_iri,HistGradientBoostingRegressor,96.2,115.2399618575921,-19.039961857592104,19.039961857592104,362.5201475385622
303,strict_no_prior_iri,HistGradientBoostingRegressor,67.5,72.05362189248083,-4.553621892480834,4.553621892480834,20.73547233968073
3527,strict_no_prior_iri,HistGradientBoostingRegressor,63.5,59.610052134728924,3.8899478652710755,3.8899478652710755,15.131694394526997
1198,strict_no_prior_iri,HistGradientBoostingRegressor,185.0,106.28065644050254,78.71934355949746,78.71934355949746,6196.735050438194
2223,strict_no_prior_iri,HistGradientBoostingRegressor,91.5,63.482209218268416,28.017790781731584,28.017790781731584,784.9966002888833
3400,strict_no_prior_iri,HistGradientBoostingRegressor,65.0,64.58771447137563,0.4122855286243663,0.4122855286243663,0.16997935711307316
484,strict_no_prior_iri,HistGradientBoostingRegressor,71.0,109.67584403065406,-38.67584403065406,38.67584403065406,1495.8209114834794
4206,strict_no_prior_iri,HistGradientBoostingRegressor,91.7,88.34288620547962,3.3571137945203873,3.3571137945203873,11.270213029359073
2197,strict_no_prior_iri,HistGradientBoostingRegressor,33.3,44.462189615536474,-11.162189615536477,11.162189615536477,124.59447701319036
2923,strict_no_prior_iri,HistGradientBoostingRegressor,79.0,63.46858287843492,15.531417121565077,15.531417121565077,241.22491780404482
4052,strict_no_prior_iri,HistGradientBoostingRegressor,74.2,101.81939529719064,-27.619395297190636,27.619395297190636,762.8309965824762
2470,strict_no_prior_iri,HistGradientBoostingRegressor,49.0,53.82258795102247,-4.82258795102247,4.82258795102247,23.257354545347106
3020,strict_no_prior_iri,HistGradientBoostingRegressor,68.0,64.29278971824004,3.7072102817599557,3.7072102817599557,13.74340807318673
2867,strict_no_prior_iri,HistGradientBoostingRegressor,56.5,79.32778240701097,-22.82778240701097,22.82778240701097,521.1076496218396
3810,strict_no_prior_iri,HistGradientBoostingRegressor,56.0,66.55646766701413,-10.556467667014132,10.556467667014132,111.4390096047148
1294,strict_no_prior_iri,HistGradientBoostingRegressor,113.0,132.99585551738883,-19.995855517388833,19.995855517388833,399.8342378722894
4319,strict_no_prior_iri,HistGradientBoostingRegressor,116.0,170.21376874858225,-54.213768748582254,54.213768748582254,2939.1327219247537
5019,strict_no_prior_iri,HistGradientBoostingRegressor,76.0,70.4290843919498,5.5709156080502,5.5709156080502,31.03510071201733
5335,strict_no_prior_iri,HistGradientBoostingRegressor,56.0,76.71422242014867,-20.714222420148673,20.714222420148673,429.07901047138995
4862,strict_no_prior_iri,HistGradientBoostingRegressor,52.1,85.06325010961609,-32.96325010961609,32.96325010961609,1086.5758577891052
4431,strict_no_prior_iri,HistGradientBoostingRegressor,198.0,145.61725615721008,52.38274384278992,52.38274384278992,2743.9518524993455
2671,strict_no_prior_iri,HistGradientBoostingRegressor,37.0,43.89335837834608,-6.893358378346079,6.893358378346079,47.518389732314084
763,strict_no_prior_iri,HistGradientBoostingRegressor,41.8,49.10569782088114,-7.305697820881143,7.305697820881143,53.37322065002748
26,strict_no_prior_iri,HistGradientBoostingRegressor,73.0,81.2717751572541,-8.271775157254098,8.271775157254098,68.42226425216604
2026,strict_no_prior_iri,HistGradientBoostingRegressor,44.5,42.238087694789314,2.2619123052106858,2.2619123052106858,5.116247276463518
4975,strict_no_prior_iri,HistGradientBoostingRegressor,66.7,81.8090572446727,-15.109057244672698,15.109057244672698,228.28361082279653
1780,strict_no_prior_iri,HistGradientBoostingRegressor,103.5,77.11670700036144,26.383292999638556,26.383292999638556,696.0781495047768
3833,strict_no_prior_iri,HistGradientBoostingRegressor,59.3,53.545940193069576,5.754059806930421,5.754059806930421,33.10920426173215
5690,strict_no_prior_iri,HistGradientBoostingRegressor,46.4,42.70513817187627,3.6948618281237273,3.6948618281237273,13.652003928925811
5722,strict_no_prior_iri,HistGradientBoostingRegressor,139.0,86.68721075022984,52.31278924977016,52.31278924977016,2736.6279190908685
3977,strict_no_prior_iri,HistGradientBoostingRegressor,55.0,57.59744202187238,-2.597442021872382,2.597442021872382,6.746705056988489
3991,strict_no_prior_iri,HistGradientBoostingRegressor,97.0,127.64804977113403,-30.648049771134026,30.648049771134026,939.3029547739085
4442,strict_no_prior_iri,HistGradientBoostingRegressor,70.0,65.75395148422665,4.246048515773353,4.246048515773353,18.028927998301093
4444,strict_no_prior_iri,HistGradientBoostingRegressor,34.2,48.056568397827135,-13.856568397827132,13.856568397827132,192.0044877636616
4839,strict_no_prior_iri,HistGradientBoostingRegressor,99.5,61.24191557409347,38.25808442590653,38.25808442590653,1463.6810239397919
2,strict_no_prior_iri,HistGradientBoostingRegressor,176.0,141.54322039495418,34.456779605045824,34.456779605045824,1187.2696607507019
3577,strict_no_prior_iri,HistGradientBoostingRegressor,56.0,84.73060463985753,-28.730604639857532,28.730604639857532,825.4476429718031
2081,strict_no_prior_iri,HistGradientBoostingRegressor,114.5,84.14234926502469,30.35765073497531,30.35765073497531,921.586958146747
4266,strict_no_prior_iri,HistGradientBoostingRegressor,134.0,132.71552055201235,1.2844794479876498,1.2844794479876498,1.6498874523026574
4047,strict_no_prior_iri,HistGradientBoostingRegressor,81.0,88.30011583960257,-7.300115839602569,7.300115839602569,53.291691271616315
3225,strict_no_prior_iri,HistGradientBoostingRegressor,59.0,61.93808613784411,-2.9380861378441097,2.9380861378441097,8.632350153391716
126,strict_no_prior_iri,HistGradientBoostingRegressor,40.3,66.41043226946272,-26.11043226946272,26.11043226946272,681.7546732982001
2139,strict_no_prior_iri,HistGradientBoostingRegressor,61.7,48.40438062898667,13.29561937101333,13.29561937101333,176.77349445886492
4461,strict_no_prior_iri,HistGradientBoostingRegressor,65.0,80.8199895032377,-15.819989503237693,15.819989503237693,250.2720678825508
4421,strict_no_prior_iri,HistGradientBoostingRegressor,105.5,82.07448937357131,23.42551062642869,23.42551062642869,548.7545481089235
2817,strict_no_prior_iri,HistGradientBoostingRegressor,53.5,54.53100655207719,-1.0310065520771872,1.0310065520771872,1.0629745104260897
4856,strict_no_prior_iri,HistGradientBoostingRegressor,155.7,98.8617776743654,56.83822232563459,56.83822232563459,3230.5835171382664
928,strict_no_prior_iri,HistGradientBoostingRegressor,85.0,150.1130104153221,-65.1130104153221,65.1130104153221,4239.704125345844
5167,strict_no_prior_iri,HistGradientBoostingRegressor,191.0,108.9827324992662,82.0172675007338,82.0172675007338,6726.832168286924
5259,strict_no_prior_iri,HistGradientBoostingRegressor,46.4,59.34670054398851,-12.946700543988513,12.946700543988513,167.61705497571245
5046,strict_no_prior_iri,HistGradientBoostingRegressor,48.0,73.72736657377006,-25.727366573770055,25.727366573770055,661.8973908211408
318,strict_no_prior_iri,HistGradientBoostingRegressor,35.0,51.333386424082484,-16.333386424082484,16.333386424082484,266.779512078402
625,strict_no_prior_iri,HistGradientBoostingRegressor,112.5,110.72419737723831,1.775802622761688,1.775802622761688,3.1534749550072902
13,strict_no_prior_iri,HistGradientBoostingRegressor,75.0,96.36107272519781,-21.361072725197815,21.361072725197815,456.29542797119
2838,strict_no_prior_iri,HistGradientBoostingRegressor,61.5,52.464817407265144,9.035182592734856,9.035182592734856,81.63452448405894
2176,strict_no_prior_iri,HistGradientBoostingRegressor,70.0,56.04533514986644,13.954664850133561,13.954664850133561,194.7326710795531
3346,strict_no_prior_iri,HistGradientBoostingRegressor,95.0,94.67295640108891,0.32704359891108936,0.32704359891108936,0.1069575155887175
5411,strict_no_prior_iri,HistGradientBoostingRegressor,43.2,51.53903639684563,-8.339036396845628,8.339036396845628,69.53952802791612
3389,strict_no_prior_iri,HistGradientBoostingRegressor,51.0,60.34538414697373,-9.345384146973728,9.345384146973728,87.33620485450788
901,strict_no_prior_iri,HistGradientBoostingRegressor,86.3,100.00895928635957,-13.708959286359573,13.708959286359573,187.93556471506437
1982,strict_no_prior_iri,HistGradientBoostingRegressor,63.0,49.43418249211653,13.565817507883473,13.565817507883473,184.03140465719775
653,strict_no_prior_iri,HistGradientBoostingRegressor,52.2,54.59306355209796,-2.3930635520979564,2.3930635520979564,5.726753164379688
874,strict_no_prior_iri,HistGradientBoostingRegressor,176.5,137.13762539843975,39.36237460156025,39.36237460156025,1549.3965342735553
5638,strict_no_prior_iri,HistGradientBoostingRegressor,111.3,122.61307787007482,-11.313077870074821,11.313077870074821,127.98573089437664
2980,strict_no_prior_iri,HistGradientBoostingRegressor,126.0,110.01638564121849,15.983614358781509,15.983614358781509,255.47592797024643
3171,strict_no_prior_iri,HistGradientBoostingRegressor,157.7,133.12394310526182,24.576056894738173,24.576056894738173,603.9825724934077
4840,strict_no_prior_iri,HistGradientBoostingRegressor,92.0,61.24191557409347,30.75808442590653,30.75808442590653,946.0597575511939
4642,strict_no_prior_iri,HistGradientBoostingRegressor,73.2,99.76426642676059,-26.564266426760582,26.564266426760582,705.6602507919195
4510,strict_no_prior_iri,HistGradientBoostingRegressor,209.2,152.5835616501183,56.61643834988169,56.61643834988169,3205.4210914259543
4300,strict_no_prior_iri,HistGradientBoostingRegressor,124.7,75.5706792718185,49.1293207281815,49.1293207281815,2413.690155212524
4742,strict_no_prior_iri,HistGradientBoostingRegressor,76.5,55.76645658988552,20.73354341011448,20.73354341011448,429.8798223391015
1489,strict_no_prior_iri,HistGradientBoostingRegressor,96.0,117.58979829300299,-21.589798293002985,21.589798293002985,466.11939033255464
4306,strict_no_prior_iri,HistGradientBoostingRegressor,38.2,64.54410343540133,-26.344103435401323,26.344103435401323,694.0117858151237
4974,strict_no_prior_iri,HistGradientBoostingRegressor,64.5,77.2960330068867,-12.796033006886702,12.796033006886702,163.73846071333395
1138,strict_no_prior_iri,HistGradientBoostingRegressor,47.6,44.296292718855696,3.3037072811443053,3.3037072811443053,10.914481799485898
5145,strict_no_prior_iri,HistGradientBoostingRegressor,137.2,153.3015921451486,-16.1015921451486,16.1015921451486,259.26126960871113
1194,strict_no_prior_iri,HistGradientBoostingRegressor,37.0,101.32169495886924,-64.32169495886924,64.32169495886924,4137.280442381825
95,strict_no_prior_iri,HistGradientBoostingRegressor,37.2,46.80808237027097,-9.608082370270964,9.608082370270964,92.3152468339117
2539,strict_no_prior_iri,HistGradientBoostingRegressor,61.8,61.4990535316286,0.30094646837140004,0.30094646837140004,0.09056877682521809
3110,strict_no_prior_iri,HistGradientBoostingRegressor,69.0,56.5009000936995,12.4990999063005,12.4990999063005,156.2274984676812
1654,strict_no_prior_iri,HistGradientBoostingRegressor,53.8,55.51899607359735,-1.7189960735973528,1.7189960735973528,2.9549475010431157
4931,strict_no_prior_iri,HistGradientBoostingRegressor,145.0,82.01562748151412,62.984372518485884,62.984372518485884,3967.0311815473997
5738,strict_no_prior_iri,HistGradientBoostingRegressor,45.6,75.74783193752636,-30.147831937526355,30.147831937526355,908.8917705333341
5132,strict_no_prior_iri,HistGradientBoostingRegressor,146.0,113.98813809123538,32.011861908764615,32.011861908764615,1024.759302865815
4270,strict_no_prior_iri,HistGradientBoostingRegressor,71.8,99.56020627378163,-27.760206273781634,27.760206273781634,770.6290523629052
5503,strict_no_prior_iri,HistGradientBoostingRegressor,46.0,82.44878607332916,-36.44878607332916,36.44878607332916,1328.5140062193136
5066,strict_no_prior_iri,HistGradientBoostingRegressor,56.5,61.82076066216845,-5.320760662168453,5.320760662168453,28.31049402407928
5037,strict_no_prior_iri,HistGradientBoostingRegressor,72.4,91.22034917353115,-18.82034917353114,18.82034917353114,354.2055430136343
537,strict_no_prior_iri,HistGradientBoostingRegressor,54.8,84.49763160388957,-29.697631603889576,29.697631603889576,881.9493228803409
3915,strict_no_prior_iri,HistGradientBoostingRegressor,54.0,79.22391217610131,-25.223912176101308,25.223912176101308,636.2457454676718
335,strict_no_prior_iri,HistGradientBoostingRegressor,63.5,75.59558042199873,-12.095580421998733,12.095580421998733,146.30306574503905
1141,strict_no_prior_iri,HistGradientBoostingRegressor,39.1,43.352850729309694,-4.252850729309692,4.252850729309692,18.08673932578998
4701,strict_no_prior_iri,HistGradientBoostingRegressor,168.0,109.41864507801668,58.58135492198332,58.58135492198332,3431.775144495379
2731,strict_no_prior_iri,HistGradientBoostingRegressor,56.5,50.94942877306269,5.550571226937308,5.550571226937308,30.80884094530433
1687,strict_no_prior_iri,HistGradientBoostingRegressor,132.0,121.40736758938952,10.592632410610477,10.592632410610477,112.20386138631552
2833,strict_no_prior_iri,HistGradientBoostingRegressor,50.2,54.28097493329521,-4.080974933295209,4.080974933295209,16.65435640618384
4286,strict_no_prior_iri,HistGradientBoostingRegressor,63.0,64.40504877600311,-1.4050487760031132,1.4050487760031132,1.9741620629478465
3850,strict_no_prior_iri,HistGradientBoostingRegressor,119.0,121.95731958536432,-2.957319585364317,2.957319585364317,8.745739129979377
4012,strict_no_prior_iri,HistGradientBoostingRegressor,86.0,90.4424931501321,-4.442493150132094,4.442493150132094,19.735745388970578
923,strict_no_prior_iri,HistGradientBoostingRegressor,57.3,71.13401063192023,-13.834010631920236,13.834010631920236,191.37985016408214
3683,strict_no_prior_iri,HistGradientBoostingRegressor,133.0,110.84686516372504,22.15313483627496,22.15313483627496,490.76138307417915
4022,strict_no_prior_iri,HistGradientBoostingRegressor,52.3,64.2190936502254,-11.919093650225406,11.919093650225406,142.0647934428436
1171,strict_no_prior_iri,HistGradientBoostingRegressor,39.7,40.48323253716581,-0.7832325371658087,0.7832325371658087,0.6134532072751898
627,strict_no_prior_iri,HistGradientBoostingRegressor,70.9,77.21537060255775,-6.315370602557749,6.315370602557749,39.88390584765063
5643,strict_no_prior_iri,HistGradientBoostingRegressor,187.3,105.35228321121463,81.94771678878539,81.94771678878539,6715.428286894978
3412,strict_no_prior_iri,HistGradientBoostingRegressor,51.5,43.83150002844883,7.668499971551171,7.668499971551171,58.805891813680304
4046,strict_no_prior_iri,HistGradientBoostingRegressor,53.0,91.62193515592638,-38.62193515592638,38.62193515592638,1491.653875188582
5571,strict_no_prior_iri,HistGradientBoostingRegressor,81.8,73.10500953384661,8.694990466153385,8.694990466153385,75.60285920649827
2522,strict_no_prior_iri,HistGradientBoostingRegressor,38.0,45.590075821294526,-7.590075821294526,7.590075821294526,57.609250972999774
912,strict_no_prior_iri,HistGradientBoostingRegressor,142.0,90.57287858215172,51.427121417848284,51.427121417848284,2644.7488173261095
2890,strict_no_prior_iri,HistGradientBoostingRegressor,35.0,54.36651186152418,-19.36651186152418,19.36651186152418,375.0617816825568
2245,strict_no_prior_iri,HistGradientBoostingRegressor,44.0,67.61758011851454,-23.61758011851454,23.61758011851454,557.7900906544533
5283,strict_no_prior_iri,HistGradientBoostingRegressor,84.1,60.45591825932836,23.644081740671638,23.644081740671638,559.0426013595619
3907,strict_no_prior_iri,HistGradientBoostingRegressor,129.6,146.7942649239998,-17.19426492399981,17.19426492399981,295.6427462766902
957,strict_no_prior_iri,HistGradientBoostingRegressor,66.0,65.27837811239137,0.7216218876086344,0.7216218876086344,0.5207381486758487
3673,strict_no_prior_iri,HistGradientBoostingRegressor,60.0,91.89816231195731,-31.898162311957307,31.898162311957307,1017.4927588799735
4479,strict_no_prior_iri,HistGradientBoostingRegressor,91.0,94.70653471871334,-3.7065347187133426,3.7065347187133426,13.738399621027398
3308,strict_no_prior_iri,HistGradientBoostingRegressor,124.0,118.1435590361191,5.8564409638809,5.8564409638809,34.29790076342224
5225,strict_no_prior_iri,HistGradientBoostingRegressor,75.3,69.60435919502021,5.695640804979789,5.695640804979789,32.44032417935082
993,strict_no_prior_iri,HistGradientBoostingRegressor,143.0,92.79792518865827,50.20207481134173,50.20207481134173,2520.248315363552
875,strict_no_prior_iri,HistGradientBoostingRegressor,98.8,106.19111021098642,-7.391110210986426,7.391110210986426,54.62851015094781
5166,strict_no_prior_iri,HistGradientBoostingRegressor,99.0,71.46495644889109,27.535043551108913,27.535043551108913,758.1786233614646
4163,strict_no_prior_iri,HistGradientBoostingRegressor,96.0,99.25825773057089,-3.2582577305708895,3.2582577305708895,10.616243438824963
998,strict_no_prior_iri,HistGradientBoostingRegressor,57.1,65.99481731678897,-8.894817316788966,8.894817316788966,79.11777509904887
818,strict_no_prior_iri,HistGradientBoostingRegressor,73.0,75.26599762068042,-2.265997620680423,2.265997620680423,5.134745216929339
4184,strict_no_prior_iri,HistGradientBoostingRegressor,140.3,142.68470294992912,-2.384702949929107,2.384702949929107,5.686808159400584
3704,strict_no_prior_iri,HistGradientBoostingRegressor,221.0,155.34590929483377,65.65409070516623,65.65409070516623,4310.459626322194
2457,strict_no_prior_iri,HistGradientBoostingRegressor,42.0,50.2939084905798,-8.293908490579803,8.293908490579803,68.78891805011175
906,strict_no_prior_iri,HistGradientBoostingRegressor,115.0,107.92705180216393,7.0729481978360695,7.0729481978360695,50.026596209272505
5486,strict_no_prior_iri,HistGradientBoostingRegressor,58.5,73.27044879065123,-14.77044879065123,14.77044879065123,218.16615747725038
5202,strict_no_prior_iri,HistGradientBoostingRegressor,98.6,144.5893984464682,-45.989398446468215,45.989398446468215,2115.024769468013
2446,strict_no_prior_iri,HistGradientBoostingRegressor,47.0,52.53294416036119,-5.53294416036119,5.53294416036119,30.61347108167499
1210,strict_no_prior_iri,HistGradientBoostingRegressor,68.0,57.78182516394053,10.218174836059468,10.218174836059468,104.41109698027894
4071,strict_no_prior_iri,HistGradientBoostingRegressor,92.0,120.98062700443035,-28.980627004430346,28.980627004430346,839.8767415699174
2302,strict_no_prior_iri,HistGradientBoostingRegressor,37.5,48.519432232281936,-11.019432232281936,11.019432232281936,121.42788672185405
238,strict_no_prior_iri,HistGradientBoostingRegressor,70.0,109.7447193847625,-39.744719384762504,39.744719384762504,1579.6427189735164
5403,strict_no_prior_iri,HistGradientBoostingRegressor,45.7,59.27835982955583,-13.57835982955583,13.57835982955583,184.37185566089542
1964,strict_no_prior_iri,HistGradientBoostingRegressor,39.0,48.44927055490378,-9.449270554903777,9.449270554903777,89.28871401977152
4801,strict_no_prior_iri,HistGradientBoostingRegressor,137.0,112.17348056296532,24.826519437034676,24.826519437034676,616.3560673574606
1667,strict_no_prior_iri,HistGradientBoostingRegressor,103.7,139.66600731625263,-35.96600731625263,35.96600731625263,1293.5536822727377
93,strict_no_prior_iri,HistGradientBoostingRegressor,41.7,43.90321068020619,-2.2032106802061904,2.2032106802061904,4.8541373013746245
2546,strict_no_prior_iri,HistGradientBoostingRegressor,69.5,58.80222354795698,10.697776452043023,10.697776452043023,114.4424210178862
177,strict_no_prior_iri,HistGradientBoostingRegressor,54.2,69.32965708797136,-15.129657087971353,15.129657087971353,228.9065235996018
412,strict_no_prior_iri,HistGradientBoostingRegressor,144.0,114.1024430921439,29.8975569078561,29.8975569078561,893.863909058494
3152,strict_no_prior_iri,HistGradientBoostingRegressor,79.7,77.89425559422686,1.8057444057731402,1.8057444057731402,3.260712858980991
5691,strict_no_prior_iri,HistGradientBoostingRegressor,49.0,41.43813067965521,7.56186932034479,7.56186932034479,57.18186761797178
2999,strict_no_prior_iri,HistGradientBoostingRegressor,32.5,49.67538982290427,-17.175389822904272,17.175389822904272,294.9940155687236
792,strict_no_prior_iri,HistGradientBoostingRegressor,52.0,53.62061616111674,-1.6206161611167431,1.6206161611167431,2.6263967416727696
1935,strict_no_prior_iri,HistGradientBoostingRegressor,41.0,67.11390666743482,-26.11390666743482,26.11390666743482,681.9361214354967
5329,strict_no_prior_iri,HistGradientBoostingRegressor,84.2,96.85114390569707,-12.651143905697069,12.651143905697069,160.05144212265608
4453,strict_no_prior_iri,HistGradientBoostingRegressor,55.0,81.9696527638275,-26.969652763827497,26.969652763827497,727.3621702014282
4620,strict_no_prior_iri,HistGradientBoostingRegressor,98.0,115.25889077726728,-17.258890777267283,17.258890777267283,297.8693108616417
852,strict_no_prior_iri,HistGradientBoostingRegressor,71.3,81.22595624672438,-9.925956246724382,9.925956246724382,98.52460741188679
5060,strict_no_prior_iri,HistGradientBoostingRegressor,51.1,49.82225157323435,1.2777484267656547,1.2777484267656547,1.6326410421021056
2007,strict_no_prior_iri,HistGradientBoostingRegressor,47.0,47.42858841763119,-0.4285884176311896,0.4285884176311896,0.183688031727607
4263,strict_no_prior_iri,HistGradientBoostingRegressor,177.0,158.75443829333412,18.24556170666588,18.24556170666588,332.9005219917524
5133,strict_no_prior_iri,HistGradientBoostingRegressor,130.0,128.94178134557154,1.0582186544284582,1.0582186544284582,1.1198267205803767
3335,strict_no_prior_iri,HistGradientBoostingRegressor,42.6,42.241702151820775,0.3582978481792267,0.3582978481792267,0.1283773480098642
3052,strict_no_prior_iri,HistGradientBoostingRegressor,104.0,70.74305269731455,33.25694730268545,33.25694730268545,1106.0245438935967
1438,strict_no_prior_iri,HistGradientBoostingRegressor,171.0,148.66641698476045,22.333583015239554,22.333583015239554,498.7889302985967
5491,strict_no_prior_iri,HistGradientBoostingRegressor,76.7,120.51204006621299,-43.81204006621299,43.81204006621299,1919.494854763452
3782,strict_no_prior_iri,HistGradientBoostingRegressor,77.7,83.1074126003942,-5.407412600394196,5.407412600394196,29.240111030901915
4754,strict_no_prior_iri,HistGradientBoostingRegressor,121.0,60.87737817817642,60.12262182182358,60.12262182182358,3614.7296547300166
3553,strict_no_prior_iri,HistGradientBoostingRegressor,61.0,61.68860112888729,-0.6886011288872922,0.6886011288872922,0.4741715147048532
585,strict_no_prior_iri,HistGradientBoostingRegressor,67.6,59.642533878898256,7.957466121101739,7.957466121101739,63.32126706848195
3666,strict_no_prior_iri,HistGradientBoostingRegressor,82.0,121.35030425728293,-39.35030425728293,39.35030425728293,1548.446445140739
3030,strict_no_prior_iri,HistGradientBoostingRegressor,43.0,52.52175272524376,-9.521752725243758,9.521752725243758,90.66377496068692
3232,strict_no_prior_iri,HistGradientBoostingRegressor,50.4,75.14007066108991,-24.74007066108991,24.74007066108991,612.0710963157217
1153,strict_no_prior_iri,HistGradientBoostingRegressor,107.2,104.60096132997438,2.599038670025621,2.599038670025621,6.755002008288549
3674,strict_no_prior_iri,HistGradientBoostingRegressor,74.7,71.31724025488371,3.3827597451162887,3.3827597451162887,11.443063493179219
1451,strict_no_prior_iri,HistGradientBoostingRegressor,74.0,116.50162357311743,-42.50162357311743,42.50162357311743,1806.388006350971
5191,strict_no_prior_iri,HistGradientBoostingRegressor,102.0,111.73523890955687,-9.73523890955687,9.73523890955687,94.77487662615003
718,strict_no_prior_iri,HistGradientBoostingRegressor,56.7,51.913320442056666,4.786679557943337,4.786679557943337,22.912301190432622
3107,strict_no_prior_iri,HistGradientBoostingRegressor,123.0,70.16310583732354,52.83689416267646,52.83689416267646,2791.7373847578738
3570,strict_no_prior_iri,HistGradientBoostingRegressor,57.5,59.50074034888687,-2.000740348886872,2.000740348886872,4.002961943663961
2370,strict_no_prior_iri,HistGradientBoostingRegressor,77.5,55.600745983842145,21.899254016157855,21.899254016157855,479.5773264642059
3204,strict_no_prior_iri,HistGradientBoostingRegressor,82.7,95.23089999709703,-12.530899997097023,12.530899997097023,157.02345473724617
1663,strict_no_prior_iri,HistGradientBoostingRegressor,121.5,132.95838608726135,-11.458386087261346,11.458386087261346,131.29461172474436
3392,strict_no_prior_iri,HistGradientBoostingRegressor,105.0,71.18520933410053,33.814790665899466,33.814790665899466,1143.4400677786016
5597,strict_no_prior_iri,HistGradientBoostingRegressor,71.6,66.22432233330927,5.37567766669072,5.37567766669072,28.897910376157384
5739,strict_no_prior_iri,HistGradientBoostingRegressor,81.0,76.00588078628171,4.994119213718292,4.994119213718292,24.941226720830215
2145,strict_no_prior_iri,HistGradientBoostingRegressor,50.0,47.65968059975147,2.340319400248532,2.340319400248532,5.477094895179649
4154,strict_no_prior_iri,HistGradientBoostingRegressor,178.0,185.83725568615256,-7.8372556861525595,7.8372556861525595,61.422576690130626
2052,strict_no_prior_iri,HistGradientBoostingRegressor,33.0,42.782984664088595,-9.782984664088595,9.782984664088595,95.70678893779264
2336,strict_no_prior_iri,HistGradientBoostingRegressor,49.2,52.17082337545192,-2.970823375451914,2.970823375451914,8.825791528131505
2142,strict_no_prior_iri,HistGradientBoostingRegressor,50.3,47.65968059975147,2.6403194002485293,2.6403194002485293,6.971286535328753
4774,strict_no_prior_iri,HistGradientBoostingRegressor,104.5,68.264195424026,36.235804575974,36.235804575974,1313.0335332681784
946,strict_no_prior_iri,HistGradientBoostingRegressor,65.8,104.62630179980442,-38.826301799804426,38.826301799804426,1507.4817114494965
341,strict_no_prior_iri,HistGradientBoostingRegressor,79.8,80.96939780582112,-1.16939780582112,1.16939780582112,1.36749122825925
1148,strict_no_prior_iri,HistGradientBoostingRegressor,60.4,84.40719409757948,-24.00719409757948,24.00719409757948,576.345368438855
5195,strict_no_prior_iri,HistGradientBoostingRegressor,198.0,138.19325937959493,59.806740620405066,59.806740620405066,3576.8462236364094
1511,strict_no_prior_iri,HistGradientBoostingRegressor,84.8,104.3899938308138,-19.589993830813796,19.589993830813796,383.76785829132257
5137,strict_no_prior_iri,HistGradientBoostingRegressor,119.4,121.03738567316152,-1.6373856731615177,1.6373856731615177,2.6810318426745967
5683,strict_no_prior_iri,HistGradientBoostingRegressor,85.0,103.71788718876553,-18.71788718876553,18.71788718876553,350.3593008113528
893,strict_no_prior_iri,HistGradientBoostingRegressor,202.8,104.59477731301688,98.20522268698313,98.20522268698313,9644.265762999947
567,strict_no_prior_iri,HistGradientBoostingRegressor,44.0,49.21445241307924,-5.214452413079243,5.214452413079243,27.190513968267943
5509,strict_no_prior_iri,HistGradientBoostingRegressor,91.0,71.73388141681194,19.26611858318806,19.26611858318806,371.1833252614643
342,strict_no_prior_iri,HistGradientBoostingRegressor,70.2,82.34333138645343,-12.143331386453426,12.143331386453426,147.46049716122488
5521,strict_no_prior_iri,HistGradientBoostingRegressor,38.0,51.8802861225991,-13.880286122599102,13.880286122599102,192.6623428452172
2662,strict_no_prior_iri,HistGradientBoostingRegressor,35.5,45.43503296035087,-9.935032960350867,9.935032960350867,98.7048799232581
136,strict_no_prior_iri,HistGradientBoostingRegressor,35.4,56.139887791808235,-20.739887791808236,20.739887791808236,430.14294561679634
1532,strict_no_prior_iri,HistGradientBoostingRegressor,106.0,136.5556575314476,-30.555657531447594,30.555657531447594,933.64820717911
2482,strict_no_prior_iri,HistGradientBoostingRegressor,51.0,68.88323409478491,-17.88323409478491,17.88323409478491,319.81006168887745
5342,strict_no_prior_iri,HistGradientBoostingRegressor,53.4,108.54656773898758,-55.14656773898758,55.14656773898758,3041.1439333907456
4966,strict_no_prior_iri,HistGradientBoostingRegressor,67.4,64.47464074695667,2.9253592530433394,2.9253592530433394,8.557726759366284
1891,strict_no_prior_iri,HistGradientBoostingRegressor,52.0,51.09883237339972,0.9011676266002766,0.9011676266002766,0.8121030912323756
4606,strict_no_prior_iri,HistGradientBoostingRegressor,124.5,83.08395406350084,41.41604593649916,41.41604593649916,1715.2888610142086
2499,strict_no_prior_iri,HistGradientBoostingRegressor,34.5,52.38942907294808,-17.889429072948083,17.889429072948083,320.0316725560401
614,strict_no_prior_iri,HistGradientBoostingRegressor,88.8,61.121797000780546,27.67820299921945,27.67820299921945,766.0829212660007
5546,strict_no_prior_iri,HistGradientBoostingRegressor,70.7,84.115661880962,-13.415661880961991,13.415661880961991,179.97998370429664
5207,strict_no_prior_iri,HistGradientBoostingRegressor,92.6,120.53150188805617,-27.931501888056175,27.931501888056175,780.1687977224857
1146,strict_no_prior_iri,HistGradientBoostingRegressor,59.0,85.34477091254433,-26.344770912544334,26.344770912544334,694.046954434442
4984,strict_no_prior_iri,HistGradientBoostingRegressor,114.0,84.2099113653109,29.7900886346891,29.7900886346891,887.4493808626326
2854,strict_no_prior_iri,HistGradientBoostingRegressor,50.0,50.18489869675544,-0.18489869675543957,0.18489869675543957,0.03418752806186
5676,strict_no_prior_iri,HistGradientBoostingRegressor,60.0,88.87411626335778,-28.874116263357777,28.874116263357777,833.714589989902
3806,strict_no_prior_iri,HistGradientBoostingRegressor,138.5,107.85526951502446,30.64473048497554,30.64473048497554,939.0995064967892
5747,strict_no_prior_iri,HistGradientBoostingRegressor,53.0,72.34685326994462,-19.346853269944617,19.346853269944617,374.3007314487667
4832,strict_no_prior_iri,HistGradientBoostingRegressor,66.0,56.14962454759024,9.850375452409757,9.850375452409757,97.02989655343673
920,strict_no_prior_iri,HistGradientBoostingRegressor,76.5,71.4618753228025,5.0381246771975015,5.0381246771975015,25.38270026298643
2462,strict_no_prior_iri,HistGradientBoostingRegressor,50.5,46.20431046319853,4.2956895368014685,4.2956895368014685,18.452948596585614
1919,strict_no_prior_iri,HistGradientBoostingRegressor,93.0,102.47759378717913,-9.477593787179131,9.477593787179131,89.82478399477647
1076,strict_no_prior_iri,HistGradientBoostingRegressor,113.0,76.41479171207973,36.58520828792027,36.58520828792027,1338.4774654705097
5633,strict_no_prior_iri,HistGradientBoostingRegressor,147.0,94.68798214442745,52.31201785557255,52.31201785557255,2736.5472121217413
2428,strict_no_prior_iri,HistGradientBoostingRegressor,36.0,52.20212475122082,-16.202124751220822,16.202124751220822,262.50884645412236
2391,strict_no_prior_iri,HistGradientBoostingRegressor,66.5,57.67765183471245,8.82234816528755,8.82234816528755,77.8338271495526
5416,strict_no_prior_iri,HistGradientBoostingRegressor,73.0,69.61649391215634,3.3835060878436565,3.3835060878436565,11.448113446475086
3364,strict_no_prior_iri,HistGradientBoostingRegressor,140.0,129.79663758946552,10.203362410534481,10.203362410534481,104.10860448070802
4733,strict_no_prior_iri,HistGradientBoostingRegressor,86.0,96.7123070260642,-10.712307026064195,10.712307026064195,114.75352182066432
2873,strict_no_prior_iri,HistGradientBoostingRegressor,36.0,51.98787662057948,-15.987876620579478,15.987876620579478,255.61219883487186
4490,strict_no_prior_iri,HistGradientBoostingRegressor,298.5,156.46154916187544,142.03845083812456,142.03845083812456,20174.921516494327
3439,strict_no_prior_iri,HistGradientBoostingRegressor,155.2,96.58915827143731,58.610841728562676,58.610841728562676,3435.230768130624
5544,strict_no_prior_iri,HistGradientBoostingRegressor,82.9,85.3276298788467,-2.4276298788466875,2.4276298788466875,5.893386828669183
2876,strict_no_prior_iri,HistGradientBoostingRegressor,41.0,52.07861949702256,-11.078619497022558,11.078619497022558,122.73580995980835
5355,strict_no_prior_iri,HistGradientBoostingRegressor,71.5,99.48469032984802,-27.98469032984802,27.98469032984802,783.1428928574894
415,strict_no_prior_iri,HistGradientBoostingRegressor,119.5,103.7274907150936,15.772509284906405,15.772509284906405,248.77204914245877
4155,strict_no_prior_iri,HistGradientBoostingRegressor,45.0,93.59201935389171,-48.592019353891715,48.592019353891715,2361.184344888987
1815,strict_no_prior_iri,HistGradientBoostingRegressor,50.5,49.87816801247354,0.6218319875264626,0.6218319875264626,0.38667502071111076
2368,strict_no_prior_iri,HistGradientBoostingRegressor,55.4,99.16318106937605,-43.76318106937605,43.76318106937605,1915.2160173109944
3747,strict_no_prior_iri,HistGradientBoostingRegressor,33.6,51.83527496534241,-18.235274965342406,18.235274965342406,332.52525306164347
5796,strict_no_prior_iri,HistGradientBoostingRegressor,125.9,81.2499427923559,44.65005720764411,44.65005720764411,1993.6276086458918
1798,strict_no_prior_iri,HistGradientBoostingRegressor,189.0,151.98557589682605,37.01442410317395,37.01442410317395,1370.0675916896248
90,strict_no_prior_iri,HistGradientBoostingRegressor,35.9,44.966428239895876,-9.066428239895878,9.066428239895878,82.20012102918146
3302,strict_no_prior_iri,HistGradientBoostingRegressor,45.0,63.05330053386532,-18.05330053386532,18.05330053386532,325.92166016606177
2962,strict_no_prior_iri,HistGradientBoostingRegressor,61.3,86.0985410683603,-24.798541068360308,24.798541068360308,614.9676391191528
4543,strict_no_prior_iri,HistGradientBoostingRegressor,80.0,64.45465333882564,15.545346661174364,15.545346661174364,241.65780281608494
659,strict_no_prior_iri,HistGradientBoostingRegressor,43.9,54.3504794146862,-10.4504794146862,10.4504794146862,109.21251999678002
5720,strict_no_prior_iri,HistGradientBoostingRegressor,191.5,153.6255059615306,37.87449403846941,37.87449403846941,1434.4772986700548
1019,strict_no_prior_iri,HistGradientBoostingRegressor,44.0,95.68550584838545,-51.685505848385446,51.685505848385446,2671.391514803486
2167,strict_no_prior_iri,HistGradientBoostingRegressor,35.5,44.735870312500595,-9.235870312500595,9.235870312500595,85.30130042932983
584,strict_no_prior_iri,HistGradientBoostingRegressor,42.0,83.6719335233417,-41.67193352334171,41.67193352334171,1736.5500435738104
5499,strict_no_prior_iri,HistGradientBoostingRegressor,79.5,69.31802866784392,10.181971332156081,10.181971332156081,103.67254020884829
2467,strict_no_prior_iri,HistGradientBoostingRegressor,98.0,120.77541440771128,-22.77541440771128,22.77541440771128,518.7195014429826
5143,strict_no_prior_iri,HistGradientBoostingRegressor,189.3,167.93070504437736,21.36929495562265,21.36929495562265,456.6467669003996
3855,strict_no_prior_iri,HistGradientBoostingRegressor,113.0,114.85340185022886,-1.8534018502288632,1.8534018502288632,3.435098418431773
493,strict_no_prior_iri,HistGradientBoostingRegressor,62.0,56.98050250941503,5.019497490584968,5.019497490584968,25.195355057988788
5246,strict_no_prior_iri,HistGradientBoostingRegressor,37.2,40.93577261860873,-3.7357726186087277,3.7357726186087277,13.95599705794671
2846,strict_no_prior_iri,HistGradientBoostingRegressor,53.0,49.20609497125319,3.7939050287468135,3.7939050287468135,14.39371536715036
4405,strict_no_prior_iri,HistGradientBoostingRegressor,115.0,150.423485094415,-35.423485094415014,35.423485094415014,1254.8232962342427
1869,strict_no_prior_iri,HistGradientBoostingRegressor,54.0,70.11895865357624,-16.118958653576243,16.118958653576243,259.82082807570043
1119,strict_no_prior_iri,HistGradientBoostingRegressor,53.0,80.28544940700353,-27.285449407003526,27.285449407003526,744.4957493421491
2855,strict_no_prior_iri,HistGradientBoostingRegressor,50.0,50.18489869675544,-0.18489869675543957,0.18489869675543957,0.03418752806186
2484,strict_no_prior_iri,HistGradientBoostingRegressor,166.0,61.93581769913271,104.06418230086729,104.06418230086729,10829.35403794814
221,strict_no_prior_iri,HistGradientBoostingRegressor,48.5,76.92338595001222,-28.423385950012218,28.423385950012218,807.888868863352
2528,strict_no_prior_iri,HistGradientBoostingRegressor,30.5,44.291445805150914,-13.791445805150914,13.791445805150914,190.20397739641476
4587,strict_no_prior_iri,HistGradientBoostingRegressor,181.0,123.80554413904298,57.19445586095702,57.19445586095702,3271.205781230961
1423,strict_no_prior_iri,HistGradientBoostingRegressor,110.2,81.20003103645014,28.99996896354986,28.99996896354986,840.9981998868552
2981,strict_no_prior_iri,HistGradientBoostingRegressor,263.8,154.82110338513579,108.97889661486423,108.97889661486423,11876.399907393265
4208,strict_no_prior_iri,HistGradientBoostingRegressor,92.5,94.09018200136833,-1.5901820013683334,1.5901820013683334,2.5286787974757985
