row_id,feature_set,model_name,y_true,y_pred,residual,absolute_error,squared_error
4137,strict_no_prior_iri,ExtraTreesRegressor,67.2,57.82112570346321,9.378874296536793,9.378874296536793,87.96328307023852
1393,strict_no_prior_iri,ExtraTreesRegressor,119.0,121.65238333333335,-2.652383333333347,2.652383333333347,7.035137346944517
1802,strict_no_prior_iri,ExtraTreesRegressor,86.7,73.62606666666667,13.07393333333333,13.07393333333333,170.92773280444433
2552,strict_no_prior_iri,ExtraTreesRegressor,68.0,95.07412500000001,-27.07412500000001,27.07412500000001,733.0082445156255
1606,strict_no_prior_iri,ExtraTreesRegressor,87.0,94.18786028138521,-7.187860281385213,7.187860281385213,51.66533542471511
1420,strict_no_prior_iri,ExtraTreesRegressor,72.8,122.17413333333336,-49.37413333333336,49.37413333333336,2437.8050424177804
17,strict_no_prior_iri,ExtraTreesRegressor,87.0,105.10637499999997,-18.10637499999997,18.10637499999997,327.840815640624
3749,strict_no_prior_iri,ExtraTreesRegressor,35.0,62.951991666666736,-27.951991666666736,27.951991666666736,781.3138381334066
3909,strict_no_prior_iri,ExtraTreesRegressor,164.0,189.8837500000001,-25.883750000000106,25.883750000000106,669.9685140625055
3840,strict_no_prior_iri,ExtraTreesRegressor,69.2,96.22496510988998,-27.024965109889976,27.024965109889976,730.3487391907705
2562,strict_no_prior_iri,ExtraTreesRegressor,160.4,105.63820833333335,54.76179166666665,54.76179166666665,2998.8538265434013
2356,strict_no_prior_iri,ExtraTreesRegressor,257.0,104.00912500000008,152.9908749999999,152.9908749999999,23406.207833265595
4899,strict_no_prior_iri,ExtraTreesRegressor,117.3,96.00525000000002,21.29474999999998,21.29474999999998,453.46637756249913
2317,strict_no_prior_iri,ExtraTreesRegressor,55.0,57.35795961538471,-2.3579596153847078,2.3579596153847078,5.559973547785199
4567,strict_no_prior_iri,ExtraTreesRegressor,136.3,100.16354166666666,36.13645833333335,36.13645833333335,1305.8436208767373
4594,strict_no_prior_iri,ExtraTreesRegressor,55.0,64.83804166666665,-9.838041666666655,9.838041666666655,96.7870638350692
4976,strict_no_prior_iri,ExtraTreesRegressor,44.5,85.2576208333333,-40.757620833333306,40.757620833333306,1661.1836559937651
619,strict_no_prior_iri,ExtraTreesRegressor,63.2,64.58696666666668,-1.3869666666666802,1.3869666666666802,1.9236765344444822
824,strict_no_prior_iri,ExtraTreesRegressor,58.7,77.1509916666667,-18.450991666666695,18.450991666666695,340.43909348340384
3255,strict_no_prior_iri,ExtraTreesRegressor,181.3,96.31572023809525,84.98427976190476,84.98427976190476,7222.327806649695
2413,strict_no_prior_iri,ExtraTreesRegressor,62.0,124.37929166666675,-62.379291666666745,62.379291666666745,3891.1760288350793
307,strict_no_prior_iri,ExtraTreesRegressor,126.0,106.49870833333333,19.501291666666674,19.501291666666674,380.3003766684031
847,strict_no_prior_iri,ExtraTreesRegressor,64.5,69.39826666666666,-4.898266666666657,4.898266666666657,23.993016337777686
864,strict_no_prior_iri,ExtraTreesRegressor,80.7,75.33844656084659,5.361553439153411,5.361553439153411,28.74625528089777
4578,strict_no_prior_iri,ExtraTreesRegressor,56.8,61.85989999999993,-5.059899999999935,5.059899999999935,25.60258800999934
483,strict_no_prior_iri,ExtraTreesRegressor,65.1,76.79050000000001,-11.690500000000014,11.690500000000014,136.66779025000034
4217,strict_no_prior_iri,ExtraTreesRegressor,77.0,116.99129166666664,-39.99129166666664,39.99129166666664,1599.3034091684008
5299,strict_no_prior_iri,ExtraTreesRegressor,35.2,60.67611309523805,-25.47611309523805,25.47611309523805,649.0323384413596
2454,strict_no_prior_iri,ExtraTreesRegressor,57.0,49.40932043650794,7.59067956349206,7.59067956349206,57.61841623561601
3238,strict_no_prior_iri,ExtraTreesRegressor,108.0,114.08984166666669,-6.089841666666686,6.089841666666686,37.08617152506968
2621,strict_no_prior_iri,ExtraTreesRegressor,108.0,213.42508333333342,-105.42508333333342,105.42508333333342,11114.448195840296
5174,strict_no_prior_iri,ExtraTreesRegressor,142.7,135.99618333333345,6.70381666666654,6.70381666666654,44.94115790027608
2736,strict_no_prior_iri,ExtraTreesRegressor,69.0,48.684683279220735,20.315316720779265,20.315316720779265,412.71209346557356
2367,strict_no_prior_iri,ExtraTreesRegressor,159.0,151.6553749999999,7.344625000000093,7.344625000000093,53.943516390626364
1785,strict_no_prior_iri,ExtraTreesRegressor,108.0,117.70600147058822,-9.70600147058822,9.70600147058822,94.20646454706068
1116,strict_no_prior_iri,ExtraTreesRegressor,65.0,98.94766666666668,-33.94766666666668,33.94766666666668,1152.4440721111118
1952,strict_no_prior_iri,ExtraTreesRegressor,120.5,172.4936585858586,-51.99365858585861,51.99365858585861,2703.340533142829
2619,strict_no_prior_iri,ExtraTreesRegressor,121.0,116.38790833333339,4.612091666666615,4.612091666666615,21.271389541735633
4848,strict_no_prior_iri,ExtraTreesRegressor,88.0,127.71496874999995,-39.714968749999954,39.714968749999954,1577.278742813473
1382,strict_no_prior_iri,ExtraTreesRegressor,39.9,119.52158333333333,-79.62158333333332,79.62158333333332,6339.596532506942
789,strict_no_prior_iri,ExtraTreesRegressor,46.0,51.05435833333325,-5.054358333333248,5.054358333333248,25.546538161735246
3987,strict_no_prior_iri,ExtraTreesRegressor,140.0,133.92883333333336,6.071166666666642,6.071166666666642,36.85906469444414
4981,strict_no_prior_iri,ExtraTreesRegressor,58.6,82.56820833333335,-23.968208333333344,23.968208333333344,574.4750107100699
5373,strict_no_prior_iri,ExtraTreesRegressor,46.5,62.31808333333331,-15.818083333333313,15.818083333333313,250.21176034027712
4945,strict_no_prior_iri,ExtraTreesRegressor,100.0,93.04908333333334,6.950916666666657,6.950916666666657,48.315242506944315
2947,strict_no_prior_iri,ExtraTreesRegressor,94.5,115.07309419191921,-20.57309419191921,20.57309419191921,423.25220462958
4823,strict_no_prior_iri,ExtraTreesRegressor,97.0,127.99732499999999,-30.99732499999999,30.99732499999999,960.8341571556243
418,strict_no_prior_iri,ExtraTreesRegressor,104.0,122.28173333333345,-18.28173333333345,18.28173333333345,334.22177367111533
1807,strict_no_prior_iri,ExtraTreesRegressor,82.5,101.68545833333332,-19.185458333333315,19.185458333333315,368.08181146006876
3994,strict_no_prior_iri,ExtraTreesRegressor,61.8,108.58797500000004,-46.787975000000046,46.787975000000046,2189.1146046006293
3587,strict_no_prior_iri,ExtraTreesRegressor,40.7,48.526778968253964,-7.8267789682539615,7.8267789682539615,61.25846901790255
5721,strict_no_prior_iri,ExtraTreesRegressor,95.0,89.49275,5.507249999999999,5.507249999999999,30.32980256249999
4379,strict_no_prior_iri,ExtraTreesRegressor,117.4,106.89674166666664,10.503258333333363,10.503258333333363,110.31843561673674
859,strict_no_prior_iri,ExtraTreesRegressor,53.0,72.6035833333333,-19.603583333333304,19.603583333333304,384.3004795069433
680,strict_no_prior_iri,ExtraTreesRegressor,75.9,61.78158333333323,14.118416666666775,14.118416666666775,199.32968917361416
2733,strict_no_prior_iri,ExtraTreesRegressor,44.5,48.684683279220735,-4.184683279220735,4.184683279220735,17.511574147389606
831,strict_no_prior_iri,ExtraTreesRegressor,51.1,61.59802884615381,-10.498028846153808,10.498028846153808,110.20860965467746
3823,strict_no_prior_iri,ExtraTreesRegressor,80.3,76.70741071428574,3.5925892857142543,3.5925892857142543,12.906697775828857
4825,strict_no_prior_iri,ExtraTreesRegressor,145.0,123.82266666666666,21.177333333333337,21.177333333333337,448.47944711111126
4987,strict_no_prior_iri,ExtraTreesRegressor,80.6,82.50193749999997,-1.901937499999974,1.901937499999974,3.6173662539061513
4817,strict_no_prior_iri,ExtraTreesRegressor,86.3,112.12506666666663,-25.82506666666663,25.82506666666663,666.9340683377758
3812,strict_no_prior_iri,ExtraTreesRegressor,64.0,86.35554166666671,-22.35554166666671,22.35554166666671,499.7702432100714
3890,strict_no_prior_iri,ExtraTreesRegressor,159.0,127.37844999999999,31.621550000000013,31.621550000000013,999.9224244025008
4287,strict_no_prior_iri,ExtraTreesRegressor,136.5,96.01953571428574,40.48046428571426,40.48046428571426,1638.667988786988
3926,strict_no_prior_iri,ExtraTreesRegressor,61.6,71.41253375350142,-9.81253375350142,9.81253375350142,96.28581866360466
1255,strict_no_prior_iri,ExtraTreesRegressor,265.0,169.68250000000003,95.31749999999997,95.31749999999997,9085.425806249994
2532,strict_no_prior_iri,ExtraTreesRegressor,101.0,139.7027333333334,-38.70273333333341,38.70273333333341,1497.9015674711172
1618,strict_no_prior_iri,ExtraTreesRegressor,47.0,68.3393083333333,-21.339308333333307,21.339308333333307,455.3660801450683
4167,strict_no_prior_iri,ExtraTreesRegressor,88.5,180.34652222222223,-91.84652222222223,91.84652222222223,8435.783644317162
2513,strict_no_prior_iri,ExtraTreesRegressor,180.5,172.52904999999998,7.970950000000016,7.970950000000016,63.53604390250026
4563,strict_no_prior_iri,ExtraTreesRegressor,49.2,52.88866666666666,-3.6886666666666557,3.6886666666666557,13.606261777777696
4244,strict_no_prior_iri,ExtraTreesRegressor,94.0,113.31462658730152,-19.314626587301518,19.314626587301518,373.0548002068947
2612,strict_no_prior_iri,ExtraTreesRegressor,137.0,100.3842916666667,36.6157083333333,36.6157083333333,1340.7100967517338
1899,strict_no_prior_iri,ExtraTreesRegressor,87.0,61.19751147186148,25.802488528138518,25.802488528138518,665.7684142447198
2913,strict_no_prior_iri,ExtraTreesRegressor,45.0,51.62967326007331,-6.629673260073311,6.629673260073311,43.952567535331085
2344,strict_no_prior_iri,ExtraTreesRegressor,75.8,62.63812916666666,13.161870833333339,13.161870833333339,173.23484383335082
1501,strict_no_prior_iri,ExtraTreesRegressor,128.8,139.64685,-10.84684999999999,10.84684999999999,117.65415492249977
1044,strict_no_prior_iri,ExtraTreesRegressor,46.8,74.17526184041184,-27.375261840411838,27.375261840411838,749.4049608311085
4876,strict_no_prior_iri,ExtraTreesRegressor,91.7,72.73600608974363,18.963993910256377,18.963993910256377,359.63306502824094
1321,strict_no_prior_iri,ExtraTreesRegressor,114.0,89.68808333333332,24.311916666666676,24.311916666666676,591.0692920069449
2386,strict_no_prior_iri,ExtraTreesRegressor,38.0,51.038965873015876,-13.038965873015876,13.038965873015876,170.01463103767267
2762,strict_no_prior_iri,ExtraTreesRegressor,49.0,50.333956162465,-1.3339561624650003,1.3339561624650003,1.7794390433783502
546,strict_no_prior_iri,ExtraTreesRegressor,44.8,43.47394444444442,1.3260555555555769,1.3260555555555769,1.7584233364198096
1607,strict_no_prior_iri,ExtraTreesRegressor,138.0,114.20472619047614,23.795273809523863,23.795273809523863,566.2150556702123
4158,strict_no_prior_iri,ExtraTreesRegressor,141.5,106.63173250915753,34.86826749084247,34.86826749084247,1215.7960778129418
385,strict_no_prior_iri,ExtraTreesRegressor,84.8,66.72262500000005,18.077374999999947,18.077374999999947,326.79148689062305
533,strict_no_prior_iri,ExtraTreesRegressor,47.0,91.62720833333329,-44.627208333333286,44.627208333333286,1991.587723626732
4337,strict_no_prior_iri,ExtraTreesRegressor,51.0,86.81845833333331,-35.81845833333331,35.81845833333331,1282.9619573767345
1962,strict_no_prior_iri,ExtraTreesRegressor,33.8,39.88261785714288,-6.0826178571428855,6.0826178571428855,36.99823999603351
4607,strict_no_prior_iri,ExtraTreesRegressor,84.0,106.91843450292392,-22.918434502923915,22.918434502923915,525.2546400648134
1021,strict_no_prior_iri,ExtraTreesRegressor,68.2,94.20529166666661,-26.005291666666608,26.005291666666608,676.2751946683998
3522,strict_no_prior_iri,ExtraTreesRegressor,50.6,68.63533333333339,-18.03533333333339,18.03533333333339,325.2732484444465
2649,strict_no_prior_iri,ExtraTreesRegressor,35.0,37.720200000000006,-2.7202000000000055,2.7202000000000055,7.39948804000003
69,strict_no_prior_iri,ExtraTreesRegressor,50.6,49.848541666666605,0.751458333333396,0.751458333333396,0.5646896267362053
995,strict_no_prior_iri,ExtraTreesRegressor,53.4,69.17108333333334,-15.771083333333344,15.771083333333344,248.7270695069448
3073,strict_no_prior_iri,ExtraTreesRegressor,59.0,64.06760833333335,-5.067608333333354,5.067608333333354,25.680654220069652
553,strict_no_prior_iri,ExtraTreesRegressor,56.8,55.001416666666636,1.7985833333333616,1.7985833333333616,3.234902006944546
4681,strict_no_prior_iri,ExtraTreesRegressor,101.0,112.84026666666672,-11.840266666666722,11.840266666666722,140.1919147377791
1825,strict_no_prior_iri,ExtraTreesRegressor,74.7,82.57720357142864,-7.8772035714286375,7.8772035714286375,62.05033610572808
2040,strict_no_prior_iri,ExtraTreesRegressor,40.0,40.64705335497846,-0.6470533549784605,0.6470533549784605,0.4186780441888816
3005,strict_no_prior_iri,ExtraTreesRegressor,41.0,33.78237622549022,7.217623774509782,7.217623774509782,52.09409295036883
3879,strict_no_prior_iri,ExtraTreesRegressor,98.0,109.86700793650789,-11.867007936507889,11.867007936507889,140.82587736514122
179,strict_no_prior_iri,ExtraTreesRegressor,55.6,55.899958333333316,-0.2999583333333149,0.2999583333333149,0.08997500173610005
4521,strict_no_prior_iri,ExtraTreesRegressor,265.0,129.4168544467787,135.5831455532213,135.5831455532213,18382.789358105994
431,strict_no_prior_iri,ExtraTreesRegressor,82.0,85.75391071428568,-3.7539107142856807,3.7539107142856807,14.09184565082883
1644,strict_no_prior_iri,ExtraTreesRegressor,115.0,120.18166666666663,-5.181666666666629,5.181666666666629,26.849669444444057
1006,strict_no_prior_iri,ExtraTreesRegressor,40.0,42.25165357142857,-2.2516535714285695,2.2516535714285695,5.069943805727032
1963,strict_no_prior_iri,ExtraTreesRegressor,36.3,39.88261785714288,-3.5826178571428855,3.5826178571428855,12.83515071031908
375,strict_no_prior_iri,ExtraTreesRegressor,61.2,62.516035714285756,-1.3160357142857535,1.3160357142857535,1.7319500012756135
1082,strict_no_prior_iri,ExtraTreesRegressor,41.0,56.93556987612611,-15.93556987612611,15.93556987612611,253.9423872768979
5368,strict_no_prior_iri,ExtraTreesRegressor,39.4,42.75088333333332,-3.3508833333333214,3.3508833333333214,11.228419113611032
3295,strict_no_prior_iri,ExtraTreesRegressor,112.6,85.13645833333334,27.463541666666657,27.463541666666657,754.2461208767356
1351,strict_no_prior_iri,ExtraTreesRegressor,82.0,86.5344166666666,-4.534416666666601,4.534416666666601,20.560934506943852
5043,strict_no_prior_iri,ExtraTreesRegressor,68.6,62.473880555555596,6.126119444444399,6.126119444444399,37.529339447599746
1544,strict_no_prior_iri,ExtraTreesRegressor,55.0,99.60175000000002,-44.601750000000024,44.601750000000024,1989.3161030625022
3593,strict_no_prior_iri,ExtraTreesRegressor,38.0,52.46329166666666,-14.463291666666663,14.463291666666663,209.18680583506935
799,strict_no_prior_iri,ExtraTreesRegressor,120.0,94.52722222222229,25.472777777777708,25.472777777777708,648.8624077160458
4589,strict_no_prior_iri,ExtraTreesRegressor,116.0,109.41944374999999,6.580556250000015,6.580556250000015,43.30372055941426
724,strict_no_prior_iri,ExtraTreesRegressor,49.0,51.17471666666663,-2.174716666666633,2.174716666666633,4.729392580277632
1247,strict_no_prior_iri,ExtraTreesRegressor,64.4,68.52595833333338,-4.125958333333372,4.125958333333372,17.0235321684031
1459,strict_no_prior_iri,ExtraTreesRegressor,84.0,113.1770535714285,-29.1770535714285,29.1770535714285,851.3004551100087
1693,strict_no_prior_iri,ExtraTreesRegressor,159.0,109.16483192640686,49.83516807359314,49.83516807359314,2483.5439769232767
4651,strict_no_prior_iri,ExtraTreesRegressor,83.0,108.71807500000004,-25.71807500000004,25.71807500000004,661.4193817056272
97,strict_no_prior_iri,ExtraTreesRegressor,102.3,62.10764999999992,40.192350000000076,40.192350000000076,1615.424998522506
1622,strict_no_prior_iri,ExtraTreesRegressor,73.0,98.84649007936505,-25.846490079365054,25.846490079365054,668.0410494227161
2640,strict_no_prior_iri,ExtraTreesRegressor,57.0,61.821066666666646,-4.8210666666666455,4.8210666666666455,23.24268380444424
1557,strict_no_prior_iri,ExtraTreesRegressor,75.0,81.67304166666662,-6.67304166666662,6.67304166666662,44.52948508506882
29,strict_no_prior_iri,ExtraTreesRegressor,111.0,122.71933333333332,-11.719333333333324,11.719333333333324,137.34277377777755
3481,strict_no_prior_iri,ExtraTreesRegressor,98.0,141.19941666666656,-43.199416666666565,43.199416666666565,1866.189600340269
5077,strict_no_prior_iri,ExtraTreesRegressor,71.7,56.33918749999995,15.360812500000051,15.360812500000051,235.95456066015782
2355,strict_no_prior_iri,ExtraTreesRegressor,217.0,104.00912500000008,112.99087499999992,112.99087499999992,12766.937833265607
3584,strict_no_prior_iri,ExtraTreesRegressor,47.6,77.9440833333333,-30.344083333333295,30.344083333333295,920.7633933402755
4752,strict_no_prior_iri,ExtraTreesRegressor,50.0,63.7077757541478,-13.707775754147796,13.707775754147796,187.9031161260022
3733,strict_no_prior_iri,ExtraTreesRegressor,37.0,68.22799999999998,-31.22799999999998,31.22799999999998,975.1879839999988
1925,strict_no_prior_iri,ExtraTreesRegressor,157.5,143.23090000000002,14.26909999999998,14.26909999999998,203.60721480999945
3509,strict_no_prior_iri,ExtraTreesRegressor,127.0,113.84412460317455,13.15587539682545,13.15587539682545,173.0770574567972
5075,strict_no_prior_iri,ExtraTreesRegressor,41.7,57.63516944444444,-15.93516944444444,15.93516944444444,253.92962522315574
937,strict_no_prior_iri,ExtraTreesRegressor,49.0,60.34893333333329,-11.348933333333292,11.348933333333292,128.7982878044435
3485,strict_no_prior_iri,ExtraTreesRegressor,106.2,153.3182499999999,-47.11824999999989,47.11824999999989,2220.1294830624897
806,strict_no_prior_iri,ExtraTreesRegressor,56.1,124.8661666666667,-68.76616666666669,68.76616666666669,4728.785678027782
1406,strict_no_prior_iri,ExtraTreesRegressor,120.0,154.3934166666667,-34.393416666666695,34.393416666666695,1182.9071100069464
985,strict_no_prior_iri,ExtraTreesRegressor,102.2,99.54127499999998,2.658725000000018,2.658725000000018,7.068818625625097
3428,strict_no_prior_iri,ExtraTreesRegressor,236.0,187.83400000000006,48.16599999999994,48.16599999999994,2319.9635559999942
1256,strict_no_prior_iri,ExtraTreesRegressor,132.0,132.67995343137255,-0.679953431372553,0.679953431372553,0.4623366688353092
5748,strict_no_prior_iri,ExtraTreesRegressor,49.0,69.93938333333331,-20.93938333333331,20.93938333333331,438.4577743802768
1988,strict_no_prior_iri,ExtraTreesRegressor,38.0,41.930303571428496,-3.930303571428496,3.930303571428496,15.447286163583591
3142,strict_no_prior_iri,ExtraTreesRegressor,87.0,83.2295208333333,3.7704791666667035,3.7704791666667035,14.216513146267639
728,strict_no_prior_iri,ExtraTreesRegressor,68.5,59.18167619047619,9.318323809523811,9.318323809523811,86.83115861913835
3968,strict_no_prior_iri,ExtraTreesRegressor,115.5,122.20623333333329,-6.706233333333287,6.706233333333287,44.973565521110494
210,strict_no_prior_iri,ExtraTreesRegressor,60.0,56.04298214285716,3.957017857142837,3.957017857142837,15.65799032174729
1078,strict_no_prior_iri,ExtraTreesRegressor,106.0,117.20376071428565,-11.20376071428565,11.20376071428565,125.5242541429705
2160,strict_no_prior_iri,ExtraTreesRegressor,38.7,42.75922777777778,-4.059227777777778,4.059227777777778,16.477330151882718
4420,strict_no_prior_iri,ExtraTreesRegressor,101.5,91.77021666666673,9.729783333333273,9.729783333333273,94.66868371360994
3099,strict_no_prior_iri,ExtraTreesRegressor,137.0,156.72944999999993,-19.72944999999993,19.72944999999993,389.2511973024972
2966,strict_no_prior_iri,ExtraTreesRegressor,69.5,66.56040972222222,2.939590277777782,2.939590277777782,8.641191001205657
3771,strict_no_prior_iri,ExtraTreesRegressor,149.5,83.44882556471302,66.05117443528698,66.05117443528698,4362.7576442807085
3266,strict_no_prior_iri,ExtraTreesRegressor,210.0,237.38037500000013,-27.38037500000013,27.38037500000013,749.6849351406321
1727,strict_no_prior_iri,ExtraTreesRegressor,75.0,103.03317694805195,-28.033176948051945,28.033176948051945,785.859009800791
2997,strict_no_prior_iri,ExtraTreesRegressor,32.0,34.183508333333364,-2.1835083333333642,2.1835083333333642,4.767708641736246
2353,strict_no_prior_iri,ExtraTreesRegressor,78.5,64.80208333333334,13.697916666666657,13.697916666666657,187.63292100694417
3641,strict_no_prior_iri,ExtraTreesRegressor,66.5,128.77316666666673,-62.273166666666725,62.273166666666725,3877.9472866944516
5026,strict_no_prior_iri,ExtraTreesRegressor,109.0,82.25598690476195,26.744013095238046,26.744013095238046,715.2422364382641
4013,strict_no_prior_iri,ExtraTreesRegressor,81.4,137.04227500000005,-55.64227500000004,55.64227500000004,3096.0627671756297
377,strict_no_prior_iri,ExtraTreesRegressor,40.5,48.98493931623934,-8.484939316239341,8.484939316239341,71.99419520026414
2251,strict_no_prior_iri,ExtraTreesRegressor,52.0,47.05015416666667,4.9498458333333275,4.9498458333333275,24.500973773767303
2965,strict_no_prior_iri,ExtraTreesRegressor,128.0,83.46478750000004,44.53521249999996,44.53521249999996,1983.3851524201525
962,strict_no_prior_iri,ExtraTreesRegressor,42.1,59.959750641025614,-17.859750641025613,17.859750641025613,318.9706929596148
1251,strict_no_prior_iri,ExtraTreesRegressor,61.4,81.39399166666665,-19.993991666666652,19.993991666666652,399.75970276673553
5346,strict_no_prior_iri,ExtraTreesRegressor,66.8,94.0504583333334,-27.2504583333334,27.2504583333334,742.5874793767397
4509,strict_no_prior_iri,ExtraTreesRegressor,122.5,167.43183333333332,-44.931833333333316,44.931833333333316,2018.869646694443
4566,strict_no_prior_iri,ExtraTreesRegressor,95.0,53.44470238095241,41.55529761904759,41.55529761904759,1726.8427602076226
1730,strict_no_prior_iri,ExtraTreesRegressor,164.0,102.00308690476187,61.99691309523813,61.99691309523813,3843.617233338509
2452,strict_no_prior_iri,ExtraTreesRegressor,40.0,36.68379999999999,3.316200000000009,3.316200000000009,10.99718244000006
1565,strict_no_prior_iri,ExtraTreesRegressor,46.0,63.065016666666644,-17.065016666666644,17.065016666666644,291.2147938336103
3048,strict_no_prior_iri,ExtraTreesRegressor,99.0,73.4963583333333,25.503641666666695,25.503641666666695,650.4357382617376
183,strict_no_prior_iri,ExtraTreesRegressor,64.3,65.65094999999998,-1.3509499999999832,1.3509499999999832,1.8250659024999547
5261,strict_no_prior_iri,ExtraTreesRegressor,35.2,56.501555555555534,-21.30155555555553,21.30155555555553,453.7562690864187
5203,strict_no_prior_iri,ExtraTreesRegressor,113.0,168.4104642857144,-55.4104642857144,55.4104642857144,3070.319552358431
3632,strict_no_prior_iri,ExtraTreesRegressor,238.0,146.77362499999998,91.22637500000002,91.22637500000002,8322.251495640628
1653,strict_no_prior_iri,ExtraTreesRegressor,46.5,56.80405,-10.304049999999997,10.304049999999997,106.17344640249993
208,strict_no_prior_iri,ExtraTreesRegressor,68.0,102.76825000000001,-34.76825000000001,34.76825000000001,1208.8312080625005
23,strict_no_prior_iri,ExtraTreesRegressor,90.5,126.69533333333337,-36.195333333333366,36.195333333333366,1310.1021551111135
1521,strict_no_prior_iri,ExtraTreesRegressor,105.6,74.65053809523812,30.949461904761876,30.949461904761876,957.8691921943066
4125,strict_no_prior_iri,ExtraTreesRegressor,114.7,135.81645000000003,-21.11645000000003,21.11645000000003,445.9044606025012
3096,strict_no_prior_iri,ExtraTreesRegressor,102.0,83.04479166666671,18.95520833333329,18.95520833333329,359.29992296006776
3608,strict_no_prior_iri,ExtraTreesRegressor,129.7,173.63690833333342,-43.936908333333434,43.936908333333434,1930.451913891745
2761,strict_no_prior_iri,ExtraTreesRegressor,44.0,49.110489495798326,-5.110489495798326,5.110489495798326,26.11710288666503
941,strict_no_prior_iri,ExtraTreesRegressor,68.0,69.89795833333335,-1.8979583333333494,1.8979583333333494,3.6022458350695055
3952,strict_no_prior_iri,ExtraTreesRegressor,132.0,136.85961562500003,-4.859615625000032,4.859615625000032,23.61586402274445
4149,strict_no_prior_iri,ExtraTreesRegressor,66.0,64.07256130952382,1.9274386904761798,1.9274386904761798,3.7150199055445308
1621,strict_no_prior_iri,ExtraTreesRegressor,128.0,102.10089999999995,25.899100000000047,25.899100000000047,670.7633808100024
5781,strict_no_prior_iri,ExtraTreesRegressor,94.5,88.19272499999995,6.307275000000047,6.307275000000047,39.78171792562559
3613,strict_no_prior_iri,ExtraTreesRegressor,120.0,148.65540833333336,-28.655408333333355,28.655408333333355,821.1324267500707
1610,strict_no_prior_iri,ExtraTreesRegressor,77.0,106.53046666666674,-29.53046666666674,29.53046666666674,872.0484615511155
3377,strict_no_prior_iri,ExtraTreesRegressor,42.1,46.095333333333336,-3.9953333333333347,3.9953333333333347,15.962688444444456
1675,strict_no_prior_iri,ExtraTreesRegressor,100.0,65.9315666666666,34.0684333333334,34.0684333333334,1160.6581497877826
3215,strict_no_prior_iri,ExtraTreesRegressor,36.6,63.95037648809522,-27.350376488095222,27.350376488095222,748.0430940405519
2507,strict_no_prior_iri,ExtraTreesRegressor,62.0,109.66861984126984,-47.668619841269845,47.668619841269845,2272.297317571505
5502,strict_no_prior_iri,ExtraTreesRegressor,178.0,119.71487499999992,58.28512500000008,58.28512500000008,3397.1557962656343
58,strict_no_prior_iri,ExtraTreesRegressor,48.0,58.056458333333325,-10.056458333333325,10.056458333333325,101.13235421006927
5108,strict_no_prior_iri,ExtraTreesRegressor,74.2,147.9574583333333,-73.7574583333333,73.7574583333333,5440.162659793398
1790,strict_no_prior_iri,ExtraTreesRegressor,47.0,50.79191859031489,-3.791918590314893,3.791918590314893,14.378646595575685
2989,strict_no_prior_iri,ExtraTreesRegressor,98.7,119.54288293650791,-20.842882936507905,20.842882936507905,434.4257691049724
1886,strict_no_prior_iri,ExtraTreesRegressor,193.0,136.28809166666673,56.71190833333327,56.71190833333327,3216.2405468083957
676,strict_no_prior_iri,ExtraTreesRegressor,58.7,44.174603418803436,14.525396581196567,14.525396581196567,210.98714584103692
4441,strict_no_prior_iri,ExtraTreesRegressor,121.0,136.3429166666666,-15.34291666666661,15.34291666666661,235.40509184027604
3453,strict_no_prior_iri,ExtraTreesRegressor,154.8,135.75919166666662,19.040808333333388,19.040808333333388,362.55238198673817
4494,strict_no_prior_iri,ExtraTreesRegressor,79.0,146.160812119709,-67.160812119709,67.160812119709,4510.574684578851
3773,strict_no_prior_iri,ExtraTreesRegressor,125.0,107.12067777777773,17.87932222222227,17.87932222222227,319.67016312605114
4622,strict_no_prior_iri,ExtraTreesRegressor,109.0,88.53155357142862,20.468446428571383,20.468446428571383,418.9572991992966
4475,strict_no_prior_iri,ExtraTreesRegressor,58.1,62.96686666666664,-4.866866666666638,4.866866666666638,23.686391151110836
301,strict_no_prior_iri,ExtraTreesRegressor,135.0,95.38434831834832,39.615651681651684,39.615651681651684,1569.399858161952
246,strict_no_prior_iri,ExtraTreesRegressor,114.0,64.81638333333339,49.18361666666661,49.18361666666661,2419.0281484136053
3725,strict_no_prior_iri,ExtraTreesRegressor,200.5,147.93466666666663,52.56533333333337,52.56533333333337,2763.1142684444485
5404,strict_no_prior_iri,ExtraTreesRegressor,52.5,53.86091666666665,-1.3609166666666468,1.3609166666666468,1.852094173611057
2589,strict_no_prior_iri,ExtraTreesRegressor,54.7,42.04796643697969,12.65203356302031,12.65203356302031,160.07395327979242
1537,strict_no_prior_iri,ExtraTreesRegressor,78.0,216.10991666666695,-138.10991666666695,138.10991666666695,19074.34908167369
5385,strict_no_prior_iri,ExtraTreesRegressor,52.5,54.281702777777745,-1.7817027777777454,1.7817027777777454,3.1744647883409343
517,strict_no_prior_iri,ExtraTreesRegressor,262.0,87.62470833333334,174.37529166666667,174.37529166666667,30406.74234383507
2059,strict_no_prior_iri,ExtraTreesRegressor,38.0,33.972789285714356,4.027210714285644,4.027210714285644,16.218426137257087
3158,strict_no_prior_iri,ExtraTreesRegressor,43.8,48.91393333333335,-5.11393333333335,5.11393333333335,26.152314137777946
5522,strict_no_prior_iri,ExtraTreesRegressor,45.0,50.489974999999994,-5.489974999999994,5.489974999999994,30.139825500624934
2119,strict_no_prior_iri,ExtraTreesRegressor,57.0,37.208924999999994,19.791075000000006,19.791075000000006,391.6866496556253
5574,strict_no_prior_iri,ExtraTreesRegressor,125.0,93.0479166666667,31.952083333333306,31.952083333333306,1020.935629340276
3132,strict_no_prior_iri,ExtraTreesRegressor,131.0,71.49645833333332,59.50354166666668,59.50354166666668,3540.671470876737
4066,strict_no_prior_iri,ExtraTreesRegressor,80.3,65.20830476190473,15.09169523809527,15.09169523809527,227.75926515954743
1101,strict_no_prior_iri,ExtraTreesRegressor,110.0,102.61741666666667,7.382583333333329,7.382583333333329,54.502536673611054
1704,strict_no_prior_iri,ExtraTreesRegressor,39.1,52.354208333333325,-13.254208333333324,13.254208333333324,175.67403854340253
1749,strict_no_prior_iri,ExtraTreesRegressor,47.0,46.20495000000001,0.7950499999999892,0.7950499999999892,0.6321045024999827
2700,strict_no_prior_iri,ExtraTreesRegressor,30.3,35.029258333333296,-4.729258333333295,4.729258333333295,22.365884383402413
2018,strict_no_prior_iri,ExtraTreesRegressor,45.0,41.66603472222223,3.3339652777777715,3.3339652777777715,11.115324473427814
3196,strict_no_prior_iri,ExtraTreesRegressor,168.0,124.18079166666668,43.81920833333332,43.81920833333332,1920.1230189600685
1039,strict_no_prior_iri,ExtraTreesRegressor,69.0,66.72950833333334,2.2704916666666577,2.2704916666666577,5.1551324084027375
3737,strict_no_prior_iri,ExtraTreesRegressor,65.1,141.50760833333328,-76.40760833333329,76.40760833333329,5838.122611220062
1624,strict_no_prior_iri,ExtraTreesRegressor,83.5,109.68574166666653,-26.18574166666653,26.18574166666653,685.6930666333956
5614,strict_no_prior_iri,ExtraTreesRegressor,102.0,104.20855476190474,-2.208554761904736,2.208554761904736,4.877714136332085
1789,strict_no_prior_iri,ExtraTreesRegressor,30.0,60.65598214285712,-30.65598214285712,30.65598214285712,939.7892411431746
4809,strict_no_prior_iri,ExtraTreesRegressor,94.0,104.34521874999999,-10.345218749999987,10.345218749999987,107.02355098535128
5028,strict_no_prior_iri,ExtraTreesRegressor,90.8,84.96204166666679,5.837958333333205,5.837958333333205,34.081757501734614
5758,strict_no_prior_iri,ExtraTreesRegressor,42.0,47.343375000000016,-5.343375000000016,5.343375000000016,28.55165639062517
5120,strict_no_prior_iri,ExtraTreesRegressor,133.0,104.03862499999995,28.961375000000046,28.961375000000046,838.7612418906277
1011,strict_no_prior_iri,ExtraTreesRegressor,111.0,130.74683333333329,-19.746833333333285,19.746833333333285,389.93742669444254
277,strict_no_prior_iri,ExtraTreesRegressor,58.0,117.45845833333327,-59.45845833333327,59.45845833333327,3535.3082673767285
5744,strict_no_prior_iri,ExtraTreesRegressor,46.0,74.55786779279282,-28.55786779279282,28.55786779279282,815.5518128706334
3835,strict_no_prior_iri,ExtraTreesRegressor,43.3,53.67957142857139,-10.379571428571396,10.379571428571396,107.73550304081564
2574,strict_no_prior_iri,ExtraTreesRegressor,125.3,78.05878525641033,47.241214743589666,47.241214743589666,2231.7323704499536
1069,strict_no_prior_iri,ExtraTreesRegressor,71.0,56.097625,14.902375,14.902375,222.08078064062497
1128,strict_no_prior_iri,ExtraTreesRegressor,115.0,187.39875000000012,-72.39875000000012,72.39875000000012,5241.579001562517
5302,strict_no_prior_iri,ExtraTreesRegressor,57.0,103.49135000000003,-46.491350000000025,46.491350000000025,2161.4456248225024
4644,strict_no_prior_iri,ExtraTreesRegressor,92.2,104.09258333333341,-11.892583333333405,11.892583333333405,141.43353834027948
3761,strict_no_prior_iri,ExtraTreesRegressor,55.0,61.97654166666667,-6.9765416666666695,6.9765416666666695,48.67213362673615
4400,strict_no_prior_iri,ExtraTreesRegressor,138.0,164.42548214285713,-26.425482142857135,26.425482142857135,698.3061064824614
5391,strict_no_prior_iri,ExtraTreesRegressor,43.5,60.68345833333332,-17.18345833333332,17.18345833333332,295.27124029340234
3538,strict_no_prior_iri,ExtraTreesRegressor,86.0,95.41762499999999,-9.417624999999987,9.417624999999987,88.69166064062475
434,strict_no_prior_iri,ExtraTreesRegressor,165.7,91.581875,74.11812499999999,74.11812499999999,5493.496453515624
2003,strict_no_prior_iri,ExtraTreesRegressor,42.3,47.393432754010746,-5.093432754010749,5.093432754010749,25.943057219629523
4336,strict_no_prior_iri,ExtraTreesRegressor,82.5,58.12850476190476,24.371495238095243,24.371495238095243,593.9697801404991
2156,strict_no_prior_iri,ExtraTreesRegressor,34.0,42.10703333333326,-8.107033333333263,8.107033333333263,65.72398946777663
4116,strict_no_prior_iri,ExtraTreesRegressor,123.0,113.2040083333334,9.795991666666595,9.795991666666595,95.96145273340137
1152,strict_no_prior_iri,ExtraTreesRegressor,109.3,80.59263703703695,28.707362962963046,28.707362962963046,824.1126882873025
2661,strict_no_prior_iri,ExtraTreesRegressor,33.5,34.694204545454625,-1.1942045454546246,1.1942045454546246,1.4261244963844866
5079,strict_no_prior_iri,ExtraTreesRegressor,85.1,95.2197291666667,-10.119729166666701,10.119729166666701,102.40891840668473
3555,strict_no_prior_iri,ExtraTreesRegressor,72.0,65.01158333333343,6.988416666666566,6.988416666666566,48.837967506943045
5780,strict_no_prior_iri,ExtraTreesRegressor,36.0,80.46391666666665,-44.46391666666665,44.46391666666665,1977.0398853402762
2261,strict_no_prior_iri,ExtraTreesRegressor,84.0,58.58934345238092,25.410656547619077,25.410656547619077,645.7014661810563
1953,strict_no_prior_iri,ExtraTreesRegressor,120.5,172.4936585858586,-51.99365858585861,51.99365858585861,2703.340533142829
4846,strict_no_prior_iri,ExtraTreesRegressor,236.0,157.36755185185189,78.63244814814811,78.63244814814811,6183.0619017712015
4122,strict_no_prior_iri,ExtraTreesRegressor,184.3,133.08347500000008,51.21652499999993,51.21652499999993,2623.1324330756183
328,strict_no_prior_iri,ExtraTreesRegressor,88.1,57.73354166666669,30.366458333333306,30.366458333333306,922.1217917100678
3716,strict_no_prior_iri,ExtraTreesRegressor,155.5,111.93381570512817,43.56618429487183,43.56618429487183,1898.012414014737
2915,strict_no_prior_iri,ExtraTreesRegressor,40.5,55.716749404761956,-15.216749404761956,15.216749404761956,231.54946244732332
1594,strict_no_prior_iri,ExtraTreesRegressor,42.0,56.09508333333331,-14.095083333333307,14.095083333333307,198.67137417361036
3903,strict_no_prior_iri,ExtraTreesRegressor,101.0,106.3814967948718,-5.3814967948717936,5.3814967948717936,28.96050775321539
3839,strict_no_prior_iri,ExtraTreesRegressor,56.8,107.88555439560434,-51.08555439560435,51.08555439560435,2609.733867906251
1717,strict_no_prior_iri,ExtraTreesRegressor,57.0,98.88014166666672,-41.88014166666672,41.88014166666672,1753.9462660200736
1049,strict_no_prior_iri,ExtraTreesRegressor,53.2,74.57148333333338,-21.371483333333373,21.371483333333373,456.74029986694615
2133,strict_no_prior_iri,ExtraTreesRegressor,57.0,84.79485595238097,-27.79485595238097,27.79485595238097,772.5540174136079
4272,strict_no_prior_iri,ExtraTreesRegressor,154.2,76.33341666666662,77.86658333333337,77.86658333333337,6063.20480000695
3396,strict_no_prior_iri,ExtraTreesRegressor,63.0,65.89091666666664,-2.890916666666641,2.890916666666641,8.357399173610961
917,strict_no_prior_iri,ExtraTreesRegressor,78.3,88.40161666666663,-10.10161666666663,10.10161666666663,102.04265928027702
3868,strict_no_prior_iri,ExtraTreesRegressor,126.0,117.88169999999992,8.118300000000076,8.118300000000076,65.90679489000124
593,strict_no_prior_iri,ExtraTreesRegressor,48.0,95.56720000000004,-47.56720000000004,47.56720000000004,2262.638515840004
2129,strict_no_prior_iri,ExtraTreesRegressor,40.0,48.969821969696966,-8.969821969696966,8.969821969696966,80.45770616805835
4436,strict_no_prior_iri,ExtraTreesRegressor,136.0,166.00958333333335,-30.009583333333353,30.009583333333353,900.575091840279
3307,strict_no_prior_iri,ExtraTreesRegressor,65.5,110.66899166666666,-45.168991666666656,45.168991666666656,2040.2378081834017
2021,strict_no_prior_iri,ExtraTreesRegressor,38.5,42.06067541486291,-3.5606754148629065,3.5606754148629065,12.678409410009131
1657,strict_no_prior_iri,ExtraTreesRegressor,46.2,89.37962500000003,-43.17962500000003,43.17962500000003,1864.4800151406275
3732,strict_no_prior_iri,ExtraTreesRegressor,60.1,76.50604166666668,-16.406041666666674,16.406041666666674,269.158203168403
1888,strict_no_prior_iri,ExtraTreesRegressor,215.0,107.40722727272731,107.59277272727269,107.59277272727269,11576.204743142554
2939,strict_no_prior_iri,ExtraTreesRegressor,53.0,71.07586111111112,-18.075861111111124,18.075861111111124,326.7367549081795
4321,strict_no_prior_iri,ExtraTreesRegressor,181.0,120.90026964285711,60.09973035714289,60.09973035714289,3611.9775890012825
5097,strict_no_prior_iri,ExtraTreesRegressor,75.0,83.78233333333336,-8.782333333333355,8.782333333333355,77.12937877777816
942,strict_no_prior_iri,ExtraTreesRegressor,65.2,74.6979952614379,-9.497995261437893,9.497995261437893,90.21191398629666
5222,strict_no_prior_iri,ExtraTreesRegressor,65.0,124.55210185185186,-59.55210185185186,59.55210185185186,3546.4528349733378
3659,strict_no_prior_iri,ExtraTreesRegressor,45.2,61.5182995421245,-16.3182995421245,16.3182995421245,266.2868999465007
5603,strict_no_prior_iri,ExtraTreesRegressor,85.1,65.74779166666666,19.352208333333337,19.352208333333337,374.50796737673625
2144,strict_no_prior_iri,ExtraTreesRegressor,50.0,42.51658214285712,7.483417857142882,7.483417857142882,56.00154282460497
5728,strict_no_prior_iri,ExtraTreesRegressor,51.6,95.95987083333341,-44.35987083333341,44.35987083333341,1967.7981403500241
1507,strict_no_prior_iri,ExtraTreesRegressor,47.0,69.5350738095238,-22.535073809523794,22.535073809523794,507.82955160068525
1852,strict_no_prior_iri,ExtraTreesRegressor,86.0,68.43788333333333,17.562116666666668,17.562116666666668,308.42794181361114
835,strict_no_prior_iri,ExtraTreesRegressor,123.0,149.17166666666665,-26.171666666666653,26.171666666666653,684.9561361111104
227,strict_no_prior_iri,ExtraTreesRegressor,65.3,64.53758333333332,0.762416666666681,0.762416666666681,0.5812791736111329
2573,strict_no_prior_iri,ExtraTreesRegressor,129.5,109.70475833333334,19.795241666666655,19.795241666666655,391.85159264173564
5030,strict_no_prior_iri,ExtraTreesRegressor,58.2,105.91869999999997,-47.71869999999997,47.71869999999997,2277.0743296899973
4283,strict_no_prior_iri,ExtraTreesRegressor,59.7,64.21057222222224,-4.510572222222237,4.510572222222237,20.345261771882846
1238,strict_no_prior_iri,ExtraTreesRegressor,176.0,108.52086904761907,67.47913095238093,67.47913095238093,4553.433114088573
3663,strict_no_prior_iri,ExtraTreesRegressor,132.5,169.81258333333335,-37.31258333333335,37.31258333333335,1392.2288750069456
2130,strict_no_prior_iri,ExtraTreesRegressor,48.0,48.969821969696966,-0.9698219696969659,0.9698219696969659,0.9405546529069027
4354,strict_no_prior_iri,ExtraTreesRegressor,56.0,52.06812499999999,3.931875000000012,3.931875000000012,15.459641015625095
4023,strict_no_prior_iri,ExtraTreesRegressor,74.4,52.92359999999999,21.476400000000012,21.476400000000012,461.2357569600005
1135,strict_no_prior_iri,ExtraTreesRegressor,146.0,190.62034523809518,-44.62034523809518,44.62034523809518,1990.9752091668036
292,strict_no_prior_iri,ExtraTreesRegressor,107.0,80.15206785714285,26.847932142857147,26.847932142857147,720.8114603474619
3777,strict_no_prior_iri,ExtraTreesRegressor,99.0,141.915396031746,-42.91539603174601,42.91539603174601,1841.7312165616015
1057,strict_no_prior_iri,ExtraTreesRegressor,51.5,75.15064166666669,-23.650641666666687,23.650641666666687,559.3528512450704
1187,strict_no_prior_iri,ExtraTreesRegressor,60.7,104.50933333333334,-43.80933333333334,43.80933333333334,1919.2576871111119
1422,strict_no_prior_iri,ExtraTreesRegressor,102.4,129.45780000000002,-27.057800000000015,27.057800000000015,732.1245408400008
3990,strict_no_prior_iri,ExtraTreesRegressor,85.0,138.64842499999997,-53.648424999999975,53.648424999999975,2878.153504980622
4103,strict_no_prior_iri,ExtraTreesRegressor,176.0,171.78684722222218,4.213152777777822,4.213152777777822,17.750656328896977
1272,strict_no_prior_iri,ExtraTreesRegressor,54.0,75.76957857142854,-21.76957857142854,21.76957857142854,473.91455117760063
3037,strict_no_prior_iri,ExtraTreesRegressor,111.0,118.74776843434339,-7.747768434343385,7.747768434343385,60.02791571220775
4093,strict_no_prior_iri,ExtraTreesRegressor,97.0,101.50394679487181,-4.503946794871808,4.503946794871808,20.285536731036036
3267,strict_no_prior_iri,ExtraTreesRegressor,128.5,145.35079166666662,-16.850791666666623,16.850791666666623,283.9491797934013
2925,strict_no_prior_iri,ExtraTreesRegressor,65.5,82.36343333333332,-16.86343333333332,16.86343333333332,284.3753837877773
1310,strict_no_prior_iri,ExtraTreesRegressor,48.0,51.1797829670329,-3.1797829670328994,3.1797829670328994,10.11101971743255
1636,strict_no_prior_iri,ExtraTreesRegressor,77.0,96.924025,-19.924025,19.924025,396.96677220062503
742,strict_no_prior_iri,ExtraTreesRegressor,91.0,94.18027499999998,-3.1802749999999804,3.1802749999999804,10.114149075624875
498,strict_no_prior_iri,ExtraTreesRegressor,96.0,46.603766666666594,49.396233333333406,49.396233333333406,2439.9878675211185
3962,strict_no_prior_iri,ExtraTreesRegressor,145.5,125.90748333333333,19.59251666666667,19.59251666666667,383.8667093336112
4686,strict_no_prior_iri,ExtraTreesRegressor,76.0,116.4032,-40.4032,40.4032,1632.4185702399998
1822,strict_no_prior_iri,ExtraTreesRegressor,46.0,46.574629530192034,-0.5746295301920341,0.5746295301920341,0.33019909696871785
5360,strict_no_prior_iri,ExtraTreesRegressor,175.0,94.50862500000001,80.49137499999999,80.49137499999999,6478.861449390623
2201,strict_no_prior_iri,ExtraTreesRegressor,56.0,49.526965277777784,6.473034722222216,6.473034722222216,41.900178515094446
506,strict_no_prior_iri,ExtraTreesRegressor,44.0,46.49102450980392,-2.491024509803921,2.491024509803921,6.205203108443866
3875,strict_no_prior_iri,ExtraTreesRegressor,182.7,64.97887592203546,117.72112407796453,117.72112407796453,13858.26305417952
18,strict_no_prior_iri,ExtraTreesRegressor,65.5,89.50923273809514,-24.009232738095136,24.009232738095136,576.4432566720193
2711,strict_no_prior_iri,ExtraTreesRegressor,46.0,46.5235361111111,-0.523536111111099,0.523536111111099,0.27409005963733296
5733,strict_no_prior_iri,ExtraTreesRegressor,78.8,89.37345833333335,-10.573458333333349,10.573458333333349,111.79802112673644
163,strict_no_prior_iri,ExtraTreesRegressor,71.0,55.00097142857144,15.99902857142856,15.99902857142856,255.9689152293874
1929,strict_no_prior_iri,ExtraTreesRegressor,154.0,63.52723333333334,90.47276666666666,90.47276666666666,8185.32150832111
321,strict_no_prior_iri,ExtraTreesRegressor,72.7,68.12425000000002,4.575749999999985,4.575749999999985,20.937488062499863
3694,strict_no_prior_iri,ExtraTreesRegressor,58.0,53.07369999999998,4.926300000000019,4.926300000000019,24.268431690000188
3955,strict_no_prior_iri,ExtraTreesRegressor,82.7,148.58693333333332,-65.88693333333332,65.88693333333332,4341.087984071109
5184,strict_no_prior_iri,ExtraTreesRegressor,44.5,116.32234166666677,-71.82234166666677,71.82234166666677,5158.448762483418
4358,strict_no_prior_iri,ExtraTreesRegressor,41.7,51.93189166666668,-10.231891666666677,10.231891666666677,104.69160707840298
5529,strict_no_prior_iri,ExtraTreesRegressor,62.0,144.7414583333333,-82.7414583333333,82.7414583333333,6846.14892712673
865,strict_no_prior_iri,ExtraTreesRegressor,55.2,82.94219940476187,-27.742199404761863,27.742199404761863,769.6296278135694
5062,strict_no_prior_iri,ExtraTreesRegressor,60.7,53.58062222222229,7.119377777777714,7.119377777777714,50.685539942715145
2175,strict_no_prior_iri,ExtraTreesRegressor,52.0,67.58564880952373,-15.585648809523732,15.585648809523732,242.91244881380854
359,strict_no_prior_iri,ExtraTreesRegressor,59.0,81.691,-22.691000000000003,22.691000000000003,514.8814810000001
5775,strict_no_prior_iri,ExtraTreesRegressor,146.0,116.87832499999992,29.12167500000008,29.12167500000008,848.0719548056297
2260,strict_no_prior_iri,ExtraTreesRegressor,183.0,123.79659166666666,59.20340833333334,59.20340833333334,3505.043558283404
2495,strict_no_prior_iri,ExtraTreesRegressor,39.3,40.5953547008546,-1.2953547008546025,1.2953547008546025,1.6779438010261167
3309,strict_no_prior_iri,ExtraTreesRegressor,142.8,119.01625000000001,23.783749999999998,23.783749999999998,565.6667640624999
1220,strict_no_prior_iri,ExtraTreesRegressor,72.5,70.07000000000005,2.42999999999995,2.42999999999995,5.904899999999757
5500,strict_no_prior_iri,ExtraTreesRegressor,40.0,61.84924999999999,-21.84924999999999,21.84924999999999,477.3897255624996
1961,strict_no_prior_iri,ExtraTreesRegressor,34.0,39.88261785714288,-5.882617857142883,5.882617857142883,34.60519285317632
490,strict_no_prior_iri,ExtraTreesRegressor,68.0,52.726666666666695,15.273333333333305,15.273333333333305,233.27471111111024
4302,strict_no_prior_iri,ExtraTreesRegressor,120.0,93.87078333333338,26.129216666666622,26.129216666666622,682.7359636136088
133,strict_no_prior_iri,ExtraTreesRegressor,61.0,81.66468333333336,-20.664683333333357,20.664683333333357,427.02913726694544
1575,strict_no_prior_iri,ExtraTreesRegressor,96.5,98.15362499999996,-1.6536249999999626,1.6536249999999626,2.7344756406248765
4950,strict_no_prior_iri,ExtraTreesRegressor,63.0,74.99382738095241,-11.99382738095241,11.99382738095241,143.85189524408375
2491,strict_no_prior_iri,ExtraTreesRegressor,53.0,61.82043055555561,-8.82043055555561,8.82043055555561,77.79999518537906
3119,strict_no_prior_iri,ExtraTreesRegressor,42.2,60.66648333333338,-18.46648333333338,18.46648333333338,341.01100670027944
96,strict_no_prior_iri,ExtraTreesRegressor,41.7,53.49466666666672,-11.794666666666714,11.794666666666714,139.1141617777789
1887,strict_no_prior_iri,ExtraTreesRegressor,206.0,201.6126875000001,4.387312499999894,4.387312499999894,19.248510972655318
1193,strict_no_prior_iri,ExtraTreesRegressor,226.3,134.99099404761913,91.30900595238089,91.30900595238089,8337.334568011927
5345,strict_no_prior_iri,ExtraTreesRegressor,79.8,85.81395833333336,-6.013958333333363,6.013958333333363,36.1676948350698
2234,strict_no_prior_iri,ExtraTreesRegressor,57.5,63.82011309523814,-6.320113095238142,6.320113095238142,39.943829536600646
3173,strict_no_prior_iri,ExtraTreesRegressor,169.5,200.9473869047619,-31.447386904761913,31.447386904761913,988.938143137791
369,strict_no_prior_iri,ExtraTreesRegressor,115.7,56.39539789377288,59.30460210622712,59.30460210622712,3517.0358309779185
216,strict_no_prior_iri,ExtraTreesRegressor,168.2,155.2197083333333,12.980291666666687,12.980291666666687,168.48797175173664
4528,strict_no_prior_iri,ExtraTreesRegressor,78.0,90.15752083333332,-12.157520833333322,12.157520833333322,147.80531281293375
3206,strict_no_prior_iri,ExtraTreesRegressor,143.0,115.17608333333337,27.823916666666634,27.823916666666634,774.1703386736093
4357,strict_no_prior_iri,ExtraTreesRegressor,63.2,51.57538333333332,11.624616666666682,11.624616666666682,135.1317126469448
3127,strict_no_prior_iri,ExtraTreesRegressor,84.0,99.98420833333329,-15.984208333333285,15.984208333333285,255.49491604340125
4074,strict_no_prior_iri,ExtraTreesRegressor,166.5,185.6024500000001,-19.10245000000009,19.10245000000009,364.90359600250343
4274,strict_no_prior_iri,ExtraTreesRegressor,53.0,54.59011666666665,-1.5901166666666526,1.5901166666666526,2.5284710136110666
3258,strict_no_prior_iri,ExtraTreesRegressor,48.7,73.27120238095239,-24.571202380952386,24.571202380952386,603.7439864457202
878,strict_no_prior_iri,ExtraTreesRegressor,111.2,104.77746071428567,6.422539285714336,6.422539285714336,41.24901087654401
1303,strict_no_prior_iri,ExtraTreesRegressor,53.5,67.91733333333337,-14.417333333333374,14.417333333333374,207.85950044444562
5218,strict_no_prior_iri,ExtraTreesRegressor,126.0,105.61462499999999,20.38537500000001,20.38537500000001,415.5635138906254
1975,strict_no_prior_iri,ExtraTreesRegressor,54.0,46.272567857142846,7.727432142857154,7.727432142857154,59.71320752246191
2480,strict_no_prior_iri,ExtraTreesRegressor,96.0,81.16883333333345,14.831166666666547,14.831166666666547,219.9635046944409
233,strict_no_prior_iri,ExtraTreesRegressor,60.0,74.1457083333333,-14.145708333333303,14.145708333333303,200.10106425173527
3799,strict_no_prior_iri,ExtraTreesRegressor,58.0,61.43824999999996,-3.438249999999961,3.438249999999961,11.821563062499731
2566,strict_no_prior_iri,ExtraTreesRegressor,85.2,56.68275,28.517250000000004,28.517250000000004,813.2335475625002
3249,strict_no_prior_iri,ExtraTreesRegressor,123.9,100.56424305555551,23.335756944444498,23.335756944444498,544.5575521701896
4218,strict_no_prior_iri,ExtraTreesRegressor,91.3,116.77166666666666,-25.471666666666664,25.471666666666664,648.8058027777777
4699,strict_no_prior_iri,ExtraTreesRegressor,122.0,97.1741289344685,24.8258710655315,24.8258710655315,616.3238741623942
4414,strict_no_prior_iri,ExtraTreesRegressor,47.0,49.45620833333329,-2.4562083333332865,2.4562083333332865,6.032959376735881
4818,strict_no_prior_iri,ExtraTreesRegressor,88.0,76.88639090909095,11.113609090909051,11.113609090909051,123.5123070255363
1708,strict_no_prior_iri,ExtraTreesRegressor,49.0,54.8389085137085,-5.838908513708503,5.838908513708503,34.092852631457646
2638,strict_no_prior_iri,ExtraTreesRegressor,63.0,74.70512499999997,-11.705124999999967,11.705124999999967,137.00995126562424
1043,strict_no_prior_iri,ExtraTreesRegressor,43.5,73.75792850707849,-30.25792850707849,30.25792850707849,915.542237539473
2676,strict_no_prior_iri,ExtraTreesRegressor,32.0,35.84116982323232,-3.8411698232323204,3.8411698232323204,14.754585610910615
34,strict_no_prior_iri,ExtraTreesRegressor,35.9,65.77987500000003,-29.879875000000034,29.879875000000034,892.806930015627
5723,strict_no_prior_iri,ExtraTreesRegressor,59.0,101.19941666666664,-42.199416666666636,42.199416666666636,1780.790767006942
3126,strict_no_prior_iri,ExtraTreesRegressor,51.0,106.5699270833333,-55.5699270833333,55.5699270833333,3088.0167960469794
4063,strict_no_prior_iri,ExtraTreesRegressor,70.0,83.50654999999995,-13.506549999999947,13.506549999999947,182.4268929024986
2204,strict_no_prior_iri,ExtraTreesRegressor,32.0,49.53004861111111,-17.530048611111113,17.530048611111113,307.30260430791867
310,strict_no_prior_iri,ExtraTreesRegressor,40.5,56.249080357142894,-15.749080357142894,15.749080357142894,248.03353209574414
3090,strict_no_prior_iri,ExtraTreesRegressor,355.0,161.0436666666667,193.9563333333333,193.9563333333333,37619.0592401111
2750,strict_no_prior_iri,ExtraTreesRegressor,40.0,44.36083333333334,-4.360833333333339,4.360833333333339,19.01686736111116
4872,strict_no_prior_iri,ExtraTreesRegressor,63.7,71.37747275641026,-7.677472756410253,7.677472756410253,58.94358792542165
4640,strict_no_prior_iri,ExtraTreesRegressor,113.5,99.74180116959063,13.75819883040937,13.75819883040937,189.28803505707776
4377,strict_no_prior_iri,ExtraTreesRegressor,196.0,179.90138333333337,16.09861666666663,16.09861666666663,259.16545858027655
4393,strict_no_prior_iri,ExtraTreesRegressor,170.7,124.03633637663401,46.66366362336598,46.66366362336598,2177.4975027546493
5290,strict_no_prior_iri,ExtraTreesRegressor,78.0,91.49157499999995,-13.491574999999955,13.491574999999955,182.02259598062378
4954,strict_no_prior_iri,ExtraTreesRegressor,63.5,53.33645833333338,10.163541666666617,10.163541666666617,103.29757921006845
368,strict_no_prior_iri,ExtraTreesRegressor,83.3,63.1706273809524,20.129372619047594,20.129372619047594,405.191642036463
2768,strict_no_prior_iri,ExtraTreesRegressor,45.5,49.110489495798326,-3.6104894957983262,3.6104894957983262,13.035634399270052
185,strict_no_prior_iri,ExtraTreesRegressor,44.0,76.0619416666667,-32.0619416666667,32.0619416666667,1027.9681034367381
2418,strict_no_prior_iri,ExtraTreesRegressor,45.5,41.46413644688634,4.035863553113657,4.035863553113657,16.28819461935119
595,strict_no_prior_iri,ExtraTreesRegressor,51.2,63.939091666666684,-12.739091666666681,12.739091666666681,162.28445649173648
4845,strict_no_prior_iri,ExtraTreesRegressor,158.0,113.92958333333333,44.070416666666674,44.070416666666674,1942.2016251736118
3665,strict_no_prior_iri,ExtraTreesRegressor,40.0,47.53417500000001,-7.534175000000012,7.534175000000012,56.76379293062518
3484,strict_no_prior_iri,ExtraTreesRegressor,133.5,187.5693333333333,-54.069333333333304,54.069333333333304,2923.492807111108
4806,strict_no_prior_iri,ExtraTreesRegressor,163.0,128.2532583333333,34.74674166666671,34.74674166666671,1207.3360564500722
1305,strict_no_prior_iri,ExtraTreesRegressor,39.2,38.71617499999993,0.4838250000000741,0.4838250000000741,0.2340866306250717
3928,strict_no_prior_iri,ExtraTreesRegressor,75.1,66.18217482492997,8.917825175070021,8.917825175070021,79.52760585311266
1531,strict_no_prior_iri,ExtraTreesRegressor,84.0,73.25154166666668,10.748458333333318,10.748458333333318,115.52935654340244
1862,strict_no_prior_iri,ExtraTreesRegressor,70.5,62.0489357142857,8.451064285714303,8.451064285714303,71.42048756127579
3235,strict_no_prior_iri,ExtraTreesRegressor,335.0,209.21120833333342,125.78879166666658,125.78879166666658,15822.820108960048
3270,strict_no_prior_iri,ExtraTreesRegressor,204.5,141.66712499999988,62.832875000000115,62.832875000000115,3947.9701807656393
2527,strict_no_prior_iri,ExtraTreesRegressor,62.0,68.69512500000002,-6.695125000000019,6.695125000000019,44.82469876562525
3233,strict_no_prior_iri,ExtraTreesRegressor,75.0,78.11533456890334,-3.115334568903336,3.115334568903336,9.705309476204134
1561,strict_no_prior_iri,ExtraTreesRegressor,109.0,88.35065000000004,20.649349999999956,20.649349999999956,426.3956554224982
1215,strict_no_prior_iri,ExtraTreesRegressor,89.0,64.98716666666664,24.01283333333336,24.01283333333336,576.6161646944458
612,strict_no_prior_iri,ExtraTreesRegressor,79.0,100.54135119047622,-21.54135119047622,21.54135119047622,464.0298111114313
514,strict_no_prior_iri,ExtraTreesRegressor,79.4,65.71325,13.686750000000004,13.686750000000004,187.3271255625001
4571,strict_no_prior_iri,ExtraTreesRegressor,61.8,89.74249999999996,-27.942499999999967,27.942499999999967,780.7833062499982
5324,strict_no_prior_iri,ExtraTreesRegressor,51.1,123.03220833333329,-71.93220833333328,71.93220833333328,5174.242595710061
1200,strict_no_prior_iri,ExtraTreesRegressor,70.0,85.90604166666675,-15.906041666666752,15.906041666666752,253.00216150173884
496,strict_no_prior_iri,ExtraTreesRegressor,79.5,50.337233333333316,29.162766666666684,29.162766666666684,850.4669596544454
1986,strict_no_prior_iri,ExtraTreesRegressor,45.0,41.930303571428496,3.069696428571504,3.069696428571504,9.423036163584648
5312,strict_no_prior_iri,ExtraTreesRegressor,69.9,102.94101666666664,-33.041016666666636,33.041016666666636,1091.7087823669424
2310,strict_no_prior_iri,ExtraTreesRegressor,62.0,45.349928663003794,16.650071336996206,16.650071336996206,277.22487552706264
4971,strict_no_prior_iri,ExtraTreesRegressor,77.0,119.72787499999998,-42.72787499999998,42.72787499999998,1825.6713020156235
1336,strict_no_prior_iri,ExtraTreesRegressor,58.0,79.30350000000003,-21.303500000000028,21.303500000000028,453.8391122500012
4027,strict_no_prior_iri,ExtraTreesRegressor,98.5,114.51887499999995,-16.01887499999995,16.01887499999995,256.60435626562344
469,strict_no_prior_iri,ExtraTreesRegressor,69.3,118.59081666666671,-49.290816666666714,49.290816666666714,2429.584607666949
3758,strict_no_prior_iri,ExtraTreesRegressor,64.7,79.94258333333335,-15.242583333333343,15.242583333333343,232.33634667361142
4926,strict_no_prior_iri,ExtraTreesRegressor,35.0,64.5227500000001,-29.5227500000001,29.5227500000001,871.592767562506
3188,strict_no_prior_iri,ExtraTreesRegressor,310.0,181.17379832112343,128.82620167887657,128.82620167887657,16596.19023900658
1779,strict_no_prior_iri,ExtraTreesRegressor,201.0,128.52599166666676,72.47400833333324,72.47400833333324,5252.481883900056
551,strict_no_prior_iri,ExtraTreesRegressor,56.1,54.11962499999994,1.980375000000059,1.980375000000059,3.9218851406252337
2075,strict_no_prior_iri,ExtraTreesRegressor,32.0,42.9955379629629,-10.9955379629629,10.9955379629629,120.90185509495831
1484,strict_no_prior_iri,ExtraTreesRegressor,99.6,92.3769333333334,7.223066666666597,7.223066666666597,52.1726920711101
5741,strict_no_prior_iri,ExtraTreesRegressor,70.0,71.1696833333334,-1.1696833333333956,1.1696833333333956,1.3681591002779234
2728,strict_no_prior_iri,ExtraTreesRegressor,45.0,48.684683279220735,-3.684683279220735,3.684683279220735,13.57689086816887
2629,strict_no_prior_iri,ExtraTreesRegressor,105.3,119.76833333333336,-14.468333333333362,14.468333333333362,209.3326694444453
3887,strict_no_prior_iri,ExtraTreesRegressor,128.0,132.01222500000006,-4.012225000000058,4.012225000000058,16.097949450625464
579,strict_no_prior_iri,ExtraTreesRegressor,171.0,133.66459999999995,37.33540000000005,37.33540000000005,1393.9320931600037
4723,strict_no_prior_iri,ExtraTreesRegressor,80.0,106.31009375,-26.310093749999993,26.310093749999993,692.2210331337886
2529,strict_no_prior_iri,ExtraTreesRegressor,36.7,32.00474999999992,4.69525000000008,4.69525000000008,22.04537256250075
4482,strict_no_prior_iri,ExtraTreesRegressor,174.2,88.10583333333334,86.09416666666665,86.09416666666665,7412.205534027776
1549,strict_no_prior_iri,ExtraTreesRegressor,41.0,57.34364166666666,-16.343641666666663,16.343641666666663,267.11462292840264
2835,strict_no_prior_iri,ExtraTreesRegressor,49.0,58.134090847796024,-9.134090847796024,9.134090847796024,83.43161561579109
5036,strict_no_prior_iri,ExtraTreesRegressor,97.0,88.351125,8.648875000000004,8.648875000000004,74.80303876562506
2986,strict_no_prior_iri,ExtraTreesRegressor,110.0,107.74058333333335,2.2594166666666524,2.2594166666666524,5.104963673611047
733,strict_no_prior_iri,ExtraTreesRegressor,84.9,65.90634597069598,18.993654029304025,18.993654029304025,360.758893384897
3658,strict_no_prior_iri,ExtraTreesRegressor,52.5,52.17845952380956,0.32154047619044235,0.32154047619044235,0.10338827782877642
5344,strict_no_prior_iri,ExtraTreesRegressor,83.0,97.65695833333336,-14.656958333333364,14.656958333333364,214.82642758507035
1226,strict_no_prior_iri,ExtraTreesRegressor,90.0,61.94854166666661,28.051458333333393,28.051458333333393,786.8843146267394
1570,strict_no_prior_iri,ExtraTreesRegressor,68.0,147.683375,-79.68337500000001,79.68337500000001,6349.440251390627
1605,strict_no_prior_iri,ExtraTreesRegressor,239.0,104.93527813852813,134.06472186147187,134.06472186147187,17973.349647793813
549,strict_no_prior_iri,ExtraTreesRegressor,42.9,42.73766666666668,0.16233333333332212,0.16233333333332212,0.026352111111107468
4842,strict_no_prior_iri,ExtraTreesRegressor,151.0,136.00794791666664,14.992052083333363,14.992052083333363,224.7616256693802
2189,strict_no_prior_iri,ExtraTreesRegressor,43.2,45.34975422077916,-2.1497542207791582,2.1497542207791582,4.621443209757806
408,strict_no_prior_iri,ExtraTreesRegressor,133.3,85.30145833333334,47.99854166666667,47.99854166666667,2303.860002126736
902,strict_no_prior_iri,ExtraTreesRegressor,102.7,86.91512579365074,15.784874206349258,15.784874206349258,249.1622537102701
1696,strict_no_prior_iri,ExtraTreesRegressor,75.0,100.67709107142859,-25.677091071428592,25.677091071428592,659.3130058904379
2976,strict_no_prior_iri,ExtraTreesRegressor,44.0,42.54200606060606,1.457993939393937,1.457993939393937,2.125746327309451
2872,strict_no_prior_iri,ExtraTreesRegressor,199.3,155.369775,43.93022500000001,43.93022500000001,1929.8646685506255
1679,strict_no_prior_iri,ExtraTreesRegressor,114.8,54.86612500000002,59.93387499999998,59.93387499999998,3592.0693725156225
3363,strict_no_prior_iri,ExtraTreesRegressor,246.5,181.56942500000008,64.93057499999992,64.93057499999992,4215.979569830614
1404,strict_no_prior_iri,ExtraTreesRegressor,135.0,113.99133333333337,21.008666666666628,21.008666666666628,441.36407511110946
5190,strict_no_prior_iri,ExtraTreesRegressor,58.0,143.32229166666679,-85.32229166666679,85.32229166666679,7279.893455251757
2604,strict_no_prior_iri,ExtraTreesRegressor,57.7,53.31347514041515,4.386524859584853,4.386524859584853,19.241600343755913
4944,strict_no_prior_iri,ExtraTreesRegressor,52.0,73.67591113445381,-21.675911134453813,21.675911134453813,469.84512350873877
5773,strict_no_prior_iri,ExtraTreesRegressor,99.0,91.40679999999995,7.593200000000053,7.593200000000053,57.6566862400008
2603,strict_no_prior_iri,ExtraTreesRegressor,74.0,53.31347514041515,20.68652485958485,20.68652485958485,427.932310766222
5319,strict_no_prior_iri,ExtraTreesRegressor,121.7,105.99362976190483,15.706370238095175,15.706370238095175,246.6900660561219
3939,strict_no_prior_iri,ExtraTreesRegressor,78.6,78.9020333333333,-0.3020333333333127,0.3020333333333127,0.09122413444443199
4349,strict_no_prior_iri,ExtraTreesRegressor,126.8,115.28395614035085,11.516043859649145,11.516043859649145,132.61926617736276
4569,strict_no_prior_iri,ExtraTreesRegressor,42.2,97.38087499999996,-55.18087499999996,55.18087499999996,3044.9289657656204
2688,strict_no_prior_iri,ExtraTreesRegressor,47.5,58.14458333333333,-10.64458333333333,10.64458333333333,113.3071543402777
3759,strict_no_prior_iri,ExtraTreesRegressor,45.0,72.78212499999997,-27.782124999999965,27.782124999999965,771.8464695156231
1637,strict_no_prior_iri,ExtraTreesRegressor,114.0,103.47483333333332,10.525166666666678,10.525166666666678,110.77913336111135
3387,strict_no_prior_iri,ExtraTreesRegressor,44.4,53.789525,-9.389524999999999,9.389524999999999,88.16317972562499
3623,strict_no_prior_iri,ExtraTreesRegressor,44.7,73.84684999999996,-29.146849999999958,29.146849999999958,849.5388649224975
2693,strict_no_prior_iri,ExtraTreesRegressor,32.0,36.87733095238096,-4.877330952380959,4.877330952380959,23.78835721905335
3792,strict_no_prior_iri,ExtraTreesRegressor,62.0,71.30154166666672,-9.301541666666722,9.301541666666722,86.51867737673714
3959,strict_no_prior_iri,ExtraTreesRegressor,43.0,54.4125686507936,-11.412568650793602,11.412568650793602,130.24672320907692
5001,strict_no_prior_iri,ExtraTreesRegressor,88.6,74.3026083333333,14.297391666666698,14.297391666666698,204.41540847007033
2375,strict_no_prior_iri,ExtraTreesRegressor,48.0,48.64866726190475,-0.6486672619047482,0.6486672619047482,0.42076921666700323
4138,strict_no_prior_iri,ExtraTreesRegressor,84.0,90.42504262820508,-6.425042628205077,6.425042628205077,41.2811727742524
5697,strict_no_prior_iri,ExtraTreesRegressor,44.5,43.267383333333306,1.2326166666666936,1.2326166666666936,1.5193438469445109
1205,strict_no_prior_iri,ExtraTreesRegressor,37.4,44.94874999999995,-7.548749999999949,7.548749999999949,56.983626562499225
1714,strict_no_prior_iri,ExtraTreesRegressor,50.0,88.0075166666667,-38.0075166666667,38.0075166666667,1444.5713231669472
2001,strict_no_prior_iri,ExtraTreesRegressor,63.0,55.30131676003737,7.698683239962627,7.698683239962627,59.269723629281444
1676,strict_no_prior_iri,ExtraTreesRegressor,78.0,91.18954166666663,-13.189541666666628,13.189541666666628,173.96400937673508
4390,strict_no_prior_iri,ExtraTreesRegressor,154.0,87.33077777777775,66.66922222222225,66.66922222222225,4444.785191716052
641,strict_no_prior_iri,ExtraTreesRegressor,125.5,100.16740824915836,25.332591750841644,25.332591750841644,641.7402048148101
4054,strict_no_prior_iri,ExtraTreesRegressor,58.6,77.98070833333331,-19.38070833333331,19.38070833333331,375.6118555017352
3217,strict_no_prior_iri,ExtraTreesRegressor,73.7,75.23266666666669,-1.5326666666666853,1.5326666666666853,2.349067111111168
2216,strict_no_prior_iri,ExtraTreesRegressor,71.0,76.68830833333334,-5.688308333333339,5.688308333333339,32.35685169506951
5743,strict_no_prior_iri,ExtraTreesRegressor,69.5,82.92195000000004,-13.421950000000038,13.421950000000038,180.148741802501
209,strict_no_prior_iri,ExtraTreesRegressor,68.7,63.778291666666675,4.921708333333328,4.921708333333328,24.223212918402723
4246,strict_no_prior_iri,ExtraTreesRegressor,157.0,165.31074999999993,-8.310749999999928,8.310749999999928,69.0685655624988
2741,strict_no_prior_iri,ExtraTreesRegressor,78.0,71.80669166666665,6.1933083333333485,6.1933083333333485,38.3570681117363
5766,strict_no_prior_iri,ExtraTreesRegressor,88.0,106.35325,-18.353250000000003,18.353250000000003,336.8417855625001
98,strict_no_prior_iri,ExtraTreesRegressor,51.0,61.24369166666657,-10.243691666666571,10.243691666666571,104.93321896173416
2341,strict_no_prior_iri,ExtraTreesRegressor,50.0,65.7655684523808,-15.765568452380805,15.765568452380805,248.55314862670488
3791,strict_no_prior_iri,ExtraTreesRegressor,61.0,100.57824561403513,-39.578245614035126,39.578245614035126,1566.4375258848906
2430,strict_no_prior_iri,ExtraTreesRegressor,55.0,63.169268650793526,-8.169268650793526,8.169268650793526,66.73695028883789
2842,strict_no_prior_iri,ExtraTreesRegressor,44.5,51.83703730158735,-7.337037301587351,7.337037301587351,53.8321163648842
3690,strict_no_prior_iri,ExtraTreesRegressor,33.5,46.00664166666664,-12.506641666666638,12.506641666666638,156.41608577840208
3541,strict_no_prior_iri,ExtraTreesRegressor,250.5,129.26149999999998,121.23850000000002,121.23850000000002,14698.773882250003
5446,strict_no_prior_iri,ExtraTreesRegressor,74.9,79.29466666666669,-4.39466666666668,4.39466666666668,19.313095111111227
1465,strict_no_prior_iri,ExtraTreesRegressor,99.5,125.44716666666667,-25.947166666666675,25.947166666666675,673.2554580277782
2829,strict_no_prior_iri,ExtraTreesRegressor,65.5,64.75270748810011,0.7472925118998859,0.7472925118998859,0.558446098341641
5155,strict_no_prior_iri,ExtraTreesRegressor,86.8,170.24060185185198,-83.44060185185198,83.44060185185198,6962.334037399284
1515,strict_no_prior_iri,ExtraTreesRegressor,57.7,60.54072544307545,-2.840725443075449,2.840725443075449,8.069721042936207
3242,strict_no_prior_iri,ExtraTreesRegressor,113.5,60.03654166666667,53.46345833333333,53.46345833333333,2858.341376960069
5364,strict_no_prior_iri,ExtraTreesRegressor,67.0,91.23150000000001,-24.23150000000001,24.23150000000001,587.1655922500005
2416,strict_no_prior_iri,ExtraTreesRegressor,34.0,41.46413644688634,-7.464136446886343,7.464136446886343,55.71333289773708
5553,strict_no_prior_iri,ExtraTreesRegressor,53.1,74.72345833333328,-21.623458333333282,21.623458333333282,467.57395029340057
5448,strict_no_prior_iri,ExtraTreesRegressor,71.8,66.41117261904766,5.3888273809523355,5.3888273809523355,29.039460541701608
4922,strict_no_prior_iri,ExtraTreesRegressor,64.5,57.517100000000035,6.982899999999965,6.982899999999965,48.760892409999514
1805,strict_no_prior_iri,ExtraTreesRegressor,101.0,96.9124166666667,4.087583333333299,4.087583333333299,16.708337506944165
5291,strict_no_prior_iri,ExtraTreesRegressor,75.6,90.58442857142855,-14.984428571428552,14.984428571428552,224.5330996122443
1534,strict_no_prior_iri,ExtraTreesRegressor,91.5,69.68858333333334,21.81141666666666,21.81141666666666,475.73789700694414
858,strict_no_prior_iri,ExtraTreesRegressor,73.0,85.91624583333336,-12.916245833333363,12.916245833333363,166.82940642710147
2049,strict_no_prior_iri,ExtraTreesRegressor,45.0,47.92901307189541,-2.9290130718954117,2.9290130718954117,8.579117575334196
3420,strict_no_prior_iri,ExtraTreesRegressor,58.0,55.958669047619104,2.0413309523808962,2.0413309523808962,4.167032057148297
5552,strict_no_prior_iri,ExtraTreesRegressor,238.0,100.5086666666666,137.4913333333334,137.4913333333334,18903.866741777794
5517,strict_no_prior_iri,ExtraTreesRegressor,54.3,75.9148583333333,-21.614858333333302,21.614858333333302,467.2021007700681
1933,strict_no_prior_iri,ExtraTreesRegressor,136.7,140.76850238095233,-4.068502380952339,4.068502380952339,16.552711623814847
5196,strict_no_prior_iri,ExtraTreesRegressor,74.0,147.7231420479302,-73.7231420479302,73.7231420479302,5435.101673419294
1309,strict_no_prior_iri,ExtraTreesRegressor,49.4,51.432741300366224,-2.032741300366226,2.032741300366226,4.132037194214575
536,strict_no_prior_iri,ExtraTreesRegressor,45.5,71.17620833333335,-25.67620833333335,25.67620833333335,659.267674376737
3123,strict_no_prior_iri,ExtraTreesRegressor,140.2,113.76352460317456,26.43647539682543,26.43647539682543,698.8872314069562
1867,strict_no_prior_iri,ExtraTreesRegressor,59.0,64.59367115384616,-5.593671153846159,5.593671153846159,31.289156977370624
3692,strict_no_prior_iri,ExtraTreesRegressor,39.0,45.19571666666668,-6.1957166666666765,6.1957166666666765,38.38690501361123
1844,strict_no_prior_iri,ExtraTreesRegressor,84.0,87.70625277777768,-3.706252777777678,3.706252777777678,13.736309652784753
5629,strict_no_prior_iri,ExtraTreesRegressor,84.5,126.54747916666669,-42.04747916666669,42.04747916666669,1767.9905042712694
2914,strict_no_prior_iri,ExtraTreesRegressor,56.3,55.716749404761956,0.5832505952380416,0.5832505952380416,0.3401812568455298
1579,strict_no_prior_iri,ExtraTreesRegressor,48.0,82.99644642857147,-34.996446428571474,34.996446428571474,1224.751262627873
3275,strict_no_prior_iri,ExtraTreesRegressor,184.3,166.69279166666678,17.607208333333233,17.607208333333233,310.0137852933992
5540,strict_no_prior_iri,ExtraTreesRegressor,92.5,134.35620833333326,-41.85620833333326,41.85620833333326,1751.9421760433963
3367,strict_no_prior_iri,ExtraTreesRegressor,150.4,160.82495238095245,-10.424952380952448,10.424952380952448,108.6796321451261
4005,strict_no_prior_iri,ExtraTreesRegressor,54.2,67.68780398143522,-13.48780398143522,13.48780398143522,181.9208562416198
3629,strict_no_prior_iri,ExtraTreesRegressor,76.2,116.82034166666672,-40.62034166666672,40.62034166666672,1650.0121571167404
5660,strict_no_prior_iri,ExtraTreesRegressor,76.5,90.66266071428579,-14.162660714285792,14.162660714285792,200.58095850797415
532,strict_no_prior_iri,ExtraTreesRegressor,128.7,128.80179166666653,-0.10179166666654282,0.10179166666654282,0.010361543402752565
5590,strict_no_prior_iri,ExtraTreesRegressor,84.0,84.87204166666656,-0.8720416666665614,0.8720416666665614,0.7604566684025941
1509,strict_no_prior_iri,ExtraTreesRegressor,164.5,111.0101601495727,53.4898398504273,53.4898398504273,2861.1629672243607
1258,strict_no_prior_iri,ExtraTreesRegressor,92.8,70.1617666666666,22.638233333333403,22.638233333333403,512.4896084544476
4636,strict_no_prior_iri,ExtraTreesRegressor,103.0,102.82083370927322,0.17916629072678347,0.17916629072678347,0.0321005597327943
891,strict_no_prior_iri,ExtraTreesRegressor,159.5,179.43779166666653,-19.937791666666527,19.937791666666527,397.5155365433972
487,strict_no_prior_iri,ExtraTreesRegressor,56.2,66.93350000000002,-10.73350000000002,10.73350000000002,115.20802225000044
2878,strict_no_prior_iri,ExtraTreesRegressor,44.7,47.79647189754688,-3.096471897546877,3.096471897546877,9.588138212297558
2737,strict_no_prior_iri,ExtraTreesRegressor,61.0,48.684683279220735,12.315316720779265,12.315316720779265,151.66702593310535
5375,strict_no_prior_iri,ExtraTreesRegressor,58.0,57.74316872294373,0.2568312770562713,0.2568312770562713,0.06596230487435518
840,strict_no_prior_iri,ExtraTreesRegressor,52.0,95.88125,-43.881249999999994,43.881249999999994,1925.5641015624994
1626,strict_no_prior_iri,ExtraTreesRegressor,69.7,67.6101083333333,2.089891666666702,2.089891666666702,4.367647178402925
28,strict_no_prior_iri,ExtraTreesRegressor,72.5,168.4638958333333,-95.96389583333331,95.96389583333331,9209.069303510847
5358,strict_no_prior_iri,ExtraTreesRegressor,89.1,101.30291666666677,-12.20291666666678,12.20291666666678,148.91117517361388
943,strict_no_prior_iri,ExtraTreesRegressor,61.8,74.4339952614379,-12.633995261437903,12.633995261437903,159.6178362660354
5004,strict_no_prior_iri,ExtraTreesRegressor,56.1,62.175899999999956,-6.075899999999955,6.075899999999955,36.916560809999446
1118,strict_no_prior_iri,ExtraTreesRegressor,63.8,93.35591785714286,-29.55591785714286,29.55591785714286,873.5522803781761
4,strict_no_prior_iri,ExtraTreesRegressor,154.0,145.11578333333335,8.884216666666646,8.884216666666646,78.9293057802774
1120,strict_no_prior_iri,ExtraTreesRegressor,30.7,59.36450000000004,-28.664500000000043,28.664500000000043,821.6535602500024
976,strict_no_prior_iri,ExtraTreesRegressor,34.3,39.53223333333329,-5.232233333333291,5.232233333333291,27.376265654443998
720,strict_no_prior_iri,ExtraTreesRegressor,32.6,63.853780952381015,-31.253780952381014,31.253780952381014,976.7988238194142
4372,strict_no_prior_iri,ExtraTreesRegressor,108.0,130.5976227678571,-22.597622767857104,22.597622767857104,510.65255475837375
4624,strict_no_prior_iri,ExtraTreesRegressor,43.3,67.7637333333333,-24.46373333333331,24.46373333333331,598.4742486044432
1706,strict_no_prior_iri,ExtraTreesRegressor,62.3,57.58791666666666,4.712083333333339,4.712083333333339,22.203729340277835
2441,strict_no_prior_iri,ExtraTreesRegressor,94.5,105.083125,-10.583124999999995,10.583124999999995,112.0025347656249
762,strict_no_prior_iri,ExtraTreesRegressor,40.0,44.30776666666665,-4.307766666666652,4.307766666666652,18.556853654444314
3523,strict_no_prior_iri,ExtraTreesRegressor,52.0,68.24791666666675,-16.247916666666754,16.247916666666754,263.9947960069473
1524,strict_no_prior_iri,ExtraTreesRegressor,53.8,68.71895833333329,-14.918958333333293,14.918958333333293,222.57531775173493
2664,strict_no_prior_iri,ExtraTreesRegressor,35.3,34.694204545454625,0.6057954545453725,0.6057954545453725,0.36698813274783454
5235,strict_no_prior_iri,ExtraTreesRegressor,33.6,39.072730555555616,-5.472730555555614,5.472730555555614,29.95077973371206
3765,strict_no_prior_iri,ExtraTreesRegressor,46.5,46.162666666666546,0.3373333333334543,0.3373333333334543,0.11379377777785937
3418,strict_no_prior_iri,ExtraTreesRegressor,42.0,111.63019126984119,-69.63019126984119,69.63019126984119,4848.363536274668
1429,strict_no_prior_iri,ExtraTreesRegressor,119.5,112.20641666666674,7.29358333333326,7.29358333333326,53.196357840276704
2633,strict_no_prior_iri,ExtraTreesRegressor,51.0,50.212672619047595,0.7873273809524051,0.7873273809524051,0.6198844047973736
3139,strict_no_prior_iri,ExtraTreesRegressor,59.2,67.79397499999995,-8.593974999999944,8.593974999999944,73.85640630062403
5326,strict_no_prior_iri,ExtraTreesRegressor,122.0,135.3414976190476,-13.341497619047601,13.341497619047601,177.9955587190528
2472,strict_no_prior_iri,ExtraTreesRegressor,59.0,61.09684761904766,-2.096847619047658,2.096847619047658,4.396769937505832
3923,strict_no_prior_iri,ExtraTreesRegressor,112.8,121.13650833333331,-8.336508333333313,8.336508333333313,69.49737119173578
4612,strict_no_prior_iri,ExtraTreesRegressor,49.0,66.73418201754387,-17.734182017543873,17.734182017543873,314.50121183137645
4195,strict_no_prior_iri,ExtraTreesRegressor,175.0,151.20933333333312,23.79066666666688,23.79066666666688,565.9958204444546
263,strict_no_prior_iri,ExtraTreesRegressor,60.5,79.73326666666668,-19.23326666666668,19.23326666666668,369.9185466711116
1100,strict_no_prior_iri,ExtraTreesRegressor,86.0,98.97888333333336,-12.978883333333357,12.978883333333357,168.4514125802784
5374,strict_no_prior_iri,ExtraTreesRegressor,45.6,56.989480447330465,-11.389480447330463,11.389480447330463,129.72026486012294
5659,strict_no_prior_iri,ExtraTreesRegressor,101.0,94.77057738095247,6.229422619047526,6.229422619047526,38.805706166700936
1115,strict_no_prior_iri,ExtraTreesRegressor,112.4,91.16591666666669,21.234083333333317,21.234083333333317,450.8862950069437
2331,strict_no_prior_iri,ExtraTreesRegressor,59.7,55.64463915945166,4.055360840548346,4.055360840548346,16.445951547052985
499,strict_no_prior_iri,ExtraTreesRegressor,38.0,46.82034999999993,-8.820349999999927,8.820349999999927,77.7985741224987
1040,strict_no_prior_iri,ExtraTreesRegressor,54.0,49.97041666666665,4.029583333333349,4.029583333333349,16.237541840277906
3466,strict_no_prior_iri,ExtraTreesRegressor,136.0,184.48320714285717,-48.48320714285717,48.48320714285717,2350.6213748571963
2521,strict_no_prior_iri,ExtraTreesRegressor,37.7,42.44905481601731,-4.749054816017306,4.749054816017306,22.55352164553717
1811,strict_no_prior_iri,ExtraTreesRegressor,70.0,55.31826187146189,14.681738128538107,14.681738128538107,215.55343447496966
1583,strict_no_prior_iri,ExtraTreesRegressor,59.8,86.29825216450213,-26.498252164502134,26.498252164502134,702.157367773542
4748,strict_no_prior_iri,ExtraTreesRegressor,52.0,52.92964999999993,-0.9296499999999313,0.9296499999999313,0.8642491224998722
3366,strict_no_prior_iri,ExtraTreesRegressor,157.4,184.1801964285712,-26.7801964285712,26.7801964285712,717.1789207528577
1562,strict_no_prior_iri,ExtraTreesRegressor,72.0,85.85852500000001,-13.858525000000014,13.858525000000014,192.0587151756254
573,strict_no_prior_iri,ExtraTreesRegressor,33.2,44.88572499999999,-11.685724999999984,11.685724999999984,136.55616877562463
5524,strict_no_prior_iri,ExtraTreesRegressor,59.7,69.52745416666677,-9.827454166666769,9.827454166666769,96.57885539793604
1463,strict_no_prior_iri,ExtraTreesRegressor,68.0,131.49808571428568,-63.49808571428568,63.49808571428568,4032.006889378771
4460,strict_no_prior_iri,ExtraTreesRegressor,72.0,93.55618333333321,-21.55618333333321,21.55618333333321,464.6690399002724
5426,strict_no_prior_iri,ExtraTreesRegressor,94.7,108.897625,-14.197625000000002,14.197625000000002,201.57255564062507
4968,strict_no_prior_iri,ExtraTreesRegressor,51.8,66.07892261904763,-14.278922619047634,14.278922619047634,203.88763116075015
4088,strict_no_prior_iri,ExtraTreesRegressor,170.5,99.92019520757023,70.57980479242977,70.57980479242977,4981.508844537492
430,strict_no_prior_iri,ExtraTreesRegressor,176.0,87.35995833333332,88.64004166666668,88.64004166666668,7857.0569866684045
3932,strict_no_prior_iri,ExtraTreesRegressor,48.0,72.16292499999997,-24.162924999999973,24.162924999999973,583.8469445556237
779,strict_no_prior_iri,ExtraTreesRegressor,87.2,70.63961501501498,16.56038498498502,16.56038498498502,274.24635085091734
5022,strict_no_prior_iri,ExtraTreesRegressor,170.0,140.35266666666658,29.64733333333342,29.64733333333342,878.964373777783
3685,strict_no_prior_iri,ExtraTreesRegressor,108.5,149.08594166666663,-40.58594166666663,40.58594166666663,1647.2186609700664
1428,strict_no_prior_iri,ExtraTreesRegressor,59.3,75.4516611111111,-16.151661111111096,16.151661111111096,260.87615664817855
510,strict_no_prior_iri,ExtraTreesRegressor,45.0,62.05212976190478,-17.05212976190478,17.05212976190478,290.77512941683875
4147,strict_no_prior_iri,ExtraTreesRegressor,86.5,67.42794464285714,19.072055357142858,19.072055357142858,363.74329554592157
4794,strict_no_prior_iri,ExtraTreesRegressor,204.0,117.17527529761908,86.82472470238092,86.82472470238092,7538.532819644235
2780,strict_no_prior_iri,ExtraTreesRegressor,78.0,74.28107857142847,3.7189214285715337,3.7189214285715337,13.830376591888538
534,strict_no_prior_iri,ExtraTreesRegressor,63.2,64.34820833333329,-1.1482083333332866,1.1482083333332866,1.318382376736004
2393,strict_no_prior_iri,ExtraTreesRegressor,73.0,64.20422254901975,8.795777450980253,8.795777450980253,77.36570096717269
5586,strict_no_prior_iri,ExtraTreesRegressor,69.5,80.67704166666667,-11.177041666666668,11.177041666666668,124.9262604184028
652,strict_no_prior_iri,ExtraTreesRegressor,42.2,52.9840345238095,-10.784034523809495,10.784034523809495,116.29540061071509
5770,strict_no_prior_iri,ExtraTreesRegressor,42.5,45.737875000000024,-3.237875000000024,3.237875000000024,10.483834515625155
4541,strict_no_prior_iri,ExtraTreesRegressor,44.8,63.65798333333327,-18.857983333333273,18.857983333333273,355.6235354002755
3818,strict_no_prior_iri,ExtraTreesRegressor,55.8,66.18212499999998,-10.382124999999988,10.382124999999988,107.78851951562474
111,strict_no_prior_iri,ExtraTreesRegressor,41.0,41.02879166666673,-0.028791666666727167,0.028791666666727167,0.0008289600694479282
1180,strict_no_prior_iri,ExtraTreesRegressor,50.0,99.89208333333332,-49.89208333333332,49.89208333333332,2489.219979340276
5705,strict_no_prior_iri,ExtraTreesRegressor,39.1,45.085958333333366,-5.985958333333365,5.985958333333365,35.83169716840315
633,strict_no_prior_iri,ExtraTreesRegressor,74.5,75.86085357142865,-1.360853571428649,1.360853571428649,1.8519224428701089
1471,strict_no_prior_iri,ExtraTreesRegressor,76.5,72.04712500000001,4.452874999999992,4.452874999999992,19.828095765624926
2327,strict_no_prior_iri,ExtraTreesRegressor,46.0,59.73572916666678,-13.73572916666678,13.73572916666678,188.67025574002045
2900,strict_no_prior_iri,ExtraTreesRegressor,85.0,100.39948333333332,-15.399483333333322,15.399483333333322,237.14408693361077
2725,strict_no_prior_iri,ExtraTreesRegressor,49.5,49.60124518398266,-0.10124518398266247,0.10124518398266247,0.010250587279683173
4329,strict_no_prior_iri,ExtraTreesRegressor,39.0,46.901759523809524,-7.901759523809524,7.901759523809524,62.43780357211452
193,strict_no_prior_iri,ExtraTreesRegressor,45.5,78.02075833333335,-32.52075833333335,32.52075833333335,1057.5997225750705
4525,strict_no_prior_iri,ExtraTreesRegressor,106.5,132.91702500000002,-26.417025000000024,26.417025000000024,697.8592098506263
562,strict_no_prior_iri,ExtraTreesRegressor,38.2,48.27593333333343,-10.075933333333424,10.075933333333424,101.5244325377796
1397,strict_no_prior_iri,ExtraTreesRegressor,231.0,146.82075,84.17925,84.17925,7086.146130562499
5052,strict_no_prior_iri,ExtraTreesRegressor,51.0,54.98095833333331,-3.9809583333333123,3.9809583333333123,15.848029251735943
4638,strict_no_prior_iri,ExtraTreesRegressor,136.0,122.56898529411762,13.431014705882376,13.431014705882376,180.39215602962864
145,strict_no_prior_iri,ExtraTreesRegressor,47.0,50.65425487012986,-3.6542548701298614,3.6542548701298614,13.35357865586781
2298,strict_no_prior_iri,ExtraTreesRegressor,34.5,53.30745151515155,-18.80745151515155,18.80745151515155,353.72023249477627
1134,strict_no_prior_iri,ExtraTreesRegressor,217.0,179.84547023809517,37.154529761904826,37.154529761904826,1380.4590818282716
5383,strict_no_prior_iri,ExtraTreesRegressor,71.0,81.01101250000005,-10.01101250000005,10.01101250000005,100.22037127515723
5000,strict_no_prior_iri,ExtraTreesRegressor,96.0,92.48548333333333,3.5145166666666654,3.5145166666666654,12.351827400277768
2953,strict_no_prior_iri,ExtraTreesRegressor,180.0,164.9470416666667,15.052958333333294,15.052958333333294,226.59155458506825
2032,strict_no_prior_iri,ExtraTreesRegressor,86.0,150.81024166666674,-64.81024166666674,64.81024166666674,4200.367424891746
1337,strict_no_prior_iri,ExtraTreesRegressor,122.5,76.46241666666664,46.03758333333336,46.03758333333336,2119.4590791736136
5479,strict_no_prior_iri,ExtraTreesRegressor,108.7,128.3292916666667,-19.629291666666703,19.629291666666703,385.30909133507083
1462,strict_no_prior_iri,ExtraTreesRegressor,71.0,96.71308095238095,-25.71308095238095,25.71308095238095,661.162532063696
5017,strict_no_prior_iri,ExtraTreesRegressor,67.7,89.96838333333326,-22.26838333333326,22.26838333333326,495.88089628027456
2964,strict_no_prior_iri,ExtraTreesRegressor,52.0,84.39940833333333,-32.39940833333333,32.39940833333333,1049.721660350069
4168,strict_no_prior_iri,ExtraTreesRegressor,69.0,143.6751250000001,-74.6751250000001,74.6751250000001,5576.374293765639
2721,strict_no_prior_iri,ExtraTreesRegressor,78.5,73.6297083333333,4.870291666666702,4.870291666666702,23.719740918403122
3718,strict_no_prior_iri,ExtraTreesRegressor,89.0,144.9405269607843,-55.9405269607843,55.9405269607843,3129.3425566502347
4276,strict_no_prior_iri,ExtraTreesRegressor,89.0,53.607058333333335,35.392941666666665,35.392941666666665,1252.6603198200694
2295,strict_no_prior_iri,ExtraTreesRegressor,38.0,38.2981681818183,-0.29816818181829774,0.29816818181829774,0.08890426464882946
1673,strict_no_prior_iri,ExtraTreesRegressor,48.0,55.20247499999995,-7.20247499999995,7.20247499999995,51.87564612562428
4605,strict_no_prior_iri,ExtraTreesRegressor,53.0,114.17758333333333,-61.17758333333333,61.17758333333333,3742.6967025069443
5275,strict_no_prior_iri,ExtraTreesRegressor,53.9,46.91578333333336,6.98421666666664,6.98421666666664,48.77928244694407
1067,strict_no_prior_iri,ExtraTreesRegressor,75.0,59.562208333333366,15.437791666666634,15.437791666666634,238.32541154340177
3684,strict_no_prior_iri,ExtraTreesRegressor,88.0,103.92183333333324,-15.92183333333324,15.92183333333324,253.50477669444146
631,strict_no_prior_iri,ExtraTreesRegressor,84.4,101.43232149649651,-17.032321496496508,17.032321496496508,290.099975560017
5482,strict_no_prior_iri,ExtraTreesRegressor,84.0,91.34533333333337,-7.345333333333372,7.345333333333372,53.95392177777834
300,strict_no_prior_iri,ExtraTreesRegressor,70.3,107.0340940033909,-36.73409400339091,36.73409400339091,1349.3936622499598
4335,strict_no_prior_iri,ExtraTreesRegressor,59.0,59.362232967032945,-0.36223296703294494,0.36223296703294494,0.1312127224054906
3280,strict_no_prior_iri,ExtraTreesRegressor,80.0,80.79395833333334,-0.793958333333336,0.793958333333336,0.6303698350694487
3009,strict_no_prior_iri,ExtraTreesRegressor,63.0,57.668993055555596,5.331006944444404,5.331006944444404,28.41963504171446
391,strict_no_prior_iri,ExtraTreesRegressor,51.5,56.56921547619047,-5.069215476190472,5.069215476190472,25.69694554404899
4106,strict_no_prior_iri,ExtraTreesRegressor,98.0,149.1779166666667,-51.177916666666704,51.177916666666704,2619.1791543402815
542,strict_no_prior_iri,ExtraTreesRegressor,98.0,80.8484583333333,17.151541666666702,17.151541666666702,294.175381543404
637,strict_no_prior_iri,ExtraTreesRegressor,85.0,90.21798958333338,-5.217989583333377,5.217989583333377,27.227415291775632
3446,strict_no_prior_iri,ExtraTreesRegressor,80.0,136.64637499999995,-56.64637499999995,56.64637499999995,3208.8118006406194
933,strict_no_prior_iri,ExtraTreesRegressor,134.0,149.28635833333325,-15.286358333333254,15.286358333333254,233.672751095067
3917,strict_no_prior_iri,ExtraTreesRegressor,85.0,113.65721428571425,-28.657214285714247,28.657214285714247,821.2359306173447
711,strict_no_prior_iri,ExtraTreesRegressor,73.5,79.31479279279274,-5.814792792792744,5.814792792792744,33.81181522311444
1922,strict_no_prior_iri,ExtraTreesRegressor,111.0,132.91536760815433,-21.915367608154327,21.915367608154327,480.2833374005399
5021,strict_no_prior_iri,ExtraTreesRegressor,158.5,137.891,20.60900000000001,20.60900000000001,424.73088100000035
772,strict_no_prior_iri,ExtraTreesRegressor,74.0,98.09899999999999,-24.09899999999999,24.09899999999999,580.7618009999995
1686,strict_no_prior_iri,ExtraTreesRegressor,175.0,185.8497083333333,-10.849708333333297,10.849708333333297,117.71617091840199
1740,strict_no_prior_iri,ExtraTreesRegressor,106.0,73.85210000000005,32.14789999999995,32.14789999999995,1033.4874744099968
5072,strict_no_prior_iri,ExtraTreesRegressor,50.0,54.379225000000034,-4.379225000000034,4.379225000000034,19.177611600625294
4412,strict_no_prior_iri,ExtraTreesRegressor,34.0,66.24910833333328,-32.24910833333328,32.24910833333328,1040.0049882950661
5313,strict_no_prior_iri,ExtraTreesRegressor,77.0,118.77369642857144,-41.77369642857144,41.77369642857144,1745.0417133064423
4896,strict_no_prior_iri,ExtraTreesRegressor,58.6,55.3871833333333,3.212816666666704,3.212816666666704,10.322190933611353
5681,strict_no_prior_iri,ExtraTreesRegressor,74.5,78.1654198717949,-3.665419871794896,3.665419871794896,13.43530283654891
67,strict_no_prior_iri,ExtraTreesRegressor,40.9,50.16034307359302,-9.26034307359302,9.26034307359302,85.75395384064223
1472,strict_no_prior_iri,ExtraTreesRegressor,66.0,71.783,-5.783000000000001,5.783000000000001,33.443089000000015
4148,strict_no_prior_iri,ExtraTreesRegressor,55.0,67.23825416666664,-12.238254166666636,12.238254166666636,149.77486504793328
130,strict_no_prior_iri,ExtraTreesRegressor,111.0,100.560875,10.439125000000004,10.439125000000004,108.97533076562509
921,strict_no_prior_iri,ExtraTreesRegressor,77.0,105.12666666666667,-28.126666666666665,28.126666666666665,791.1093777777777
1700,strict_no_prior_iri,ExtraTreesRegressor,65.0,70.46250000000002,-5.46250000000002,5.46250000000002,29.838906250000218
4031,strict_no_prior_iri,ExtraTreesRegressor,46.0,46.7764523809524,-0.7764523809523993,0.7764523809523993,0.6028782998866499
3720,strict_no_prior_iri,ExtraTreesRegressor,165.0,163.17579166666673,1.8242083333332744,1.8242083333332744,3.3277360434025627
846,strict_no_prior_iri,ExtraTreesRegressor,59.7,79.04666666666671,-19.346666666666707,19.346666666666707,374.29351111111265
5473,strict_no_prior_iri,ExtraTreesRegressor,69.1,119.5863633838384,-50.48636338383841,50.48636338383841,2548.8728877249796
198,strict_no_prior_iri,ExtraTreesRegressor,76.3,54.027079761904744,22.272920238095253,22.272920238095253,496.0829759325531
2978,strict_no_prior_iri,ExtraTreesRegressor,70.0,117.90626666666668,-47.90626666666668,47.90626666666668,2295.010385937779
278,strict_no_prior_iri,ExtraTreesRegressor,68.0,97.37577483481432,-29.375774834814322,29.375774834814322,862.9361471457104
2556,strict_no_prior_iri,ExtraTreesRegressor,146.5,137.37238625541124,9.127613744588757,9.127613744588757,83.31333267040559
3256,strict_no_prior_iri,ExtraTreesRegressor,148.0,169.93348809523803,-21.933488095238033,21.933488095238033,481.07790002394853
4427,strict_no_prior_iri,ExtraTreesRegressor,52.8,55.98577380952386,-3.185773809523866,3.185773809523866,10.149154765448205
734,strict_no_prior_iri,ExtraTreesRegressor,44.2,48.633269688644695,-4.4332696886446925,4.4332696886446925,19.653880132255807
492,strict_no_prior_iri,ExtraTreesRegressor,52.5,53.38794444444442,-0.8879444444444218,0.8879444444444218,0.7884453364197128
2218,strict_no_prior_iri,ExtraTreesRegressor,57.0,76.68830833333334,-19.68830833333334,19.68830833333334,387.629485028403
3656,strict_no_prior_iri,ExtraTreesRegressor,49.4,92.56829166666661,-43.16829166666661,43.16829166666661,1863.501405418398
3102,strict_no_prior_iri,ExtraTreesRegressor,63.0,97.56641666666667,-34.56641666666667,34.56641666666667,1194.8371611736113
2385,strict_no_prior_iri,ExtraTreesRegressor,32.0,49.6109380952381,-17.610938095238097,17.610938095238097,310.1451405943085
4265,strict_no_prior_iri,ExtraTreesRegressor,175.0,183.21573968253972,-8.21573968253972,8.21573968253972,67.49837853125786
1839,strict_no_prior_iri,ExtraTreesRegressor,103.0,89.06895833333334,13.931041666666658,13.931041666666658,194.07392191840253
896,strict_no_prior_iri,ExtraTreesRegressor,128.6,139.09691666666657,-10.496916666666579,10.496916666666579,110.1852595069426
2515,strict_no_prior_iri,ExtraTreesRegressor,200.5,116.00598376225487,84.49401623774513,84.49401623774513,7139.238779984337
4743,strict_no_prior_iri,ExtraTreesRegressor,141.3,54.74109764957266,86.55890235042736,86.55890235042736,7492.443576110819
387,strict_no_prior_iri,ExtraTreesRegressor,47.0,54.28408928571427,-7.284089285714273,7.284089285714273,53.05795672225747
5129,strict_no_prior_iri,ExtraTreesRegressor,217.0,162.3318174603175,54.668182539682505,54.668182539682505,2988.610182192047
5792,strict_no_prior_iri,ExtraTreesRegressor,72.2,84.75262500000004,-12.552625000000035,12.552625000000035,157.56839439062585
1208,strict_no_prior_iri,ExtraTreesRegressor,58.2,58.55962499999999,-0.359624999999987,0.359624999999987,0.12933014062499062
697,strict_no_prior_iri,ExtraTreesRegressor,73.0,64.49864090909097,8.501359090909034,8.501359090909034,72.27310639258168
1945,strict_no_prior_iri,ExtraTreesRegressor,156.0,120.97996572871573,35.020034271284274,35.020034271284274,1226.402800361925
4909,strict_no_prior_iri,ExtraTreesRegressor,77.8,87.46735833333338,-9.667358333333382,9.667358333333382,93.4578171450704
4312,strict_no_prior_iri,ExtraTreesRegressor,49.5,90.1696166666667,-40.6696166666667,40.6696166666667,1654.0177198136137
125,strict_no_prior_iri,ExtraTreesRegressor,46.5,77.91574999999997,-31.415749999999974,31.415749999999974,986.9493480624984
621,strict_no_prior_iri,ExtraTreesRegressor,148.0,141.7887166666667,6.211283333333313,6.211283333333313,38.58004064694419
1658,strict_no_prior_iri,ExtraTreesRegressor,40.0,57.14496666666665,-17.144966666666647,17.144966666666647,293.94988200111044
3912,strict_no_prior_iri,ExtraTreesRegressor,40.8,140.2195,-99.41950000000001,99.41950000000001,9884.236980250003
2563,strict_no_prior_iri,ExtraTreesRegressor,112.0,115.6907330808081,-3.6907330808081014,3.6907330808081014,13.62151067377126
3971,strict_no_prior_iri,ExtraTreesRegressor,276.0,126.96615000000003,149.03384999999997,149.03384999999997,22211.08844582249
4226,strict_no_prior_iri,ExtraTreesRegressor,40.5,48.725159523809516,-8.225159523809516,8.225159523809516,67.65324919211439
438,strict_no_prior_iri,ExtraTreesRegressor,64.6,80.53816666666673,-15.938166666666731,15.938166666666731,254.0251566944465
5107,strict_no_prior_iri,ExtraTreesRegressor,67.4,79.23808333333326,-11.838083333333259,11.838083333333259,140.1402170069427
4481,strict_no_prior_iri,ExtraTreesRegressor,162.0,208.94433333333342,-46.94433333333342,46.94433333333342,2203.770432111119
3918,strict_no_prior_iri,ExtraTreesRegressor,149.0,101.91844166666664,47.08155833333336,47.08155833333336,2216.673135095072
4382,strict_no_prior_iri,ExtraTreesRegressor,153.3,98.525125,54.77487500000001,54.77487500000001,3000.2869312656258
2941,strict_no_prior_iri,ExtraTreesRegressor,41.0,50.211494444444455,-9.211494444444455,9.211494444444455,84.85162990003106
2626,strict_no_prior_iri,ExtraTreesRegressor,177.2,198.08033333333333,-20.88033333333334,20.88033333333334,435.98832011111136
5418,strict_no_prior_iri,ExtraTreesRegressor,56.1,77.92454166666663,-21.824541666666626,21.824541666666626,476.31061896006764
2712,strict_no_prior_iri,ExtraTreesRegressor,38.0,36.311691666666654,1.688308333333346,1.688308333333346,2.8503850284028203
3821,strict_no_prior_iri,ExtraTreesRegressor,54.0,57.6955448717948,-3.6955448717948016,3.6955448717948016,13.657051899448856
4529,strict_no_prior_iri,ExtraTreesRegressor,63.0,108.27103333333324,-45.271033333333236,45.271033333333236,2049.466459067769
881,strict_no_prior_iri,ExtraTreesRegressor,72.6,77.25589166666664,-4.655891666666648,4.655891666666648,21.677327211735935
4805,strict_no_prior_iri,ExtraTreesRegressor,140.0,111.97430833333334,28.02569166666666,28.02569166666666,785.439393395069
634,strict_no_prior_iri,ExtraTreesRegressor,98.1,92.68695000000005,5.4130499999999415,5.4130499999999415,29.301110302499367
4152,strict_no_prior_iri,ExtraTreesRegressor,177.0,133.16945277777782,43.83054722222218,43.83054722222218,1921.1168697994485
2547,strict_no_prior_iri,ExtraTreesRegressor,59.5,132.09074999999999,-72.59074999999999,72.59074999999999,5269.416985562498
1771,strict_no_prior_iri,ExtraTreesRegressor,66.0,58.86544194139192,7.134558058608079,7.134558058608079,50.90191869164948
399,strict_no_prior_iri,ExtraTreesRegressor,53.5,47.85450595238089,5.64549404761911,5.64549404761911,31.871603041702798
47,strict_no_prior_iri,ExtraTreesRegressor,73.4,68.61757142857138,4.782428571428625,4.782428571428625,22.871623040816836
305,strict_no_prior_iri,ExtraTreesRegressor,58.0,126.19202525252534,-68.19202525252534,68.19202525252534,4650.152308041053
4738,strict_no_prior_iri,ExtraTreesRegressor,97.5,97.7608575396825,-0.2608575396825046,0.2608575396825046,0.06804665600920945
2810,strict_no_prior_iri,ExtraTreesRegressor,53.0,42.734299206349235,10.265700793650765,10.265700793650765,105.38461278476196
4544,strict_no_prior_iri,ExtraTreesRegressor,112.0,92.32845833333346,19.671541666666542,19.671541666666542,386.96955154339787
4684,strict_no_prior_iri,ExtraTreesRegressor,154.0,78.49241666666667,75.50758333333333,75.50758333333333,5701.395140840277
1013,strict_no_prior_iri,ExtraTreesRegressor,103.1,73.50025000000008,29.599749999999915,29.599749999999915,876.145200062495
848,strict_no_prior_iri,ExtraTreesRegressor,61.1,78.1844136904762,-17.084413690476204,17.084413690476204,291.87719114733073
4356,strict_no_prior_iri,ExtraTreesRegressor,61.0,54.05775,6.942250000000001,6.942250000000001,48.19483506250002
1300,strict_no_prior_iri,ExtraTreesRegressor,52.7,66.24645833333334,-13.546458333333334,13.546458333333334,183.50653337673612
4689,strict_no_prior_iri,ExtraTreesRegressor,83.7,140.37305208333336,-56.67305208333336,56.67305208333336,3211.834832440216
4828,strict_no_prior_iri,ExtraTreesRegressor,62.5,57.02292222222221,5.477077777777787,5.477077777777787,29.998380983827257
520,strict_no_prior_iri,ExtraTreesRegressor,90.0,75.57268333333326,14.42731666666674,14.42731666666674,208.14746620027992
4804,strict_no_prior_iri,ExtraTreesRegressor,135.0,123.57862291666669,11.421377083333311,11.421377083333311,130.44785447969133
4254,strict_no_prior_iri,ExtraTreesRegressor,100.6,96.54941666666674,4.05058333333325,4.05058333333325,16.407225340277105
2366,strict_no_prior_iri,ExtraTreesRegressor,186.0,136.70349166666674,49.296508333333264,49.296508333333264,2430.145733858396
2691,strict_no_prior_iri,ExtraTreesRegressor,71.0,54.079674873737375,16.920325126262625,16.920325126262625,286.2974023784343
3786,strict_no_prior_iri,ExtraTreesRegressor,133.5,87.8350980392157,45.664901960784306,45.664901960784306,2085.2832710880425
2974,strict_no_prior_iri,ExtraTreesRegressor,44.0,42.547006060606066,1.4529939393939344,1.4529939393939344,2.1111913879155044
5298,strict_no_prior_iri,ExtraTreesRegressor,57.4,56.26038333333333,1.1396166666666687,1.1396166666666687,1.298726146944449
1431,strict_no_prior_iri,ExtraTreesRegressor,71.9,115.26875000000007,-43.36875000000006,43.36875000000006,1880.8484765625053
3779,strict_no_prior_iri,ExtraTreesRegressor,234.0,134.21025000000006,99.78974999999994,99.78974999999994,9957.994205062489
2675,strict_no_prior_iri,ExtraTreesRegressor,35.0,35.84116982323232,-0.8411698232323204,0.8411698232323204,0.7075666715166931
1792,strict_no_prior_iri,ExtraTreesRegressor,31.0,50.79191859031489,-19.791918590314893,19.791918590314893,391.72004148565225
4323,strict_no_prior_iri,ExtraTreesRegressor,211.0,167.34121825396826,43.658781746031735,43.658781746031735,1906.0892235476338
4081,strict_no_prior_iri,ExtraTreesRegressor,71.0,84.53449166666672,-13.534491666666725,13.534491666666725,183.182464675071
1966,strict_no_prior_iri,ExtraTreesRegressor,39.0,39.88261785714288,-0.8826178571428827,0.8826178571428827,0.779014281747494
444,strict_no_prior_iri,ExtraTreesRegressor,46.8,58.210925000000024,-11.410925000000027,11.410925000000027,130.20920935562563
2692,strict_no_prior_iri,ExtraTreesRegressor,46.0,49.58879742063494,-3.58879742063494,3.58879742063494,12.879466926355997
5686,strict_no_prior_iri,ExtraTreesRegressor,85.5,99.77040000000001,-14.27040000000001,14.27040000000001,203.64431616000027
679,strict_no_prior_iri,ExtraTreesRegressor,55.0,56.75241666666664,-1.7524166666666403,1.7524166666666403,3.070964173611019
1447,strict_no_prior_iri,ExtraTreesRegressor,109.0,98.92029166666663,10.079708333333372,10.079708333333372,101.60052008507022
2929,strict_no_prior_iri,ExtraTreesRegressor,39.5,45.871443055555574,-6.371443055555574,6.371443055555574,40.595286610187344
3089,strict_no_prior_iri,ExtraTreesRegressor,44.9,68.38238257575753,-23.482382575757534,23.482382575757534,551.4222914342411
1492,strict_no_prior_iri,ExtraTreesRegressor,82.5,72.95734166666664,9.542658333333364,9.542658333333364,91.0623280667367
3287,strict_no_prior_iri,ExtraTreesRegressor,223.0,215.9014166666666,7.0985833333334085,7.0985833333334085,50.389885340278845
807,strict_no_prior_iri,ExtraTreesRegressor,40.9,51.63552499999998,-10.735524999999981,10.735524999999981,115.2514970256246
217,strict_no_prior_iri,ExtraTreesRegressor,124.0,101.87892500000002,22.121074999999976,22.121074999999976,489.34195915562395
1386,strict_no_prior_iri,ExtraTreesRegressor,281.0,73.98531666666659,207.0146833333334,207.0146833333334,42855.07911560031
2743,strict_no_prior_iri,ExtraTreesRegressor,97.0,58.826557738095254,38.173442261904746,38.173442261904746,1457.2116941229754
128,strict_no_prior_iri,ExtraTreesRegressor,46.0,45.62590000000002,0.37409999999997723,0.37409999999997723,0.13995080999998297
5352,strict_no_prior_iri,ExtraTreesRegressor,49.6,49.54553333333333,0.054466666666669994,0.054466666666669994,0.00296661777777814
4983,strict_no_prior_iri,ExtraTreesRegressor,170.0,99.66779166666669,70.33220833333331,70.33220833333331,4946.6195290434
247,strict_no_prior_iri,ExtraTreesRegressor,54.0,65.40805000000002,-11.408050000000017,11.408050000000017,130.1436048025004
3356,strict_no_prior_iri,ExtraTreesRegressor,68.5,102.27913452380955,-33.779134523809546,33.779134523809546,1141.0299291776219
3183,strict_no_prior_iri,ExtraTreesRegressor,113.0,138.66887500000007,-25.66887500000007,25.66887500000007,658.8911437656286
3636,strict_no_prior_iri,ExtraTreesRegressor,40.2,57.172562121212096,-16.972562121212093,16.972562121212093,288.06786495840356
3329,strict_no_prior_iri,ExtraTreesRegressor,179.8,178.98147500000002,0.818524999999994,0.818524999999994,0.6699831756249901
4334,strict_no_prior_iri,ExtraTreesRegressor,47.8,61.00970119047617,-13.209701190476174,13.209701190476174,174.49620554166765
2863,strict_no_prior_iri,ExtraTreesRegressor,43.0,46.21948282828284,-3.2194828282828425,3.2194828282828425,10.365069681608091
1214,strict_no_prior_iri,ExtraTreesRegressor,50.0,70.91734166666669,-20.917341666666687,20.917341666666687,437.53518240007025
1129,strict_no_prior_iri,ExtraTreesRegressor,179.0,190.07473333333328,-11.074733333333285,11.074733333333285,122.64971840444336
2195,strict_no_prior_iri,ExtraTreesRegressor,44.0,42.85088636363635,1.1491136363636514,1.1491136363636514,1.320462149276894
5664,strict_no_prior_iri,ExtraTreesRegressor,162.2,115.29562500000002,46.90437499999997,46.90437499999997,2200.0203941406226
3490,strict_no_prior_iri,ExtraTreesRegressor,91.0,106.80841666666666,-15.808416666666659,15.808416666666659,249.90603750694422
758,strict_no_prior_iri,ExtraTreesRegressor,104.1,52.12343333333334,51.976566666666656,51.976566666666656,2701.563482454443
2337,strict_no_prior_iri,ExtraTreesRegressor,62.0,55.62096845238093,6.379031547619071,6.379031547619071,40.69204348551936
2935,strict_no_prior_iri,ExtraTreesRegressor,128.5,89.28631944444446,39.21368055555554,39.21368055555554,1537.7127427131547
3004,strict_no_prior_iri,ExtraTreesRegressor,31.0,33.78237622549022,-2.782376225490218,2.782376225490218,7.741617460173191
2017,strict_no_prior_iri,ExtraTreesRegressor,124.0,135.89957500000003,-11.899575000000027,11.899575000000027,141.59988518062565
2618,strict_no_prior_iri,ExtraTreesRegressor,120.0,123.0361166666667,-3.0361166666667003,3.0361166666667003,9.218004413611315
4604,strict_no_prior_iri,ExtraTreesRegressor,172.0,135.07412499999998,36.92587500000002,36.92587500000002,1363.5202445156265
5245,strict_no_prior_iri,ExtraTreesRegressor,38.7,39.29198333333332,-0.5919833333333173,0.5919833333333173,0.3504442669444255
2674,strict_no_prior_iri,ExtraTreesRegressor,34.0,36.92197934704176,-2.9219793470417628,2.9219793470417628,8.537963304538605
5381,strict_no_prior_iri,ExtraTreesRegressor,114.0,136.5519166666666,-22.551916666666614,22.551916666666614,508.5889453402754
4048,strict_no_prior_iri,ExtraTreesRegressor,87.2,75.97628333333324,11.22371666666676,11.22371666666676,125.97181581361322
5100,strict_no_prior_iri,ExtraTreesRegressor,88.2,105.84045833333337,-17.64045833333337,17.64045833333337,311.18577021007076
3383,strict_no_prior_iri,ExtraTreesRegressor,37.0,56.637791666666644,-19.637791666666644,19.637791666666644,385.64286154340186
1821,strict_no_prior_iri,ExtraTreesRegressor,58.0,46.574629530192034,11.425370469807966,11.425370469807966,130.5390903723599
3529,strict_no_prior_iri,ExtraTreesRegressor,49.7,53.927366666666664,-4.227366666666661,4.227366666666661,17.8706289344444
5103,strict_no_prior_iri,ExtraTreesRegressor,125.6,97.723875,27.876124999999988,27.876124999999988,777.0783450156243
1288,strict_no_prior_iri,ExtraTreesRegressor,141.0,126.44575000000007,14.554249999999925,14.554249999999925,211.82619306249782
2326,strict_no_prior_iri,ExtraTreesRegressor,51.5,61.39607500000015,-9.896075000000152,9.896075000000152,97.93230040562801
2239,strict_no_prior_iri,ExtraTreesRegressor,54.0,59.368830241327295,-5.368830241327295,5.368830241327295,28.8243381601905
1064,strict_no_prior_iri,ExtraTreesRegressor,63.7,58.938708333333324,4.761291666666679,4.761291666666679,22.669898335069565
65,strict_no_prior_iri,ExtraTreesRegressor,50.6,48.060539087301606,2.539460912698395,2.539460912698395,6.448861727122966
1947,strict_no_prior_iri,ExtraTreesRegressor,127.0,102.88516666666675,24.11483333333325,24.11483333333325,581.5251866944405
5236,strict_no_prior_iri,ExtraTreesRegressor,37.7,51.96216785714289,-14.262167857142884,14.262167857142884,203.40943198531966
5670,strict_no_prior_iri,ExtraTreesRegressor,112.3,119.34100833333333,-7.0410083333333375,7.0410083333333375,49.575798350069505
1287,strict_no_prior_iri,ExtraTreesRegressor,187.0,166.79754166666666,20.20245833333334,20.20245833333334,408.1393227100697
4061,strict_no_prior_iri,ExtraTreesRegressor,89.0,93.91445833333324,-4.9144583333332434,4.9144583333332434,24.15190071006856
3796,strict_no_prior_iri,ExtraTreesRegressor,43.3,50.849608333333315,-7.5496083333333175,7.5496083333333175,56.99658598673587
2681,strict_no_prior_iri,ExtraTreesRegressor,33.0,34.735018109668,-1.7350181096679975,1.7350181096679975,3.0102878408759115
5044,strict_no_prior_iri,ExtraTreesRegressor,68.0,65.39725357142855,2.60274642857145,2.60274642857145,6.774288971441439
3130,strict_no_prior_iri,ExtraTreesRegressor,51.3,63.712041666666686,-12.412041666666688,12.412041666666688,154.05877833506997
4827,strict_no_prior_iri,ExtraTreesRegressor,65.5,57.007005555555544,8.492994444444456,8.492994444444456,72.1309546333644
3805,strict_no_prior_iri,ExtraTreesRegressor,92.8,75.73514999999993,17.064850000000064,17.064850000000064,291.20910552250217
5504,strict_no_prior_iri,ExtraTreesRegressor,62.3,71.12128333333338,-8.821283333333383,8.821283333333383,77.81503964694532
3518,strict_no_prior_iri,ExtraTreesRegressor,182.0,210.93241666666663,-28.932416666666626,28.932416666666626,837.0847341736087
2952,strict_no_prior_iri,ExtraTreesRegressor,91.0,97.91741666666671,-6.9174166666667105,6.9174166666667105,47.850653340278384
4255,strict_no_prior_iri,ExtraTreesRegressor,94.3,102.01858333333342,-7.718583333333427,7.718583333333427,59.576528673612565
1878,strict_no_prior_iri,ExtraTreesRegressor,71.5,113.42061309523811,-41.92061309523811,41.92061309523811,1757.337802280649
4739,strict_no_prior_iri,ExtraTreesRegressor,191.0,106.90948611111105,84.09051388888895,84.09051388888895,7071.214526097426
1530,strict_no_prior_iri,ExtraTreesRegressor,49.0,87.24741666666665,-38.24741666666665,38.24741666666665,1462.86488167361
2702,strict_no_prior_iri,ExtraTreesRegressor,32.0,32.96274404761905,-0.9627440476190472,0.9627440476190472,0.9268761012259062
2755,strict_no_prior_iri,ExtraTreesRegressor,202.0,120.44141666666668,81.55858333333332,81.55858333333332,6651.802515340275
2206,strict_no_prior_iri,ExtraTreesRegressor,53.0,49.196090277777756,3.8039097222222438,3.8039097222222438,14.469729174816909
420,strict_no_prior_iri,ExtraTreesRegressor,73.3,127.08422916666666,-53.78422916666666,53.78422916666666,2892.743307052517
2540,strict_no_prior_iri,ExtraTreesRegressor,63.7,63.121672549019706,0.5783274509802965,0.5783274509802965,0.33446264055736724
229,strict_no_prior_iri,ExtraTreesRegressor,65.0,73.01855000000008,-8.018550000000076,8.018550000000076,64.29714410250122
4662,strict_no_prior_iri,ExtraTreesRegressor,70.0,85.0714553221289,-15.071455322128898,15.071455322128898,227.1487655269275
5354,strict_no_prior_iri,ExtraTreesRegressor,58.3,187.99108333333336,-129.69108333333338,129.69108333333338,16819.777096173624
664,strict_no_prior_iri,ExtraTreesRegressor,35.0,45.15780000000002,-10.157800000000023,10.157800000000023,103.18090084000046
3441,strict_no_prior_iri,ExtraTreesRegressor,198.5,206.36807173382167,-7.868071733821665,7.868071733821665,61.90655280856347
3476,strict_no_prior_iri,ExtraTreesRegressor,92.5,109.64954166666665,-17.14954166666665,17.14954166666665,294.1067793767355
2746,strict_no_prior_iri,ExtraTreesRegressor,92.0,84.82623333333335,7.173766666666651,7.173766666666651,51.46292818777756
5049,strict_no_prior_iri,ExtraTreesRegressor,60.3,56.11579166666667,4.184208333333331,4.184208333333331,17.50759937673609
1539,strict_no_prior_iri,ExtraTreesRegressor,48.5,57.07252500000001,-8.572525000000013,8.572525000000013,73.48818487562522
2567,strict_no_prior_iri,ExtraTreesRegressor,78.0,111.82229166666671,-33.822291666666715,33.822291666666715,1143.9474135850726
1050,strict_no_prior_iri,ExtraTreesRegressor,74.9,91.03582870370381,-16.135828703703808,16.135828703703808,260.3649679552717
3506,strict_no_prior_iri,ExtraTreesRegressor,105.0,99.94383333333332,5.056166666666684,5.056166666666684,25.564821361111285
3581,strict_no_prior_iri,ExtraTreesRegressor,272.0,96.72697142857145,175.27302857142854,175.27302857142854,30720.634544600805
5565,strict_no_prior_iri,ExtraTreesRegressor,101.6,65.74378571428574,35.85621428571426,35.85621428571426,1285.6681029030592
2117,strict_no_prior_iri,ExtraTreesRegressor,32.0,43.42245039682542,-11.422450396825418,11.422450396825418,130.47237306793716
402,strict_no_prior_iri,ExtraTreesRegressor,71.5,59.01779166666665,12.482208333333347,12.482208333333347,155.80552487673646
1559,strict_no_prior_iri,ExtraTreesRegressor,62.2,53.366708333333335,8.833291666666668,8.833291666666668,78.0270416684028
4188,strict_no_prior_iri,ExtraTreesRegressor,134.5,139.26195833333333,-4.761958333333325,4.761958333333325,22.6762471684027
2440,strict_no_prior_iri,ExtraTreesRegressor,76.0,99.59904166666665,-23.59904166666665,23.59904166666665,556.9147675850687
586,strict_no_prior_iri,ExtraTreesRegressor,55.5,58.232702083333336,-2.7327020833333364,2.7327020833333364,7.467660676254357
2271,strict_no_prior_iri,ExtraTreesRegressor,193.0,160.52362499999995,32.47637500000005,32.47637500000005,1054.714933140628
3572,strict_no_prior_iri,ExtraTreesRegressor,115.0,106.92746666666662,8.072533333333382,8.072533333333382,65.16579441777857
5713,strict_no_prior_iri,ExtraTreesRegressor,101.4,126.57035000000013,-25.170350000000127,25.170350000000127,633.5465191225064
4153,strict_no_prior_iri,ExtraTreesRegressor,168.0,178.81432500000005,-10.814325000000053,10.814325000000053,116.94962520562616
1385,strict_no_prior_iri,ExtraTreesRegressor,125.0,129.99572916666665,-4.995729166666649,4.995729166666649,24.957309906683854
3954,strict_no_prior_iri,ExtraTreesRegressor,128.0,124.12020833333327,3.8797916666667334,3.8797916666667334,15.05278337673663
1330,strict_no_prior_iri,ExtraTreesRegressor,98.5,85.25584166666673,13.244158333333274,13.244158333333274,175.4077299584012
513,strict_no_prior_iri,ExtraTreesRegressor,60.8,68.5880416666667,-7.7880416666667,7.7880416666667,60.65359300173663
4135,strict_no_prior_iri,ExtraTreesRegressor,82.0,89.10516111111106,-7.105161111111059,7.105161111111059,50.48331441484493
4704,strict_no_prior_iri,ExtraTreesRegressor,130.0,145.55990000000003,-15.559900000000027,15.559900000000027,242.11048801000086
833,strict_no_prior_iri,ExtraTreesRegressor,127.0,182.41927380952384,-55.419273809523844,55.419273809523844,3071.2959095749757
5799,strict_no_prior_iri,ExtraTreesRegressor,66.3,64.63860833333337,1.6613916666666313,1.6613916666666313,2.760222270069327
1266,strict_no_prior_iri,ExtraTreesRegressor,51.0,72.44351730769236,-21.44351730769236,21.44351730769236,459.8244345253018
224,strict_no_prior_iri,ExtraTreesRegressor,44.0,95.82312272727269,-51.82312272727269,51.82312272727269,2685.636049205967
4985,strict_no_prior_iri,ExtraTreesRegressor,112.7,79.48326666666661,33.216733333333394,33.216733333333394,1103.3513733377818
635,strict_no_prior_iri,ExtraTreesRegressor,96.1,91.0734166666667,5.026583333333292,5.026583333333292,25.26654000694403
4992,strict_no_prior_iri,ExtraTreesRegressor,48.1,73.38624999999998,-25.286249999999974,25.286249999999974,639.3944390624987
3905,strict_no_prior_iri,ExtraTreesRegressor,159.0,100.66203012820512,58.33796987179488,58.33796987179488,3403.3187287624473
2593,strict_no_prior_iri,ExtraTreesRegressor,48.0,52.45815219620956,-4.458152196209561,4.458152196209561,19.87512100456813
3883,strict_no_prior_iri,ExtraTreesRegressor,96.2,117.08353333333332,-20.883533333333318,20.883533333333318,436.1219644844438
303,strict_no_prior_iri,ExtraTreesRegressor,67.5,59.878601190476246,7.621398809523754,7.621398809523754,58.085719813810094
3527,strict_no_prior_iri,ExtraTreesRegressor,63.5,57.628916666666626,5.871083333333374,5.871083333333374,34.46961950694492
1198,strict_no_prior_iri,ExtraTreesRegressor,185.0,85.037,99.963,99.963,9992.601368999998
2223,strict_no_prior_iri,ExtraTreesRegressor,91.5,101.527125,-10.027124999999998,10.027124999999998,100.54323576562496
3400,strict_no_prior_iri,ExtraTreesRegressor,65.0,68.2035833333333,-3.203583333333299,3.203583333333299,10.26294617361089
484,strict_no_prior_iri,ExtraTreesRegressor,71.0,100.09866666666663,-29.09866666666663,29.09866666666663,846.7324017777757
4206,strict_no_prior_iri,ExtraTreesRegressor,91.7,97.32855833333336,-5.628558333333359,5.628558333333359,31.6806689117364
2197,strict_no_prior_iri,ExtraTreesRegressor,33.3,42.85088636363635,-9.550886363636351,9.550886363636351,91.21943033109481
2923,strict_no_prior_iri,ExtraTreesRegressor,79.0,62.842371474359034,16.157628525640966,16.157628525640966,261.0689595726067
4052,strict_no_prior_iri,ExtraTreesRegressor,74.2,86.20858703703705,-12.008587037037046,12.008587037037046,144.20616262609417
2470,strict_no_prior_iri,ExtraTreesRegressor,49.0,61.69947261904767,-12.699472619047668,12.699472619047668,161.27660480194143
3020,strict_no_prior_iri,ExtraTreesRegressor,68.0,56.24395238095235,11.75604761904765,11.75604761904765,138.2046556213159
2867,strict_no_prior_iri,ExtraTreesRegressor,56.5,77.99102037037036,-21.491020370370364,21.491020370370364,461.86395655967397
3810,strict_no_prior_iri,ExtraTreesRegressor,56.0,75.48403333333329,-19.484033333333286,19.484033333333286,379.6275549344426
1294,strict_no_prior_iri,ExtraTreesRegressor,113.0,156.18354166666663,-43.18354166666663,43.18354166666663,1864.8182708767326
4319,strict_no_prior_iri,ExtraTreesRegressor,116.0,151.61262500000007,-35.612625000000065,35.612625000000065,1268.2590593906295
5019,strict_no_prior_iri,ExtraTreesRegressor,76.0,82.55722738095237,-6.557227380952369,6.557227380952369,42.99723092551147
5335,strict_no_prior_iri,ExtraTreesRegressor,56.0,66.76784999999997,-10.767849999999967,10.767849999999967,115.9465936224993
4862,strict_no_prior_iri,ExtraTreesRegressor,52.1,75.23734722222221,-23.13734722222221,23.13734722222221,535.3368364816738
4431,strict_no_prior_iri,ExtraTreesRegressor,198.0,134.10558333333339,63.894416666666615,63.894416666666615,4082.4964811736045
2671,strict_no_prior_iri,ExtraTreesRegressor,37.0,35.000377164502176,1.9996228354978243,1.9996228354978243,3.998491484244359
763,strict_no_prior_iri,ExtraTreesRegressor,41.8,43.59151666666662,-1.7915166666666238,1.7915166666666238,3.209531966944291
26,strict_no_prior_iri,ExtraTreesRegressor,73.0,81.51552440476188,-8.515524404761877,8.515524404761877,72.51415588809512
2026,strict_no_prior_iri,ExtraTreesRegressor,44.5,41.60296708152957,2.8970329184704298,2.8970329184704298,8.392799730701295
4975,strict_no_prior_iri,ExtraTreesRegressor,66.7,83.89431249999994,-17.19431249999994,17.19431249999994,295.64438234765413
1780,strict_no_prior_iri,ExtraTreesRegressor,103.5,71.16533333333335,32.33466666666665,32.33466666666665,1045.5306684444433
3833,strict_no_prior_iri,ExtraTreesRegressor,59.3,51.9084365384615,7.391563461538496,7.391563461538496,54.63521040595095
5690,strict_no_prior_iri,ExtraTreesRegressor,46.4,50.65729999999998,-4.257299999999979,4.257299999999979,18.124603289999826
5722,strict_no_prior_iri,ExtraTreesRegressor,139.0,77.37454166666674,61.625458333333256,61.625458333333256,3797.697114793393
3977,strict_no_prior_iri,ExtraTreesRegressor,55.0,65.01079642857133,-10.010796428571325,10.010796428571325,100.2160451342964
3991,strict_no_prior_iri,ExtraTreesRegressor,97.0,119.8373833333333,-22.837383333333307,22.837383333333307,521.5460775136099
4442,strict_no_prior_iri,ExtraTreesRegressor,70.0,70.63505952380953,-0.6350595238095309,0.6350595238095309,0.4033005987811881
4444,strict_no_prior_iri,ExtraTreesRegressor,34.2,47.81835833333337,-13.618358333333369,13.618358333333369,185.4596836950704
4839,strict_no_prior_iri,ExtraTreesRegressor,99.5,53.05583333333332,46.44416666666668,46.44416666666668,2157.0606173611127
2,strict_no_prior_iri,ExtraTreesRegressor,176.0,175.86867499999988,0.1313250000001176,0.1313250000001176,0.017246255625030887
3577,strict_no_prior_iri,ExtraTreesRegressor,56.0,61.70560833333339,-5.705608333333387,5.705608333333387,32.5539664534034
2081,strict_no_prior_iri,ExtraTreesRegressor,114.5,99.17033928571429,15.329660714285708,15.329660714285708,234.99849761511462
4266,strict_no_prior_iri,ExtraTreesRegressor,134.0,153.3880833333333,-19.3880833333333,19.3880833333333,375.89777534027644
4047,strict_no_prior_iri,ExtraTreesRegressor,81.0,103.05780000000006,-22.057800000000057,22.057800000000057,486.54654084000254
3225,strict_no_prior_iri,ExtraTreesRegressor,59.0,66.7038119047619,-7.703811904761906,7.703811904761906,59.34871786395127
126,strict_no_prior_iri,ExtraTreesRegressor,40.3,78.28874999999998,-37.98874999999998,37.98874999999998,1443.1451265624987
2139,strict_no_prior_iri,ExtraTreesRegressor,61.7,48.53048055555555,13.169519444444454,13.169519444444454,173.43624239760055
4461,strict_no_prior_iri,ExtraTreesRegressor,65.0,99.97034761904763,-34.97034761904763,34.97034761904763,1222.9252125970302
4421,strict_no_prior_iri,ExtraTreesRegressor,105.5,95.45120000000004,10.048799999999957,10.048799999999957,100.97838143999914
2817,strict_no_prior_iri,ExtraTreesRegressor,53.5,59.72074683625204,-6.22074683625204,6.22074683625204,38.69769120073977
4856,strict_no_prior_iri,ExtraTreesRegressor,155.7,112.28462500000003,43.415374999999955,43.415374999999955,1884.894786390621
928,strict_no_prior_iri,ExtraTreesRegressor,85.0,144.26299999999998,-59.26299999999998,59.26299999999998,3512.1031689999973
5167,strict_no_prior_iri,ExtraTreesRegressor,191.0,136.59164999999993,54.40835000000007,54.40835000000007,2960.2685497225075
5259,strict_no_prior_iri,ExtraTreesRegressor,46.4,67.86218333333332,-21.46218333333332,21.46218333333332,460.6253134336106
5046,strict_no_prior_iri,ExtraTreesRegressor,48.0,68.30276666666668,-20.302766666666685,20.302766666666685,412.20233432111183
318,strict_no_prior_iri,ExtraTreesRegressor,35.0,50.45443097826086,-15.45443097826086,15.45443097826086,238.83943686182891
625,strict_no_prior_iri,ExtraTreesRegressor,112.5,95.03912121212124,17.460878787878755,17.460878787878755,304.88228804499425
13,strict_no_prior_iri,ExtraTreesRegressor,75.0,120.95145833333338,-45.95145833333338,45.95145833333338,2111.5365229600734
2838,strict_no_prior_iri,ExtraTreesRegressor,61.5,52.98735099206353,8.512649007936467,8.512649007936467,72.46519313232172
2176,strict_no_prior_iri,ExtraTreesRegressor,70.0,66.90673214285708,3.0932678571429193,3.0932678571429193,9.568306036033547
3346,strict_no_prior_iri,ExtraTreesRegressor,95.0,99.1113662698412,-4.111366269841199,4.111366269841199,16.90333260478793
5411,strict_no_prior_iri,ExtraTreesRegressor,43.2,50.21819999999998,-7.018199999999979,7.018199999999979,49.255131239999706
3389,strict_no_prior_iri,ExtraTreesRegressor,51.0,58.59033333333333,-7.5903333333333265,7.5903333333333265,57.61316011111101
901,strict_no_prior_iri,ExtraTreesRegressor,86.3,107.78387038239538,-21.48387038239538,21.48387038239538,461.55668660756544
1982,strict_no_prior_iri,ExtraTreesRegressor,63.0,42.29219047619039,20.70780952380961,20.70780952380961,428.8133752743799
653,strict_no_prior_iri,ExtraTreesRegressor,52.2,54.948833333333276,-2.7488333333332733,2.7488333333332733,7.556084694444114
874,strict_no_prior_iri,ExtraTreesRegressor,176.5,133.3068107142857,43.19318928571431,43.19318928571431,1865.6516006715456
5638,strict_no_prior_iri,ExtraTreesRegressor,111.3,114.6260948717949,-3.3260948717949077,3.3260948717949077,11.062907096180384
2980,strict_no_prior_iri,ExtraTreesRegressor,126.0,124.86699999999998,1.133000000000024,1.133000000000024,1.2836890000000543
3171,strict_no_prior_iri,ExtraTreesRegressor,157.7,144.86091666666687,12.839083333333122,12.839083333333122,164.84206084027235
4840,strict_no_prior_iri,ExtraTreesRegressor,92.0,52.55595833333332,39.44404166666668,39.44404166666668,1555.832423001737
4642,strict_no_prior_iri,ExtraTreesRegressor,73.2,98.65316666666668,-25.453166666666675,25.453166666666675,647.8636933611116
4510,strict_no_prior_iri,ExtraTreesRegressor,209.2,124.15144999999997,85.04855000000002,85.04855000000002,7233.255857102504
4300,strict_no_prior_iri,ExtraTreesRegressor,124.7,90.33412500000003,34.365874999999974,34.365874999999974,1181.0133645156232
4742,strict_no_prior_iri,ExtraTreesRegressor,76.5,52.606783760683754,23.893216239316246,23.893216239316246,570.8857822587256
1489,strict_no_prior_iri,ExtraTreesRegressor,96.0,122.84812121212117,-26.84812121212117,26.84812121212117,720.8216126207508
4306,strict_no_prior_iri,ExtraTreesRegressor,38.2,43.51721089743585,-5.317210897435849,5.317210897435849,28.27273172781055
4974,strict_no_prior_iri,ExtraTreesRegressor,64.5,84.68335416666665,-20.183354166666646,20.183354166666646,407.36778541709987
1138,strict_no_prior_iri,ExtraTreesRegressor,47.6,45.47864047619052,2.121359523809481,2.121359523809481,4.5001662292571885
5145,strict_no_prior_iri,ExtraTreesRegressor,137.2,170.26086388888893,-33.060863888888946,33.060863888888946,1093.0207210796411
1194,strict_no_prior_iri,ExtraTreesRegressor,37.0,116.15135595238085,-79.15135595238085,79.15135595238085,6264.937149100496
95,strict_no_prior_iri,ExtraTreesRegressor,37.2,53.63145833333337,-16.431458333333367,16.431458333333367,269.99282296007055
2539,strict_no_prior_iri,ExtraTreesRegressor,61.8,63.93900588235306,-2.139005882353061,2.139005882353061,4.5753461647409965
3110,strict_no_prior_iri,ExtraTreesRegressor,69.0,69.07479166666664,-0.07479166666664128,0.07479166666664128,0.00559379340277398
1654,strict_no_prior_iri,ExtraTreesRegressor,53.8,56.6133,-2.8133000000000052,2.8133000000000052,7.914656890000029
4931,strict_no_prior_iri,ExtraTreesRegressor,145.0,77.88920833333337,67.11079166666663,67.11079166666663,4503.858358126731
5738,strict_no_prior_iri,ExtraTreesRegressor,45.6,68.51725000000008,-22.917250000000074,22.917250000000074,525.2003475625033
5132,strict_no_prior_iri,ExtraTreesRegressor,146.0,98.37062500000002,47.62937499999998,47.62937499999998,2268.557362890623
4270,strict_no_prior_iri,ExtraTreesRegressor,71.8,99.33962500000001,-27.539625000000015,27.539625000000015,758.4309451406258
5503,strict_no_prior_iri,ExtraTreesRegressor,46.0,118.38941666666655,-72.38941666666655,72.38941666666655,5240.227645340261
5066,strict_no_prior_iri,ExtraTreesRegressor,56.5,50.850044444444464,5.649955555555536,5.649955555555536,31.921997779752868
5037,strict_no_prior_iri,ExtraTreesRegressor,72.4,94.42888333333332,-22.02888333333331,22.02888333333331,485.2717009136102
537,strict_no_prior_iri,ExtraTreesRegressor,54.8,76.26372368421055,-21.46372368421055,21.46372368421055,460.6914343921409
3915,strict_no_prior_iri,ExtraTreesRegressor,54.0,63.485457575757536,-9.485457575757536,9.485457575757536,89.97390542149603
335,strict_no_prior_iri,ExtraTreesRegressor,63.5,70.49762499999997,-6.997624999999971,6.997624999999971,48.96675564062459
1141,strict_no_prior_iri,ExtraTreesRegressor,39.1,43.959742748917776,-4.859742748917775,4.859742748917775,23.617099585658888
4701,strict_no_prior_iri,ExtraTreesRegressor,168.0,112.00577499999996,55.99422500000004,55.99422500000004,3135.3532333506296
2731,strict_no_prior_iri,ExtraTreesRegressor,56.5,49.382386850649326,7.1176131493506745,7.1176131493506745,50.66041694380963
1687,strict_no_prior_iri,ExtraTreesRegressor,132.0,135.72893792892168,-3.728937928921681,3.728937928921681,13.904978077750716
2833,strict_no_prior_iri,ExtraTreesRegressor,50.2,58.134090847796024,-7.934090847796021,7.934090847796021,62.94979758108059
4286,strict_no_prior_iri,ExtraTreesRegressor,63.0,66.09542499999999,-3.0954249999999917,3.0954249999999917,9.58165593062495
3850,strict_no_prior_iri,ExtraTreesRegressor,119.0,132.2940134920635,-13.294013492063499,13.294013492063499,176.73079472716634
4012,strict_no_prior_iri,ExtraTreesRegressor,86.0,95.01056759259257,-9.010567592592565,9.010567592592565,81.19032834067937
923,strict_no_prior_iri,ExtraTreesRegressor,57.3,73.4931666666666,-16.1931666666666,16.1931666666666,262.21864669444227
3683,strict_no_prior_iri,ExtraTreesRegressor,133.0,99.10158333333322,33.898416666666776,33.898416666666776,1149.102652506952
4022,strict_no_prior_iri,ExtraTreesRegressor,52.3,62.137875,-9.837875000000004,9.837875000000004,96.78378451562507
1171,strict_no_prior_iri,ExtraTreesRegressor,39.7,38.824886796536795,0.8751132034632079,0.8751132034632079,0.7658231188756378
627,strict_no_prior_iri,ExtraTreesRegressor,70.9,91.01843095238095,-20.118430952380947,20.118430952380947,404.75126398571973
5643,strict_no_prior_iri,ExtraTreesRegressor,187.3,103.85970833333334,83.44029166666667,83.44029166666667,6962.282273418403
3412,strict_no_prior_iri,ExtraTreesRegressor,51.5,49.15235833333331,2.3476416666666893,2.3476416666666893,5.511421395069551
4046,strict_no_prior_iri,ExtraTreesRegressor,53.0,85.30340793650795,-32.30340793650795,32.30340793650795,1043.5101643124449
5571,strict_no_prior_iri,ExtraTreesRegressor,81.8,84.44783717948712,-2.6478371794871265,2.6478371794871265,7.011041729074341
2522,strict_no_prior_iri,ExtraTreesRegressor,38.0,42.99420259740256,-4.994202597402563,4.994202597402563,24.942059583902502
912,strict_no_prior_iri,ExtraTreesRegressor,142.0,96.43173333333334,45.56826666666666,45.56826666666666,2076.4669270044437
2890,strict_no_prior_iri,ExtraTreesRegressor,35.0,39.63785357142855,-4.6378535714285505,4.6378535714285505,21.50968575001256
2245,strict_no_prior_iri,ExtraTreesRegressor,44.0,48.33445833333332,-4.334458333333323,4.334458333333323,18.787529043402692
5283,strict_no_prior_iri,ExtraTreesRegressor,84.1,71.61291666666679,12.487083333333203,12.487083333333203,155.92725017360786
3907,strict_no_prior_iri,ExtraTreesRegressor,129.6,123.78915833333325,5.810841666666747,5.810841666666747,33.76588087507037
957,strict_no_prior_iri,ExtraTreesRegressor,66.0,65.42054999999993,0.5794500000000653,0.5794500000000653,0.33576230250007566
3673,strict_no_prior_iri,ExtraTreesRegressor,60.0,76.36387500000001,-16.363875000000007,16.363875000000007,267.77640501562524
4479,strict_no_prior_iri,ExtraTreesRegressor,91.0,107.79324999999999,-16.793249999999986,16.793249999999986,282.01324556249955
3308,strict_no_prior_iri,ExtraTreesRegressor,124.0,85.41141431623936,38.58858568376064,38.58858568376064,1489.0789450729367
5225,strict_no_prior_iri,ExtraTreesRegressor,75.3,75.20408809523809,0.09591190476190548,0.09591190476190548,0.009199093475056826
993,strict_no_prior_iri,ExtraTreesRegressor,143.0,89.15122499999998,53.84877500000002,53.84877500000002,2899.690569000627
875,strict_no_prior_iri,ExtraTreesRegressor,98.8,101.02774166666666,-2.2277416666666596,2.2277416666666596,4.962832933402747
5166,strict_no_prior_iri,ExtraTreesRegressor,99.0,74.18108333333329,24.81891666666671,24.81891666666671,615.9786245069465
4163,strict_no_prior_iri,ExtraTreesRegressor,96.0,104.49104670868348,-8.491046708683484,8.491046708683484,72.09787420904463
998,strict_no_prior_iri,ExtraTreesRegressor,57.1,87.93604166666661,-30.83604166666661,30.83604166666661,950.8614656683993
818,strict_no_prior_iri,ExtraTreesRegressor,73.0,91.10432916666667,-18.104329166666673,18.104329166666673,327.7667345750176
4184,strict_no_prior_iri,ExtraTreesRegressor,140.3,148.40822500000004,-8.108225000000033,8.108225000000033,65.74331265062553
3704,strict_no_prior_iri,ExtraTreesRegressor,221.0,149.98770833333336,71.01229166666664,71.01229166666664,5042.745567751733
2457,strict_no_prior_iri,ExtraTreesRegressor,42.0,52.813748214285646,-10.813748214285646,10.813748214285646,116.93715044196598
906,strict_no_prior_iri,ExtraTreesRegressor,115.0,101.08059166666663,13.919408333333365,13.919408333333365,193.74992835007032
5486,strict_no_prior_iri,ExtraTreesRegressor,58.5,75.80679166666667,-17.30679166666667,17.30679166666667,299.5250377934029
5202,strict_no_prior_iri,ExtraTreesRegressor,98.6,152.46708095238102,-53.86708095238103,53.86708095238103,2901.662410330371
2446,strict_no_prior_iri,ExtraTreesRegressor,47.0,58.795114285714305,-11.795114285714305,11.795114285714305,139.1247210130617
1210,strict_no_prior_iri,ExtraTreesRegressor,68.0,59.56516805555555,8.434831944444447,8.434831944444447,71.1463899310205
4071,strict_no_prior_iri,ExtraTreesRegressor,92.0,144.57744880952387,-52.57744880952387,52.57744880952387,2764.388123318103
2302,strict_no_prior_iri,ExtraTreesRegressor,37.5,53.30745151515155,-15.807451515151548,15.807451515151548,249.875523403867
238,strict_no_prior_iri,ExtraTreesRegressor,70.0,86.66201743633046,-16.66201743633046,16.66201743633046,277.62282504858024
5403,strict_no_prior_iri,ExtraTreesRegressor,45.7,57.90854166666662,-12.208541666666619,12.208541666666619,149.04848962673495
1964,strict_no_prior_iri,ExtraTreesRegressor,39.0,39.88261785714288,-0.8826178571428827,0.8826178571428827,0.779014281747494
4801,strict_no_prior_iri,ExtraTreesRegressor,137.0,102.52417708333334,34.47582291666666,34.47582291666666,1188.582365781358
1667,strict_no_prior_iri,ExtraTreesRegressor,103.7,126.35167857142855,-22.651678571428548,22.651678571428548,513.0985421033153
93,strict_no_prior_iri,ExtraTreesRegressor,41.7,52.0531612426789,-10.353161242678894,10.353161242678894,107.18794771690838
2546,strict_no_prior_iri,ExtraTreesRegressor,69.5,67.084494047619,2.4155059523809967,2.4155059523809967,5.834669005988026
177,strict_no_prior_iri,ExtraTreesRegressor,54.2,61.67504166666659,-7.475041666666584,7.475041666666584,55.876247918401546
412,strict_no_prior_iri,ExtraTreesRegressor,144.0,119.00745238095239,24.992547619047613,24.992547619047613,624.6274364903625
3152,strict_no_prior_iri,ExtraTreesRegressor,79.7,84.21829515392014,-4.5182951539201355,4.5182951539201355,20.41499109793818
5691,strict_no_prior_iri,ExtraTreesRegressor,49.0,43.659924999999966,5.340075000000034,5.340075000000034,28.516401005625365
2999,strict_no_prior_iri,ExtraTreesRegressor,32.5,34.05409166666669,-1.554091666666693,1.554091666666693,2.41520090840286
792,strict_no_prior_iri,ExtraTreesRegressor,52.0,46.085999999999956,5.914000000000044,5.914000000000044,34.97539600000052
1935,strict_no_prior_iri,ExtraTreesRegressor,41.0,68.76989523809517,-27.769895238095174,27.769895238095174,771.167081534781
5329,strict_no_prior_iri,ExtraTreesRegressor,84.2,122.32125,-38.12125,38.12125,1453.2297015625002
4453,strict_no_prior_iri,ExtraTreesRegressor,55.0,81.70546666666671,-26.70546666666671,26.70546666666671,713.1819498844467
4620,strict_no_prior_iri,ExtraTreesRegressor,98.0,93.59699166666665,4.4030083333333465,4.4030083333333465,19.386482383402893
852,strict_no_prior_iri,ExtraTreesRegressor,71.3,112.06262500000003,-40.76262500000003,40.76262500000003,1661.5915968906272
5060,strict_no_prior_iri,ExtraTreesRegressor,51.1,55.426868939393934,-4.326868939393933,4.326868939393933,18.721794818691976
2007,strict_no_prior_iri,ExtraTreesRegressor,47.0,47.393432754010746,-0.39343275401074607,0.39343275401074607,0.1547893319284802
4263,strict_no_prior_iri,ExtraTreesRegressor,177.0,121.22216666666671,55.77783333333329,55.77783333333329,3111.1666913611066
5133,strict_no_prior_iri,ExtraTreesRegressor,130.0,155.60045833333328,-25.60045833333328,25.60045833333328,655.3834668767333
3335,strict_no_prior_iri,ExtraTreesRegressor,42.6,40.229250000000036,2.3707499999999655,2.3707499999999655,5.620455562499837
3052,strict_no_prior_iri,ExtraTreesRegressor,104.0,84.85884166666665,19.14115833333335,19.14115833333335,366.38394234173677
1438,strict_no_prior_iri,ExtraTreesRegressor,171.0,142.08927083333333,28.91072916666667,28.91072916666667,835.8302609483509
5491,strict_no_prior_iri,ExtraTreesRegressor,76.7,105.24851666666675,-28.548516666666742,28.548516666666742,815.0178038669487
3782,strict_no_prior_iri,ExtraTreesRegressor,77.7,76.62122037037038,1.0787796296296221,1.0787796296296221,1.1637654893038247
4754,strict_no_prior_iri,ExtraTreesRegressor,121.0,60.68730737179488,60.31269262820512,60.31269262820512,3637.620892064348
3553,strict_no_prior_iri,ExtraTreesRegressor,61.0,61.066133333333354,-0.06613333333335447,0.06613333333335447,0.004373617777780573
585,strict_no_prior_iri,ExtraTreesRegressor,67.6,67.92933333333337,-0.32933333333338055,0.32933333333338055,0.10846044444447554
3666,strict_no_prior_iri,ExtraTreesRegressor,82.0,128.23254702380945,-46.232547023809445,46.232547023809445,2137.4484043087514
3030,strict_no_prior_iri,ExtraTreesRegressor,43.0,49.87492905085115,-6.874929050851151,6.874929050851151,47.2646494542371
3232,strict_no_prior_iri,ExtraTreesRegressor,50.4,76.00215414055978,-25.602154140559783,25.602154140559783,655.4702966369824
1153,strict_no_prior_iri,ExtraTreesRegressor,107.2,100.4205787037038,6.779421296296206,6.779421296296206,45.96055311267453
3674,strict_no_prior_iri,ExtraTreesRegressor,74.7,72.7732916666667,1.926708333333309,1.926708333333309,3.7122050017360175
1451,strict_no_prior_iri,ExtraTreesRegressor,74.0,101.20191666666659,-27.20191666666659,27.20191666666659,739.9442703402736
5191,strict_no_prior_iri,ExtraTreesRegressor,102.0,126.31476666666678,-24.314766666666785,24.314766666666785,591.2078780544501
718,strict_no_prior_iri,ExtraTreesRegressor,56.7,52.251108333333384,4.4488916666666185,4.4488916666666185,19.792637061735682
3107,strict_no_prior_iri,ExtraTreesRegressor,123.0,64.87823214285713,58.12176785714287,58.12176785714287,3378.1398988396063
3570,strict_no_prior_iri,ExtraTreesRegressor,57.5,67.69851309523816,-10.198513095238155,10.198513095238155,104.00966935374414
2370,strict_no_prior_iri,ExtraTreesRegressor,77.5,51.310622549019605,26.189377450980395,26.189377450980395,685.8834912699203
3204,strict_no_prior_iri,ExtraTreesRegressor,82.7,112.72429166666663,-30.024291666666628,30.024291666666628,901.458090085067
1663,strict_no_prior_iri,ExtraTreesRegressor,121.5,136.45611904761904,-14.95611904761904,14.95611904761904,223.68549696655307
3392,strict_no_prior_iri,ExtraTreesRegressor,105.0,65.84979166666666,39.15020833333334,39.15020833333334,1532.7388125434031
5597,strict_no_prior_iri,ExtraTreesRegressor,71.6,67.78962499999997,3.810375000000022,3.810375000000022,14.518957640625166
5739,strict_no_prior_iri,ExtraTreesRegressor,81.0,85.474375,-4.474374999999995,4.474374999999995,20.020031640624953
2145,strict_no_prior_iri,ExtraTreesRegressor,50.0,43.983804365079344,6.016195634920656,6.016195634920656,36.19460991763836
4154,strict_no_prior_iri,ExtraTreesRegressor,178.0,161.04441666666673,16.955583333333266,16.955583333333266,287.49180617360884
2052,strict_no_prior_iri,ExtraTreesRegressor,33.0,37.30428928571419,-4.304289285714191,4.304289285714191,18.52690625511398
2336,strict_no_prior_iri,ExtraTreesRegressor,49.2,55.62096845238093,-6.420968452380926,6.420968452380926,41.2288358664711
2142,strict_no_prior_iri,ExtraTreesRegressor,50.3,43.983804365079344,6.316195634920653,6.316195634920653,39.89432729859072
4774,strict_no_prior_iri,ExtraTreesRegressor,104.5,58.88139999999998,45.61860000000002,45.61860000000002,2081.056665960002
946,strict_no_prior_iri,ExtraTreesRegressor,65.8,84.05467499999999,-18.25467499999999,18.25467499999999,333.2331593556247
341,strict_no_prior_iri,ExtraTreesRegressor,79.8,68.86712500000009,10.93287499999991,10.93287499999991,119.52775576562304
1148,strict_no_prior_iri,ExtraTreesRegressor,60.4,91.40553055555553,-31.00553055555553,31.00553055555553,961.3429250314877
5195,strict_no_prior_iri,ExtraTreesRegressor,198.0,127.72909166666683,70.27090833333317,70.27090833333317,4938.000557991712
1511,strict_no_prior_iri,ExtraTreesRegressor,84.8,69.37709999999998,15.422900000000013,15.422900000000013,237.8658444100004
5137,strict_no_prior_iri,ExtraTreesRegressor,119.4,129.962531862745,-10.562531862745004,10.562531862745004,111.56707935150345
5683,strict_no_prior_iri,ExtraTreesRegressor,85.0,104.14784404761902,-19.147844047619017,19.147844047619017,366.63993167193905
893,strict_no_prior_iri,ExtraTreesRegressor,202.8,104.46695833333337,98.33304166666665,98.33304166666665,9669.387083418398
567,strict_no_prior_iri,ExtraTreesRegressor,44.0,41.59827499999994,2.401725000000063,2.401725000000063,5.7682829756253025
5509,strict_no_prior_iri,ExtraTreesRegressor,91.0,65.07776666666676,25.92223333333324,25.92223333333324,671.9621809877729
342,strict_no_prior_iri,ExtraTreesRegressor,70.2,77.47283333333343,-7.272833333333423,7.272833333333423,52.89410469444575
5521,strict_no_prior_iri,ExtraTreesRegressor,38.0,51.26576666666667,-13.265766666666671,13.265766666666671,175.98056525444457
2662,strict_no_prior_iri,ExtraTreesRegressor,35.5,34.694204545454625,0.8057954545453754,0.8057954545453754,0.6493063145659881
136,strict_no_prior_iri,ExtraTreesRegressor,35.4,38.51479166666671,-3.1147916666667115,3.1147916666667115,9.70192712673639
1532,strict_no_prior_iri,ExtraTreesRegressor,106.0,124.71834166666669,-18.71834166666669,18.71834166666669,350.37631475007026
2482,strict_no_prior_iri,ExtraTreesRegressor,51.0,79.94650297619052,-28.946502976190516,28.946502976190516,837.9000345506064
5342,strict_no_prior_iri,ExtraTreesRegressor,53.4,101.88329166666671,-48.48329166666671,48.48329166666671,2350.6295708350735
4966,strict_no_prior_iri,ExtraTreesRegressor,67.4,70.26503333333334,-2.8650333333333293,2.8650333333333293,8.208416001111088
1891,strict_no_prior_iri,ExtraTreesRegressor,52.0,63.530238711288845,-11.530238711288845,11.530238711288845,132.94640473930386
4606,strict_no_prior_iri,ExtraTreesRegressor,124.5,103.15142500000003,21.34857499999997,21.34857499999997,455.7616545306237
2499,strict_no_prior_iri,ExtraTreesRegressor,34.5,40.5953547008546,-6.0953547008546,6.0953547008546,37.15334892923027
614,strict_no_prior_iri,ExtraTreesRegressor,88.8,55.970858333333375,32.82914166666662,32.82914166666662,1077.7525425700665
5546,strict_no_prior_iri,ExtraTreesRegressor,70.7,66.26429166666664,4.435708333333366,4.435708333333366,19.67550841840307
5207,strict_no_prior_iri,ExtraTreesRegressor,92.6,155.5877517857145,-62.987751785714494,62.987751785714494,3967.4568750187796
1146,strict_no_prior_iri,ExtraTreesRegressor,59.0,71.63666071428558,-12.636660714285583,12.636660714285583,159.68519400796862
4984,strict_no_prior_iri,ExtraTreesRegressor,114.0,87.60984166666664,26.39015833333336,26.39015833333336,696.4404568584042
2854,strict_no_prior_iri,ExtraTreesRegressor,50.0,45.520494444444445,4.479505555555555,4.479505555555555,20.06597002225308
5676,strict_no_prior_iri,ExtraTreesRegressor,60.0,83.91533333333331,-23.915333333333308,23.915333333333308,571.9431684444432
3806,strict_no_prior_iri,ExtraTreesRegressor,138.5,129.82808333333335,8.671916666666647,8.671916666666647,75.20213867361076
5747,strict_no_prior_iri,ExtraTreesRegressor,53.0,73.9781916666667,-20.978191666666703,20.978191666666703,440.0845256034043
4832,strict_no_prior_iri,ExtraTreesRegressor,66.0,47.467866666666616,18.532133333333384,18.532133333333384,343.43996588444634
920,strict_no_prior_iri,ExtraTreesRegressor,76.5,81.51830906084656,-5.018309060846562,5.018309060846562,25.183425830174702
2462,strict_no_prior_iri,ExtraTreesRegressor,50.5,51.90142916666661,-1.4014291666666097,1.4014291666666097,1.964003709183868
1919,strict_no_prior_iri,ExtraTreesRegressor,93.0,124.50162500000006,-31.50162500000006,31.50162500000006,992.3523776406289
1076,strict_no_prior_iri,ExtraTreesRegressor,113.0,83.49737499999999,29.50262500000001,29.50262500000001,870.4048818906256
5633,strict_no_prior_iri,ExtraTreesRegressor,147.0,109.44608333333338,37.55391666666662,37.55391666666662,1410.2966570069411
2428,strict_no_prior_iri,ExtraTreesRegressor,36.0,59.87037020202021,-23.87037020202021,23.87037020202021,569.7945735814944
2391,strict_no_prior_iri,ExtraTreesRegressor,66.5,68.00947651727358,-1.5094765172735833,1.5094765172735833,2.2785193562003867
5416,strict_no_prior_iri,ExtraTreesRegressor,73.0,89.72676190476186,-16.726761904761858,16.726761904761858,279.7845638185925
3364,strict_no_prior_iri,ExtraTreesRegressor,140.0,149.68155000000013,-9.68155000000013,9.68155000000013,93.73241040250251
4733,strict_no_prior_iri,ExtraTreesRegressor,86.0,120.45819166666668,-34.45819166666668,34.45819166666668,1187.3669729367368
2873,strict_no_prior_iri,ExtraTreesRegressor,36.0,49.43684787157285,-13.436847871572851,13.436847871572851,180.54888072379185
4490,strict_no_prior_iri,ExtraTreesRegressor,298.5,126.29267261904762,172.2073273809524,172.2073273809524,29655.363603690515
3439,strict_no_prior_iri,ExtraTreesRegressor,155.2,114.33766626984121,40.86233373015878,40.86233373015878,1669.730317874872
5544,strict_no_prior_iri,ExtraTreesRegressor,82.9,101.97433333333329,-19.074333333333286,19.074333333333286,363.8301921111093
2876,strict_no_prior_iri,ExtraTreesRegressor,41.0,47.79647189754688,-6.79647189754688,6.79647189754688,46.192030254144484
5355,strict_no_prior_iri,ExtraTreesRegressor,71.5,79.45662500000003,-7.956625000000031,7.956625000000031,63.30788139062549
415,strict_no_prior_iri,ExtraTreesRegressor,119.5,100.67373749999999,18.826262500000013,18.826262500000013,354.4281597189067
4155,strict_no_prior_iri,ExtraTreesRegressor,45.0,100.08804166666667,-55.08804166666667,55.08804166666667,3034.692334668403
1815,strict_no_prior_iri,ExtraTreesRegressor,50.5,55.53345175241429,-5.033451752414287,5.033451752414287,25.335636543882455
2368,strict_no_prior_iri,ExtraTreesRegressor,55.4,117.33082142857145,-61.930821428571456,61.930821428571456,3835.426642817605
3747,strict_no_prior_iri,ExtraTreesRegressor,33.6,64.94640952380955,-31.346409523809548,31.346409523809548,982.5973900343779
5796,strict_no_prior_iri,ExtraTreesRegressor,125.9,79.83835086487592,46.061649135124085,46.061649135124085,2121.6755210472775
1798,strict_no_prior_iri,ExtraTreesRegressor,189.0,171.0042083333333,17.99579166666669,17.99579166666669,323.8485177100703
90,strict_no_prior_iri,ExtraTreesRegressor,35.9,49.18952916666669,-13.28952916666669,13.28952916666669,176.61158547168463
3302,strict_no_prior_iri,ExtraTreesRegressor,45.0,70.28908333333332,-25.289083333333323,25.289083333333323,639.5377358402773
2962,strict_no_prior_iri,ExtraTreesRegressor,61.3,91.34433333333338,-30.044333333333384,30.044333333333384,902.6619654444474
4543,strict_no_prior_iri,ExtraTreesRegressor,80.0,82.18209285714296,-2.182092857142962,2.182092857142962,4.761529237194335
659,strict_no_prior_iri,ExtraTreesRegressor,43.9,51.05316785714282,-7.153167857142819,7.153167857142819,51.167810392461185
5720,strict_no_prior_iri,ExtraTreesRegressor,191.5,191.13749999999982,0.3625000000001819,0.3625000000001819,0.13140625000013187
1019,strict_no_prior_iri,ExtraTreesRegressor,44.0,61.2890214285713,-17.289021428571303,17.289021428571303,298.9102619575977
2167,strict_no_prior_iri,ExtraTreesRegressor,35.5,41.97839583333332,-6.478395833333323,6.478395833333323,41.96961257335056
584,strict_no_prior_iri,ExtraTreesRegressor,42.0,68.60059999999997,-26.60059999999997,26.60059999999997,707.5919203599985
5499,strict_no_prior_iri,ExtraTreesRegressor,79.5,61.58620833333332,17.913791666666683,17.913791666666683,320.9039318767367
2467,strict_no_prior_iri,ExtraTreesRegressor,98.0,111.00123308080806,-13.001233080808063,13.001233080808063,169.03206162149792
5143,strict_no_prior_iri,ExtraTreesRegressor,189.3,190.6403749999998,-1.3403749999997956,1.3403749999997956,1.796605140624452
3855,strict_no_prior_iri,ExtraTreesRegressor,113.0,124.88254166666664,-11.88254166666664,11.88254166666664,141.1947964600688
493,strict_no_prior_iri,ExtraTreesRegressor,62.0,54.668416666666644,7.331583333333356,7.331583333333356,53.75211417361144
5246,strict_no_prior_iri,ExtraTreesRegressor,37.2,44.02521958874462,-6.825219588744616,6.825219588744616,46.583622434583226
2846,strict_no_prior_iri,ExtraTreesRegressor,53.0,49.95824841269843,3.041751587301569,3.041751587301569,9.252252718851613
4405,strict_no_prior_iri,ExtraTreesRegressor,115.0,163.98361111111114,-48.983611111111145,48.983611111111145,2399.394157484571
1869,strict_no_prior_iri,ExtraTreesRegressor,54.0,66.85837884615385,-12.858378846153855,12.858378846153855,165.33790655121695
1119,strict_no_prior_iri,ExtraTreesRegressor,53.0,91.09705,-38.097049999999996,38.097049999999996,1451.3852187024997
2855,strict_no_prior_iri,ExtraTreesRegressor,50.0,45.520494444444445,4.479505555555555,4.479505555555555,20.06597002225308
2484,strict_no_prior_iri,ExtraTreesRegressor,166.0,82.05524999999997,83.94475000000003,83.94475000000003,7046.721052562505
221,strict_no_prior_iri,ExtraTreesRegressor,48.5,86.6787333333333,-38.1787333333333,38.1787333333333,1457.615678937775
2528,strict_no_prior_iri,ExtraTreesRegressor,30.5,32.00474999999992,-1.5047499999999232,1.5047499999999232,2.264272562499769
4587,strict_no_prior_iri,ExtraTreesRegressor,181.0,119.64668530701762,61.35331469298238,61.35331469298238,3764.2292238161276
1423,strict_no_prior_iri,ExtraTreesRegressor,110.2,74.21441666666666,35.98558333333334,35.98558333333334,1294.962207840278
2981,strict_no_prior_iri,ExtraTreesRegressor,263.8,162.31241666666662,101.48758333333339,101.48758333333339,10299.729570840289
4208,strict_no_prior_iri,ExtraTreesRegressor,92.5,93.0815416666667,-0.5815416666666948,0.5815416666666948,0.3381907100694772
