audit_row_id,AADT_mean_x,AADT_Single_Unit_mean_x,AADT_Combination_mean_x,IRI_mean_x,Thickness_Rigid_mean_x,Thickness_Flexible_mean_x,Base_Thickness_mean_x,F_System_mode,Urban_Type,Surface_Type_mode,Base_Type_mode_x,Rutting_mean_x,Cracking_Percent_mean_x,Faulting_mean_x,Last_Overlay_Thickness_mean_x,RHU_AV_x,FRZ_IDX_x,TEMP_AVG_x,PRECIPITATION_x,Age_x
3265,3000.0,69.0,92.0,293.0,0.0,6.0,6.0,6,urban,2,2,0.1,10.0,0.0,4.0,55.2,175.0,8.7,426.6,25
2859,21379.0,1031.0,9556.0,65.0,13.0,4.0,31.0,1,rural,7,3,0.2,0.0,0.0,4.0,78.8,496.7,8.4,1374.0,36
4692,5900.0,363.0,93.0,97.8,9.0,7.0,14.0,3,rural,7,2,0.2,1.4,0.0,2.5,78.9,489.4,8.6,1569.7,49
5694,115484.0,6235.0,1269.0,39.0,0.0,3.0,36.0,2,urban,6,2,0.1,0.0,0.0,1.5,79.5,622.1,7.5,1291.3,70
3105,4100.0,320.0,187.0,172.0,0.0,6.0,10.0,3,urban,2,2,0.1,3.3,0.0,4.0,34.9,3.2,16.2,250.8,21
203,9800.0,430.0,220.0,142.0,0.0,9.5,14.0,3,rural,2,2,0.2,20.0,0.0,1.5,,,,,65
339,175695.0,0.0,0.0,86.8,0.0,12.5,7.0,1,urban,2,2,0.0,0.0,0.0,2.5,77.4,181.5,11.5,1387.7,9
837,3893.0,265.0,202.0,92.6,0.0,6.0,17.0,5,urban,2,2,0.1,0.0,0.0,6.0,81.2,622.0,7.4,1444.6,11
4209,17200.0,1339.0,4083.0,54.0,0.0,13.2,10.9,1,rural,2,3,0.3,2.0,0.0,0.0,80.2,2.6,19.4,1223.1,39
387,27652.0,1446.0,362.0,93.5,0.0,8.0,8.0,2,rural,2,2,0.1,7.5,0.0,2.5,78.8,44.6,13.3,1281.0,12
4393,8246.0,197.0,25.0,206.3,0.0,7.0,5.0,4,urban,6,2,0.1,0.7,0.0,2.0,69.7,269.2,8.3,666.7,12
2402,14869.0,273.0,3593.0,40.5,0.0,6.5,18.0,1,rural,2,2,0.2,0.0,0.0,4.5,75.8,313.1,10.3,1283.1,73
4477,366.0,17.0,19.0,266.8,0.0,3.6,8.0,5,urban,2,2,0.3,1.0,0.0,1.0,60.2,49.6,12.1,616.0,35
4860,5628.0,73.0,17.0,127.9,0.0,6.0,12.0,3,urban,6,2,0.2,1.5,0.0,1.5,71.3,0.0,24.2,776.5,15
4195,62400.0,6477.0,17440.0,202.5,10.5,0.0,4.4,1,small urban,3,5,0.0,0.0,0.1,0.0,79.3,1.4,20.3,1148.6,52
2792,26071.0,2482.0,6347.0,136.0,0.0,4.0,30.0,1,rural,2,5,0.2,38.7,0.0,2.0,77.2,299.4,10.4,1358.6,31
1554,16676.0,586.0,836.0,110.2,5.5,5.5,4.0,3,rural,7,3,0.1,11.0,0.0,2.0,74.6,437.9,10.5,1053.5,71
2083,23802.0,1245.0,2559.0,132.3,11.0,0.0,8.0,1,rural,3,2,0.0,0.0,0.0,11.0,77.6,459.1,8.7,1412.2,28
1421,1700.0,129.0,193.0,123.6,0.0,6.0,8.0,3,rural,2,2,0.3,12.4,0.0,2.0,74.5,8.7,17.5,1227.2,55
5363,13298.0,5217.0,816.0,119.8,16.5,0.0,6.0,1,rural,3,2,0.0,2.7,0.0,17.0,63.7,1237.0,1.8,836.9,30
677,15700.0,579.0,6327.0,40.2,0.0,10.0,29.0,1,small urban,6,2,0.1,0.0,0.0,2.0,52.9,278.4,8.1,560.1,65
1335,3551.0,159.0,64.0,127.7,5.5,5.5,4.0,3,urban,7,3,0.1,3.7,0.0,2.0,75.6,680.7,8.6,1035.4,94
2894,34156.0,2713.0,8594.0,104.0,10.0,10.0,16.0,1,rural,7,3,0.1,0.0,0.0,4.0,76.2,315.7,10.5,1319.7,62
1743,850.0,48.0,8.0,144.3,0.0,3.5,11.0,5,urban,6,2,0.1,0.3,0.0,1.5,78.2,130.1,11.5,1379.0,75
61,72000.0,2200.0,8060.0,52.6,8.0,7.0,4.0,1,urban,2,2,0.1,0.0,0.0,7.0,73.6,37.4,14.9,1257.3,50
5364,25281.0,6564.0,1576.0,114.0,13.0,13.0,12.0,1,small urban,7,2,0.1,0.0,0.0,4.5,57.5,903.2,3.5,517.0,37
3907,21000.0,882.0,1050.0,143.2,0.0,6.0,4.5,4,urban,2,5,0.2,6.8,0.0,2.0,78.2,5.1,17.9,1450.5,20
2063,23580.0,1000.0,7694.0,51.7,0.0,5.0,26.0,1,rural,2,5,0.2,0.7,0.0,23.0,77.6,459.1,8.7,1412.2,19
3703,1948.0,136.0,58.0,218.0,0.0,5.0,2.0,5,urban,6,2,0.1,14.0,0.0,2.0,80.8,20.2,10.5,1335.9,37
1212,51920.0,1532.0,888.0,88.0,0.0,11.5,11.0,1,urban,6,3,0.2,1.0,0.0,2.0,75.9,199.1,11.8,1340.9,52
3816,7851.0,385.0,708.0,68.3,0.0,8.0,9.0,3,rural,6,2,0.2,0.0,0.0,35.0,77.6,43.7,14.3,1302.9,19
5252,26870.0,1451.0,296.0,46.2,0.0,5.5,5.0,1,rural,6,3,0.2,7.6,0.0,1.0,81.0,695.3,7.1,1354.0,29
4647,23400.0,1131.0,647.0,195.0,0.0,9.0,17.0,3,urban,6,5,0.4,15.0,0.0,2.5,78.2,216.0,10.4,1435.3,52
2445,6755.0,219.0,33.0,104.5,0.0,6.5,11.0,5,small urban,2,5,0.2,1.5,0.0,2.0,77.0,366.4,9.8,1312.2,125
4247,300.0,11.0,8.0,194.0,0.0,6.0,4.5,5,urban,2,5,0.2,3.0,0.0,2.0,73.1,25.0,15.8,1161.8,47
4508,12540.0,957.0,96.0,102.0,0.0,5.0,6.0,4,urban,2,2,0.1,0.3,0.0,2.0,79.3,351.1,5.4,1016.7,37
4362,11064.0,300.0,230.0,186.0,0.0,2.0,15.0,3,urban,6,5,0.2,44.0,0.0,2.0,77.8,278.3,10.0,1321.7,35
1268,2620.0,52.0,278.0,82.0,0.0,7.0,13.0,2,rural,2,2,0.1,0.0,0.0,2.5,66.3,652.0,8.9,774.5,22
733,1243.0,46.0,97.0,86.9,0.0,5.0,12.0,3,rural,2,2,0.1,0.3,0.0,4.5,68.3,953.8,7.1,759.3,18
3724,12506.0,875.0,375.0,217.0,0.0,6.0,7.0,4,urban,2,2,0.1,5.0,0.0,3.0,80.8,20.2,10.5,1335.9,37
4395,6029.0,319.0,106.0,162.0,0.0,5.0,4.0,5,urban,2,2,0.3,2.0,0.0,4.0,69.7,269.2,8.3,666.7,63
4921,17143.0,594.0,197.0,66.0,0.0,4.7,15.6,3,rural,2,2,0.2,2.8,0.0,4.7,74.3,731.9,4.7,651.7,24
4959,5121.0,199.0,648.0,67.8,0.0,7.8,24.0,1,rural,2,2,0.2,0.7,0.0,2.4,73.2,887.3,3.5,710.8,62
5038,296.0,12.0,24.0,112.9,0.0,4.8,13.0,4,rural,2,2,0.2,0.9,0.0,4.8,63.9,646.7,5.7,753.0,52
527,25552.0,588.0,281.0,278.5,0.0,10.0,20.0,4,urban,6,2,0.4,1.2,0.0,1.2,81.8,815.0,6.3,1323.6,16
1544,5071.0,365.0,227.0,59.0,0.0,11.0,12.0,3,urban,6,2,0.1,0.0,0.0,1.5,77.2,144.1,12.5,1372.0,68
5002,9256.0,199.0,596.0,66.2,0.0,3.6,16.2,4,rural,2,2,0.3,0.8,0.0,1.8,73.8,798.8,4.8,709.3,16
4573,6100.0,189.0,558.0,48.0,0.0,7.5,10.0,3,rural,6,3,0.0,0.0,0.0,3.5,39.9,73.9,11.5,311.6,32
2721,23459.0,1458.0,764.0,93.5,0.0,4.0,20.0,2,small urban,2,5,0.2,8.0,0.0,14.0,76.2,326.2,10.1,1295.6,22
1483,5400.0,1150.0,250.0,100.0,5.2,5.2,4.0,4,rural,7,3,0.1,0.0,0.0,2.0,73.7,245.5,12.5,1221.6,20
803,12000.0,379.0,221.0,115.0,0.0,2.0,1.0,3,urban,6,3,0.3,8.0,0.0,1.0,77.1,0.0,22.8,1134.1,20
857,5836.0,198.0,117.0,112.2,0.0,6.0,16.0,5,urban,2,2,0.1,1.4,0.0,1.0,81.2,622.0,7.4,1444.6,10
1281,377.0,24.0,25.0,195.0,0.0,5.0,12.0,5,rural,2,2,0.1,0.0,0.0,0.0,69.3,850.9,7.8,857.5,31
2763,18074.0,1041.0,3787.0,51.0,0.0,8.0,26.0,1,rural,2,5,0.1,0.0,0.0,6.5,76.2,296.0,10.5,1308.9,55
5702,35374.0,2172.0,447.0,51.8,0.0,3.0,24.0,1,urban,6,2,0.2,3.6,0.0,1.5,79.5,622.1,7.5,1291.3,70
4522,3006.0,71.0,15.0,162.0,0.0,3.0,6.0,5,urban,2,2,0.1,6.0,0.0,3.0,79.3,351.1,5.4,1016.7,18
2897,52452.0,345.0,3722.0,186.0,13.0,5.0,10.0,1,urban,7,2,0.1,0.0,0.0,5.0,76.2,315.7,10.5,1319.7,30
219,33336.0,1257.0,683.0,112.7,8.0,3.0,8.0,2,urban,2,2,0.1,13.7,0.0,3.0,77.5,246.4,10.9,1398.2,87
5006,525.0,16.0,73.0,151.0,0.0,4.2,12.6,3,rural,2,2,0.3,0.2,0.0,4.2,57.8,489.3,8.4,494.9,32
1115,4999.0,325.0,5.0,187.5,0.0,4.0,14.0,5,rural,6,2,0.3,2.0,0.0,1.0,81.2,603.0,7.1,1415.4,36
582,11876.0,689.0,309.0,112.0,0.0,8.0,20.0,3,urban,6,2,0.2,1.5,0.0,1.5,80.9,756.2,6.8,1362.0,36
5429,85631.0,924.0,715.0,77.0,0.0,10.8,6.0,2,urban,2,5,0.2,5.0,0.0,1.8,75.0,72.5,14.2,1234.5,17
43,36338.0,618.0,4252.0,78.0,11.0,0.0,26.0,1,urban,3,2,0.0,0.0,0.0,0.0,76.8,469.4,8.6,963.7,16
5381,2393.0,129.0,26.0,257.5,0.0,3.0,41.0,5,urban,6,3,0.4,9.5,0.0,1.0,81.0,695.3,7.1,1354.0,24
2495,23478.0,1437.0,5250.0,79.8,13.0,0.0,24.0,1,rural,3,2,0.0,0.0,0.0,13.0,79.0,516.1,8.1,1394.0,31
4478,529.0,19.0,38.0,260.0,0.0,3.6,8.0,5,urban,2,2,0.2,0.0,0.0,1.0,60.2,49.6,12.1,616.0,46
5075,4446.0,248.0,1002.0,43.0,0.0,8.4,22.0,1,rural,2,2,0.2,1.0,0.0,2.4,59.6,574.2,8.0,476.4,53
1224,35741.0,769.0,136.0,92.9,7.0,4.5,18.0,3,urban,7,2,0.2,0.0,0.0,2.0,75.9,199.1,11.8,1340.9,41
2611,5190.0,248.0,200.0,128.0,4.0,8.0,7.0,4,rural,7,3,0.2,2.0,0.0,2.0,77.7,393.9,9.3,1382.1,88
1071,1584.0,193.0,81.0,268.3,0.0,11.0,22.0,5,rural,6,2,0.5,30.5,0.0,1.0,83.2,1072.5,4.8,1527.0,18
718,50600.0,2125.0,10069.0,57.7,0.0,13.0,20.0,1,rural,2,2,0.2,0.0,0.0,1.7,81.4,462.0,8.1,1373.9,20
4951,13468.0,521.0,2079.0,244.0,0.0,8.0,6.0,1,small urban,2,3,0.3,2.0,0.0,8.0,67.7,832.0,3.6,546.0,38
2284,25434.0,1119.0,950.0,51.5,0.0,5.0,33.0,1,urban,2,5,0.2,4.5,0.0,2.5,78.1,387.4,9.0,1321.0,23
670,10000.0,369.0,4030.0,150.0,0.0,13.0,22.0,1,rural,6,2,0.3,0.0,0.0,2.0,64.8,393.4,6.7,468.4,53
5152,6061.0,139.0,11.0,286.5,0.0,10.0,6.0,6,urban,6,3,0.1,22.5,0.0,2.0,77.2,289.2,10.1,1183.5,75
2893,34156.0,2713.0,8594.0,45.0,10.0,6.5,16.0,1,rural,7,3,0.1,0.0,0.0,2.0,76.2,315.7,10.5,1319.7,62
3450,740.0,12.0,7.0,203.4,0.0,4.0,15.0,6,urban,2,2,0.1,0.0,0.0,4.0,34.9,3.2,16.2,250.8,24
3439,8500.0,144.0,85.0,161.3,0.0,5.0,13.0,4,urban,2,2,0.0,0.0,0.0,4.0,34.9,3.2,16.2,250.8,21
897,4554.0,64.0,50.0,57.5,0.0,10.0,23.0,4,rural,6,2,0.1,0.0,0.0,1.2,81.8,815.0,6.3,1323.6,22
95,30000.0,810.0,1900.0,39.0,0.0,9.0,8.0,1,urban,2,2,0.1,0.0,0.0,1.5,74.2,49.8,14.6,1219.1,43
4552,18547.0,534.0,143.0,95.8,6.0,5.6,6.0,3,rural,7,2,0.2,1.2,0.0,1.8,83.1,56.9,8.5,2080.8,104
4865,23874.0,408.0,237.0,245.0,4.8,0.0,16.8,3,small urban,3,2,0.0,0.0,0.0,4.8,73.8,798.8,4.8,709.3,64
842,21621.0,905.0,886.0,50.8,0.0,10.5,3.7,2,small urban,6,2,0.2,0.0,0.0,1.7,87.6,4.0,10.0,1914.9,56
4554,11500.0,483.0,483.0,66.0,0.0,2.0,8.0,3,small urban,6,2,0.3,8.0,0.0,1.5,77.4,0.0,23.1,1332.6,9
2522,24354.0,1491.0,3106.0,40.7,10.0,5.0,28.0,1,rural,7,3,0.2,0.0,0.0,5.0,77.6,395.4,9.5,1362.7,60
5464,24593.0,771.0,470.0,101.2,0.0,5.8,8.0,4,rural,2,5,0.1,7.0,0.0,1.5,76.1,45.8,14.9,1352.8,15
2440,11461.0,218.0,519.0,122.0,9.0,3.5,9.0,3,small urban,7,3,0.0,0.0,0.0,3.5,76.3,364.6,9.7,1122.7,76
1897,22892.0,2071.0,3105.0,60.0,11.0,4.5,20.0,1,urban,7,5,0.1,0.0,0.0,4.5,76.3,364.6,9.7,1122.7,36
1864,26013.0,2737.0,1757.0,88.0,10.0,4.5,16.0,1,urban,7,3,0.1,0.0,0.0,4.5,77.2,299.4,10.4,1358.6,64
4897,8592.0,81.0,162.0,48.0,0.0,5.0,24.0,3,rural,2,2,0.2,0.0,0.0,5.0,72.6,723.4,5.3,733.1,71
322,51508.0,1664.0,7278.0,78.0,0.0,4.0,31.0,1,rural,7,2,0.1,0.0,0.0,2.0,77.6,352.9,9.7,1347.0,57
4205,17200.0,1351.0,3452.0,135.9,9.1,0.0,2.4,1,rural,3,5,0.0,0.0,0.1,0.0,78.6,3.5,19.2,1268.1,23
5115,4742.0,73.0,10.0,100.0,0.0,5.0,6.0,3,urban,2,2,0.1,1.0,0.0,1.8,56.8,385.2,8.6,549.9,17
2940,62203.0,3671.0,4541.0,52.0,12.0,0.0,20.0,1,urban,3,2,0.0,0.0,0.0,12.0,76.2,315.7,10.5,1319.7,28
334,155638.0,4171.0,6692.0,159.0,0.0,12.5,7.0,1,urban,2,2,0.0,0.0,0.0,5.0,77.5,246.4,10.9,1398.2,11
2464,15917.0,894.0,457.0,117.0,10.0,0.0,8.0,2,rural,3,2,0.0,0.0,0.0,10.0,79.0,516.1,8.1,1394.0,28
332,150190.0,4025.0,6458.0,75.3,0.0,12.5,7.0,1,urban,2,2,0.0,6.3,0.0,2.5,77.5,246.4,10.9,1398.2,11
833,1800.0,65.0,11.0,164.0,0.0,4.5,9.0,6,urban,6,2,0.1,2.0,0.0,2.0,77.8,397.1,9.3,1337.7,14
2364,9513.0,312.0,50.0,209.0,0.0,1.5,14.0,5,urban,2,5,0.0,3.0,0.0,2.0,77.2,390.2,9.5,1399.2,68
4942,4768.0,132.0,219.0,94.0,0.0,3.0,19.2,3,urban,2,2,0.2,0.0,0.0,3.6,61.3,498.0,6.9,554.1,62
3163,84845.0,2246.0,1505.0,65.0,0.0,6.2,11.0,2,urban,6,3,0.3,0.0,0.0,1.8,86.7,10.3,10.0,1629.6,66
5643,42636.0,981.0,213.0,223.7,0.0,6.0,12.0,3,urban,6,2,0.2,19.7,0.0,1.5,39.5,3.1,17.3,240.0,19
3033,62620.0,3279.0,7270.0,115.5,13.0,0.0,8.0,1,urban,3,2,0.0,0.0,0.0,13.0,75.9,251.0,11.1,1287.3,28
731,4742.0,351.0,616.0,44.0,0.0,9.0,28.0,1,rural,2,2,0.2,0.0,0.0,2.0,84.1,1442.7,3.1,1231.3,12
291,8652.0,427.0,106.0,123.0,8.0,3.0,8.0,4,rural,7,2,0.2,7.0,0.0,2.0,78.8,44.6,13.3,1281.0,96
184,30000.0,1300.0,1640.0,109.0,0.0,6.5,8.0,2,urban,2,2,0.3,4.5,0.0,1.5,78.7,3.3,18.3,1576.4,49
3049,198738.0,4836.0,4320.0,61.0,10.0,1.5,16.0,1,urban,7,3,0.0,0.0,0.0,1.5,77.4,183.7,11.8,1369.8,58
1721,10700.0,890.0,1910.0,55.2,11.5,0.0,4.0,1,rural,3,3,0.0,0.6,0.0,0.0,54.7,171.2,12.0,505.0,12
3316,32122.0,1038.0,951.0,122.0,7.0,8.5,3.0,3,urban,7,2,0.2,25.0,0.0,2.0,76.4,164.6,12.2,1390.6,85
533,9023.0,451.0,144.0,91.0,0.0,6.0,16.0,4,small urban,6,2,0.2,0.0,0.0,2.0,83.4,216.1,7.8,1441.1,35
2644,20900.0,1400.0,2718.0,67.0,10.0,4.5,11.0,1,small urban,7,2,0.1,6.0,0.0,2.5,78.1,520.3,8.1,1384.8,52
1323,500.0,18.0,14.0,336.0,0.0,6.0,4.5,5,urban,2,5,0.6,19.3,0.0,2.0,74.4,17.0,16.1,1271.0,45
1859,26013.0,2737.0,1757.0,80.0,10.0,4.5,16.0,1,rural,7,3,0.1,0.5,0.0,4.5,77.2,299.4,10.4,1358.6,64
4489,9100.0,282.0,835.0,85.7,0.0,7.5,8.0,4,small urban,6,3,0.0,0.0,0.0,3.0,39.9,73.9,11.5,311.6,22
657,129100.0,3815.0,9635.0,48.8,0.0,11.8,7.7,1,urban,6,3,0.2,1.7,0.0,1.8,84.0,25.0,9.4,1628.8,66
1255,1300.0,56.0,13.0,291.0,0.0,3.0,5.0,4,urban,6,2,0.2,1.0,0.0,1.5,78.2,130.1,11.5,1379.0,45
2347,20948.0,922.0,7177.0,50.3,10.0,6.5,26.0,1,rural,7,5,0.1,0.0,0.0,3.0,78.1,387.4,9.0,1321.0,66
2330,41016.0,2005.0,7597.0,49.3,13.0,1.0,23.0,1,urban,7,3,0.3,0.0,0.0,13.0,78.1,387.4,9.0,1321.0,26
2314,28084.0,1031.0,7639.0,48.0,10.0,3.5,25.0,1,rural,7,5,0.2,0.0,0.0,3.5,78.1,387.4,9.0,1321.0,66
2418,24300.0,2052.0,4237.0,77.8,10.0,0.0,12.0,1,rural,3,2,0.0,0.0,0.0,10.0,76.2,315.7,10.5,1319.7,29
898,1291.0,61.0,35.0,297.3,0.0,6.0,16.0,5,rural,6,2,0.4,10.3,0.0,1.5,84.1,1442.7,3.1,1231.3,21
428,12997.0,806.0,429.0,137.4,0.0,9.0,20.0,3,rural,6,2,0.4,6.2,0.0,2.0,82.4,382.8,7.8,1447.5,22
3895,917.0,46.0,70.0,160.5,0.0,2.0,6.0,3,urban,6,2,0.1,6.0,0.0,2.0,67.5,287.7,8.0,487.5,14
4584,24700.0,1264.0,723.0,208.0,9.0,6.0,13.0,3,urban,7,2,0.5,0.0,0.0,2.5,78.2,130.1,11.5,1379.0,62
1732,24600.0,844.0,918.0,51.5,0.0,7.5,16.0,3,small urban,6,3,0.3,11.0,0.0,2.0,86.1,15.6,9.6,1542.4,45
1978,38851.0,2646.0,3393.0,88.0,10.0,6.0,18.0,1,rural,7,5,0.2,0.0,0.0,4.0,77.6,395.4,9.5,1362.7,62
1222,6784.0,191.0,50.0,97.8,9.0,3.5,12.0,3,urban,7,2,0.1,5.5,0.0,2.0,75.9,199.1,11.8,1340.9,76
1513,5342.0,408.0,311.0,117.8,0.0,11.0,12.0,3,small urban,6,2,0.1,5.5,0.0,23.0,75.9,199.1,11.8,1340.9,14
5598,1060.0,51.0,217.0,80.6,0.0,7.0,12.0,3,rural,6,2,0.1,0.0,0.0,2.0,68.3,1326.9,4.8,569.0,32
3844,30500.0,3355.0,1525.0,93.5,0.0,8.0,6.0,3,urban,2,5,0.2,12.6,0.0,2.0,74.8,41.0,14.4,1427.3,48
3904,3900.0,390.0,39.0,60.5,0.0,6.0,8.0,3,rural,2,2,0.4,3.1,0.0,2.0,78.2,5.1,17.9,1450.5,34
4355,87033.0,3100.0,3200.0,58.0,0.0,7.5,21.0,1,urban,6,5,0.1,6.2,0.0,1.0,77.8,278.3,10.0,1321.7,25
2577,57666.0,2302.0,7126.0,80.5,0.0,8.0,18.0,1,urban,2,5,0.1,0.0,0.0,2.0,77.7,393.9,9.3,1382.1,59
4605,10700.0,546.0,200.0,143.0,8.0,2.0,8.0,4,urban,7,2,0.2,17.0,0.0,2.5,77.8,330.7,9.9,1303.1,67
2288,21512.0,885.0,738.0,54.0,10.0,6.5,38.0,1,urban,7,5,0.3,28.0,0.0,4.5,78.1,387.4,9.0,1321.0,40
1717,10500.0,254.0,65.0,58.0,0.0,5.5,16.0,3,urban,6,2,0.2,4.0,0.0,2.0,84.3,5.4,10.7,1294.0,71
4775,152700.0,9119.0,12024.0,169.7,0.0,11.0,17.0,1,urban,6,5,0.2,2.7,0.0,4.5,77.8,330.7,9.9,1303.1,46
5758,5165.0,230.0,720.0,46.8,0.0,12.0,15.0,3,rural,2,2,0.1,0.7,0.0,6.0,65.8,1015.3,6.0,539.9,20
5236,22134.0,1195.0,243.0,60.7,0.0,5.5,36.0,1,rural,6,2,0.3,4.7,0.0,4.0,81.9,776.7,6.5,1396.5,59
4790,19900.0,1010.0,370.0,316.0,7.0,3.0,8.0,4,urban,7,2,0.1,5.0,0.0,2.5,78.2,130.1,11.5,1379.0,85
1728,1350.0,90.0,20.0,101.0,5.0,5.0,4.0,5,urban,7,3,0.1,0.0,0.0,2.0,75.3,321.4,11.2,1195.7,77
2437,29855.0,2691.0,3572.0,78.0,10.0,3.0,6.0,1,rural,7,2,0.1,0.0,0.0,2.0,76.2,315.7,10.5,1319.7,59
5528,12583.0,680.0,139.0,49.0,0.0,4.0,20.0,3,small urban,6,2,0.1,6.0,0.0,1.0,81.0,695.3,7.1,1354.0,69
4574,1800.0,64.0,159.0,38.3,0.0,12.0,8.0,3,rural,6,3,0.0,0.0,0.0,3.0,46.7,279.0,8.7,349.3,42
2024,19728.0,1262.0,7176.0,53.0,0.0,3.5,33.0,1,rural,2,5,0.1,15.0,0.0,4.0,78.2,402.4,9.1,1451.5,36
2970,32295.0,362.0,2221.0,67.0,0.0,10.5,18.0,1,urban,2,2,0.3,0.0,0.0,2.0,77.2,390.2,9.5,1399.2,71
2447,26875.0,995.0,8948.0,147.0,10.0,4.5,8.0,1,rural,7,2,0.1,0.0,0.0,2.5,78.0,463.2,8.7,1363.9,62
3624,34000.0,1020.0,374.0,137.0,0.0,2.0,8.0,4,urban,2,2,0.2,19.0,0.0,1.5,76.6,0.0,22.8,1105.9,25
1126,2400.0,17.0,20.0,207.0,0.0,3.5,11.0,4,urban,2,2,0.1,5.0,0.0,2.0,77.8,330.7,9.9,1303.1,33
2847,23739.0,1036.0,6211.0,115.0,0.0,10.0,20.0,1,rural,2,3,0.2,33.0,0.0,2.5,79.0,516.1,8.1,1394.0,39
1561,3350.0,170.0,110.0,134.0,5.5,5.5,4.0,4,small urban,7,3,0.2,5.0,0.0,2.0,74.8,173.4,13.4,1239.2,98
3908,9000.0,378.0,450.0,288.0,0.0,6.0,4.5,4,urban,2,5,0.3,41.0,0.0,2.0,78.2,5.1,17.9,1450.5,62
1292,812.0,32.0,19.0,169.0,0.0,8.0,21.0,5,small urban,2,2,0.1,0.0,0.0,0.0,73.6,939.2,7.3,956.1,21
70,126000.0,2920.0,3820.0,47.1,11.0,0.5,13.0,1,urban,7,3,0.1,0.0,0.0,3.5,75.1,39.5,15.1,1277.7,38
2244,38212.0,2436.0,5704.0,95.0,13.0,0.0,8.0,2,urban,3,2,0.0,0.0,0.0,13.0,76.2,296.0,10.5,1308.9,25
1305,60900.0,2010.0,7491.0,69.0,10.0,8.0,16.0,1,rural,7,2,0.1,8.5,0.0,4.0,74.4,17.0,16.1,1271.0,32
3145,11919.0,464.0,279.0,101.3,6.0,5.3,8.0,3,small urban,6,2,0.1,0.0,0.0,1.8,87.6,4.0,10.0,1914.9,56
5246,79071.0,4269.0,869.0,56.6,0.0,5.5,36.0,1,rural,6,2,0.2,4.8,0.0,1.0,79.2,482.5,8.5,1306.4,11
4012,190.0,32.0,6.0,88.0,0.0,5.0,8.0,3,rural,6,2,0.1,0.0,0.0,3.0,69.7,363.8,6.6,720.7,70
3916,2900.0,388.0,369.0,75.4,0.0,8.5,9.0,3,rural,6,2,0.3,8.5,0.0,5.0,70.9,196.8,7.4,898.9,61
831,1516.0,39.0,297.0,55.7,0.0,4.0,15.0,3,rural,2,2,0.1,0.0,0.0,2.0,66.0,789.9,7.7,612.4,62
3404,15500.0,697.0,326.0,62.0,0.0,2.0,8.0,3,urban,6,2,0.0,8.0,0.0,1.0,76.6,0.0,22.8,1105.9,14
4989,1201.0,63.0,144.0,77.8,0.0,6.7,8.5,4,rural,2,2,0.1,0.0,0.0,5.7,73.8,798.8,4.8,709.3,88
4856,15080.0,1327.0,1252.0,168.5,0.0,6.0,12.0,3,small urban,2,2,0.2,0.0,0.0,1.5,42.5,5.3,18.7,344.6,73
238,27925.0,972.0,402.0,74.0,7.0,6.0,7.0,3,urban,7,2,0.0,0.0,0.0,2.0,77.5,246.4,10.9,1398.2,101
2462,26358.0,2514.0,10879.0,51.7,10.0,5.0,38.0,1,rural,7,3,0.1,0.0,0.0,5.0,78.0,463.2,8.7,1363.9,55
2053,23580.0,1000.0,7694.0,73.0,10.0,4.0,21.0,1,rural,7,5,0.2,0.0,0.0,7.5,77.6,459.1,8.7,1412.2,57
2351,3447.0,146.0,87.0,95.0,9.0,6.0,12.0,3,small urban,7,3,0.2,0.0,0.0,5.0,78.1,387.4,9.0,1321.0,125
2323,36146.0,1889.0,8894.0,66.7,13.0,1.0,49.0,1,rural,7,3,0.2,0.0,0.0,13.0,78.1,387.4,9.0,1321.0,26
1505,7376.0,395.0,304.0,90.0,8.0,8.0,4.0,4,urban,7,3,0.2,0.0,0.0,2.0,73.7,245.5,12.5,1221.6,72
3214,2000.0,62.0,184.0,48.7,0.0,6.0,6.0,3,rural,6,2,0.1,0.0,0.0,3.0,34.9,3.2,16.2,250.8,58
1001,59885.0,1436.0,2206.0,144.0,12.5,0.0,6.0,2,urban,3,2,0.0,0.0,0.0,0.0,75.7,906.1,7.1,1007.5,20
4305,2500.0,85.0,213.0,80.2,0.0,5.0,8.0,4,small urban,2,3,0.0,0.0,0.0,0.0,45.8,90.1,11.1,265.7,25
5047,16530.0,722.0,2055.0,79.3,0.0,12.7,12.0,1,urban,2,2,0.5,1.8,0.0,1.8,74.3,731.9,4.7,651.7,59
2127,24489.0,1130.0,12580.0,51.0,10.0,4.5,34.0,1,rural,7,5,0.1,0.0,0.0,4.5,78.0,463.2,8.7,1363.9,58
3832,42400.0,1060.0,1823.0,56.0,12.0,13.0,10.0,1,urban,7,5,0.1,0.0,0.0,2.0,74.8,41.0,14.4,1427.3,30
957,36171.0,1440.0,3096.0,68.7,0.0,9.6,4.2,2,rural,6,2,0.2,0.0,0.0,9.6,83.1,56.9,8.5,2080.8,18
3550,109500.0,2535.0,1188.0,78.0,0.0,14.0,9.0,3,urban,6,3,0.0,0.0,0.0,4.5,76.7,0.0,22.3,1087.2,17
4521,9096.0,90.0,36.0,360.0,0.0,3.5,6.0,4,urban,2,2,0.1,1.0,0.0,2.0,79.3,351.1,5.4,1016.7,37
1397,433.0,17.0,10.0,275.0,0.0,4.0,10.0,5,urban,2,2,0.1,0.0,0.0,0.0,76.1,838.2,7.6,1085.5,26
1467,19900.0,503.0,328.0,112.5,0.0,8.0,12.0,3,urban,2,2,0.3,39.0,0.0,0.0,84.3,5.4,10.7,1294.0,27
411,1630.0,236.0,124.0,224.0,0.0,7.0,21.0,4,rural,6,2,0.4,13.0,0.0,1.2,84.1,1442.7,3.1,1231.3,36
5271,7885.0,290.0,2225.0,36.5,10.5,3.0,8.0,1,rural,7,2,0.1,0.0,0.0,3.0,62.8,691.9,7.3,553.5,26
5567,870.0,46.0,80.0,123.5,0.0,7.0,7.0,3,rural,2,3,0.2,10.8,0.0,2.0,63.9,794.1,7.0,559.5,67
1539,78082.0,7020.0,9831.0,68.4,0.0,15.0,16.0,1,rural,6,3,0.2,4.6,0.0,2.0,77.2,144.1,12.5,1372.0,54
1436,6362.0,280.0,6.0,109.8,0.0,8.0,22.0,5,urban,6,2,0.3,0.3,0.0,1.0,80.9,756.2,6.8,1362.0,22
3968,2300.0,122.0,104.0,118.4,0.0,8.0,6.0,3,small urban,2,5,0.3,3.0,0.0,2.0,73.7,16.7,16.4,1170.0,13
4602,25200.0,1244.0,712.0,206.0,0.0,10.0,18.0,3,small urban,6,5,0.3,11.0,0.0,2.5,78.9,489.4,8.6,1569.7,61
1034,45.0,2.0,3.0,99.0,9.0,6.0,9.0,4,rural,7,2,0.2,9.5,0.0,2.0,71.8,1540.0,4.2,721.1,69
3227,17441.0,1839.0,2915.0,62.2,0.0,18.0,4.0,1,rural,6,2,0.1,0.5,0.0,1.5,77.2,378.6,9.5,1368.3,50
4534,33500.0,3057.0,1432.0,221.5,0.0,3.0,8.0,3,urban,2,2,0.2,8.0,0.0,0.0,73.1,0.0,25.3,1154.8,28
931,13900.0,1817.0,762.0,73.0,0.0,7.0,12.0,3,urban,6,2,0.4,1.5,0.0,2.0,70.3,169.2,7.3,532.3,73
5288,14170.0,460.0,3055.0,99.9,11.5,0.0,8.0,1,rural,3,2,0.0,0.0,0.0,0.0,69.0,1122.7,6.1,696.1,17
5543,2981.0,161.0,33.0,161.8,0.0,4.0,24.0,5,rural,6,2,0.2,9.8,0.0,1.0,79.2,482.5,8.5,1306.4,30
633,280.0,65.0,36.0,76.7,0.0,6.0,9.0,3,rural,6,2,0.1,0.0,0.0,4.0,64.8,393.4,6.7,468.4,87
3181,45507.0,969.0,218.0,92.5,0.0,8.4,4.8,3,urban,6,2,0.2,0.0,0.0,1.8,83.1,56.9,8.5,2080.8,54
498,24900.0,2084.0,7077.0,99.0,0.0,11.5,16.0,1,rural,6,2,0.2,0.0,0.0,2.5,81.2,3.8,10.5,1222.3,71
2505,10882.0,287.0,15.0,174.0,9.0,6.0,9.0,5,urban,7,3,0.1,19.0,0.0,1.5,79.0,516.1,8.1,1394.0,86
415,23180.0,695.0,93.0,126.2,0.0,6.0,26.0,4,urban,6,2,0.2,0.2,0.0,2.0,81.4,462.0,8.1,1373.9,36
2173,37103.0,3066.0,9679.0,64.0,13.0,5.0,18.0,1,urban,7,5,0.2,1.0,0.0,5.0,77.7,393.9,9.3,1382.1,59
5649,7037.0,331.0,429.0,90.3,0.0,6.0,12.0,3,urban,2,2,0.2,0.0,0.0,1.0,78.2,0.4,20.8,1293.6,14
2191,15299.0,1339.0,3113.0,48.0,0.0,6.0,36.0,1,rural,2,5,0.1,0.0,0.0,2.0,78.1,451.6,8.9,1382.0,21
1665,26800.0,300.0,80.0,92.0,5.5,5.5,4.0,3,urban,7,3,0.1,71.3,0.0,2.0,74.2,334.3,11.5,1069.6,84
757,8620.0,360.0,899.0,117.3,9.0,4.5,6.0,1,rural,7,2,0.4,0.0,0.0,3.2,71.5,784.0,8.0,972.1,51
5113,170.0,3.0,12.0,217.7,0.0,3.6,10.8,5,rural,2,2,0.1,0.3,0.0,3.6,69.8,866.8,3.7,1023.8,31
1041,45605.0,1324.0,1332.0,51.5,0.0,8.0,18.0,3,urban,6,2,0.2,0.0,0.0,3.0,72.2,1084.2,6.5,883.5,56
4883,717.0,52.0,67.0,92.8,0.0,3.5,20.5,4,rural,2,2,0.1,1.1,0.0,3.5,57.2,437.0,9.1,502.6,24
4634,30400.0,1168.0,909.0,54.0,0.0,14.0,23.0,2,urban,6,5,0.1,0.0,0.0,2.5,77.6,254.6,10.4,1398.8,57
2895,39640.0,3957.0,9066.0,94.0,10.0,14.0,16.0,1,urban,7,3,0.2,0.0,0.0,4.0,76.2,315.7,10.5,1319.7,32
3942,11800.0,496.0,590.0,109.0,0.0,6.0,4.5,4,small urban,2,5,0.5,9.0,0.0,2.0,73.2,15.3,16.8,1213.2,44
596,4971.0,261.0,295.0,77.9,0.0,8.2,16.4,2,rural,6,3,0.3,0.6,0.0,2.6,63.8,202.9,9.5,542.0,66
2339,22832.0,761.0,6592.0,91.5,10.0,2.5,28.0,1,rural,7,5,0.2,0.0,0.0,3.0,78.1,387.4,9.0,1321.0,66
1068,71711.0,5809.0,4941.0,86.0,9.0,8.0,15.0,2,urban,7,2,0.3,5.0,0.0,2.0,75.0,135.7,12.8,1354.6,54
3237,3900.0,55.0,283.0,278.8,0.0,4.0,12.0,5,small urban,2,2,0.2,0.0,0.0,4.0,44.6,76.5,10.9,231.4,15
3323,59500.0,1702.0,797.0,69.0,0.0,2.0,8.0,3,urban,6,2,0.2,19.0,0.0,1.5,77.8,0.0,23.3,1122.2,25
652,65799.0,2223.0,8137.0,43.5,0.0,10.7,7.4,1,rural,6,2,0.2,0.0,0.0,10.3,86.7,10.3,10.0,1629.6,14
5140,2119.0,69.0,171.0,192.0,0.0,10.0,6.0,6,urban,6,3,0.2,19.0,0.0,2.0,75.8,332.0,10.7,1187.0,75
4649,11400.0,582.0,213.0,170.0,8.0,2.0,8.0,4,small urban,7,2,0.2,14.0,0.0,2.5,77.9,386.5,9.3,1426.3,100
3877,24700.0,1892.0,2295.0,130.4,0.0,8.0,6.0,3,small urban,2,5,0.4,17.2,0.0,2.0,73.9,11.6,17.0,1226.7,14
1670,22100.0,230.0,390.0,91.5,9.0,0.0,4.0,3,urban,3,3,0.0,15.5,0.0,0.0,67.1,133.0,14.0,845.5,32
4724,61700.0,3248.0,2434.0,73.0,9.0,2.0,9.0,2,urban,7,2,0.1,0.0,0.0,3.0,77.6,254.6,10.4,1398.8,47
3456,27500.0,506.0,63.0,124.5,0.0,5.0,13.0,4,urban,2,2,0.1,0.0,0.0,4.0,34.9,3.2,16.2,250.8,32
5481,17720.0,958.0,195.0,75.0,0.0,2.0,25.0,3,small urban,6,2,0.2,2.0,0.0,1.0,80.2,695.0,7.0,1299.6,58
4329,44237.0,1600.0,3700.0,47.0,8.0,4.0,18.0,1,rural,7,5,0.1,21.0,0.0,2.0,78.2,216.0,10.4,1435.3,16
75,59000.0,2130.0,3690.0,88.4,11.0,0.0,12.0,1,urban,3,3,0.0,0.0,0.0,0.0,74.2,49.8,14.6,1219.1,33
3995,627.0,13.0,39.0,181.5,0.0,4.0,8.0,4,rural,2,2,0.4,11.2,0.0,2.0,74.2,10.0,16.9,1221.7,46
4523,778.0,257.0,35.0,374.0,0.0,3.0,12.0,4,urban,2,2,0.2,3.0,0.0,1.0,79.3,351.1,5.4,1016.7,37
4886,686.0,26.0,51.0,102.9,0.0,4.3,9.0,4,rural,2,2,0.1,0.6,0.0,1.8,70.1,821.4,4.1,548.7,104
3634,74500.0,3670.0,4897.0,46.7,0.0,2.0,8.0,1,urban,6,2,0.0,0.0,0.0,1.5,76.6,0.0,22.8,1105.9,21
5327,4411.0,157.0,132.0,149.5,0.0,4.0,4.0,3,urban,2,2,0.2,2.5,0.0,2.0,69.2,1296.4,5.2,666.8,20
5542,12485.0,673.0,136.0,163.5,0.0,3.0,36.0,4,urban,6,2,0.2,18.0,0.0,1.0,79.5,622.1,7.5,1291.3,43
4403,3102.0,336.0,86.0,147.5,0.0,4.0,8.0,4,urban,2,2,0.2,0.5,0.0,4.0,69.7,269.2,8.3,666.7,37
2317,34294.0,1316.0,7196.0,63.3,10.0,3.5,25.0,1,rural,7,5,0.3,0.0,0.0,3.5,78.1,387.4,9.0,1321.0,66
4944,2556.0,132.0,219.0,54.3,0.0,4.2,18.0,3,rural,2,2,0.2,0.9,0.0,7.2,60.4,506.9,7.5,506.3,61
1010,22394.0,837.0,1570.0,141.0,8.0,4.5,6.0,2,rural,7,2,0.3,0.0,0.0,4.5,75.2,955.6,7.1,960.4,64
1029,2000.0,67.0,154.0,116.8,0.0,6.0,15.0,3,rural,6,2,0.3,0.0,0.0,1.5,72.9,1347.8,4.8,857.0,71
2034,3322.0,146.0,74.0,89.0,0.0,11.0,8.0,4,urban,2,2,0.2,0.0,0.0,2.0,77.6,459.1,8.7,1412.2,84
828,850.0,36.0,162.0,124.0,0.0,4.0,13.0,3,rural,2,3,0.2,13.8,0.0,4.0,61.6,588.3,8.2,570.0,22
2523,24354.0,1491.0,3106.0,45.2,10.0,5.0,28.0,1,rural,7,3,0.2,0.0,0.0,5.0,77.6,395.4,9.5,1362.7,60
1564,4990.0,140.0,795.0,76.6,0.0,9.5,8.0,3,rural,6,5,0.2,40.0,0.0,1.5,61.6,147.0,13.4,629.1,91
96,35000.0,950.0,2210.0,44.0,0.0,9.0,8.0,1,urban,2,2,0.1,0.0,0.0,1.5,74.2,49.8,14.6,1219.1,43
2882,32510.0,3552.0,10038.0,81.0,13.0,5.0,21.0,1,rural,7,3,0.2,0.0,0.0,4.5,76.2,315.7,10.5,1319.7,36
4443,530.0,13.0,45.0,78.5,0.0,3.5,15.0,4,rural,6,5,0.1,0.0,0.0,3.5,41.8,105.5,10.7,263.8,82
5482,9160.0,495.0,100.0,119.0,0.0,6.0,24.0,5,small urban,6,2,0.1,5.0,0.0,1.0,81.9,776.7,6.5,1396.5,36
3796,22880.0,1144.0,1167.0,44.9,0.0,10.0,3.0,3,rural,6,3,0.1,0.7,0.0,2.0,77.2,90.4,13.6,1329.9,59
1200,2952.0,116.0,89.0,70.6,0.0,4.5,15.0,5,rural,6,2,0.2,0.0,0.0,3.0,74.9,1192.9,5.6,910.2,72
621,1270.0,57.0,18.0,274.5,0.0,6.0,16.0,5,rural,6,2,0.4,32.5,0.0,1.0,81.8,815.0,6.3,1323.6,17
566,15500.0,851.0,5391.0,43.8,0.0,11.5,9.0,1,rural,6,2,0.1,0.0,0.0,2.0,74.8,98.6,8.2,537.0,59
543,2100.0,125.0,21.0,166.0,0.0,4.0,7.0,5,urban,2,2,0.1,1.0,0.0,2.0,77.8,330.7,9.9,1303.1,15
1334,3000.0,432.0,915.0,83.5,0.0,8.5,16.0,3,rural,6,2,0.3,5.9,0.0,2.0,70.0,77.6,9.9,442.0,69
3547,54000.0,1434.0,672.0,105.0,0.0,14.0,10.0,3,urban,6,3,0.0,0.0,0.0,4.0,76.7,0.0,22.3,1087.2,16
51,25439.0,305.0,738.0,77.8,9.0,0.0,16.0,1,urban,3,2,0.0,0.0,0.0,0.0,75.9,543.9,8.5,1020.0,15
4879,3166.0,83.0,163.0,105.0,0.0,6.6,17.0,3,rural,2,2,0.2,1.0,0.0,6.6,59.5,555.4,7.9,534.2,58
5396,43074.0,857.0,8260.0,62.0,0.0,8.7,3.0,1,urban,2,5,0.1,9.0,0.0,2.0,,,,,8
4121,29270.0,1392.0,696.0,137.7,0.0,4.0,6.0,3,urban,6,2,0.2,3.8,0.0,1.0,83.1,56.9,8.5,2080.8,37
745,35000.0,820.0,4154.0,63.3,11.1,0.0,6.4,1,small urban,3,2,0.0,0.5,0.0,3.5,74.8,897.9,7.3,1042.5,10
4162,5600.0,239.0,270.0,209.0,0.0,8.0,6.0,3,urban,2,5,0.1,33.0,0.0,2.0,73.3,10.8,17.4,1213.1,44
1729,8100.0,325.0,175.0,108.0,5.0,5.0,4.0,4,urban,7,3,0.1,0.0,0.0,2.0,75.3,321.4,11.2,1195.7,15
3612,6700.0,386.0,121.0,171.0,0.0,9.0,13.0,5,urban,2,2,0.3,31.0,0.0,9.0,77.6,254.6,10.4,1398.8,23
195,38000.0,1800.0,3490.0,46.8,0.0,13.0,8.0,2,rural,2,2,0.1,0.0,0.0,5.0,73.6,37.4,14.9,1257.3,35
2146,22106.0,627.0,8882.0,59.7,10.0,4.0,21.0,1,rural,7,5,0.1,1.0,0.0,2.0,78.0,463.2,8.7,1363.9,58
1672,2260.0,115.0,185.0,97.0,0.0,14.5,13.0,4,rural,6,5,0.2,5.0,0.0,1.5,67.1,133.0,14.0,845.5,60
3528,108079.0,5880.0,2594.0,56.8,0.0,13.5,9.0,1,urban,6,2,0.2,0.8,0.0,9.0,74.7,164.3,12.4,1300.1,28
802,1850.0,16.0,6.0,189.1,0.0,4.0,8.0,5,rural,2,2,0.1,0.0,0.0,2.0,74.2,10.0,16.9,1221.7,62
3977,123700.0,3093.0,5319.0,106.2,12.0,13.0,10.0,1,urban,7,5,0.1,3.3,0.0,2.0,73.6,10.7,17.2,1224.0,32
620,1001.0,53.0,17.0,314.0,0.0,6.0,17.0,5,rural,6,2,0.6,19.8,0.0,1.5,81.8,815.0,6.3,1323.6,25
1504,1461.0,59.0,23.0,95.0,8.0,8.0,4.0,5,urban,7,3,0.1,0.0,0.0,2.0,73.7,245.5,12.5,1221.6,69
3921,25000.0,2500.0,1000.0,106.9,0.0,8.0,6.0,3,small urban,2,5,0.4,13.0,0.0,2.0,73.3,10.8,17.4,1213.1,17
3384,11000.0,406.0,505.0,45.6,0.0,9.5,11.0,3,urban,6,2,0.0,0.0,0.0,3.0,34.9,3.2,16.2,250.8,61
5448,9400.0,152.0,443.0,98.0,0.0,12.3,4.3,3,rural,2,5,0.2,8.7,0.0,2.0,75.0,107.9,13.2,1353.4,8
5296,9602.0,298.0,3524.0,56.2,0.0,7.5,12.0,1,rural,6,2,0.2,0.0,0.0,4.5,62.6,4.9,18.6,637.4,55
1700,8800.0,573.0,333.0,66.0,0.0,2.0,8.0,3,urban,6,2,0.2,8.0,0.0,1.5,76.7,0.0,22.6,1227.7,10
644,68116.0,2813.0,8787.0,51.5,0.0,9.3,9.7,1,rural,6,2,0.3,0.6,0.0,1.8,82.9,36.1,9.4,2206.8,53
1737,11600.0,411.0,176.0,118.0,0.0,4.0,11.0,5,urban,2,2,0.1,0.0,0.0,2.0,77.6,254.6,10.4,1398.8,35
4340,89143.0,2600.0,1700.0,141.8,0.0,5.0,15.0,1,urban,6,3,0.3,1.0,0.0,3.0,77.8,278.3,10.0,1321.7,25
4742,82400.0,2202.0,5239.0,80.5,9.0,2.0,8.0,1,urban,7,2,0.1,3.0,0.0,3.5,78.2,130.1,11.5,1379.0,45
3539,9700.0,367.0,447.0,136.2,0.0,6.0,4.5,4,small urban,2,5,0.4,5.0,0.0,2.0,75.3,4.3,18.5,1295.1,21
3800,31720.0,1514.0,613.0,47.0,0.0,8.5,6.0,3,urban,6,3,0.1,27.3,0.0,2.0,77.2,90.4,13.6,1329.9,60
120,84000.0,2610.0,6190.0,64.6,8.0,6.5,4.0,1,urban,2,2,0.1,0.0,0.0,4.5,73.9,36.5,15.2,1178.3,55
2722,13082.0,144.0,118.0,98.0,8.0,8.5,8.0,3,small urban,7,3,0.2,5.8,0.0,2.5,76.2,326.2,10.1,1295.6,76
3757,7061.0,378.0,235.0,149.0,0.0,11.0,12.0,3,urban,6,2,0.2,5.0,0.0,20.0,75.5,224.4,11.6,1318.4,18
3892,32986.0,870.0,435.0,189.8,0.0,5.0,12.0,4,urban,2,2,0.5,4.2,0.0,2.0,67.5,287.7,8.0,487.5,31
5782,33349.0,1267.0,1734.0,137.0,0.0,6.0,12.0,2,urban,6,2,0.0,0.0,0.0,3.0,57.4,7.4,18.5,583.1,28
2860,21379.0,1031.0,9556.0,87.0,13.0,4.0,31.0,1,rural,7,3,0.2,0.0,0.0,4.0,78.8,496.7,8.4,1374.0,36
1230,6800.0,1044.0,562.0,141.4,0.0,4.0,8.0,4,rural,2,2,0.5,67.0,0.0,2.0,75.2,5.6,18.1,1212.1,33
2574,46234.0,2081.0,7661.0,136.7,13.0,0.0,12.0,1,rural,3,2,0.0,0.0,0.0,13.0,77.7,393.9,9.3,1382.1,28
3240,7593.0,683.0,398.0,70.5,0.0,6.0,8.0,3,rural,2,2,0.3,2.0,0.0,2.0,73.8,27.5,15.5,1206.3,17
2177,37103.0,3066.0,9679.0,74.0,10.0,4.0,18.0,1,urban,7,3,0.1,0.0,0.0,5.0,77.7,393.9,9.3,1382.1,60
3017,43690.0,3763.0,4411.0,65.3,10.0,7.0,16.0,1,urban,7,3,0.2,0.3,0.0,7.0,75.9,251.0,11.1,1287.3,68
134,47000.0,1590.0,5720.0,37.0,9.0,7.5,4.0,1,rural,7,2,0.1,0.0,0.0,4.0,76.1,37.6,15.3,1328.6,57
4020,9800.0,545.0,317.0,67.4,0.0,3.0,10.0,3,urban,6,2,0.1,0.0,0.0,1.0,76.6,0.2,21.5,1123.5,16
2405,16160.0,658.0,4913.0,74.5,9.0,4.5,16.0,1,rural,7,5,0.3,0.0,0.0,4.5,75.8,313.1,10.3,1283.1,63
3393,111541.0,3893.0,2031.0,138.0,0.0,9.0,14.0,2,urban,6,3,0.3,4.0,0.0,30.0,75.0,135.7,12.8,1354.6,55
2874,32510.0,3552.0,10038.0,72.0,13.0,5.0,21.0,1,rural,7,3,0.2,0.7,0.0,4.5,76.2,315.7,10.5,1319.7,36
1840,44908.0,3693.0,11346.0,83.0,10.0,5.5,16.0,1,rural,7,5,0.2,14.5,0.0,3.5,77.2,299.4,10.4,1358.6,76
5520,49316.0,2662.0,542.0,72.0,0.0,5.5,36.0,3,urban,6,2,0.2,4.0,0.0,1.0,79.5,622.1,7.5,1291.3,29
511,11133.0,390.0,390.0,68.8,0.0,6.0,16.0,4,small urban,6,2,0.1,0.0,0.0,2.0,81.4,462.0,8.1,1373.9,22
62,72000.0,2180.0,7990.0,42.3,8.0,7.0,4.0,1,urban,2,2,0.1,0.0,0.0,7.0,73.6,37.4,14.9,1257.3,50
3520,106300.0,2668.0,1148.0,49.0,0.0,14.0,12.0,2,urban,6,2,0.2,0.0,0.0,2.5,84.5,13.2,10.1,1428.7,56
5042,6418.0,334.0,1870.0,63.2,0.0,8.4,36.0,1,rural,2,2,0.2,1.0,0.0,8.4,77.8,819.7,3.8,842.0,58
2072,24958.0,1826.0,5823.0,40.0,10.0,4.0,18.0,1,rural,7,5,0.2,0.0,0.0,3.5,77.6,459.1,8.7,1412.2,57
4224,85800.0,2145.0,3689.0,105.0,12.0,13.0,10.0,1,urban,7,5,0.1,0.0,0.0,2.0,73.1,25.0,15.8,1161.8,50
4302,480.0,17.0,42.0,122.1,0.0,3.5,4.0,5,rural,6,2,0.1,7.7,0.0,3.0,45.2,246.1,8.8,361.0,73
3441,2100.0,49.0,66.0,263.7,0.0,6.0,6.0,6,urban,2,2,0.2,0.0,0.0,4.0,55.2,175.0,8.7,426.6,14
1211,166392.0,11299.0,13029.0,52.7,0.0,11.0,8.0,1,urban,6,2,0.1,0.3,0.0,37.0,75.9,199.1,11.8,1340.9,11
122,81000.0,3160.0,9160.0,92.0,14.0,0.0,11.0,1,urban,3,3,0.0,0.0,0.0,0.0,74.2,49.8,14.6,1219.1,12
3038,13425.0,514.0,157.0,195.0,0.0,11.0,5.0,3,urban,2,2,0.0,0.0,0.0,2.0,75.9,251.0,11.1,1287.3,102
3808,37660.0,957.0,83.0,108.0,0.0,15.0,6.0,3,small urban,6,2,0.3,16.0,0.0,20.0,77.6,43.7,14.3,1302.9,13
3248,3500.0,123.0,306.0,206.5,0.0,4.0,12.0,6,small urban,2,2,0.2,5.0,0.0,4.0,44.6,76.5,10.9,231.4,14
2963,17968.0,1163.0,541.0,78.0,9.0,2.5,10.0,3,urban,7,3,0.1,12.0,0.0,2.0,77.2,390.2,9.5,1399.2,63
1210,61558.0,2180.0,4944.0,141.0,9.0,7.5,15.0,1,urban,7,2,0.3,1.0,0.0,2.0,75.9,199.1,11.8,1340.9,71
567,15500.0,851.0,5391.0,44.6,0.0,11.5,9.0,1,rural,6,2,0.1,0.0,0.0,2.0,70.0,77.6,9.9,442.0,59
5108,3104.0,33.0,24.0,86.8,0.0,8.5,10.0,5,urban,2,2,0.1,0.0,0.0,2.5,74.3,731.9,4.7,651.7,80
548,28100.0,1110.0,4881.0,81.4,0.0,12.0,14.0,1,rural,6,2,0.4,0.0,0.0,2.0,80.8,20.2,10.5,1335.9,65
864,744.0,23.0,89.0,85.2,0.0,6.4,10.7,3,rural,2,3,0.2,1.5,0.0,2.5,59.8,395.7,10.0,573.9,30
4385,12219.0,582.0,184.0,110.2,0.0,8.0,12.0,4,urban,2,2,0.3,1.0,0.0,2.0,69.7,269.2,8.3,666.7,54
1392,2250.0,90.0,54.0,349.0,0.0,8.0,6.0,6,urban,2,2,0.1,0.0,0.0,1.0,76.6,1368.6,4.3,909.5,52
4480,7181.0,574.0,359.0,127.0,4.0,5.0,18.0,3,urban,7,2,0.1,0.0,0.0,5.0,60.2,49.6,12.1,616.0,9
3247,27900.0,1026.0,1377.0,112.5,0.0,3.0,21.0,3,urban,6,5,0.1,0.0,0.0,3.0,55.2,175.0,8.7,426.6,45
1782,1520.0,69.0,7.0,163.0,0.0,5.5,8.0,4,urban,2,5,0.1,0.0,0.0,1.5,76.3,330.1,10.3,1280.2,69
4640,5800.0,130.0,37.0,128.0,7.0,4.0,9.0,3,urban,7,2,0.1,0.0,0.0,2.5,77.6,254.6,10.4,1398.8,103
720,51679.0,2067.0,9922.0,37.9,0.0,17.0,21.0,1,small urban,2,2,0.1,0.0,0.0,1.7,81.4,462.0,8.1,1373.9,20
5154,603.0,7.0,5.0,116.7,0.0,10.0,6.0,6,small urban,6,3,0.1,8.0,0.0,2.0,76.1,331.9,10.8,1166.8,75
3824,8200.0,205.0,353.0,72.1,0.0,13.0,10.0,1,urban,2,5,0.1,9.1,0.0,2.0,74.8,41.0,14.4,1427.3,14
690,1700.0,265.0,487.0,112.5,0.0,8.0,12.0,3,rural,6,2,0.2,4.6,0.0,2.5,52.9,278.4,8.1,560.1,62
602,5347.0,315.0,80.0,127.7,0.0,6.0,17.0,5,small urban,2,2,0.2,0.3,0.0,1.0,81.4,462.0,8.1,1373.9,22
1699,41000.0,2074.0,1206.0,51.5,0.0,2.0,8.0,3,urban,6,2,0.1,0.0,0.0,1.5,76.7,0.0,22.6,1227.7,21
4081,20000.0,340.0,260.0,76.0,12.0,8.0,6.0,3,small urban,7,2,0.2,5.0,0.0,2.0,74.1,91.4,14.5,1195.8,19
4693,5900.0,363.0,93.0,97.5,9.0,7.0,14.0,3,rural,7,2,0.2,5.0,0.0,2.5,78.9,489.4,8.6,1569.7,49
2414,26664.0,1960.0,3365.0,129.0,10.0,0.0,12.0,1,rural,3,2,0.0,0.0,0.0,10.0,76.2,315.7,10.5,1319.7,29
1832,638.0,25.0,7.0,118.0,0.0,6.0,6.0,5,rural,2,5,0.1,14.0,0.0,5.5,76.8,377.6,9.5,1302.6,100
4349,21885.0,1313.0,1313.0,138.0,3.1,3.0,15.0,3,urban,7,2,0.2,0.0,0.0,2.5,84.0,148.9,6.9,3145.3,37
318,98432.0,2786.0,5650.0,36.0,0.0,6.0,30.0,1,urban,2,2,0.1,0.0,0.0,2.0,77.4,181.5,11.5,1387.7,61
5046,11522.0,334.0,1870.0,127.7,11.1,12.7,13.7,1,urban,2,2,0.4,0.6,0.2,2.4,74.3,731.9,4.7,651.7,59
1558,35100.0,1064.0,874.0,85.0,0.0,6.0,13.0,3,urban,6,3,0.3,8.0,0.0,4.0,83.5,7.3,10.8,1007.2,36
274,24785.0,1026.0,169.0,212.0,0.0,10.0,14.0,4,urban,2,2,0.2,0.0,0.0,2.0,78.8,44.6,13.3,1281.0,20
4984,275.0,32.0,50.0,121.2,0.0,5.2,13.0,4,rural,2,2,0.1,2.2,0.0,3.6,62.4,872.2,6.2,483.2,37
1361,23400.0,328.0,587.0,94.6,0.0,6.4,16.1,3,rural,6,3,0.5,1.1,0.0,3.9,84.5,13.2,10.1,1428.7,54
2209,14111.0,314.0,109.0,108.0,9.0,8.5,9.0,3,urban,7,3,0.2,3.0,0.0,2.5,76.2,292.1,10.6,1352.2,85
5036,4019.0,175.0,242.0,113.0,0.0,7.2,14.0,3,small urban,2,2,0.5,1.0,0.0,7.2,63.9,646.7,5.7,753.0,76
3288,3900.0,90.0,120.0,209.0,0.0,10.0,6.0,3,urban,2,2,0.1,0.0,0.0,4.0,55.2,175.0,8.7,426.6,12
3620,27102.0,1407.0,2318.0,84.2,9.0,5.5,12.0,2,rural,7,2,0.2,0.2,0.0,1.5,76.0,109.1,13.2,1336.0,72
3604,42500.0,871.0,531.0,107.5,0.0,2.0,8.0,3,urban,6,2,0.0,8.0,0.0,1.5,76.2,0.0,22.1,1129.0,21
3161,53576.0,1752.0,1313.0,61.3,0.0,6.2,11.0,2,urban,6,3,0.1,0.0,0.0,1.8,86.7,10.3,10.0,1629.6,66
945,929.0,22.0,75.0,66.1,0.0,4.0,12.0,3,rural,2,2,0.2,3.2,0.0,8.0,58.8,381.0,9.6,685.1,22
4559,1600.0,276.0,382.0,77.4,0.0,4.0,6.0,3,rural,2,2,0.1,8.0,0.0,2.0,76.8,0.0,22.3,1219.3,34
5589,17681.0,222.0,86.0,84.3,9.0,0.0,24.0,3,urban,3,2,0.0,0.0,0.0,0.0,69.2,1296.4,5.2,666.8,32
295,38882.0,1303.0,949.0,72.5,0.0,4.0,18.0,2,urban,2,2,0.1,12.5,0.0,2.0,77.4,138.2,12.4,1389.2,27
1600,14000.0,1680.0,280.0,107.7,0.0,8.0,6.0,3,urban,2,5,0.3,39.0,0.0,2.0,77.2,2.5,18.8,1379.2,15
2868,2932.0,88.0,294.0,161.0,5.0,7.5,15.0,3,small urban,7,2,0.3,9.0,0.0,2.0,78.8,496.7,8.4,1374.0,125
298,9398.0,337.0,195.0,186.5,6.0,5.0,6.0,3,urban,7,2,0.3,0.0,0.0,2.0,77.6,352.9,9.7,1347.0,101
68,22000.0,670.0,830.0,53.0,0.0,8.0,8.0,1,rural,6,2,0.1,0.0,0.0,2.5,78.3,22.7,16.2,1434.9,35
4240,325.0,13.0,11.0,114.9,0.0,4.0,8.0,4,rural,2,2,0.2,9.2,0.0,2.0,73.1,25.0,15.8,1161.8,48
736,11000.0,325.0,275.0,144.0,5.5,5.5,4.0,3,urban,7,3,0.2,0.0,0.0,2.0,74.9,333.5,11.3,1121.7,100
2985,746.0,22.0,1.0,391.0,0.0,3.0,8.0,5,urban,2,2,0.2,3.0,0.0,1.0,77.2,390.2,9.5,1399.2,84
3023,48266.0,3764.0,6498.0,81.0,0.0,5.0,17.0,1,rural,2,5,0.2,0.0,0.0,11.0,75.9,251.0,11.1,1287.3,27
3403,6900.0,327.0,242.0,205.9,0.0,8.0,6.0,3,small urban,2,5,0.6,20.0,0.0,2.0,73.4,14.6,16.9,1259.3,14
1813,15158.0,662.0,1797.0,51.0,10.0,4.0,20.0,1,rural,7,5,0.2,0.0,0.0,4.0,76.8,377.6,9.5,1302.6,49
3785,728.0,25.0,117.0,93.5,0.0,6.6,8.3,3,rural,2,2,0.1,3.9,0.0,2.2,65.8,747.8,7.9,681.1,75
150,6200.0,290.0,500.0,63.7,0.0,6.5,10.0,2,rural,2,2,0.2,0.0,0.0,0.0,78.5,18.3,16.4,1441.8,15
756,43000.0,866.0,1767.0,152.6,17.5,4.0,6.0,1,urban,7,2,0.1,0.0,0.0,3.0,73.4,1003.1,7.0,1171.6,26
4037,17600.0,1936.0,704.0,143.1,0.0,8.0,6.0,3,small urban,2,5,0.5,4.7,0.0,2.0,75.3,20.9,15.5,1388.6,38
3360,3100.0,77.0,279.0,96.5,0.0,3.0,6.0,4,urban,2,2,0.1,0.0,0.0,4.0,55.2,175.0,8.7,426.6,23
5283,9560.0,160.0,2600.0,97.8,10.0,0.0,12.0,1,small urban,3,3,0.0,0.0,0.0,0.0,68.3,1116.1,5.9,674.0,24
3053,148569.0,4900.0,2859.0,64.0,12.0,0.0,8.0,1,urban,3,2,0.0,0.0,0.0,12.0,77.4,183.7,11.8,1369.8,35
5139,24655.0,1305.0,374.0,141.0,0.0,10.0,6.0,4,urban,6,3,0.1,1.0,0.0,2.0,75.8,280.2,11.5,1194.5,75
4810,5000.0,144.0,58.0,130.0,0.0,10.0,18.0,4,urban,6,5,0.2,26.0,0.0,2.5,77.6,254.6,10.4,1398.8,63
376,112516.0,2993.0,4838.0,55.5,9.0,4.0,12.0,1,urban,7,2,0.1,0.0,0.0,2.0,77.4,183.7,11.8,1369.8,61
3279,3000.0,105.0,262.0,85.0,0.0,4.0,12.0,6,small urban,2,2,0.0,0.0,0.0,2.8,52.6,323.4,8.4,409.8,26
859,2864.0,180.0,89.0,98.9,0.0,10.0,22.0,5,rural,6,2,0.2,1.9,0.0,1.0,81.3,761.1,6.7,1428.5,21
2031,8907.0,423.0,99.0,55.0,0.0,9.0,8.0,3,urban,2,2,0.1,0.0,0.0,2.0,77.6,459.1,8.7,1412.2,85
3761,34300.0,700.0,3523.0,145.5,12.0,0.0,10.0,1,urban,3,5,0.0,6.5,0.0,2.0,77.1,9.5,17.4,1306.2,21
5259,11435.0,250.0,2480.0,62.6,12.0,0.0,2.0,1,rural,3,3,0.0,0.0,0.0,4.0,69.2,1296.4,5.2,666.8,11
378,85023.0,2262.0,3656.0,80.2,0.0,8.0,12.0,1,urban,2,2,0.2,1.0,0.0,2.0,77.4,183.7,11.8,1369.8,14
4352,14638.0,1172.0,340.0,84.3,0.0,6.0,24.0,5,rural,6,3,0.2,0.0,0.0,6.0,84.0,148.9,6.9,3145.3,25
1294,6300.0,252.0,151.0,211.0,0.0,4.0,12.0,5,urban,2,2,0.2,0.0,0.0,0.0,72.0,1072.3,6.4,848.6,22
1945,21102.0,1231.0,66.0,157.0,0.0,5.0,10.0,3,urban,2,2,0.2,5.0,0.0,1.0,77.4,183.7,11.8,1369.8,72
1432,5770.0,320.0,910.0,76.6,10.0,0.0,4.0,2,rural,3,3,0.0,2.2,0.0,0.0,73.8,179.2,13.2,1042.2,16
3207,17000.0,399.0,535.0,113.0,0.0,4.0,13.0,4,urban,2,2,0.2,0.0,0.0,6.2,57.1,226.3,8.0,716.8,35
5102,5497.0,160.0,48.0,195.0,0.0,3.3,12.0,4,small urban,2,2,0.2,0.0,0.0,1.5,73.8,798.8,4.8,709.3,72
2746,47559.0,2699.0,5928.0,96.0,10.0,4.5,16.0,1,urban,7,3,0.1,0.0,0.0,4.5,77.6,352.9,9.7,1347.0,67
1747,1000.0,85.0,1.0,345.0,0.0,3.5,12.0,6,urban,6,2,0.3,18.0,0.0,1.5,78.2,130.1,11.5,1379.0,75
3014,65708.0,2557.0,5998.0,51.0,10.0,5.0,16.0,1,urban,7,2,0.1,0.0,0.0,15.0,75.9,251.0,11.1,1287.3,67
5791,3864.0,189.0,599.0,147.0,0.0,6.0,10.0,3,small urban,6,2,0.1,0.0,0.0,1.5,51.8,13.1,17.6,432.4,51
3309,4534.0,85.0,23.0,144.2,6.5,8.5,7.0,4,urban,7,3,0.2,8.4,0.0,3.0,76.4,164.6,12.2,1390.6,95
841,20653.0,746.0,537.0,56.0,0.0,10.4,5.0,3,rural,6,2,0.2,0.0,0.0,1.8,87.6,4.0,10.0,1914.9,57
2845,23739.0,1036.0,6211.0,55.0,0.0,10.0,20.0,1,rural,2,3,0.2,2.0,0.0,2.5,79.0,516.1,8.1,1394.0,39
1189,3652.0,129.0,217.0,135.0,0.0,4.0,11.0,3,small urban,2,2,0.2,0.0,0.0,0.0,69.3,850.9,7.8,857.5,17
175,5500.0,310.0,290.0,82.0,0.0,5.5,8.0,2,rural,2,2,0.4,0.0,0.0,0.0,78.5,6.1,17.4,1464.5,20
2377,48394.0,1436.0,13819.0,48.5,10.0,4.0,16.0,1,urban,7,3,0.2,0.0,0.0,2.0,76.2,292.1,10.6,1352.2,63
927,2808.0,143.0,42.0,91.7,0.0,6.0,22.0,4,rural,6,2,0.2,1.3,0.0,1.5,84.1,1442.7,3.1,1231.3,31
3039,5370.0,342.0,34.0,133.0,0.0,6.5,4.0,4,urban,2,2,0.1,0.0,0.0,3.0,75.9,251.0,11.1,1287.3,101
45,21074.0,239.0,1666.0,112.5,0.0,5.5,24.0,2,rural,2,2,0.1,33.2,0.0,0.0,76.9,536.8,8.4,1077.2,8
1260,2500.0,412.0,586.0,109.2,0.0,6.0,17.5,3,rural,6,2,0.2,2.5,0.0,2.8,81.2,3.8,10.5,1222.3,59
1096,33175.0,1324.0,650.0,118.0,0.0,7.0,14.6,2,small urban,6,3,0.2,0.0,0.0,1.8,84.0,148.9,6.9,3145.3,61
3829,22600.0,565.0,972.0,96.0,12.0,13.0,10.0,1,urban,7,5,0.1,17.0,0.0,2.0,74.8,41.0,14.4,1427.3,23
5500,17720.0,958.0,195.0,60.0,0.0,2.0,25.0,3,small urban,6,2,0.2,33.0,0.0,1.0,80.2,695.0,7.0,1299.6,60
4207,17200.0,1131.0,2531.0,116.2,12.7,0.0,1.9,1,urban,3,5,0.0,0.0,0.1,0.0,78.6,3.5,19.2,1268.1,33
4925,26707.0,697.0,167.0,65.0,0.0,8.1,17.0,3,urban,2,2,0.2,3.0,0.0,8.1,74.3,731.9,4.7,651.7,56
4154,1450.0,24.0,3.0,187.0,0.0,6.0,4.5,5,urban,2,5,0.5,3.0,0.0,2.0,73.8,27.5,15.5,1206.3,58
1030,1754.0,31.0,80.0,48.4,9.0,5.0,3.0,3,rural,7,2,0.1,0.0,0.0,5.0,68.7,963.4,7.2,822.1,70
5198,1900.0,47.0,11.0,218.0,0.0,10.0,6.0,5,urban,6,3,0.2,7.0,0.0,2.0,75.8,280.2,11.5,1194.5,75
300,10391.0,373.0,216.0,109.3,6.0,3.0,6.0,3,urban,7,2,0.1,7.0,0.0,3.0,77.6,352.9,9.7,1347.0,101
3479,6633.0,282.0,94.0,114.5,0.0,3.0,2.0,5,urban,6,2,0.2,0.5,0.0,2.0,59.1,62.4,12.3,438.0,21
1472,3340.0,160.0,410.0,91.5,0.0,5.0,3.0,2,rural,6,5,0.4,1.6,0.0,2.0,70.0,323.5,11.6,933.7,91
283,3437.0,198.0,141.0,65.0,8.0,3.0,6.0,3,rural,7,2,0.1,8.0,0.0,2.0,77.2,144.1,12.5,1372.0,27
5471,4878.0,144.0,448.0,81.2,0.0,7.0,4.0,3,rural,2,5,0.3,12.7,0.0,1.4,75.5,66.6,14.2,1246.1,35
2313,28084.0,1031.0,7639.0,102.0,10.0,3.5,25.0,1,rural,7,5,0.2,0.0,0.0,3.5,78.1,387.4,9.0,1321.0,66
4829,60500.0,3304.0,2854.0,44.0,0.0,11.0,18.0,1,urban,6,5,0.1,0.0,0.0,3.5,78.2,216.0,10.4,1435.3,67
3126,16000.0,367.0,493.0,51.3,0.0,4.0,22.0,4,urban,6,5,0.1,0.0,0.0,4.0,55.2,175.0,8.7,426.6,66
3080,30932.0,2215.0,1958.0,63.2,0.0,14.0,6.0,2,small urban,6,2,0.2,0.0,0.0,1.5,75.5,224.4,11.6,1318.4,40
3897,1996.0,240.0,300.0,175.4,0.0,3.4,4.0,4,urban,2,2,0.1,7.8,0.0,3.0,67.5,287.7,8.0,487.5,9
1803,15483.0,613.0,4494.0,77.5,0.0,6.0,15.0,1,rural,2,2,0.2,0.0,0.0,1.5,76.8,377.6,9.5,1302.6,70
4557,3200.0,833.0,261.0,266.0,0.0,2.0,8.0,5,urban,2,3,0.2,19.0,0.0,1.0,76.8,0.0,22.3,1219.3,27
5386,9267.0,228.0,1948.0,75.1,0.0,9.2,5.1,1,rural,2,5,0.2,4.6,0.0,1.7,77.0,284.0,10.0,1343.7,15
4418,60000.0,2901.0,1359.0,73.0,0.0,4.0,12.0,3,urban,6,2,0.2,8.0,0.0,3.0,76.4,0.0,22.1,1216.0,41
1957,5092.0,302.0,207.0,111.0,8.0,6.0,8.0,3,small urban,7,3,0.3,8.5,0.0,3.0,77.6,395.4,9.5,1362.7,103
2124,22402.0,812.0,12048.0,73.0,10.0,4.5,28.0,1,rural,7,5,0.1,0.0,0.0,4.5,78.0,463.2,8.7,1363.9,58
4011,720.0,120.0,23.0,121.0,0.0,5.0,8.0,3,rural,6,2,0.1,0.0,0.0,3.0,69.7,363.8,6.6,720.7,70
5757,6210.0,230.0,720.0,48.3,0.0,12.0,15.0,3,rural,2,2,0.1,0.6,0.0,6.0,65.8,1015.3,6.0,539.9,20
3296,1453.0,125.0,28.0,178.5,0.0,4.5,9.0,5,urban,2,2,0.2,0.0,0.0,3.4,67.1,221.8,8.2,704.9,37
5630,1771.0,45.0,90.0,160.3,0.0,3.0,6.0,3,rural,6,3,0.3,1.7,0.0,1.3,76.1,245.1,11.8,1292.4,95
4609,15300.0,889.0,291.0,215.0,8.0,5.0,11.0,3,urban,7,2,0.1,13.0,0.0,2.5,78.2,130.1,11.5,1379.0,52
2022,19728.0,1262.0,7176.0,41.5,0.0,3.5,33.0,1,rural,2,5,0.1,3.5,0.0,4.0,78.2,402.4,9.1,1451.5,36
5281,8060.0,420.0,1820.0,69.0,11.0,0.0,8.0,1,small urban,3,2,0.0,0.0,0.0,0.0,67.2,1075.7,6.0,622.1,32
257,32424.0,1119.0,383.0,191.2,6.0,4.0,6.0,3,urban,7,2,0.2,16.6,0.0,2.0,77.4,181.5,11.5,1387.7,98
507,66600.0,2697.0,9604.0,84.0,8.0,10.0,4.0,1,urban,7,2,0.4,0.0,0.0,8.0,84.3,5.4,10.7,1294.0,80
3125,3200.0,54.0,32.0,280.7,0.0,3.0,13.0,6,urban,2,2,0.2,10.0,0.0,4.0,34.9,3.2,16.2,250.8,21
99,42000.0,610.0,980.0,76.0,11.0,0.0,11.0,1,urban,3,3,0.0,0.0,0.0,0.0,74.2,49.8,14.6,1219.1,18
2758,28527.0,1365.0,9775.0,46.3,0.0,4.0,40.0,1,rural,2,5,0.1,0.0,0.0,1.5,76.2,296.0,10.5,1308.9,23
744,24024.0,1093.0,3128.0,118.3,11.5,0.0,8.0,1,small urban,3,2,0.0,0.0,0.0,3.5,74.8,897.9,7.3,1042.5,15
1870,39636.0,3116.0,3642.0,115.5,10.0,4.5,19.0,2,urban,7,5,0.2,1.0,0.0,4.5,77.2,299.4,10.4,1358.6,59
5367,14002.0,6837.0,780.0,72.9,0.0,15.0,10.8,1,rural,6,3,0.1,3.0,0.0,3.7,52.8,337.1,8.2,623.9,62
1375,240.0,36.0,47.0,144.9,0.0,3.5,14.0,3,rural,6,2,0.3,0.8,0.0,2.0,56.8,162.7,8.7,418.2,50
4541,4600.0,492.0,681.0,56.8,0.0,2.0,6.0,3,rural,2,2,0.1,1.0,0.0,0.0,77.4,0.0,23.1,1332.6,20
2559,11511.0,202.0,28.0,94.0,0.0,6.0,15.0,3,urban,2,2,0.3,0.0,0.0,2.0,77.3,280.3,10.6,1358.9,63
2977,31700.0,2976.0,5951.0,87.0,0.0,10.5,18.0,1,urban,2,2,0.2,4.0,0.0,2.0,77.2,390.2,9.5,1399.2,69
1157,400.0,68.0,43.0,86.2,0.0,4.5,20.0,3,rural,6,2,0.2,0.1,0.0,2.0,64.6,313.6,6.6,587.8,57
4217,10713.0,656.0,410.0,236.0,5.0,0.5,12.0,3,small urban,7,2,0.5,8.0,0.0,2.0,86.6,505.9,3.8,2643.0,27
2694,27649.0,1341.0,11107.0,42.0,13.0,6.0,23.0,1,rural,7,5,0.2,0.0,0.0,6.0,78.1,451.6,8.9,1382.0,26
4741,128900.0,776.0,3090.0,46.5,9.0,4.0,9.0,1,urban,7,2,0.1,0.0,0.0,4.5,78.2,130.1,11.5,1379.0,63
1437,2800.0,167.0,28.0,176.0,0.0,4.0,5.0,5,urban,2,2,0.3,1.0,0.0,2.0,77.6,254.6,10.4,1398.8,16
366,74093.0,2075.0,3764.0,65.8,0.0,8.0,22.0,1,urban,2,2,0.1,7.2,0.0,2.0,77.5,309.4,10.2,1470.4,54
2099,10590.0,910.0,38.0,171.0,0.0,8.0,10.0,4,rural,2,2,0.2,23.0,0.0,1.5,76.5,209.7,11.6,1454.3,63
3149,1146.0,104.0,104.0,109.8,0.0,6.4,6.0,3,rural,6,2,0.1,0.0,0.0,1.8,85.1,0.8,10.3,2452.7,78
1934,12067.0,315.0,47.0,123.0,10.0,4.5,10.0,4,urban,7,3,0.1,4.0,0.0,1.5,77.4,183.7,11.8,1369.8,91
4487,978.0,352.0,23.0,216.0,0.0,3.0,6.0,5,urban,2,2,0.3,25.0,0.0,3.0,60.2,49.6,12.1,616.0,8
3353,260.0,4.0,3.0,173.0,0.0,4.0,13.0,6,small urban,2,2,0.1,0.0,0.0,4.0,34.9,3.2,16.2,250.8,20
949,697.0,27.0,134.0,88.6,0.0,4.7,9.1,3,rural,2,2,0.2,3.8,0.0,2.7,67.2,646.1,8.9,852.4,76
3699,3238.0,280.0,45.0,200.5,0.0,4.5,6.0,5,urban,2,2,0.1,1.0,0.0,2.0,80.8,20.2,10.5,1335.9,65
19,11469.0,171.0,113.0,116.2,0.0,6.0,5.0,4,urban,2,2,0.1,20.6,0.0,3.0,78.8,295.2,9.0,1060.7,70
229,87130.0,3093.0,1124.0,74.0,10.0,7.0,10.0,2,urban,7,2,0.1,2.0,0.0,2.0,77.5,309.4,10.2,1470.4,95
3992,11417.0,180.0,40.0,211.0,6.0,7.0,12.0,3,urban,7,5,0.1,8.0,0.0,2.0,78.2,216.0,10.4,1435.3,26
668,9900.0,365.0,3990.0,59.2,0.0,11.0,29.0,1,rural,6,2,0.3,0.1,0.0,6.0,64.8,393.4,6.7,468.4,63
218,33000.0,1240.0,340.0,123.0,13.0,0.0,11.0,2,urban,3,3,0.0,0.0,0.0,0.0,76.1,28.6,15.6,1328.6,18
4840,24000.0,650.0,2130.0,96.0,0.0,17.0,24.0,1,urban,6,5,0.2,6.0,0.0,3.5,77.9,386.5,9.3,1426.3,57
3758,12654.0,634.0,180.0,67.7,0.0,8.0,18.0,3,urban,6,3,0.3,1.3,0.0,2.0,75.5,224.4,11.6,1318.4,64
4591,9300.0,407.0,127.0,95.0,0.0,10.0,18.0,4,urban,6,5,0.1,1.0,0.0,2.5,78.2,216.0,10.4,1435.3,45
3807,48040.0,1171.0,798.0,153.4,0.0,9.0,6.0,3,small urban,6,2,0.3,7.0,0.0,20.0,77.6,43.7,14.3,1302.9,13
4238,3470.0,82.0,68.0,201.6,0.0,6.0,4.5,4,small urban,2,5,0.3,12.7,0.0,2.0,73.1,25.0,15.8,1161.8,16
585,11149.0,569.0,836.0,186.7,0.0,6.0,17.0,3,rural,6,2,0.3,9.5,0.0,1.0,80.9,756.2,6.8,1362.0,19
2998,50928.0,3602.0,8451.0,63.5,10.0,4.0,16.0,1,rural,7,5,0.2,26.0,0.0,2.0,75.9,251.0,11.1,1287.3,67
4939,3779.0,148.0,316.0,63.4,0.0,4.5,19.4,3,rural,2,2,0.2,0.8,0.0,2.0,69.8,873.3,4.1,695.4,19
5330,426.0,51.0,21.0,119.4,0.0,2.0,12.0,5,rural,6,2,0.1,0.7,0.0,2.0,54.3,597.0,6.3,398.0,52
4157,18600.0,517.0,1628.0,101.2,0.0,8.0,6.0,3,urban,2,5,0.3,4.5,0.0,2.0,73.3,10.8,17.4,1213.1,52
777,1300.0,276.0,127.0,74.0,0.0,6.0,12.0,3,rural,6,3,0.2,0.0,0.0,2.0,69.0,428.0,6.0,611.9,44
5061,15549.0,697.0,2186.0,67.8,0.0,7.3,17.4,1,rural,2,2,0.4,0.4,0.0,1.8,56.8,385.2,8.6,549.9,58
1018,1390.0,56.0,162.0,79.1,6.8,0.0,6.0,3,rural,3,2,0.0,1.2,0.0,4.5,68.9,1054.1,6.8,770.5,22
1606,10098.0,537.0,335.0,88.0,3.0,3.0,4.0,3,urban,7,3,0.1,10.0,0.0,2.0,73.9,506.2,10.1,1061.3,75
3833,53106.0,1357.0,6571.0,68.2,12.0,13.0,10.0,1,urban,7,5,0.1,1.6,0.0,2.0,74.8,41.0,14.4,1427.3,30
2986,9255.0,280.0,27.0,116.0,0.0,7.5,7.0,5,urban,2,2,0.2,0.0,0.0,2.0,77.2,390.2,9.5,1399.2,59
1491,2104.0,240.0,145.0,135.0,5.2,5.2,4.0,4,rural,7,3,0.2,0.0,0.0,2.0,73.7,245.5,12.5,1221.6,93
1756,2310.0,125.0,280.0,110.0,0.0,11.0,9.5,5,rural,6,5,0.3,14.0,0.0,1.5,59.2,179.2,12.8,610.9,16
4941,553.0,9.0,20.0,116.8,0.0,3.5,23.0,4,rural,2,2,0.1,0.4,0.0,3.0,73.2,887.3,3.5,710.8,15
4725,67900.0,3567.0,2674.0,129.0,9.0,2.0,9.0,2,urban,7,2,0.2,0.0,0.0,3.0,77.6,254.6,10.4,1398.8,50
2910,28250.0,1834.0,4857.0,85.0,9.0,3.5,15.0,1,urban,7,3,0.0,0.0,0.0,4.0,76.2,315.7,10.5,1319.7,76
4335,131817.0,3400.0,4000.0,63.0,8.0,5.5,18.0,1,urban,7,5,0.2,1.3,0.0,2.0,77.8,278.3,10.0,1321.7,23
3012,65708.0,2557.0,5998.0,81.0,10.0,4.5,16.0,1,urban,7,3,0.2,7.3,0.0,2.5,75.9,251.0,11.1,1287.3,67
1593,28500.0,793.0,461.0,48.0,0.0,17.0,13.0,3,urban,6,3,0.0,0.0,0.0,4.5,76.7,0.0,21.9,1094.6,22
517,22464.0,202.0,225.0,298.0,0.0,8.0,23.0,4,small urban,2,2,0.5,3.0,0.0,1.2,81.2,846.6,6.4,1370.8,16
2018,19728.0,1262.0,7176.0,197.0,0.0,3.5,33.0,1,rural,2,5,0.1,10.0,0.0,4.0,78.2,402.4,9.1,1451.5,36
5456,18521.0,397.0,249.0,77.5,0.0,11.0,4.8,3,small urban,2,5,0.1,14.0,0.0,2.0,,,,,14
2549,19616.0,1328.0,339.0,83.0,0.0,3.5,24.0,3,urban,2,5,0.1,1.0,0.0,1.5,77.3,280.3,10.6,1358.9,54
5474,14927.0,368.0,1520.0,88.0,0.0,10.0,5.0,4,urban,2,5,0.2,0.0,0.0,1.5,73.8,195.1,11.8,1269.6,29
217,33000.0,1240.0,340.0,129.0,13.0,0.0,11.0,2,urban,3,3,0.0,0.0,0.0,0.0,76.1,28.6,15.6,1328.6,18
3689,55000.0,1124.0,2559.0,40.7,0.0,7.0,9.0,1,rural,6,3,0.1,0.0,0.0,1.0,34.9,3.2,16.2,250.8,32
4299,2548.0,160.0,110.0,69.2,0.0,12.5,10.0,4,rural,6,5,0.1,0.0,0.0,2.0,78.2,216.0,10.4,1435.3,11
360,31495.0,1105.0,517.0,167.5,8.0,8.0,12.0,3,urban,7,2,0.1,0.0,0.0,3.0,77.4,183.7,11.8,1369.8,83
4631,22500.0,433.0,373.0,51.0,9.0,3.0,9.0,2,small urban,7,2,0.1,0.0,0.0,3.5,78.9,489.4,8.6,1569.7,59
3116,89500.0,4026.0,5372.0,63.6,0.0,20.0,17.0,1,urban,6,3,0.2,8.0,0.0,3.5,76.7,0.0,22.3,1087.2,15
2809,25033.0,1637.0,7436.0,125.0,0.0,5.5,26.0,1,rural,2,5,0.3,33.7,0.0,4.5,77.2,299.4,10.4,1358.6,35
1052,93382.0,6313.0,3054.0,68.0,0.0,10.5,4.0,1,urban,6,2,0.2,2.0,0.0,2.0,75.0,135.7,12.8,1354.6,37
5299,19139.0,976.0,4919.0,35.7,0.0,7.5,12.0,1,small urban,2,2,0.0,0.0,0.0,3.0,44.3,4.5,19.5,329.1,73
759,18879.0,504.0,3241.0,87.8,9.0,7.5,12.9,1,small urban,7,2,0.2,0.0,0.0,4.5,71.0,1148.6,6.0,795.7,58
4510,22268.0,1130.0,123.0,253.0,0.0,6.0,6.0,3,urban,2,2,0.6,5.0,0.0,2.0,79.3,351.1,5.4,1016.7,37
4486,978.0,25.0,67.0,149.8,0.0,3.6,8.0,5,urban,2,2,0.2,0.2,0.0,1.0,60.2,49.6,12.1,616.0,41
1426,1800.0,125.0,50.0,117.8,5.5,5.5,4.0,5,rural,7,3,0.1,57.0,0.0,2.0,74.8,425.2,10.5,1059.4,70
3780,1689.0,30.0,132.0,77.0,0.0,4.0,14.0,3,rural,2,2,0.2,7.8,0.0,4.0,60.1,448.5,8.8,616.6,22
3939,11100.0,922.0,969.0,80.7,0.0,6.0,8.0,3,rural,2,2,0.4,2.2,0.0,2.0,73.2,15.3,16.8,1213.2,48
214,19000.0,640.0,200.0,90.0,0.0,7.0,10.0,4,urban,2,2,0.1,15.0,0.0,1.5,73.6,37.4,14.9,1257.3,56
1614,25400.0,970.0,391.0,106.0,0.0,10.0,8.0,4,rural,6,2,0.2,1.0,0.0,2.0,81.0,24.7,9.6,2317.6,76
4803,13200.0,675.0,247.0,100.0,9.0,6.0,13.0,4,urban,7,2,0.1,0.0,0.0,2.5,77.8,330.7,9.9,1303.1,44
3614,15553.0,333.0,149.0,114.0,0.0,7.1,7.0,4,urban,6,2,0.2,3.0,0.0,1.4,82.4,9.5,10.6,888.4,93
1773,83198.0,3508.0,2275.0,77.0,10.0,4.5,24.0,1,urban,7,5,0.2,0.5,0.0,4.5,76.3,330.1,10.3,1280.2,75
4516,2206.0,889.0,15.0,188.0,0.0,3.4,12.0,4,rural,2,2,0.1,1.5,0.0,1.0,79.3,351.1,5.4,1016.7,37
4196,62400.0,6477.0,17440.0,163.2,10.3,0.0,3.8,1,small urban,3,5,0.0,0.0,0.2,0.0,79.3,1.4,20.3,1148.6,52
2892,34156.0,2713.0,8594.0,72.0,10.0,6.5,16.0,1,rural,7,3,0.2,0.0,0.0,2.0,76.2,315.7,10.5,1319.7,62
3473,7567.0,354.0,177.0,98.0,0.0,3.0,6.0,4,urban,6,2,0.2,0.0,0.0,3.0,59.1,62.4,12.3,438.0,15
196,38000.0,1800.0,3490.0,45.5,0.0,13.0,8.0,2,small urban,2,2,0.1,0.0,0.0,5.0,73.6,37.4,14.9,1257.3,35
4857,4723.0,104.0,241.0,108.5,0.0,6.0,12.0,3,small urban,2,2,0.2,9.5,0.0,1.5,44.3,4.5,19.5,329.1,73
2333,39975.0,1732.0,8114.0,135.0,0.0,12.0,9.0,1,rural,2,2,0.2,1.0,0.0,18.0,78.1,387.4,9.0,1321.0,38
1512,14302.0,841.0,322.0,54.3,0.0,12.5,15.0,3,urban,6,2,0.1,0.7,0.0,3.5,75.9,199.1,11.8,1340.9,60
3770,4500.0,321.0,49.0,256.8,0.0,8.0,6.0,3,urban,2,5,0.3,8.0,0.0,2.0,77.1,9.5,17.4,1306.2,37
4538,35000.0,580.0,400.0,57.5,0.0,2.0,8.0,2,urban,2,2,0.0,0.0,0.0,0.0,73.1,0.0,25.3,1154.8,21
1056,155126.0,10456.0,5182.0,80.3,9.0,4.0,15.0,1,urban,7,2,0.2,7.3,0.0,2.0,75.0,135.7,12.8,1354.6,58
2304,20828.0,5174.0,450.0,50.0,10.0,3.5,25.0,1,rural,7,5,0.2,0.0,0.0,3.5,78.1,387.4,9.0,1321.0,66
887,8100.0,461.0,306.0,63.3,0.0,10.0,10.0,3,rural,6,2,0.3,2.7,0.0,3.0,85.8,1.7,10.6,1670.2,65
2170,438.0,30.0,10.0,127.7,0.0,6.5,6.0,4,rural,2,2,0.0,0.0,0.0,2.0,77.3,415.3,9.1,1356.6,95
3960,25400.0,838.0,3124.0,54.4,10.0,0.0,16.0,1,rural,3,2,0.0,0.0,0.0,4.0,73.7,16.7,16.4,1170.0,28
3285,19000.0,315.0,185.0,106.0,0.0,4.8,13.0,6,urban,2,2,0.0,0.0,0.0,4.0,34.9,3.2,16.2,250.8,34
568,12500.0,686.0,4348.0,49.7,0.0,11.5,9.0,1,rural,6,2,0.1,0.0,0.0,2.0,70.0,77.6,9.9,442.0,59
4526,1661.0,534.0,27.0,255.5,0.0,2.9,12.0,5,small urban,2,2,0.2,4.5,0.0,1.0,79.3,351.1,5.4,1016.7,37
3386,2800.0,221.0,377.0,58.9,0.0,10.0,6.0,3,rural,6,5,0.1,0.0,0.0,4.5,40.3,105.2,10.7,243.9,28
5774,19650.0,346.0,126.0,87.0,10.0,0.0,12.0,3,small urban,3,2,0.0,0.0,0.0,0.0,67.2,1075.7,6.0,622.1,18
1951,485.0,32.0,2.0,270.5,0.0,4.0,2.0,5,rural,2,5,0.2,20.0,0.0,3.0,77.4,183.7,11.8,1369.8,31
139,16000.0,550.0,930.0,45.0,0.0,8.1,8.0,1,urban,2,2,0.3,1.6,0.0,0.0,76.6,28.5,15.8,1382.6,20
2877,32510.0,3552.0,10038.0,62.0,13.0,5.0,21.0,1,rural,7,3,0.2,0.0,0.0,4.5,76.2,315.7,10.5,1319.7,36
2133,26441.0,945.0,9643.0,59.0,10.0,4.5,28.0,1,rural,7,5,0.2,0.0,0.0,4.5,78.0,463.2,8.7,1363.9,58
2890,34156.0,2713.0,8594.0,77.0,10.0,6.5,16.0,1,rural,7,3,0.2,0.0,0.0,2.0,76.2,315.7,10.5,1319.7,62
1149,440.0,103.0,82.0,82.0,0.0,7.5,14.0,3,rural,6,2,0.1,0.0,0.0,6.0,69.5,327.8,6.2,1159.2,64
2264,83708.0,5440.0,4394.0,70.0,0.0,3.5,17.0,1,urban,2,5,0.2,4.0,0.0,1.5,76.5,209.7,11.6,1454.3,34
2732,23856.0,1261.0,6895.0,76.5,10.0,4.0,19.0,1,rural,7,3,0.1,1.0,0.0,4.0,77.6,352.9,9.7,1347.0,60
2647,16098.0,1074.0,3816.0,55.0,10.0,4.5,11.0,1,rural,7,2,0.2,4.0,0.0,2.5,78.1,520.3,8.1,1384.8,52
463,394.0,64.0,53.0,261.2,0.0,6.0,16.0,5,rural,6,2,0.3,14.9,0.0,1.5,83.2,1072.5,4.8,1527.0,37
5322,35646.0,527.0,261.0,176.0,7.0,0.0,5.0,3,urban,3,2,0.0,0.0,0.2,0.0,69.0,1122.7,6.1,696.1,15
5754,13253.0,355.0,335.0,98.7,0.0,8.0,11.0,3,small urban,2,2,0.4,3.8,0.0,1.5,64.0,994.6,6.0,503.4,69
4819,4100.0,52.0,81.0,105.0,0.0,13.0,21.0,4,small urban,6,5,0.1,2.0,0.0,2.5,77.9,386.5,9.3,1426.3,52
594,1000.0,40.0,185.0,90.9,0.0,7.0,6.0,4,rural,6,5,0.1,2.1,0.0,1.5,73.2,212.6,12.8,1078.5,63
2873,34571.0,124.0,1950.0,62.0,13.0,5.0,21.0,1,rural,7,3,0.2,0.0,0.0,4.5,76.2,315.7,10.5,1319.7,36
4993,534.0,14.0,19.0,99.2,0.0,3.5,12.0,4,rural,2,2,0.1,3.0,0.0,3.0,72.0,1111.6,2.3,728.9,64
450,11531.0,415.0,946.0,127.0,0.0,8.0,20.0,3,rural,6,2,0.4,6.0,0.0,1.0,81.2,622.0,7.4,1444.6,34
3322,52000.0,1629.0,763.0,79.0,0.0,2.0,8.0,3,urban,6,2,0.2,8.0,0.0,1.5,77.8,0.0,23.3,1122.2,18
4384,341.0,16.0,0.0,210.5,0.0,4.0,6.0,5,urban,2,2,0.1,2.0,0.0,2.0,69.7,269.2,8.3,666.7,20
518,10799.0,378.0,205.0,90.0,0.0,6.0,22.0,4,small urban,6,2,0.3,1.0,0.0,1.5,81.2,846.6,6.4,1370.8,29
4434,10793.0,380.0,95.0,173.5,0.0,3.4,2.0,4,urban,6,2,0.2,13.0,0.0,2.0,86.7,10.3,10.0,1629.6,37
1780,5522.0,103.0,340.0,131.7,10.0,4.5,18.0,2,urban,7,5,0.1,2.7,0.0,4.5,76.3,330.1,10.3,1280.2,56
2627,7987.0,287.0,32.0,125.0,0.0,6.0,5.0,5,urban,2,2,0.0,4.0,0.0,2.0,77.7,393.9,9.3,1382.1,60
1831,13222.0,958.0,1262.0,49.0,10.0,5.5,20.0,2,rural,7,5,0.1,0.0,0.0,5.5,76.8,377.6,9.5,1302.6,54
5573,1280.0,58.0,500.0,80.7,7.0,0.0,8.0,5,rural,3,2,0.0,0.0,0.0,0.0,69.9,1237.6,5.7,720.5,14
3570,54981.0,2288.0,644.0,58.5,0.0,10.0,12.0,2,urban,6,2,0.2,12.0,0.0,2.0,75.0,135.7,12.8,1354.6,62
1174,6370.0,175.0,440.0,146.0,0.0,15.5,13.5,3,small urban,6,5,0.1,8.0,0.0,2.0,58.5,119.2,13.8,593.2,73
2240,53383.0,1958.0,4075.0,175.0,12.0,0.0,10.0,2,urban,3,2,0.0,0.0,0.0,12.0,76.2,292.1,10.6,1352.2,29
451,10761.0,441.0,936.0,124.0,0.0,8.0,20.0,3,rural,6,2,0.4,16.5,0.0,1.0,81.2,622.0,7.4,1444.6,25
4870,7832.0,201.0,171.0,74.7,0.0,4.7,16.1,3,rural,2,2,0.2,0.0,0.0,2.4,73.8,798.8,4.8,709.3,21
2787,25726.0,991.0,6090.0,135.0,0.0,6.5,25.0,1,rural,2,5,0.2,49.0,0.0,2.0,77.2,299.4,10.4,1358.6,56
3950,5134.0,406.0,5.0,202.0,0.0,12.0,3.0,3,urban,6,2,0.1,0.0,0.0,2.0,59.6,60.5,12.1,451.3,37
4684,8300.0,371.0,116.0,183.0,0.0,10.0,17.0,4,small urban,6,5,0.2,5.0,0.0,3.0,77.9,386.5,9.3,1426.3,61
1578,25442.0,548.0,128.0,56.5,0.0,7.0,12.0,3,urban,6,2,0.2,8.0,0.0,1.5,75.2,91.8,13.5,1268.5,53
3866,19000.0,380.0,76.0,160.0,12.0,8.0,6.0,3,urban,7,2,0.4,19.0,0.0,2.0,74.4,39.5,16.2,1342.6,22
1615,46500.0,1435.0,4517.0,37.2,0.0,14.0,11.0,1,rural,6,3,0.0,0.0,0.0,3.0,76.7,0.0,21.9,1094.6,17
4198,58400.0,6061.0,16322.0,197.5,10.0,0.0,4.0,1,rural,3,5,0.0,0.0,0.1,0.0,79.3,1.4,20.3,1148.6,52
3653,41032.0,2668.0,632.0,72.8,0.0,12.0,12.0,3,rural,6,2,0.3,6.4,0.0,1.5,75.2,91.8,13.5,1268.5,63
3211,4000.0,209.0,38.0,351.0,0.0,5.0,7.0,4,urban,6,2,0.5,15.0,0.0,2.0,77.6,254.6,10.4,1398.8,50
1263,2580.0,88.0,250.0,63.0,0.0,7.0,13.0,2,rural,2,2,0.1,0.0,0.0,2.5,66.3,652.0,8.9,774.5,22
5430,95968.0,1035.0,802.0,81.0,0.0,10.9,6.0,2,urban,2,5,0.1,1.0,0.0,1.8,75.0,72.5,14.2,1234.5,17
999,33000.0,578.0,730.0,173.0,8.5,5.0,5.0,2,urban,7,2,0.4,0.0,0.0,5.0,72.6,855.2,7.7,1008.6,47
3513,1700.0,38.0,52.0,227.0,0.0,6.0,6.0,6,urban,2,2,0.1,0.0,0.0,4.0,55.2,175.0,8.7,426.6,18
5106,349.0,10.0,14.0,68.0,0.0,6.0,12.0,5,rural,2,2,0.1,0.3,0.0,6.0,76.8,722.0,4.4,1027.7,50
4098,27600.0,1581.0,3257.0,181.0,0.0,6.0,4.5,4,urban,2,5,0.3,10.5,0.0,2.0,73.6,10.7,17.2,1224.0,30
1476,9002.0,522.0,162.0,158.0,0.0,6.0,17.0,4,urban,6,2,0.2,2.0,0.0,1.5,80.9,756.2,6.8,1362.0,45
192,15000.0,630.0,960.0,67.0,0.0,5.5,15.0,3,urban,2,3,0.3,20.0,0.0,2.5,76.6,28.5,15.8,1382.6,37
4535,58000.0,3712.0,1740.0,113.3,0.0,3.0,10.0,3,urban,2,2,0.1,8.0,0.0,0.0,73.1,0.0,25.3,1154.8,19
5219,13453.0,313.0,387.0,145.0,0.0,10.0,6.0,4,urban,6,3,0.1,1.0,0.0,2.0,76.5,393.3,9.8,1269.4,75
4834,31700.0,650.0,2130.0,57.5,0.0,13.0,10.0,1,urban,6,2,0.1,0.0,0.0,3.5,77.9,386.5,9.3,1426.3,63
2229,66330.0,2725.0,13285.0,75.3,13.0,0.0,30.0,1,urban,3,2,0.0,0.0,0.0,13.0,76.2,292.1,10.6,1352.2,32
4890,4052.0,139.0,333.0,60.6,0.0,7.2,10.8,3,rural,2,2,0.1,0.6,0.0,7.2,57.0,387.5,8.3,637.4,37
5125,15181.0,508.0,377.0,129.4,0.0,9.2,6.0,3,urban,2,2,0.2,0.0,0.0,1.8,61.3,498.0,6.9,554.1,80
1338,1500.0,90.0,15.0,226.0,0.0,3.0,6.0,5,urban,2,2,0.2,8.5,0.0,2.0,78.2,216.0,10.4,1435.3,34
5148,13790.0,365.0,62.0,388.0,0.0,10.0,6.0,5,urban,6,3,0.2,3.0,0.0,2.0,77.2,289.2,10.1,1183.5,75
3379,7900.0,105.0,638.0,40.1,0.0,7.0,16.0,3,rural,2,3,0.1,0.6,0.0,7.0,34.9,3.2,16.2,250.8,20
2617,29074.0,1191.0,554.0,127.0,9.0,7.0,9.0,3,urban,7,3,0.2,4.0,0.0,1.5,77.7,393.9,9.3,1382.1,84
5074,4548.0,203.0,1188.0,58.6,0.0,5.8,22.0,1,rural,2,2,0.1,0.4,0.0,2.4,59.6,574.2,8.0,476.4,54
1293,3200.0,128.0,77.0,130.0,0.0,6.5,4.0,4,urban,2,2,0.1,0.0,0.0,6.5,72.2,1084.2,6.5,883.5,75
4359,38000.0,1335.0,3324.0,41.0,0.0,8.5,12.0,3,urban,6,3,0.1,1.0,0.0,3.0,44.6,76.5,10.9,231.4,37
5189,6823.0,139.0,55.0,257.3,0.0,10.0,6.0,4,urban,6,3,0.1,1.0,0.0,2.0,74.8,388.0,10.1,1082.3,75
3574,73411.0,2577.0,1322.0,83.5,0.0,10.5,12.0,2,urban,6,2,0.3,7.0,0.0,2.0,75.0,135.7,12.8,1354.6,56
2484,42307.0,1949.0,8791.0,263.0,10.0,5.0,10.0,1,urban,7,3,0.0,0.0,0.0,3.0,79.0,516.1,8.1,1394.0,49
5590,22194.0,247.0,66.0,100.0,9.0,0.0,24.0,3,urban,3,2,0.0,0.0,0.0,0.0,69.2,1296.4,5.2,666.8,32
3927,1129.0,30.0,347.0,80.3,0.0,3.0,16.0,3,rural,2,2,0.3,4.7,0.0,7.0,66.1,630.4,8.8,752.7,65
368,80191.0,2269.0,4603.0,107.7,0.0,12.0,16.0,1,urban,2,2,0.1,2.0,0.0,2.0,77.5,309.4,10.2,1470.4,31
3395,158751.0,5239.0,1699.0,103.0,9.0,5.5,9.0,2,urban,7,2,0.3,12.0,0.0,26.5,75.0,135.7,12.8,1354.6,22
1151,310.0,66.0,52.0,74.4,0.0,6.5,8.0,3,rural,6,2,0.1,0.0,0.0,4.0,69.5,327.8,6.2,1159.2,88
5122,1950.0,21.0,26.0,78.0,0.0,2.4,11.0,4,small urban,2,2,0.1,0.0,0.0,2.4,67.7,832.0,3.6,546.0,56
3764,54100.0,1353.0,2326.0,80.0,12.0,0.0,10.0,1,urban,3,5,0.0,0.5,0.0,2.0,77.1,9.5,17.4,1306.2,15
2195,19788.0,845.0,2534.0,45.0,10.0,2.5,18.0,1,rural,7,3,0.1,0.0,0.0,2.0,78.1,451.6,8.9,1382.0,56
4997,12350.0,648.0,527.0,61.2,0.0,7.8,31.0,3,rural,2,2,0.2,0.3,0.0,2.7,74.5,1590.4,0.5,711.8,61
3320,81000.0,2372.0,1111.0,43.0,0.0,2.0,8.0,3,urban,6,2,0.1,1.0,0.0,1.5,77.8,0.0,23.3,1122.2,11
5703,35363.0,1967.0,400.0,51.1,0.0,3.0,24.0,1,urban,6,2,0.2,6.9,0.0,1.5,81.9,776.7,6.5,1396.5,69
191,13000.0,650.0,1000.0,81.5,0.0,6.5,13.0,2,small urban,2,2,0.4,4.0,0.0,2.5,76.6,28.5,15.8,1382.6,35
3203,31000.0,525.0,307.0,132.7,0.0,3.0,6.0,3,urban,2,2,0.1,0.0,0.0,4.0,34.9,3.2,16.2,250.8,21
108,15000.0,470.0,1150.0,37.0,0.0,9.0,15.0,1,small urban,2,3,0.2,0.0,0.0,0.0,73.9,32.8,15.4,1242.1,12
174,5500.0,310.0,290.0,65.7,0.0,5.5,8.0,2,rural,2,2,0.3,0.7,0.0,0.0,78.5,6.1,17.4,1464.5,21
3132,38000.0,1837.0,861.0,132.0,0.0,13.0,10.0,3,urban,6,3,0.2,19.0,0.0,2.5,76.7,0.0,22.3,1087.2,24
5609,135.0,10.0,20.0,107.2,0.0,4.0,7.0,5,rural,2,2,0.2,1.9,0.0,2.0,61.0,639.4,7.7,531.2,58
1598,8500.0,452.0,157.0,127.0,0.0,6.0,4.5,5,urban,2,5,0.6,34.0,0.0,2.0,77.2,2.5,18.8,1379.2,37
1360,22300.0,312.0,560.0,94.1,0.0,6.0,16.0,3,rural,6,3,0.5,3.6,0.0,4.0,84.5,13.2,10.1,1428.7,54
1860,26013.0,2737.0,1757.0,77.5,10.0,4.5,16.0,1,rural,7,3,0.1,0.0,0.0,4.5,77.2,299.4,10.4,1358.6,64
5662,11732.0,610.0,364.0,81.2,0.0,6.0,12.0,3,urban,2,2,0.2,0.2,0.0,1.5,68.1,3.8,19.6,973.3,40
5045,7514.0,334.0,1870.0,68.7,0.0,6.6,15.6,1,rural,2,2,0.3,1.4,0.0,6.6,77.8,819.7,3.8,842.0,43
5644,18913.0,586.0,1229.0,47.0,0.0,6.0,6.0,3,urban,2,2,0.1,0.0,0.0,1.5,68.1,3.8,19.6,973.3,14
2633,46875.0,4606.0,3092.0,77.0,10.0,4.0,21.0,1,urban,7,3,0.1,0.0,0.0,2.5,78.1,520.3,8.1,1384.8,53
3889,31768.0,1144.0,127.0,140.5,0.0,3.0,8.0,3,urban,2,3,0.3,0.0,0.0,1.5,68.1,3.8,19.6,973.3,35
1164,24747.0,1039.0,4479.0,53.5,0.0,9.0,28.0,1,rural,6,2,0.3,0.0,0.0,1.7,81.2,622.0,7.4,1444.6,16
3567,1048.0,76.0,13.0,111.7,0.0,3.0,9.0,5,rural,6,2,0.3,5.6,0.0,3.0,75.3,390.1,5.7,920.0,17
476,3812.0,133.0,15.0,159.0,0.0,18.0,10.0,5,small urban,2,2,0.1,2.0,0.0,1.5,81.4,462.0,8.1,1373.9,11
1876,9742.0,528.0,326.0,169.5,5.5,2.5,8.0,3,urban,7,5,0.4,2.0,0.0,2.0,77.2,299.4,10.4,1358.6,100
4317,12235.0,933.0,720.0,197.2,0.0,3.0,7.0,4,urban,6,5,0.2,7.4,0.0,3.0,84.0,25.0,9.4,1628.8,37
4139,2500.0,113.0,100.0,104.5,0.0,4.0,8.0,5,rural,2,2,0.5,38.0,0.0,2.0,73.8,27.5,15.5,1206.3,32
1616,19100.0,210.0,80.0,70.2,0.0,11.5,10.0,3,urban,6,5,0.1,29.0,0.0,1.5,68.0,266.7,12.3,964.8,28
312,109649.0,3487.0,15833.0,68.0,0.0,8.0,21.0,1,rural,7,2,0.1,0.5,0.0,4.0,77.5,246.4,10.9,1398.2,61
4010,1200.0,30.0,6.0,207.0,0.0,6.0,4.5,5,small urban,2,5,0.2,45.0,0.0,2.0,75.2,14.3,16.9,1306.1,67
508,68100.0,2758.0,9820.0,65.2,0.0,8.0,19.0,1,rural,6,3,0.2,0.0,0.0,3.0,83.5,7.3,10.8,1007.2,43
166,24000.0,1090.0,1920.0,57.8,0.0,11.8,8.0,2,rural,2,2,0.2,38.0,0.0,1.1,77.2,35.2,15.4,1361.1,36
2153,7824.0,276.0,378.0,64.0,7.5,12.5,8.0,3,rural,7,3,0.2,4.0,0.0,2.5,78.0,463.2,8.7,1363.9,100
3862,10500.0,268.0,101.0,138.0,0.0,6.0,4.5,4,urban,2,5,0.2,22.0,0.0,2.0,74.8,41.0,14.4,1427.3,16
2104,2872.0,127.0,12.0,221.0,0.0,5.5,10.0,5,urban,2,2,0.2,2.0,0.0,1.5,76.5,209.7,11.6,1454.3,68
1024,6090.0,411.0,446.0,146.0,0.0,6.4,7.7,3,rural,6,2,0.2,5.3,0.0,1.5,70.9,957.0,7.2,999.2,61
1221,34881.0,1211.0,2292.0,69.0,0.0,12.5,4.0,2,urban,6,2,0.3,4.5,0.0,3.5,75.9,199.1,11.8,1340.9,53
3437,1600.0,56.0,140.0,88.2,0.0,4.0,12.0,6,urban,2,2,0.1,0.0,0.0,4.0,44.6,76.5,10.9,231.4,14
1119,12945.0,621.0,272.0,111.0,0.0,6.0,24.0,4,rural,6,2,0.3,4.0,0.0,1.5,81.4,462.0,8.1,1373.9,32
103,31000.0,850.0,1100.0,45.0,0.0,11.3,12.0,1,urban,6,2,0.1,0.0,0.0,4.7,74.2,49.8,14.6,1219.1,42
5216,11730.0,94.0,422.0,121.0,0.0,10.0,6.0,4,urban,6,3,0.1,5.0,0.0,2.0,76.5,393.3,9.8,1269.4,75
4257,20000.0,708.0,432.0,98.0,0.0,4.0,8.0,3,urban,6,2,0.4,8.0,0.0,1.0,79.6,3.7,18.9,1322.0,28
4505,1005.0,249.0,16.0,112.8,0.0,0.5,12.0,6,small urban,2,2,0.2,3.7,0.0,1.0,79.3,351.1,5.4,1016.7,45
2929,29389.0,3291.0,3397.0,41.0,0.0,4.5,32.0,1,rural,2,5,0.1,0.0,0.0,16.5,76.2,315.7,10.5,1319.7,24
5608,400.0,25.0,80.0,84.1,0.0,5.0,7.0,3,rural,2,3,0.1,0.0,0.0,2.0,69.5,1473.2,4.2,653.7,66
3838,67500.0,1688.0,2903.0,137.5,12.0,13.0,10.0,1,urban,7,5,0.1,28.9,0.0,2.0,74.8,41.0,14.4,1427.3,18
1752,5738.0,278.0,138.0,62.0,5.5,5.5,4.0,4,small urban,7,3,0.1,0.0,0.0,2.0,75.0,173.3,13.4,1290.5,97
5176,5094.0,83.0,76.0,181.3,0.0,10.0,6.0,4,urban,6,3,0.2,19.3,0.0,2.0,76.7,380.8,9.6,1347.3,75
2181,35343.0,2655.0,9913.0,51.0,10.0,4.0,18.0,1,urban,7,3,0.1,0.0,0.0,5.0,77.7,393.9,9.3,1382.1,60
3745,34552.0,2015.0,2865.0,69.5,0.0,10.0,18.0,1,urban,6,3,0.1,0.0,0.0,25.0,75.5,224.4,11.6,1318.4,59
4015,5400.0,166.0,492.0,93.0,0.0,5.0,4.0,5,small urban,6,2,0.1,1.0,0.0,3.0,34.9,3.2,16.2,250.8,58
5305,200.0,20.0,30.0,84.1,0.0,6.0,6.0,5,rural,2,2,0.0,0.0,0.0,2.0,64.0,994.6,6.0,503.4,39
1658,1270.0,90.0,255.0,120.0,0.0,16.0,14.5,4,rural,6,5,0.2,30.5,0.0,1.5,60.9,161.0,13.2,647.9,68
152,72000.0,2630.0,2540.0,77.0,0.0,7.0,2.0,2,urban,2,2,0.1,0.0,0.0,1.2,78.7,3.3,18.3,1576.4,47
2410,16956.0,820.0,4561.0,78.0,9.0,4.5,16.0,1,rural,7,5,0.2,0.0,0.0,4.5,75.8,313.1,10.3,1283.1,65
3346,8200.0,244.0,143.0,106.0,0.0,4.0,13.0,4,urban,2,2,0.1,0.0,0.0,4.0,34.9,3.2,16.2,250.8,24
1583,33894.0,1438.0,838.0,60.8,0.0,15.0,6.0,3,urban,7,2,0.2,2.6,0.0,2.5,75.2,91.8,13.5,1268.5,91
5438,61655.0,1083.0,1226.0,55.0,0.0,9.0,4.0,2,rural,2,5,0.1,5.0,0.0,0.0,74.9,103.4,13.2,1231.7,21
2656,993.0,36.0,4.0,147.0,0.0,3.5,15.0,5,urban,2,5,0.2,0.0,0.0,1.0,78.1,520.3,8.1,1384.8,55
725,10406.0,905.0,3403.0,94.2,0.0,9.0,28.0,1,urban,6,2,0.3,1.2,0.0,1.2,81.2,622.0,7.4,1444.6,35
3165,2300.0,104.0,19.0,195.0,0.0,6.0,2.0,4,urban,2,5,0.4,1.7,0.0,0.0,78.2,130.1,11.5,1379.0,19
1503,4677.0,422.0,625.0,170.0,4.0,4.0,4.0,4,urban,7,3,0.2,0.0,0.0,3.0,73.7,245.5,12.5,1221.6,44
2802,25033.0,1637.0,7436.0,105.7,0.0,3.5,26.0,1,small urban,2,5,0.2,26.0,0.0,4.5,77.2,299.4,10.4,1358.6,34
2387,43080.0,1952.0,14652.0,46.0,10.0,4.0,16.0,1,urban,7,3,0.1,0.0,0.0,4.0,76.2,292.1,10.6,1352.2,62
3786,1003.0,23.0,107.0,139.0,0.0,8.0,5.0,3,rural,2,2,0.1,4.0,0.0,4.0,65.8,747.8,7.9,681.1,51
1879,16884.0,846.0,336.0,107.0,0.0,7.0,14.0,4,urban,2,5,0.1,0.0,0.0,2.5,77.2,299.4,10.4,1358.6,70
5585,1240.0,46.0,97.0,47.3,0.0,9.0,7.0,3,rural,2,3,0.1,0.0,0.0,3.0,64.6,814.8,7.2,593.8,69
4113,1700.0,58.0,145.0,56.3,0.0,5.5,12.0,5,rural,6,2,0.1,0.0,0.0,3.0,44.6,76.5,10.9,231.4,67
5346,472.0,40.0,15.0,67.6,0.0,6.0,12.0,4,rural,6,2,0.1,0.5,0.0,2.0,57.9,769.8,5.5,553.1,24
31,17560.0,439.0,4384.0,83.0,11.0,0.0,16.0,1,urban,3,2,0.0,0.0,0.0,0.0,76.8,451.3,9.1,1145.8,11
1225,56500.0,1018.0,620.0,73.5,0.0,2.0,8.0,3,urban,6,2,0.2,8.0,0.0,1.5,76.3,0.0,23.8,1171.7,9
937,11170.0,603.0,814.0,77.0,0.0,9.0,7.4,2,rural,6,2,0.2,40.0,0.0,1.8,64.8,185.7,9.3,496.9,70
1822,14273.0,949.0,2026.0,48.0,10.0,4.0,20.0,1,rural,7,5,0.2,0.0,0.0,4.0,76.8,377.6,9.5,1302.6,48
2110,24373.0,1862.0,8020.0,92.2,13.0,4.5,21.0,1,rural,7,5,0.2,0.0,0.0,3.5,78.2,418.6,9.2,1374.7,38
4471,590.0,20.0,51.0,70.0,0.0,6.5,6.0,3,rural,6,2,0.1,0.0,0.0,3.5,45.2,246.1,8.8,361.0,65
752,41010.0,830.0,1748.0,132.7,10.0,0.0,8.0,1,urban,3,2,0.0,0.0,0.0,2.0,76.6,1368.6,4.3,909.5,13
2843,23739.0,1036.0,6211.0,58.0,0.0,10.0,20.0,1,rural,2,3,0.2,1.5,0.0,2.5,79.0,516.1,8.1,1394.0,39
309,98841.0,3143.0,14273.0,64.0,0.0,5.0,7.0,1,rural,2,2,0.1,0.0,0.0,2.0,77.5,246.4,10.9,1398.2,36
3246,2654.0,106.0,21.0,165.0,0.0,6.0,16.0,5,small urban,2,2,0.3,7.0,0.0,1.0,81.2,846.6,6.4,1370.8,12
4935,6216.0,90.0,326.0,55.5,0.0,4.8,17.0,3,rural,2,2,0.2,0.2,0.0,4.8,69.8,873.3,4.1,695.4,56
503,25700.0,1097.0,8345.0,69.0,0.0,14.0,19.0,1,small urban,6,2,0.2,0.0,0.0,4.0,85.8,1.7,10.6,1670.2,62
3454,2700.0,45.0,27.0,137.0,0.0,4.0,13.0,4,small urban,2,2,0.0,5.0,0.0,4.0,34.9,3.2,16.2,250.8,42
4922,17143.0,594.0,197.0,71.5,0.0,4.7,15.6,3,rural,2,2,0.2,1.0,0.0,4.7,74.3,731.9,4.7,651.7,24
3874,124391.0,8484.0,9740.0,106.2,0.0,4.0,4.0,1,urban,6,3,0.2,3.5,0.0,16.0,,,,,21
5582,668.0,21.0,46.0,65.9,0.0,9.0,7.0,3,rural,2,3,0.1,0.2,0.0,4.0,63.7,763.3,7.3,585.7,70
3794,38162.0,1355.0,1653.0,70.4,0.0,15.0,3.0,2,urban,6,3,0.2,23.0,0.0,3.0,77.2,90.4,13.6,1329.9,51
495,21900.0,618.0,6333.0,54.0,0.0,11.0,11.0,1,rural,6,2,0.2,0.0,0.0,2.0,75.8,5.9,10.6,1901.3,66
1405,1707.0,68.0,41.0,158.0,0.0,4.0,12.0,5,urban,2,2,0.2,0.0,0.0,0.0,75.7,906.1,7.1,1007.5,25
4102,8300.0,700.0,588.0,232.2,0.0,6.0,4.5,4,urban,2,5,0.2,9.2,0.0,2.0,73.6,10.7,17.2,1224.0,57
205,17000.0,800.0,360.0,63.0,0.0,6.5,11.0,3,rural,2,2,0.1,0.0,0.0,1.5,76.2,134.4,12.0,1478.0,54
1434,6490.0,300.0,1030.0,76.6,10.0,0.0,4.0,2,rural,3,3,0.0,1.1,0.0,0.0,73.8,179.2,13.2,1042.2,19
1135,800.0,45.0,7.0,185.0,0.0,1.5,7.0,5,urban,2,2,0.1,0.0,0.0,1.5,77.6,254.6,10.4,1398.8,17
3527,108079.0,5880.0,2594.0,146.0,0.0,13.5,9.0,1,urban,6,2,0.3,9.0,0.0,9.0,74.7,164.3,12.4,1300.1,28
868,9915.0,139.0,436.0,69.5,0.0,8.0,5.0,3,small urban,2,2,0.2,0.0,0.0,7.3,64.3,596.4,9.0,593.4,65
701,21200.0,655.0,681.0,115.7,0.0,5.5,8.0,3,small urban,6,2,0.5,0.3,0.0,2.0,87.0,3.1,10.0,1610.0,61
3841,9800.0,1176.0,196.0,157.0,0.0,6.0,8.0,3,rural,2,2,0.4,51.2,0.0,2.0,74.8,41.0,14.4,1427.3,17
305,12715.0,458.0,243.0,67.7,0.0,8.0,6.0,3,urban,2,2,0.1,1.7,0.0,2.0,77.4,183.7,11.8,1369.8,58
2570,23926.0,1237.0,7620.0,138.0,13.0,0.0,12.0,1,rural,3,2,0.0,0.0,0.0,13.0,77.7,393.9,9.3,1382.1,34
1192,7483.0,32.0,33.0,184.0,0.0,10.0,5.0,3,rural,2,2,0.1,0.0,0.0,0.0,72.5,911.0,7.5,935.8,26
5242,89475.0,4831.0,983.0,35.5,0.0,5.5,36.0,1,urban,6,2,0.1,0.0,0.0,1.0,79.2,482.5,8.5,1306.4,11
4527,2851.0,735.0,119.0,128.5,0.0,3.2,12.0,5,rural,6,2,0.2,0.0,0.0,1.0,79.3,351.1,5.4,1016.7,37
1534,58900.0,2120.0,2044.0,103.0,0.0,6.5,20.0,2,urban,6,2,0.4,0.5,0.0,6.0,85.8,1.7,10.6,1670.2,56
1061,45071.0,2448.0,492.0,104.5,0.0,8.5,6.0,3,urban,6,2,0.3,10.5,0.0,20.5,75.0,135.7,12.8,1354.6,34
843,22933.0,970.0,965.0,50.1,0.0,10.2,2.9,2,rural,6,2,0.3,0.3,0.0,1.4,87.6,4.0,10.0,1914.9,56
2776,15399.0,987.0,3440.0,47.0,0.0,5.5,26.0,1,rural,2,5,0.1,0.0,0.0,2.5,76.2,296.0,10.5,1308.9,54
3588,52300.0,1308.0,2249.0,65.0,12.0,0.0,10.0,1,urban,3,5,0.0,0.0,0.0,2.0,75.4,10.8,17.3,1243.9,15
2366,926.0,53.0,6.0,188.0,0.0,5.0,8.0,5,rural,2,2,0.1,0.0,0.0,2.0,77.2,390.2,9.5,1399.2,66
4410,38000.0,494.0,684.0,66.0,0.0,12.0,11.0,2,urban,6,3,0.1,1.7,0.0,2.0,73.8,88.2,14.4,1279.1,44
1538,86342.0,10353.0,6752.0,93.0,0.0,14.0,16.0,1,urban,6,3,0.2,1.5,0.0,2.0,77.2,144.1,12.5,1372.0,54
211,22000.0,1090.0,690.0,109.5,0.0,4.5,8.0,3,small urban,2,2,0.0,0.0,0.0,1.5,77.0,3.6,18.3,1557.4,48
1340,5050.0,365.0,400.0,103.0,5.2,5.2,4.0,4,urban,7,3,0.1,0.0,0.0,2.0,75.8,525.0,9.4,1081.6,101
1108,14236.0,356.0,142.0,251.0,0.0,9.0,22.0,4,urban,6,2,0.4,7.0,0.0,1.2,81.8,815.0,6.3,1323.6,22
3475,3875.0,231.0,10.0,102.0,0.0,2.0,12.0,5,urban,2,2,0.2,0.0,0.0,2.0,59.1,62.4,12.3,438.0,37
4518,346.0,107.0,1.0,243.0,0.0,3.5,12.0,4,rural,2,2,0.3,0.0,0.0,1.0,79.3,351.1,5.4,1016.7,37
679,7650.0,550.0,930.0,58.0,0.0,13.0,11.5,2,rural,6,5,0.2,0.7,0.0,1.5,73.8,179.2,13.2,1042.2,29
2168,23261.0,1353.0,14574.0,69.0,12.0,5.0,26.0,1,rural,7,5,0.1,0.0,0.0,4.5,77.3,415.3,9.1,1356.6,32
5062,15549.0,697.0,2186.0,65.7,0.0,8.0,17.4,1,small urban,2,2,0.3,0.0,0.0,1.8,56.8,385.2,8.6,549.9,58
2698,28098.0,1774.0,10614.0,49.5,13.0,6.0,23.0,1,rural,7,3,0.1,0.5,0.0,6.0,78.1,451.6,8.9,1382.0,26
3869,1760.0,107.0,13.0,198.8,0.0,5.5,12.0,4,urban,6,2,0.2,0.2,0.0,2.0,82.9,36.1,9.4,2206.8,41
565,16700.0,820.0,4925.0,39.0,0.0,11.0,12.0,1,rural,6,2,0.1,0.0,0.0,2.0,74.8,98.6,8.2,537.0,66
2086,424.0,8.0,9.0,173.0,0.0,6.0,3.0,5,urban,2,2,0.0,1.0,0.0,1.5,77.6,459.1,8.7,1412.2,101
2404,14869.0,273.0,3593.0,42.5,0.0,9.0,18.0,1,rural,2,2,0.2,0.0,0.0,4.5,75.8,313.1,10.3,1283.1,73
1532,2400.0,140.0,60.0,107.0,5.5,5.5,4.0,4,small urban,7,5,0.3,30.0,0.0,2.0,73.5,292.3,12.0,1127.2,23
5518,25416.0,1372.0,279.0,101.8,0.0,5.5,36.0,3,urban,6,2,0.3,5.2,0.0,1.0,79.5,622.1,7.5,1291.3,29
680,6250.0,190.0,980.0,82.0,10.0,0.0,4.0,2,rural,3,3,0.0,0.6,0.0,0.0,73.8,179.2,13.2,1042.2,19
5612,26300.0,469.0,153.0,167.3,0.0,12.0,2.0,3,urban,2,2,0.2,2.3,0.0,3.0,66.1,980.8,6.4,611.0,43
180,17000.0,740.0,790.0,52.0,0.0,9.0,8.0,2,urban,2,2,0.2,0.0,0.0,1.5,76.6,28.5,15.8,1382.6,51
3509,9300.0,157.0,92.0,146.0,0.0,5.0,13.0,4,urban,2,2,0.0,0.0,0.0,4.0,34.9,3.2,16.2,250.8,21
2077,39457.0,2294.0,3278.0,57.0,9.0,4.0,9.0,1,urban,7,3,0.2,0.0,0.0,4.0,77.6,459.1,8.7,1412.2,54
3070,88390.0,4305.0,3890.0,46.0,0.0,12.5,8.0,1,urban,6,2,0.1,0.0,0.0,2.0,75.5,224.4,11.6,1318.4,73
4940,4438.0,148.0,316.0,55.0,0.0,4.7,20.5,3,rural,2,2,0.1,0.0,0.0,4.7,69.8,873.3,4.1,695.4,18
278,15076.0,529.0,247.0,69.5,8.0,2.0,8.0,3,urban,7,2,0.1,3.0,0.0,2.0,77.2,144.1,12.5,1372.0,103
4894,11406.0,409.0,275.0,64.8,0.0,4.7,15.8,3,rural,2,2,0.2,0.4,0.0,4.7,72.6,723.4,5.3,733.1,16
3631,600.0,10.0,10.0,152.8,0.0,4.0,8.0,5,rural,2,2,0.2,44.4,0.0,2.0,75.2,14.3,16.9,1306.1,38
1204,66000.0,1121.0,336.0,178.0,0.0,9.5,2.0,3,urban,6,2,0.1,0.0,0.0,2.0,72.9,996.8,7.0,1113.8,39
2232,66330.0,2725.0,13285.0,74.0,13.0,0.0,40.0,1,urban,3,2,0.0,0.0,0.0,13.0,76.2,292.1,10.6,1352.2,32
432,8917.0,490.0,161.0,96.5,0.0,7.0,21.0,4,rural,6,2,0.3,1.5,0.0,1.2,81.2,603.0,7.1,1415.4,17
289,7491.0,370.0,92.0,126.0,8.0,3.0,8.0,4,rural,7,2,0.2,3.4,0.0,2.0,77.4,138.2,12.4,1389.2,96
5030,6481.0,263.0,232.0,103.0,0.0,5.2,9.6,3,small urban,2,3,0.3,0.6,0.0,1.8,60.5,729.5,7.5,464.1,24
1027,6916.0,357.0,350.0,88.0,0.0,5.5,5.0,3,rural,6,2,0.1,0.0,0.0,2.0,72.9,1347.8,4.8,857.0,61
535,9248.0,499.0,157.0,79.4,0.0,6.0,16.0,4,rural,6,2,0.3,0.5,0.0,2.0,83.4,216.1,7.8,1441.1,35
1559,1260.0,40.0,175.0,74.6,0.0,12.0,10.5,4,rural,6,5,0.1,7.3,0.0,1.5,66.0,211.9,13.0,893.5,62
993,7300.0,303.0,468.0,159.0,8.5,0.0,6.0,3,rural,3,2,0.0,2.5,0.1,0.0,72.2,981.8,7.0,1039.9,29
1187,12689.0,360.0,455.0,64.8,9.5,5.5,5.0,3,urban,3,2,0.1,2.0,0.0,2.0,72.2,1084.2,6.5,883.5,30
188,18000.0,890.0,2510.0,45.1,0.0,10.0,8.0,2,small urban,2,2,0.1,3.4,0.0,1.5,74.2,21.3,16.2,1323.6,56
2876,32510.0,3552.0,10038.0,92.7,13.0,5.0,21.0,1,rural,7,3,0.2,0.0,0.0,4.5,76.2,315.7,10.5,1319.7,36
5633,3605.0,354.0,188.0,164.0,0.0,10.0,6.0,3,urban,6,3,0.1,17.0,0.0,3.3,75.8,280.2,11.5,1194.5,95
2412,17853.0,1496.0,4337.0,67.3,10.0,4.5,16.0,1,rural,7,5,0.2,0.0,0.0,4.5,75.8,313.1,10.3,1283.1,65
4063,21300.0,2556.0,213.0,73.9,0.0,10.0,12.0,2,urban,2,2,0.6,32.0,0.0,2.0,74.8,41.0,14.4,1427.3,61
706,10400.0,684.0,316.0,158.0,0.0,7.5,10.0,3,rural,6,2,0.3,18.0,0.0,4.0,87.1,3.1,10.3,1712.1,68
4001,1641.0,78.0,31.0,193.0,0.0,3.0,7.0,5,small urban,2,2,0.1,1.5,0.0,3.0,64.8,185.7,9.3,496.9,25
270,7687.0,417.0,174.0,104.0,9.0,5.0,9.0,3,rural,7,2,0.1,1.8,0.0,2.0,77.6,352.9,9.7,1347.0,72
4778,75900.0,3362.0,5754.0,58.0,0.0,12.0,19.0,1,urban,6,5,0.2,0.0,0.0,4.5,77.8,330.7,9.9,1303.1,55
4731,19200.0,284.0,332.0,232.0,8.0,5.0,11.0,3,urban,7,2,0.1,11.0,0.0,2.5,77.8,330.7,9.9,1303.1,43
2517,15458.0,673.0,100.0,101.5,0.0,8.0,4.0,5,urban,2,2,0.0,0.0,0.0,3.5,76.8,234.8,11.3,1352.4,125
2650,16098.0,1074.0,3816.0,64.0,10.0,4.5,11.0,1,rural,7,2,0.2,4.0,0.0,2.5,78.1,520.3,8.1,1384.8,52
4801,24800.0,769.0,153.0,141.0,0.0,12.0,18.0,4,urban,6,5,0.3,1.0,0.0,4.0,78.2,216.0,10.4,1435.3,66
2087,1446.0,33.0,10.0,143.0,0.0,9.0,16.0,5,rural,2,5,0.0,1.0,0.0,1.5,77.6,459.1,8.7,1412.2,48
4502,2796.0,363.0,84.0,117.0,0.0,5.0,19.0,4,small urban,6,2,0.2,0.0,0.0,2.0,69.3,185.2,9.0,813.7,11
111,17000.0,640.0,1700.0,44.7,0.0,9.5,10.0,1,rural,2,2,0.2,0.0,0.0,0.0,75.2,14.3,16.9,1306.1,17
1170,24740.0,1039.0,4478.0,49.7,0.0,9.0,28.0,1,rural,6,2,0.4,0.0,0.0,1.7,81.2,622.0,7.4,1444.6,16
1391,13359.0,534.0,321.0,281.0,0.0,7.5,12.0,4,urban,2,2,0.1,0.0,0.0,0.0,76.6,1368.6,4.3,909.5,33
2594,63307.0,3119.0,7145.0,72.0,0.0,9.5,18.0,1,urban,2,2,0.1,0.0,0.0,2.0,77.7,393.9,9.3,1382.1,59
220,114113.0,4359.0,1689.0,64.0,9.0,4.0,8.0,3,urban,7,2,0.1,2.0,0.0,4.0,77.5,246.4,10.9,1398.2,87
4675,21200.0,1047.0,599.0,121.0,8.0,5.0,8.0,3,urban,7,2,0.2,1.0,0.0,5.0,78.2,130.1,11.5,1379.0,98
627,23400.0,1560.0,802.0,76.9,0.0,11.4,10.0,3,urban,2,2,0.3,4.8,0.0,0.0,75.8,0.2,21.7,1127.8,14
4888,1305.0,47.0,308.0,76.0,0.0,4.8,14.0,3,rural,2,3,0.1,0.2,0.0,4.1,57.0,387.5,8.3,637.4,21
3011,65708.0,2557.0,5998.0,83.0,10.0,4.5,16.0,1,urban,7,3,0.1,1.0,0.0,2.5,75.9,251.0,11.1,1287.3,67
83,57000.0,1580.0,6740.0,52.9,0.0,10.4,15.0,1,urban,2,2,0.2,0.1,0.0,2.0,76.9,123.0,11.9,1492.5,62
3208,8200.0,125.0,42.0,75.3,0.0,4.0,10.0,4,urban,2,2,0.2,0.0,0.0,6.5,57.1,226.3,8.0,716.8,45
790,45000.0,1195.0,695.0,71.7,0.0,2.0,1.0,3,urban,6,3,0.1,0.0,0.0,1.0,77.1,0.0,22.8,1134.1,8
2654,5414.0,93.0,15.0,165.0,0.0,5.5,11.0,4,urban,2,2,0.3,6.0,0.0,1.5,78.1,520.3,8.1,1384.8,102
461,3566.0,210.0,150.0,168.1,0.0,6.0,16.0,5,rural,6,2,0.3,2.1,0.0,1.0,80.9,756.2,6.8,1362.0,32
5097,8193.0,73.0,54.0,114.8,0.0,4.3,4.0,5,rural,2,2,0.2,1.7,0.0,2.4,72.2,1021.2,2.8,812.6,73
5490,4100.0,222.0,45.0,49.8,0.0,3.0,44.0,4,rural,6,2,0.2,7.7,0.0,1.0,83.6,978.5,5.1,1469.2,68
551,23100.0,1079.0,4872.0,105.2,0.0,13.0,9.0,1,rural,6,2,0.4,0.0,0.0,2.5,81.9,74.6,8.4,1367.4,58
1964,50925.0,4071.0,3956.0,59.3,10.0,7.0,21.0,1,urban,7,5,0.2,0.0,0.0,4.0,77.6,395.4,9.5,1362.7,55
2917,24271.0,1661.0,4687.0,53.8,9.0,6.0,15.0,1,urban,7,3,0.1,0.0,0.0,4.0,76.2,315.7,10.5,1319.7,64
4022,17000.0,860.0,500.0,75.7,0.0,2.0,10.0,3,urban,6,2,0.0,8.0,0.0,1.0,76.6,0.2,21.5,1123.5,21
198,26000.0,790.0,890.0,80.3,0.0,13.2,14.0,2,rural,2,2,0.2,17.6,0.0,1.5,73.6,51.1,14.4,1233.2,64
5470,4878.0,144.0,448.0,83.3,0.0,6.4,3.4,3,rural,2,5,0.3,12.0,0.0,1.4,75.5,66.6,14.2,1246.1,35
3768,14900.0,1639.0,447.0,87.7,9.0,0.0,12.0,2,urban,3,2,0.0,0.0,0.0,2.0,77.1,9.5,17.4,1306.2,27
402,160105.0,5860.0,3170.0,89.0,0.0,8.0,8.0,2,urban,2,2,0.1,0.0,0.0,2.5,77.4,181.5,11.5,1387.7,10
4969,6693.0,147.0,41.0,90.0,0.0,4.2,31.2,3,small urban,2,2,0.1,0.0,0.0,1.8,57.2,437.0,9.1,502.6,40
4049,14800.0,1433.0,2306.0,123.4,0.0,8.0,6.0,3,small urban,2,5,0.4,2.5,0.0,2.0,74.5,8.7,17.5,1227.2,14
4876,1838.0,50.0,142.0,100.6,0.0,7.2,18.0,3,rural,2,2,0.2,0.1,0.0,2.4,61.9,592.3,6.6,457.4,60
5522,55141.0,2978.0,606.0,45.6,0.0,7.5,31.0,2,urban,6,2,0.2,0.7,0.0,1.0,79.2,482.5,8.5,1306.4,53
2687,29945.0,701.0,10702.0,68.2,13.0,2.5,25.0,1,rural,7,3,0.1,0.0,0.0,2.0,78.1,451.6,8.9,1382.0,31
3541,4800.0,340.0,106.0,292.5,0.0,2.0,7.0,5,urban,2,2,0.1,2.0,0.0,2.0,77.8,330.7,9.9,1303.1,19
5404,31212.0,670.0,5832.0,55.3,0.0,10.0,4.2,1,rural,2,5,0.1,5.2,0.0,2.0,76.8,222.2,10.6,1350.7,9
650,65399.0,3563.0,9690.0,52.6,9.0,10.7,6.9,1,small urban,6,2,0.2,1.2,0.0,1.8,87.2,12.4,9.6,1637.3,52
4638,14700.0,232.0,341.0,198.0,8.0,7.0,13.0,3,urban,7,2,0.6,25.0,0.0,2.5,77.8,330.7,9.9,1303.1,70
708,2700.0,262.0,170.0,73.7,0.0,9.0,12.0,3,rural,6,2,0.1,0.0,0.0,4.0,85.8,1.7,10.6,1670.2,56
3933,1664.0,55.0,50.0,47.3,0.0,3.0,8.0,3,rural,6,5,0.1,0.0,0.0,2.0,78.2,216.0,10.4,1435.3,10
5227,20821.0,396.0,812.0,99.0,0.0,6.0,12.0,3,urban,6,2,0.1,0.0,0.0,1.5,68.1,3.8,19.6,973.3,10
3332,101000.0,3561.0,6842.0,44.5,0.0,2.0,8.0,1,urban,6,2,0.1,1.0,0.0,1.5,77.8,0.0,23.3,1122.2,11
5112,14321.0,396.0,256.0,139.5,0.0,5.4,15.0,4,small urban,2,2,0.5,2.0,0.0,3.9,73.8,798.8,4.8,709.3,40
5413,109799.0,2198.0,7298.0,194.0,0.0,13.5,7.9,1,urban,2,5,0.3,0.0,0.0,4.0,,,,,14
2436,29855.0,2691.0,3572.0,58.0,10.0,6.0,6.0,1,rural,7,2,0.1,0.0,0.0,6.0,76.2,315.7,10.5,1319.7,59
1424,18438.0,756.0,148.0,112.5,0.0,6.0,16.0,5,small urban,6,2,0.3,0.0,0.0,1.5,80.9,756.2,6.8,1362.0,34
1216,3132.0,205.0,17.0,63.7,7.5,9.5,12.0,4,rural,7,3,0.1,0.1,0.0,2.0,75.9,199.1,11.8,1340.9,103
4839,22000.0,650.0,2130.0,105.0,0.0,17.0,24.0,1,urban,6,5,0.2,8.0,0.0,3.5,77.9,386.5,9.3,1426.3,57
1924,4856.0,228.0,63.0,78.0,0.0,4.5,10.0,5,urban,2,5,0.1,0.0,0.0,1.5,76.3,364.6,9.7,1122.7,71
2550,18876.0,1333.0,3192.0,98.0,0.0,4.0,18.0,3,urban,2,5,0.1,2.0,0.0,14.0,77.3,280.3,10.6,1358.9,20
4664,5800.0,357.0,92.0,135.7,8.0,5.0,11.0,3,urban,7,2,0.1,10.7,0.0,2.5,77.8,330.7,9.9,1303.1,55
1738,7650.0,262.0,1475.0,143.0,3.0,3.0,4.0,3,small urban,7,5,0.2,15.0,0.0,2.0,73.8,443.3,10.6,1075.2,31
314,106678.0,3392.0,15404.0,59.6,0.0,8.0,21.0,1,rural,2,2,0.2,1.0,0.0,4.0,77.4,181.5,11.5,1387.7,61
3270,4358.0,96.0,65.0,265.5,0.0,6.0,16.0,5,small urban,2,2,0.3,7.5,0.0,1.5,81.2,846.6,6.4,1370.8,28
2187,18087.0,1571.0,4010.0,54.7,10.0,4.0,18.0,1,rural,7,3,0.2,0.7,0.0,2.0,78.1,451.6,8.9,1382.0,57
4545,2100.0,72.0,178.0,126.5,0.0,3.5,7.0,5,rural,6,2,0.1,0.0,0.0,3.0,41.9,50.5,12.5,250.7,70
1427,2000.0,119.0,20.0,189.0,0.0,6.0,14.0,5,urban,6,2,0.4,11.3,0.0,1.5,77.6,254.6,10.4,1398.8,244
4466,2300.0,34.0,68.0,111.7,0.0,5.0,8.0,3,rural,2,3,0.2,0.0,0.0,0.0,41.1,34.9,13.2,246.5,29
4032,78500.0,4418.0,11204.0,67.2,0.0,6.0,12.0,1,urban,6,2,0.2,8.0,0.0,1.0,76.6,0.2,21.5,1123.5,17
5186,1479.0,159.0,33.0,135.0,0.0,10.0,6.0,5,urban,6,3,0.1,1.0,0.0,2.0,74.8,388.0,10.1,1082.3,75
4095,25400.0,528.0,538.0,145.7,0.0,8.0,6.0,3,urban,2,5,0.2,3.5,0.0,2.0,73.6,10.7,17.2,1224.0,20
113,18000.0,610.0,3320.0,68.9,0.0,10.0,15.0,1,rural,2,3,0.1,0.1,0.0,2.0,74.8,100.1,12.8,1362.4,27
960,23112.0,1000.0,4700.0,149.0,5.7,5.7,4.0,1,urban,7,3,0.1,0.0,0.0,4.0,76.1,565.4,9.1,1075.7,53
4581,590.0,39.0,41.0,85.2,0.0,5.0,8.0,3,rural,2,3,0.0,0.0,0.0,0.0,46.7,279.0,8.7,349.3,31
2996,50928.0,3602.0,8451.0,83.0,10.0,3.5,16.0,1,small urban,7,3,0.2,20.0,0.0,2.0,75.9,251.0,11.1,1287.3,67
1114,1500.0,75.0,13.0,189.2,0.0,3.0,8.0,6,urban,2,2,0.3,0.0,0.0,3.0,77.6,254.6,10.4,1398.8,85
4262,31222.0,650.0,550.0,137.0,0.0,4.0,20.0,2,urban,6,5,0.2,23.5,0.0,2.0,79.2,145.3,10.8,1498.0,31
5800,39938.0,879.0,80.0,146.7,12.0,0.0,12.0,3,urban,3,5,0.0,4.8,0.0,1.5,68.5,12.5,18.4,1015.9,22
3822,8200.0,205.0,353.0,94.0,0.0,13.0,10.0,1,urban,2,5,0.1,9.0,0.0,2.0,74.8,41.0,14.4,1427.3,14
684,1700.0,40.0,248.0,77.8,0.0,11.9,6.0,3,rural,6,2,0.2,0.0,0.0,4.1,70.3,169.2,7.3,532.3,73
4653,3600.0,188.0,35.0,270.0,0.0,11.0,8.0,4,urban,6,3,0.1,6.0,0.0,2.5,77.9,386.5,9.3,1426.3,72
4327,1431.0,336.0,760.0,222.0,0.0,6.0,6.0,4,urban,2,2,0.2,5.0,0.0,3.0,84.0,25.0,9.4,1628.8,73
5247,79071.0,4269.0,869.0,67.6,0.0,5.5,36.0,1,urban,6,2,0.2,0.7,0.0,1.0,79.5,622.1,7.5,1291.3,62
1881,1985.0,25.0,15.0,130.7,0.0,7.0,10.0,5,rural,2,5,0.4,0.0,0.0,2.0,77.2,299.4,10.4,1358.6,70
2312,26074.0,1048.0,6994.0,75.0,10.0,3.5,25.0,1,rural,7,5,0.2,0.0,0.0,3.5,78.1,387.4,9.0,1321.0,66
3471,8300.0,289.0,720.0,202.0,0.0,4.0,9.0,6,small urban,2,2,0.2,0.0,0.0,0.0,52.6,323.4,8.4,409.8,12
2972,44917.0,2008.0,3960.0,72.0,0.0,10.5,18.0,1,urban,2,2,0.2,0.0,0.0,2.0,77.2,390.2,9.5,1399.2,71
1634,4600.0,375.0,425.0,136.0,5.5,5.5,4.0,4,urban,7,3,0.1,0.0,0.0,2.0,74.0,199.5,13.0,1240.3,87
2815,25427.0,2208.0,6040.0,73.7,10.0,5.5,9.0,1,rural,7,2,0.1,0.3,0.0,5.5,77.2,299.4,10.4,1358.6,57
5769,2565.0,80.0,560.0,67.3,0.0,8.0,18.0,3,rural,6,2,0.2,0.0,0.0,2.0,66.5,1159.0,5.3,573.7,21
5231,46655.0,2519.0,514.0,46.8,0.0,5.5,48.0,1,rural,6,2,0.3,1.0,0.0,1.5,81.9,776.7,6.5,1396.5,66
2609,18178.0,455.0,109.0,80.0,9.0,7.0,9.0,3,urban,7,3,0.1,0.0,0.0,2.5,77.7,393.9,9.3,1382.1,85
2115,25201.0,1073.0,10084.0,60.5,13.0,9.0,21.0,1,rural,7,5,0.1,0.0,0.0,5.0,78.2,418.6,9.2,1374.7,40
1858,26013.0,2737.0,1757.0,72.0,10.0,8.0,16.0,1,rural,7,3,0.1,5.0,0.0,4.5,77.2,299.4,10.4,1358.6,64
2095,24174.0,2318.0,796.0,170.0,10.0,2.0,16.0,2,urban,7,5,0.2,8.0,0.0,2.0,76.5,209.7,11.6,1454.3,54
326,106944.0,3027.0,6139.0,73.0,0.0,7.0,12.0,1,urban,7,2,0.1,0.0,0.0,2.0,77.5,309.4,10.2,1470.4,55
604,1790.0,116.0,20.0,98.0,0.0,19.0,22.0,5,rural,6,2,0.1,0.0,0.0,1.0,83.2,1013.5,5.0,1441.9,29
5389,43094.0,946.0,3908.0,63.3,0.0,10.9,5.5,1,urban,2,5,0.1,0.8,0.0,2.0,,,,,14
1695,1909.0,72.0,235.0,84.4,0.0,4.0,8.0,5,rural,2,2,0.3,1.7,0.0,2.0,75.6,7.4,17.8,1255.4,71
4371,4159.0,0.0,0.0,192.0,0.0,6.0,3.0,4,urban,2,2,0.2,7.5,0.0,2.0,84.6,61.5,8.3,2488.0,8
4350,3070.0,60.0,40.0,200.0,0.0,4.0,19.0,5,urban,2,2,0.1,0.5,0.0,4.0,84.0,148.9,6.9,3145.3,16
3410,2600.0,44.0,26.0,290.7,0.0,4.0,13.0,6,urban,2,2,0.1,0.0,0.0,4.0,34.9,3.2,16.2,250.8,13
5012,7260.0,211.0,224.0,58.0,0.0,7.8,18.0,3,small urban,2,2,0.2,0.0,0.0,1.8,59.9,591.7,8.1,467.0,65
2094,24174.0,2318.0,796.0,149.0,10.0,2.0,16.0,2,urban,7,5,0.2,4.0,0.0,2.0,76.5,209.7,11.6,1454.3,54
4889,1910.0,47.0,308.0,68.7,0.0,3.3,19.0,3,rural,2,2,0.2,0.5,0.0,3.0,57.0,387.5,8.3,637.4,13
3966,2700.0,257.0,293.0,130.8,0.0,6.0,8.0,3,rural,2,2,0.6,19.8,0.0,2.0,73.7,16.7,16.4,1170.0,58
1288,1550.0,62.0,37.0,143.0,0.0,11.0,6.0,5,urban,2,3,0.2,0.0,0.0,3.5,69.9,1327.9,5.3,707.8,62
2154,1463.0,13.0,4.0,131.0,0.0,11.5,8.0,5,small urban,2,2,0.0,0.0,0.0,2.0,78.0,463.2,8.7,1363.9,115
3784,529.0,15.0,102.0,178.0,0.0,4.0,14.0,3,rural,2,2,0.2,4.0,0.0,4.0,65.4,704.9,8.2,648.1,25
2409,16956.0,820.0,4561.0,115.0,9.0,4.5,16.0,1,rural,7,5,0.2,0.0,0.0,4.5,75.8,313.1,10.3,1283.1,65
3534,28362.0,607.0,49.0,94.2,0.0,6.0,10.0,3,urban,6,2,0.1,0.8,0.0,2.0,74.7,164.3,12.4,1300.1,43
3989,1750.0,83.0,8.0,162.0,0.0,6.0,4.5,4,urban,2,5,0.4,21.3,0.0,2.0,73.6,10.7,17.2,1224.0,24
2829,24988.0,2275.0,6061.0,74.5,10.0,5.5,19.0,1,rural,7,3,0.1,7.2,0.0,5.5,77.2,299.4,10.4,1358.6,58
348,61680.0,1789.0,752.0,137.9,9.0,4.0,9.0,3,urban,7,2,0.2,1.3,0.0,3.0,77.4,183.7,11.8,1369.8,100
3162,60051.0,1776.0,1294.0,49.0,0.0,6.2,11.0,2,urban,6,3,0.1,0.0,0.0,1.8,86.7,10.3,10.0,1629.6,66
2463,17339.0,817.0,482.0,80.0,10.0,0.0,8.0,2,urban,3,2,0.0,0.0,0.0,10.0,79.0,516.1,8.1,1394.0,28
3551,109500.0,2535.0,1188.0,79.5,0.0,14.0,9.0,3,urban,6,3,0.1,0.0,0.0,4.5,76.7,0.0,22.3,1087.2,17
789,45000.0,1195.0,695.0,81.0,0.0,2.0,1.0,3,urban,6,3,0.1,0.0,0.0,1.0,77.1,0.0,22.8,1134.1,8
1626,2800.0,475.0,275.0,104.0,5.2,5.2,4.0,4,rural,7,3,0.1,0.0,0.0,2.0,74.0,199.5,13.0,1240.3,98
5753,20875.0,465.0,280.0,86.0,0.0,8.0,11.0,3,small urban,2,2,0.5,1.0,0.0,1.5,64.0,994.6,6.0,503.4,69
2753,121207.0,6098.0,5000.0,60.0,12.0,0.0,8.0,1,urban,3,2,0.0,0.0,0.0,12.0,77.3,280.3,10.6,1358.9,34
2287,32385.0,1477.0,1005.0,44.0,0.0,5.0,33.0,1,urban,2,5,0.2,30.0,0.0,2.5,78.1,387.4,9.0,1321.0,23
321,53685.0,0.0,0.0,119.7,0.0,3.0,12.0,1,urban,7,2,0.2,0.0,0.0,2.0,77.6,352.9,9.7,1347.0,49
871,1000.0,57.0,9.0,357.0,0.0,5.0,11.0,5,urban,6,2,0.2,11.0,0.0,1.5,77.8,330.7,9.9,1303.1,32
2765,18074.0,1041.0,3787.0,58.0,0.0,8.0,26.0,1,rural,2,5,0.1,0.0,0.0,6.5,76.2,296.0,10.5,1308.9,55
169,41000.0,1150.0,1890.0,50.5,0.0,10.0,8.0,2,urban,2,2,0.2,15.0,0.0,2.0,76.1,37.6,15.3,1328.6,41
3220,390.0,14.0,34.0,103.0,0.0,4.5,14.0,4,rural,6,2,0.1,0.3,0.0,1.5,46.7,279.0,8.7,349.3,61
2004,27480.0,2438.0,4178.0,75.0,10.0,4.5,18.0,1,rural,7,5,0.2,0.0,0.0,2.5,77.6,395.4,9.5,1362.7,60
4258,8000.0,250.0,130.0,91.5,0.0,3.0,18.0,3,rural,6,5,0.1,1.8,0.0,1.5,78.2,216.0,10.4,1435.3,16
2700,28098.0,1774.0,10614.0,44.3,13.0,6.0,43.0,1,rural,7,3,0.1,0.0,0.0,6.0,78.1,451.6,8.9,1382.0,26
1961,50925.0,4071.0,3956.0,58.0,10.0,7.0,21.0,1,urban,7,5,0.2,0.0,0.0,4.0,77.6,395.4,9.5,1362.7,55
5626,14997.0,328.0,476.0,54.0,0.0,3.0,6.0,4,urban,6,3,0.1,1.0,0.0,2.3,75.7,302.3,10.7,1258.5,95
1535,9345.0,275.0,503.0,206.0,4.0,4.0,4.0,3,rural,7,3,0.0,0.0,0.0,2.0,74.7,293.9,11.8,1194.4,61
2670,19981.0,1886.0,3330.0,31.0,10.0,7.0,8.0,1,rural,7,2,0.1,0.0,0.0,2.0,78.1,451.6,8.9,1382.0,58
4546,1300.0,44.0,109.0,75.0,0.0,6.0,7.0,5,rural,6,2,0.1,0.0,0.0,3.0,41.9,50.5,12.5,250.7,70
5270,8060.0,350.0,1510.0,53.8,9.0,3.0,8.0,1,rural,7,3,0.1,0.0,0.0,3.0,62.8,691.9,7.3,553.5,25
73,103000.0,1850.0,3290.0,107.0,11.5,0.0,12.0,1,urban,3,3,0.0,0.0,0.0,0.0,74.2,49.8,14.6,1219.1,32
420,12980.0,1116.0,143.0,126.7,0.0,6.0,25.0,4,urban,6,2,0.2,3.0,0.0,1.5,80.9,756.2,6.8,1362.0,36
4048,13500.0,423.0,1555.0,92.3,0.0,6.0,8.0,3,rural,2,2,0.5,20.2,0.0,2.0,74.5,8.7,17.5,1227.2,62
2167,23261.0,1353.0,14574.0,37.0,12.0,4.5,26.0,1,rural,7,5,0.1,0.0,0.0,4.5,77.3,415.3,9.1,1356.6,32
5532,13525.0,731.0,150.0,94.0,0.0,5.5,24.0,5,urban,6,2,0.2,10.0,0.0,1.0,81.0,695.3,7.1,1354.0,34
92,21000.0,690.0,1820.0,48.2,0.0,7.2,16.0,1,rural,2,3,0.1,0.4,0.0,3.0,78.3,22.7,16.2,1434.9,35
1877,12277.0,651.0,81.0,133.7,0.0,4.0,10.0,4,urban,2,5,0.1,0.3,0.0,2.0,77.2,299.4,10.4,1358.6,65
5297,13415.0,376.0,4172.0,104.9,0.0,7.5,12.0,1,small urban,6,2,0.2,1.1,0.0,3.0,66.3,3.7,18.7,835.5,73
1623,3450.0,340.0,80.0,110.0,5.2,5.2,4.0,4,urban,7,3,0.1,0.0,0.0,2.0,74.0,199.5,13.0,1240.3,93
3047,104409.0,2737.0,2691.0,218.5,9.0,3.5,16.0,1,urban,7,3,0.0,0.0,0.0,1.5,77.4,183.7,11.8,1369.8,40
4578,900.0,34.0,78.0,62.8,0.0,7.5,14.0,3,rural,6,3,0.1,0.5,0.0,3.5,46.7,279.0,8.7,349.3,41
4691,5600.0,345.0,88.0,107.0,9.0,5.0,11.0,3,rural,7,2,0.1,1.0,0.0,2.5,78.9,489.4,8.6,1569.7,48
3815,6401.0,321.0,639.0,84.0,0.0,8.0,9.0,3,rural,6,2,0.3,0.0,0.0,23.0,77.6,43.7,14.3,1302.9,19
3370,610.0,14.0,19.0,163.0,0.0,4.0,10.0,6,urban,2,2,0.1,0.0,0.0,4.0,57.1,226.3,8.0,716.8,41
3697,932.0,89.0,23.0,159.1,0.0,5.5,6.0,5,rural,2,2,0.1,1.4,0.0,2.5,80.8,20.2,10.5,1335.9,65
2218,45509.0,2777.0,13548.0,58.5,10.0,5.0,16.0,1,rural,7,3,0.2,0.0,0.0,4.0,76.2,292.1,10.6,1352.2,63
494,40000.0,1596.0,5208.0,56.0,8.0,6.0,12.0,1,urban,7,2,0.1,0.0,0.0,2.5,74.1,11.3,11.0,860.5,64
4490,20400.0,759.0,304.0,305.0,0.0,3.4,6.0,3,urban,2,2,0.4,6.3,0.0,2.5,82.7,44.3,9.6,1629.7,37
2900,33367.0,3716.0,8199.0,140.0,9.0,8.0,15.0,1,urban,7,3,0.2,2.0,0.0,4.0,76.2,315.7,10.5,1319.7,66
4626,30200.0,1539.0,1154.0,91.2,9.0,3.0,9.0,2,urban,7,2,0.2,12.0,0.0,3.5,78.9,489.4,8.6,1569.7,61
1270,2550.0,80.0,325.0,40.0,4.0,4.0,4.0,3,rural,7,3,0.1,0.0,0.0,2.0,75.0,146.6,13.7,1254.8,92
5756,5510.0,645.0,1130.0,38.4,0.0,12.0,15.0,3,rural,2,2,0.1,2.4,0.0,6.0,65.8,1015.3,6.0,539.9,20
2759,31711.0,2927.0,9583.0,65.0,0.0,4.0,29.0,1,rural,2,5,0.2,0.0,0.0,21.0,76.2,296.0,10.5,1308.9,21
4789,10000.0,351.0,151.0,143.0,0.0,10.0,6.0,5,urban,6,3,0.1,0.0,0.0,2.5,77.6,254.6,10.4,1398.8,15
618,6200.0,192.0,1282.0,62.0,0.0,11.5,16.0,3,small urban,6,2,0.4,0.0,0.0,5.0,70.9,196.8,7.4,898.9,56
4962,3821.0,156.0,776.0,76.3,0.0,5.0,21.4,1,rural,2,2,0.3,2.9,0.0,2.4,70.1,821.4,4.1,548.7,19
2480,60062.0,3497.0,8721.0,129.0,0.0,5.5,12.0,1,urban,2,2,0.2,14.0,0.0,2.0,79.0,516.1,8.1,1394.0,39
2380,48394.0,1436.0,13819.0,42.0,10.0,4.0,16.0,1,rural,7,3,0.1,0.0,0.0,4.0,76.2,292.1,10.6,1352.2,63
2943,62203.0,3671.0,4541.0,84.0,12.0,5.0,20.0,1,urban,7,2,0.1,0.0,0.0,5.0,76.2,315.7,10.5,1319.7,31
4577,1200.0,42.0,106.0,59.6,0.0,7.5,14.0,3,rural,6,3,0.1,0.0,0.0,3.5,46.7,279.0,8.7,349.3,41
1413,3600.0,183.0,34.0,135.0,0.0,4.0,12.0,4,urban,2,2,0.1,0.0,0.0,1.5,78.2,130.1,11.5,1379.0,27
3010,51857.0,2005.0,5472.0,66.0,0.0,4.0,36.0,1,urban,2,5,0.1,0.0,0.0,18.0,75.9,251.0,11.1,1287.3,19
4325,3646.0,36.0,47.0,178.5,0.0,3.2,2.0,4,urban,2,2,0.2,9.3,0.0,2.0,84.0,25.0,9.4,1628.8,37
869,4854.0,44.0,180.0,145.7,0.0,6.0,26.0,3,small urban,2,2,0.1,4.0,0.0,2.0,64.3,596.4,9.0,593.4,64
2006,27480.0,2438.0,4178.0,71.0,10.0,4.5,18.0,1,rural,7,5,0.2,0.0,0.0,2.5,77.6,395.4,9.5,1362.7,60
4567,200.0,7.0,18.0,137.1,0.0,4.5,7.0,5,rural,6,2,0.1,0.2,0.0,2.0,41.9,50.5,12.5,250.7,67
356,61355.0,1822.0,2473.0,42.8,0.0,12.0,10.0,1,urban,2,2,0.1,0.0,0.0,1.0,77.5,246.4,10.9,1398.2,53
1162,48733.0,2096.0,5897.0,55.5,0.0,9.0,28.0,1,rural,6,2,0.4,0.2,0.0,2.0,80.9,756.2,6.8,1362.0,23
4400,1897.0,118.0,4.0,159.5,0.0,6.0,7.0,4,urban,2,2,0.2,0.0,0.0,2.0,69.7,269.2,8.3,666.7,9
3398,54772.0,2016.0,477.0,120.0,7.0,13.5,2.5,3,urban,7,3,0.2,0.0,0.0,1.5,75.0,135.7,12.8,1354.6,86
5716,3472.0,31.0,31.0,119.0,0.0,10.0,6.0,4,urban,6,3,0.1,1.0,0.0,2.0,75.8,280.2,11.5,1194.5,75
1890,28889.0,392.0,87.0,134.0,9.0,6.5,9.0,3,urban,7,5,0.2,1.0,0.0,2.5,76.3,364.6,9.7,1122.7,97
579,16337.0,376.0,490.0,189.0,0.0,6.0,23.0,4,urban,6,2,0.2,3.0,0.0,1.5,80.9,756.2,6.8,1362.0,36
5622,1612.0,89.0,362.0,109.1,0.0,10.0,6.0,4,rural,6,3,0.2,6.5,0.0,2.0,77.2,398.8,9.5,1224.1,95
1691,23931.0,522.0,547.0,65.0,4.0,4.0,4.0,4,urban,7,3,0.1,0.0,0.0,2.0,74.5,388.4,10.9,1050.2,60
862,1798.0,40.0,131.0,80.0,0.0,7.0,18.0,3,rural,2,2,0.1,0.0,0.0,3.0,59.8,395.7,10.0,573.9,70
3739,39222.0,1683.0,7170.0,90.5,9.0,8.5,6.0,1,rural,7,2,0.2,0.0,0.0,3.0,75.5,224.4,11.6,1318.4,60
4060,16000.0,3200.0,320.0,142.3,0.0,8.0,6.0,3,urban,2,5,0.4,19.0,0.0,2.0,74.8,41.0,14.4,1427.3,50
5670,29176.0,431.0,109.0,146.7,0.0,10.0,6.0,4,urban,6,3,0.2,1.7,0.0,1.3,77.2,289.2,10.1,1183.5,95
1116,17450.0,977.0,471.0,241.0,0.0,6.0,25.0,4,rural,6,2,0.3,15.0,0.0,1.5,81.4,462.0,8.1,1373.9,32
1541,9762.0,285.0,280.0,75.5,0.0,10.5,12.0,3,urban,6,2,0.2,0.0,0.0,2.0,77.2,144.1,12.5,1372.0,57
4148,24744.0,1530.0,252.0,61.2,0.0,10.0,12.0,2,urban,2,2,0.4,23.0,0.0,2.0,73.8,27.5,15.5,1206.3,15
4643,8700.0,148.0,156.0,154.0,0.0,11.0,19.0,3,rural,6,5,0.2,26.0,0.0,2.5,77.6,254.6,10.4,1398.8,55
5792,11941.0,287.0,370.0,137.3,0.0,6.0,12.0,3,small urban,2,2,0.2,0.0,0.0,1.5,66.3,5.0,19.1,880.0,38
4040,1794.0,176.0,58.0,104.0,0.0,3.2,4.0,4,small urban,2,2,0.1,1.0,0.0,2.0,82.2,10.5,10.3,1177.5,37
5123,1528.0,37.0,9.0,66.0,0.0,3.0,11.4,5,small urban,2,2,0.1,1.0,0.0,3.0,67.7,832.0,3.6,546.0,43
5138,7478.0,443.0,12.0,158.8,0.0,10.0,6.0,4,urban,6,3,0.1,1.0,0.0,2.0,75.8,280.2,11.5,1194.5,75
5705,79408.0,4288.0,873.0,39.3,0.0,5.5,36.0,1,rural,6,2,0.2,0.6,0.0,3.0,81.9,776.7,6.5,1396.5,63
2503,1970.0,57.0,1.0,232.0,0.0,3.5,11.0,5,urban,2,5,0.0,0.0,0.0,2.0,79.0,516.1,8.1,1394.0,20
5533,13525.0,731.0,150.0,72.1,0.0,3.0,36.0,3,urban,6,2,0.2,13.1,0.0,1.0,79.2,482.5,8.5,1306.4,29
2275,13283.0,317.0,81.0,91.5,9.0,8.0,9.0,3,urban,7,3,0.3,0.5,0.0,2.0,78.1,387.4,9.0,1321.0,84
5563,384.0,11.0,56.0,100.9,0.0,5.0,7.0,3,rural,2,2,0.1,0.6,0.0,2.0,69.1,1311.6,5.0,653.4,67
2052,23580.0,1000.0,7694.0,70.0,10.0,4.0,21.0,1,rural,7,5,0.2,0.0,0.0,7.5,77.6,459.1,8.7,1412.2,57
1776,86262.0,1614.0,1836.0,51.5,10.0,4.0,16.0,1,urban,7,5,0.1,3.5,0.0,4.5,76.3,330.1,10.3,1280.2,75
3050,198738.0,4836.0,4320.0,149.0,10.0,1.5,16.0,1,urban,7,3,0.2,0.0,0.0,1.5,77.4,183.7,11.8,1369.8,58
4153,334.0,21.0,2.0,171.0,0.0,6.0,4.5,5,urban,2,5,0.2,3.0,0.0,2.0,73.8,27.5,15.5,1206.3,54
1592,17800.0,457.0,1075.0,101.0,0.0,6.0,4.5,4,urban,2,5,0.5,16.4,0.0,2.0,77.2,2.5,18.8,1379.2,28
1723,18589.0,911.0,224.0,173.0,5.5,5.5,4.0,3,urban,7,3,0.1,5.0,0.0,2.0,75.3,321.4,11.2,1195.7,119
4536,13000.0,754.0,520.0,59.0,0.0,2.0,8.0,2,urban,2,2,0.1,1.0,0.0,0.0,73.1,0.0,25.3,1154.8,19
5129,1425.0,81.0,10.0,256.0,0.0,4.8,6.0,4,small urban,2,2,0.2,0.0,0.0,4.8,60.8,577.5,7.3,442.2,12
490,43100.0,1720.0,5612.0,70.0,0.0,15.0,11.0,1,urban,2,2,0.2,7.0,0.0,0.0,74.1,11.3,11.0,860.5,16
5687,14662.0,507.0,3504.0,53.9,0.0,14.0,6.0,3,rural,6,3,0.1,1.2,0.0,1.5,75.4,373.5,10.2,1169.5,40
1006,28500.0,1796.0,1910.0,78.7,8.0,4.5,16.0,2,rural,7,2,0.2,0.0,0.0,4.5,75.7,906.1,7.1,1007.5,64
2937,64817.0,4844.0,4312.0,64.0,13.0,5.0,10.0,1,urban,7,2,0.1,0.0,0.0,5.0,76.2,315.7,10.5,1319.7,31
3722,2988.0,151.0,17.0,255.0,0.0,6.5,4.0,4,urban,2,2,0.1,2.0,0.0,2.0,80.8,20.2,10.5,1335.9,65
1417,5200.0,351.0,292.0,97.8,0.0,6.0,8.0,3,rural,2,2,0.6,10.5,0.0,2.0,74.5,8.7,17.5,1227.2,48
25,11524.0,300.0,426.0,192.0,0.0,6.0,6.0,3,urban,2,2,0.2,0.0,0.0,0.0,78.8,295.2,9.0,1060.7,9
1113,1900.0,150.0,20.0,108.0,5.5,5.5,4.0,5,small urban,7,3,0.0,0.0,0.0,2.0,75.8,281.8,11.8,1247.3,57
3378,7400.0,181.0,569.0,70.7,0.0,9.0,16.0,3,rural,6,3,0.0,0.0,0.0,3.0,34.9,3.2,16.2,250.8,14
1552,18576.0,988.0,725.0,112.0,5.5,5.5,4.0,3,urban,7,3,0.1,0.0,0.0,2.0,74.6,437.9,10.5,1053.5,88
4955,3122.0,100.0,534.0,53.4,0.0,7.2,10.9,1,rural,2,2,0.1,1.2,0.0,2.4,65.6,723.5,4.9,601.7,38
5798,13556.0,298.0,190.0,90.5,0.0,6.0,12.0,3,urban,6,2,0.1,0.0,0.0,1.5,67.6,1.1,20.3,894.7,50
433,4998.0,300.0,170.0,96.7,0.0,7.0,21.0,4,rural,2,2,0.2,1.3,0.0,1.2,83.1,670.6,6.5,1484.0,15
5681,14115.0,360.0,344.0,104.5,0.0,3.0,6.0,3,urban,6,2,0.1,1.0,0.0,1.5,76.5,393.3,9.8,1269.4,95
2619,27396.0,1140.0,580.0,125.0,9.0,7.5,9.0,3,urban,7,3,0.3,7.0,0.0,2.0,77.7,393.9,9.3,1382.1,84
3749,79202.0,4729.0,17599.0,61.0,0.0,12.5,13.0,1,urban,6,3,0.3,0.0,0.0,1.5,75.5,224.4,11.6,1318.4,59
4986,5979.0,280.0,55.0,75.0,0.0,3.6,23.0,4,rural,2,2,0.2,0.0,0.0,3.6,77.8,935.5,3.8,740.0,14
3648,453.0,27.0,9.0,208.5,0.0,3.0,12.0,5,small urban,6,2,0.2,2.0,0.0,3.0,87.4,5.8,9.2,2187.5,37
3680,11726.0,903.0,152.0,140.6,0.0,9.0,22.0,5,urban,6,2,0.2,0.6,0.0,1.5,81.8,815.0,6.3,1323.6,34
4304,13200.0,355.0,146.0,73.0,0.0,1.0,8.0,4,urban,2,2,0.1,0.0,0.0,1.0,78.6,0.7,19.9,1311.2,48
2819,24988.0,2275.0,6061.0,74.0,10.0,5.5,19.0,1,rural,7,3,0.1,0.0,0.0,5.5,77.2,299.4,10.4,1358.6,58
3856,9600.0,273.0,130.0,163.8,0.0,6.0,4.5,5,urban,2,5,0.2,31.5,0.0,2.0,74.8,41.0,14.4,1427.3,16
1102,2649.0,184.0,306.0,100.0,4.0,4.0,4.0,3,rural,7,3,0.1,0.0,0.0,2.0,74.9,333.5,11.3,1121.7,95
2827,24988.0,2275.0,6061.0,83.8,10.0,5.5,19.0,1,rural,7,3,0.1,0.0,0.0,5.5,77.2,299.4,10.4,1358.6,58
5794,2380.0,107.0,388.0,105.5,0.0,6.0,10.0,3,rural,6,2,0.1,0.0,0.0,3.0,73.2,16.2,17.9,1284.0,59
194,29000.0,1230.0,3080.0,54.6,0.0,7.0,8.0,2,rural,2,2,0.1,0.1,0.0,1.5,73.6,37.4,14.9,1257.3,27
615,17400.0,3089.0,1502.0,90.0,0.0,5.0,9.0,3,small urban,6,5,0.5,0.0,0.0,4.0,70.3,169.2,7.3,532.3,34
643,74529.0,3405.0,7416.0,61.5,9.0,5.8,9.0,1,urban,7,2,0.3,0.0,0.0,1.8,80.8,20.2,10.5,1335.9,70
4041,52500.0,1733.0,6458.0,63.9,0.0,8.0,16.0,1,rural,2,2,0.2,7.1,0.0,4.0,74.5,8.7,17.5,1227.2,29
2276,14199.0,511.0,146.0,83.0,9.0,2.0,14.0,4,urban,7,3,0.1,0.0,0.0,2.0,78.1,387.4,9.0,1321.0,125
4903,1039.0,51.0,75.0,76.0,0.0,2.0,21.0,4,rural,2,2,0.2,2.6,0.0,1.5,76.8,722.0,4.4,1027.7,73
330,150190.0,4025.0,6458.0,80.5,0.0,12.5,7.0,1,urban,2,2,0.0,0.0,0.0,5.0,77.5,246.4,10.9,1398.2,11
3491,9965.0,549.0,275.0,120.5,0.0,3.0,6.0,3,urban,6,2,0.1,0.0,0.0,3.0,59.1,62.4,12.3,438.0,14
5614,23231.0,725.0,230.0,114.0,0.0,12.0,2.0,3,urban,2,2,0.2,0.0,0.0,3.0,66.1,980.8,6.4,611.0,43
3082,27801.0,1368.0,2569.0,73.7,0.0,12.0,13.0,2,small urban,6,3,0.1,0.0,0.0,1.5,75.5,224.4,11.6,1318.4,54
483,3147.0,173.0,53.0,66.0,0.0,7.0,22.0,4,rural,6,2,0.2,0.8,0.0,1.5,81.2,846.6,6.4,1370.8,15
4586,19600.0,1121.0,367.0,177.0,8.0,4.0,10.0,3,urban,7,2,0.2,1.5,0.0,2.8,78.2,130.1,11.5,1379.0,63
4002,25600.0,3328.0,1536.0,82.1,0.0,6.0,8.0,3,rural,2,2,0.3,6.0,0.0,2.0,77.1,9.5,17.4,1306.2,31
2059,23580.0,1000.0,7694.0,88.0,10.0,4.0,21.0,1,rural,7,5,0.2,0.0,0.0,9.0,77.6,459.1,8.7,1412.2,57
3649,3829.0,114.0,57.0,172.0,0.0,2.0,12.0,4,small urban,2,2,0.2,0.0,0.0,2.0,87.4,5.8,9.2,2187.5,37
32,17560.0,439.0,4384.0,74.2,11.0,0.0,16.0,1,urban,3,2,0.0,0.0,0.1,0.0,76.8,451.3,9.1,1145.8,11
3881,475.0,17.0,13.0,376.0,0.0,6.0,4.5,5,small urban,2,5,0.6,3.0,0.0,2.0,73.9,11.6,17.0,1226.7,15
4563,9200.0,1402.0,1938.0,55.8,0.0,5.0,10.0,3,rural,2,2,0.1,1.0,0.0,0.0,76.8,0.0,22.3,1219.3,17
3257,2100.0,73.0,182.0,56.0,0.0,3.0,24.0,4,rural,6,5,0.0,1.0,0.0,3.0,55.2,175.0,8.7,426.6,93
1444,4913.0,295.0,123.0,191.8,0.0,8.0,22.0,5,urban,2,2,0.2,6.5,0.0,1.0,80.9,756.2,6.8,1362.0,24
2316,28084.0,1031.0,7639.0,71.0,10.0,3.5,25.0,1,rural,7,5,0.2,0.0,0.0,3.5,78.1,387.4,9.0,1321.0,66
5655,1351.0,26.0,297.0,155.0,0.0,6.0,8.0,3,small urban,6,2,0.1,3.0,0.0,1.5,61.0,22.3,17.7,721.4,47
1705,13588.0,530.0,2631.0,68.2,0.0,7.4,5.8,1,rural,6,3,0.3,4.4,0.0,1.8,64.8,185.7,9.3,496.9,53
2233,65144.0,1655.0,16665.0,74.5,13.0,0.0,22.0,1,urban,3,2,0.0,0.0,0.0,13.0,76.2,292.1,10.6,1352.2,32
2406,16160.0,658.0,4913.0,40.0,0.0,6.5,18.0,1,rural,2,2,0.2,0.0,0.0,4.5,75.8,313.1,10.3,1283.1,71
3809,19820.0,633.0,74.0,171.0,6.5,9.0,2.0,3,small urban,7,3,0.4,7.0,0.0,3.0,77.6,43.7,14.3,1302.9,60
1401,750.0,30.0,18.0,362.0,0.0,5.0,6.0,6,urban,2,2,0.1,0.0,0.0,0.0,72.6,855.2,7.7,1008.6,13
3123,6500.0,110.0,64.0,183.0,0.0,4.0,10.0,4,urban,2,2,0.1,0.0,0.0,4.0,34.9,3.2,16.2,250.8,27
170,37000.0,1360.0,2320.0,50.7,0.0,10.2,8.0,2,urban,2,2,0.2,29.0,0.0,2.0,76.1,37.6,15.3,1328.6,41
540,741.0,31.0,64.0,149.7,0.0,5.0,17.0,5,rural,2,2,0.2,0.0,0.0,1.0,83.2,1013.5,5.0,1441.9,8
4071,5500.0,414.0,80.0,102.0,0.0,6.0,4.5,5,urban,2,5,0.3,0.0,0.0,2.0,74.8,41.0,14.4,1427.3,85
5436,40869.0,964.0,343.0,63.5,0.0,8.1,2.9,4,urban,2,5,0.1,0.0,0.0,1.6,74.6,89.5,13.7,1244.3,17
2600,63307.0,3119.0,7145.0,86.0,0.0,7.5,12.0,1,urban,2,2,0.3,1.5,0.0,2.0,77.7,393.9,9.3,1382.1,59
2534,13063.0,884.0,553.0,117.0,0.0,14.5,8.0,3,urban,2,2,0.2,10.0,0.0,2.0,77.3,280.3,10.6,1358.9,84
674,10000.0,369.0,4030.0,40.6,0.0,13.0,22.0,1,rural,6,2,0.1,0.0,0.0,2.0,64.8,393.4,6.7,468.4,54
5089,516.0,20.0,32.0,156.0,0.0,6.8,13.0,4,urban,2,2,0.6,0.0,0.0,6.8,61.3,498.0,6.9,554.1,50
3001,50928.0,3602.0,8451.0,93.0,10.0,4.0,16.0,1,rural,7,5,0.3,22.0,0.0,2.0,75.9,251.0,11.1,1287.3,67
1815,13493.0,818.0,1577.0,55.5,10.0,4.0,20.0,1,rural,7,5,0.1,0.5,0.0,4.0,76.8,377.6,9.5,1302.6,49
3544,2800.0,60.0,60.0,255.0,0.0,2.0,7.0,5,urban,2,2,0.1,0.0,0.0,2.0,77.8,330.7,9.9,1303.1,36
2100,5601.0,369.0,40.0,138.0,0.0,7.0,3.0,5,urban,2,2,0.2,2.0,0.0,1.5,76.5,209.7,11.6,1454.3,95
2916,28250.0,1834.0,4857.0,59.0,9.0,3.5,15.0,1,urban,7,3,0.0,0.0,0.0,4.0,76.2,315.7,10.5,1319.7,64
4885,636.0,38.0,80.0,105.2,0.0,8.8,18.0,4,rural,2,2,0.1,0.2,0.0,1.8,60.2,569.5,7.9,559.0,57
2101,11604.0,893.0,267.0,105.7,7.0,4.0,7.0,4,urban,7,3,0.2,11.3,0.0,1.5,76.5,209.7,11.6,1454.3,97
4912,11711.0,154.0,132.0,55.1,0.0,4.7,9.8,3,rural,2,2,0.3,0.8,0.0,4.7,72.2,1021.2,2.8,812.6,13
2615,55177.0,1413.0,797.0,77.0,0.0,5.5,18.0,2,urban,2,5,0.2,20.0,0.0,2.0,77.7,393.9,9.3,1382.1,34
1548,10900.0,426.0,588.0,58.2,0.0,2.0,8.0,3,rural,6,2,0.1,0.0,0.0,1.5,77.8,0.0,23.1,1223.5,9
2225,63093.0,3521.0,16637.0,137.0,10.0,4.5,18.0,1,urban,7,5,0.1,1.0,0.0,4.0,76.2,292.1,10.6,1352.2,63
355,91133.0,2442.0,3919.0,84.0,0.0,9.0,12.0,1,urban,2,2,0.1,16.0,0.0,2.0,77.5,246.4,10.9,1398.2,38
2328,36146.0,1889.0,8894.0,58.3,13.0,1.0,23.0,1,urban,7,3,0.3,0.0,0.0,13.0,78.1,387.4,9.0,1321.0,26
4126,47736.0,1194.0,2053.0,56.7,0.0,13.0,10.0,1,urban,2,5,0.0,0.3,0.0,2.0,73.8,27.5,15.5,1206.3,26
3166,4000.0,233.0,39.0,141.5,0.0,6.0,3.0,5,urban,6,5,0.1,0.0,0.0,2.0,78.2,130.1,11.5,1379.0,58
5668,6780.0,132.0,91.0,67.0,0.0,3.0,6.0,4,urban,6,3,0.1,1.0,0.0,1.5,77.2,289.2,10.1,1183.5,95
4125,10949.0,228.0,123.0,116.7,0.0,3.0,12.0,4,urban,6,2,0.2,0.7,0.0,3.0,83.1,56.9,8.5,2080.8,37
1051,2100.0,396.0,159.0,63.5,0.0,4.0,12.0,3,rural,6,2,0.3,0.0,0.0,3.0,68.6,264.3,6.8,551.6,49
3319,55000.0,2771.0,1299.0,45.8,0.0,2.0,8.0,3,urban,6,2,0.1,1.0,0.0,1.5,77.8,0.0,23.3,1122.2,11
4025,2500.0,142.0,129.0,209.9,0.0,6.0,8.0,3,rural,2,2,0.4,22.6,0.0,2.0,73.9,11.6,17.0,1226.7,58
1751,1604.0,93.0,169.0,77.0,5.5,5.5,4.0,4,rural,7,3,0.1,5.0,0.0,2.0,75.0,173.3,13.4,1290.5,95
2298,9424.0,575.0,1516.0,76.0,11.0,3.5,21.0,1,rural,7,5,0.2,0.0,0.0,3.5,78.1,387.4,9.0,1321.0,38
1772,83198.0,3508.0,2275.0,96.0,10.0,4.5,24.0,1,urban,7,5,0.1,0.0,0.0,4.5,76.3,330.1,10.3,1280.2,75
1196,27563.0,679.0,253.0,158.5,0.0,5.0,6.0,3,small urban,6,2,0.2,1.0,0.0,3.0,72.9,996.8,7.0,1113.8,39
1878,7317.0,517.0,50.0,73.0,0.0,9.0,10.0,4,urban,2,2,0.2,2.5,0.0,2.5,77.2,299.4,10.4,1358.6,75
2016,2672.0,367.0,135.0,69.5,9.0,7.0,9.0,4,rural,7,3,0.0,1.0,0.0,2.0,78.7,542.1,7.9,1294.6,79
2005,27480.0,2438.0,4178.0,80.0,10.0,4.5,18.0,1,rural,7,5,0.2,0.0,0.0,2.5,77.6,395.4,9.5,1362.7,60
3806,3320.0,58.0,6.0,145.0,0.0,3.0,21.0,5,rural,6,5,0.2,0.0,0.0,1.5,78.2,216.0,10.4,1435.3,20
1482,17200.0,950.0,325.0,90.0,5.5,5.5,4.0,3,urban,7,3,0.1,0.0,0.0,2.0,73.7,245.5,12.5,1221.6,104
328,40195.0,1093.0,1753.0,90.1,0.0,12.5,7.0,1,urban,2,2,0.1,1.1,0.0,2.0,77.4,183.7,11.8,1369.8,51
648,52396.0,3290.0,8179.0,66.4,9.0,4.8,4.8,1,rural,7,3,0.2,1.2,0.0,4.8,82.9,36.1,9.4,2206.8,49
5245,73868.0,3989.0,813.0,41.1,0.0,5.5,36.0,1,urban,6,2,0.2,2.8,0.0,1.5,79.2,482.5,8.5,1306.4,11
1123,700.0,115.0,140.0,83.7,0.0,5.0,3.5,4,rural,6,5,0.1,4.3,0.0,1.5,61.6,147.0,13.4,629.1,90
2589,63307.0,3119.0,7145.0,102.0,0.0,5.5,12.0,1,urban,2,2,0.1,0.0,0.0,2.0,77.7,393.9,9.3,1382.1,59
4556,260.0,7.0,18.0,112.2,0.0,4.5,10.0,5,rural,6,2,0.1,0.0,0.0,2.0,41.9,50.5,12.5,250.7,66
2662,24955.0,1759.0,3587.0,37.0,10.0,4.0,8.0,1,rural,7,2,0.1,0.0,0.0,2.0,78.1,451.6,8.9,1382.0,60
2945,68296.0,6405.0,6389.0,120.0,12.0,0.0,12.0,1,urban,3,2,0.0,0.0,0.0,12.0,76.2,315.7,10.5,1319.7,28
5184,3943.0,52.0,9.0,84.0,0.0,10.0,6.0,5,urban,6,3,0.2,16.0,0.0,2.0,74.8,388.0,10.1,1082.3,75
1259,2500.0,412.0,586.0,102.5,0.0,6.9,20.7,3,rural,6,2,0.3,0.0,0.0,2.5,83.7,0.0,11.4,1337.9,59
5405,56298.0,1250.0,13225.0,67.8,0.0,12.7,7.8,1,rural,2,5,0.1,1.4,0.0,2.0,76.8,222.2,10.6,1350.7,25
4628,33800.0,433.0,373.0,105.0,9.0,3.0,9.0,2,urban,7,2,0.1,0.0,0.0,2.5,78.9,489.4,8.6,1569.7,61
5158,5946.0,192.0,481.0,102.3,0.0,10.0,6.0,4,urban,6,3,0.3,1.3,0.0,2.0,75.6,317.4,10.8,1179.5,75
1519,11600.0,593.0,217.0,224.0,0.0,5.0,7.0,4,urban,6,2,0.2,4.0,0.0,1.5,77.8,330.7,9.9,1303.1,72
1378,12228.0,350.0,230.0,192.5,5.5,5.5,4.0,3,small urban,7,3,0.2,84.5,0.0,2.0,75.4,481.3,9.9,1081.5,46
4229,21300.0,1433.0,1095.0,127.7,0.0,8.0,6.0,3,urban,2,5,0.2,3.0,0.0,2.0,73.1,25.0,15.8,1161.8,48
1023,7468.0,625.0,788.0,80.1,9.0,0.0,4.0,2,small urban,3,2,0.0,2.4,0.0,0.0,70.9,957.0,7.2,999.2,24
2685,18087.0,1571.0,4010.0,37.5,10.0,6.5,18.0,1,rural,7,3,0.1,0.0,0.0,2.0,78.1,451.6,8.9,1382.0,57
5775,18681.0,495.0,182.0,158.0,10.0,0.0,20.0,3,urban,3,2,0.0,0.0,0.0,0.0,69.0,1122.7,6.1,696.1,17
2407,16160.0,658.0,4913.0,61.0,0.0,6.5,18.0,1,rural,2,2,0.2,0.0,0.0,4.5,75.8,313.1,10.3,1283.1,71
912,20400.0,1550.0,750.0,210.0,5.0,5.0,4.0,4,urban,7,3,0.1,0.0,0.0,2.0,75.8,525.0,9.4,1081.6,81
5796,761.0,66.0,177.0,141.4,0.0,6.0,10.0,3,rural,2,2,0.1,0.0,0.0,3.0,55.3,1.2,20.3,539.7,36
1675,12900.0,470.0,1110.0,101.5,9.0,0.0,4.0,2,rural,3,3,0.0,0.0,0.0,0.0,67.1,133.0,14.0,845.5,31
1746,2200.0,89.0,118.0,170.9,0.0,3.5,11.0,6,urban,6,2,0.1,2.1,0.0,1.5,78.2,130.1,11.5,1379.0,75
4698,10500.0,610.0,200.0,119.0,9.0,7.0,14.0,3,urban,7,2,0.2,8.0,0.0,2.5,78.9,489.4,8.6,1569.7,49
1736,875.0,40.0,280.0,62.3,0.0,9.5,6.0,3,rural,6,3,0.1,0.8,0.0,1.5,63.4,263.9,11.8,807.8,68
1629,2750.0,475.0,160.0,131.0,5.2,5.2,4.0,4,rural,7,3,0.2,0.0,0.0,2.0,74.0,199.5,13.0,1240.3,71
3932,3478.0,130.0,40.0,49.7,0.0,3.0,8.0,3,rural,6,5,0.1,0.0,0.0,2.0,78.2,216.0,10.4,1435.3,10
430,11882.0,535.0,190.0,181.8,0.0,6.0,27.0,3,small urban,6,2,0.3,5.2,0.0,1.5,83.4,216.1,7.8,1441.1,36
1808,17821.0,1335.0,1829.0,47.0,10.0,5.5,20.0,1,rural,7,5,0.2,0.0,0.0,5.5,76.8,377.6,9.5,1302.6,54
4509,597.0,10.0,0.0,162.5,0.0,6.0,6.0,5,urban,2,2,0.1,19.0,0.0,6.0,79.3,351.1,5.4,1016.7,9
3985,16900.0,766.0,2479.0,115.1,0.0,6.0,4.5,4,urban,2,5,0.1,3.7,0.0,2.0,73.6,10.7,17.2,1224.0,85
4075,1495.0,45.0,30.0,136.5,0.0,2.0,2.0,5,urban,2,3,0.0,0.0,0.0,0.0,72.3,244.0,12.6,1065.9,21
3252,700.0,24.0,61.0,219.2,0.0,4.0,12.0,6,urban,2,2,0.1,0.0,0.0,4.0,44.6,76.5,10.9,231.4,21
5726,5400.0,291.0,59.0,171.5,0.0,6.0,24.0,3,small urban,6,2,0.4,4.5,0.0,1.0,84.1,1098.9,4.4,1333.3,43
2222,46367.0,2326.0,14762.0,128.0,10.0,6.0,16.0,1,rural,7,5,0.2,0.0,0.0,5.5,76.2,292.1,10.6,1352.2,63
4898,12001.0,345.0,369.0,74.0,0.0,10.7,18.0,3,small urban,2,2,0.2,0.0,0.0,4.7,73.8,798.8,4.8,709.3,19
3013,65708.0,2557.0,5998.0,92.3,10.0,4.5,16.0,1,urban,7,3,0.1,10.0,0.0,2.5,75.9,251.0,11.1,1287.3,67
5596,479.0,41.0,71.0,71.3,0.0,9.0,9.0,4,rural,2,2,0.2,0.0,0.0,3.0,69.1,1311.6,5.0,653.4,56
3402,2400.0,126.0,104.0,129.9,0.0,6.0,8.0,3,rural,2,2,0.3,7.7,0.0,2.0,73.4,14.6,16.9,1259.3,14
5149,4511.0,56.0,7.0,205.3,0.0,10.0,6.0,5,urban,6,3,0.1,2.7,0.0,2.0,77.2,289.2,10.1,1183.5,75
1995,29736.0,2982.0,4240.0,71.0,10.0,4.5,18.0,1,rural,7,5,0.2,0.0,0.0,2.5,77.6,395.4,9.5,1362.7,60
2966,32790.0,2257.0,4580.0,99.0,0.0,10.5,18.0,1,urban,2,2,0.1,0.0,0.0,2.0,77.2,390.2,9.5,1399.2,70
2224,63093.0,3521.0,16637.0,137.0,10.0,4.5,18.0,1,urban,7,5,0.1,1.0,0.0,4.0,76.2,292.1,10.6,1352.2,63
1106,18200.0,900.0,2820.0,122.7,12.0,0.0,6.0,1,rural,3,2,0.0,1.8,0.0,0.0,68.1,229.3,12.8,954.0,66
3793,24012.0,1559.0,1360.0,54.6,0.0,17.0,4.0,2,urban,6,3,0.2,10.3,0.0,3.5,77.2,90.4,13.6,1329.9,44
818,22943.0,619.0,367.0,76.7,0.0,6.0,22.0,4,urban,6,2,0.1,0.3,0.0,1.2,81.4,462.0,8.1,1373.9,21
3803,33500.0,2405.0,2405.0,81.2,0.0,8.0,6.0,3,small urban,2,5,0.3,0.0,0.0,2.0,77.6,3.1,18.5,1383.8,39
4901,35331.0,405.0,149.0,164.0,0.0,9.0,12.0,3,small urban,2,2,0.7,10.0,0.0,9.0,73.8,798.8,4.8,709.3,28
1697,5500.0,164.0,629.0,100.1,0.0,6.0,8.0,3,rural,2,2,0.3,5.0,0.0,2.0,75.6,7.4,17.8,1255.4,16
2369,50213.0,1630.0,14355.0,64.0,10.0,4.0,16.0,1,urban,7,3,0.2,0.0,0.0,2.0,76.2,292.1,10.6,1352.2,65
136,22000.0,990.0,1200.0,60.2,0.0,5.0,8.0,1,urban,2,2,0.2,0.4,0.0,0.0,77.6,13.6,17.0,1484.3,20
4386,5785.0,296.0,6.0,145.7,0.0,6.0,9.0,4,urban,2,2,0.2,0.0,0.0,6.0,69.7,269.2,8.3,666.7,16
2924,35415.0,2937.0,4897.0,140.0,13.0,0.0,8.0,1,urban,3,2,0.0,0.0,0.0,13.0,76.2,315.7,10.5,1319.7,33
5141,816.0,26.0,66.0,160.7,0.0,10.0,6.0,6,urban,6,3,0.1,14.0,0.0,2.0,75.8,332.0,10.7,1187.0,75
1180,30525.0,452.0,71.0,113.1,8.0,4.6,5.6,3,urban,7,2,0.2,0.0,0.0,3.8,72.9,996.8,7.0,1113.8,56
3209,8400.0,195.0,261.0,91.0,0.0,4.0,10.0,4,urban,2,2,0.2,0.0,0.0,6.5,57.1,226.3,8.0,716.8,45
888,4300.0,568.0,445.0,84.4,0.0,8.2,10.0,3,rural,6,2,0.3,3.4,0.0,3.5,85.8,1.7,10.6,1670.2,64
2384,43080.0,1952.0,14652.0,41.0,10.0,4.0,16.0,1,urban,7,3,0.1,0.0,0.0,4.0,76.2,292.1,10.6,1352.2,62
2704,30464.0,1886.0,10903.0,33.0,0.0,6.0,37.0,1,rural,2,5,0.1,0.0,0.0,2.0,78.1,451.6,8.9,1382.0,25
817,9144.0,338.0,73.0,175.0,0.0,6.0,16.0,5,urban,6,2,0.3,6.0,0.0,1.0,81.2,622.0,7.4,1444.6,36
1111,4950.0,425.0,215.0,137.0,5.5,5.5,4.0,4,small urban,7,3,0.2,0.0,0.0,2.0,75.8,281.8,11.8,1247.3,95
4274,48809.0,1259.0,1001.0,56.0,0.0,11.4,10.2,2,urban,6,2,0.2,1.0,0.0,1.8,80.8,20.2,10.5,1335.9,41
4690,4200.0,251.0,42.0,233.0,0.0,11.0,9.0,5,urban,6,3,0.1,2.0,0.0,2.5,77.8,330.7,9.9,1303.1,80
1264,21300.0,1500.0,5600.0,43.5,5.5,5.5,4.0,1,rural,7,3,0.1,0.0,0.0,4.0,74.4,504.2,10.0,1049.5,63
990,41209.0,655.0,990.0,123.0,0.0,13.5,8.0,3,urban,6,2,0.2,0.0,0.0,3.0,73.4,1003.1,7.0,1171.6,87
3603,350.0,20.0,3.0,388.0,0.0,3.0,4.0,5,small urban,2,2,0.4,20.5,0.0,1.5,78.9,489.4,8.6,1569.7,26
1739,3800.0,221.0,37.0,131.0,0.0,3.5,6.0,5,urban,2,2,0.2,0.0,0.0,1.5,78.2,216.0,10.4,1435.3,12
3482,3732.0,153.0,115.0,181.0,0.0,3.0,6.0,5,urban,6,2,0.2,0.0,0.0,3.5,59.1,62.4,12.3,438.0,8
353,35713.0,1364.0,529.0,122.0,10.0,2.0,10.0,3,urban,7,2,0.1,0.0,0.0,2.0,77.4,181.5,11.5,1387.7,85
4417,55500.0,2207.0,1345.0,102.3,0.0,4.0,12.0,3,urban,6,2,0.1,0.0,0.0,3.0,76.4,0.0,22.1,1216.0,41
2292,9763.0,702.0,1093.0,57.0,11.0,3.5,19.0,1,rural,7,5,0.2,0.0,0.0,3.5,78.1,387.4,9.0,1321.0,39
4035,76000.0,5825.0,14771.0,35.6,0.0,6.0,12.0,1,urban,6,2,0.1,0.0,0.0,1.0,76.6,0.2,21.5,1123.5,8
1489,9350.0,1225.0,160.0,126.0,4.5,4.5,4.0,3,urban,7,3,0.2,5.0,0.0,2.0,73.7,245.5,12.5,1221.6,47
5647,33346.0,800.0,367.0,81.5,0.0,6.0,10.0,3,rural,2,2,0.2,4.0,0.0,3.0,67.1,3.7,19.6,933.1,36
1228,32500.0,747.0,455.0,51.6,0.0,2.0,8.0,3,urban,6,2,0.2,8.0,0.0,1.5,76.3,0.0,23.8,1171.7,9
3617,73540.0,5222.0,4876.0,41.0,0.0,15.0,12.0,2,urban,6,3,0.2,0.0,0.0,2.0,76.0,109.1,13.2,1336.0,38
5495,4902.0,265.0,54.0,251.8,0.0,1.0,10.0,4,rural,6,2,0.3,18.5,0.0,1.0,81.0,695.3,7.1,1354.0,100
52,108679.0,2825.0,15432.0,114.0,11.0,0.0,16.0,1,urban,3,2,0.0,46.0,0.0,0.0,76.3,457.0,9.1,1050.3,20
5004,12714.0,199.0,596.0,83.0,0.0,3.6,16.4,4,rural,2,2,0.4,3.7,0.0,4.8,73.8,798.8,4.8,709.3,16
4826,25100.0,1278.0,468.0,76.0,0.0,11.0,19.0,4,urban,6,5,0.1,0.0,0.0,3.0,77.6,254.6,10.4,1398.8,41
3101,21400.0,1236.0,214.0,118.7,0.0,6.0,8.0,3,rural,2,2,0.4,8.0,0.0,2.0,77.1,0.1,20.0,1448.6,51
3409,700.0,14.0,6.0,254.0,0.0,6.0,4.5,5,small urban,2,5,0.5,21.0,0.0,2.0,73.4,14.6,16.9,1259.3,78
1589,97700.0,2443.0,4201.0,72.0,0.0,13.0,10.0,1,urban,2,5,0.1,0.0,0.0,2.0,77.2,2.5,18.8,1379.2,25
1479,5194.0,723.0,296.0,97.0,5.5,5.5,4.0,4,urban,7,3,0.2,0.0,0.0,2.0,73.7,245.5,12.5,1221.6,85
1469,9100.0,1178.0,1246.0,144.0,7.0,6.2,4.0,4,rural,7,2,0.2,5.0,0.0,2.0,85.8,1.7,10.6,1670.2,100
2864,21379.0,1031.0,9556.0,80.0,13.0,4.0,31.0,1,rural,7,3,0.2,0.0,0.0,4.0,78.8,496.7,8.4,1374.0,36
2078,39457.0,2294.0,3278.0,57.0,9.0,4.0,9.0,1,urban,7,3,0.2,0.0,0.0,4.0,77.6,459.1,8.7,1412.2,54
4500,700.0,11.0,6.0,184.0,0.0,3.2,6.0,5,urban,2,2,0.1,1.0,0.0,2.5,82.7,44.3,9.6,1629.7,37
5712,62053.0,3350.0,681.0,55.0,0.0,9.0,36.0,1,urban,6,2,0.1,0.0,0.0,1.5,79.2,482.5,8.5,1306.4,54
2420,24300.0,2052.0,4237.0,85.0,10.0,0.0,12.0,1,rural,3,2,0.0,0.0,0.0,10.0,76.2,315.7,10.5,1319.7,29
436,5205.0,312.0,312.0,140.9,0.0,8.0,20.0,3,rural,2,2,0.6,0.5,0.0,1.5,84.1,1442.7,3.1,1231.3,17
4714,24400.0,517.0,268.0,211.0,0.0,13.0,21.0,3,urban,6,5,0.3,4.0,0.0,2.5,77.8,330.7,9.9,1303.1,56
1588,79700.0,2287.0,3738.0,66.2,0.0,13.0,10.0,1,urban,2,5,0.1,0.0,0.0,2.0,77.2,2.5,18.8,1379.2,25
4399,4810.0,250.0,125.0,156.5,0.0,7.5,10.0,3,urban,2,3,0.1,0.0,0.0,4.0,69.7,269.2,8.3,666.7,10
1590,36300.0,3267.0,726.0,82.0,0.0,6.0,8.0,3,rural,2,2,0.4,0.3,0.0,2.0,77.2,2.5,18.8,1379.2,31
5031,8953.0,306.0,265.0,89.0,0.0,4.8,9.6,3,small urban,2,3,0.0,3.0,0.0,1.8,60.5,729.5,7.5,464.1,24
973,13405.0,580.0,553.0,158.0,18.5,0.0,20.0,3,urban,3,2,0.0,16.0,0.0,10.5,69.9,1327.9,5.3,707.8,23
1238,19748.0,671.0,237.0,178.0,0.0,8.0,21.0,3,urban,6,2,0.4,2.0,0.0,2.0,80.9,756.2,6.8,1362.0,31
2306,20828.0,5174.0,450.0,43.3,10.0,3.5,25.0,1,rural,7,5,0.2,0.0,0.0,3.5,78.1,387.4,9.0,1321.0,66
4174,470.0,16.0,41.0,105.2,0.0,3.5,8.0,4,rural,6,3,0.1,0.2,0.0,3.0,52.6,323.4,8.4,409.8,83
4952,13468.0,521.0,2079.0,151.0,0.0,5.9,30.3,1,small urban,2,3,0.2,1.0,0.0,5.9,67.7,832.0,3.6,546.0,38
2231,66330.0,2725.0,13285.0,75.0,13.0,0.0,40.0,1,urban,3,2,0.0,0.0,0.0,13.0,76.2,292.1,10.6,1352.2,32
2350,12381.0,239.0,71.0,144.0,0.0,3.5,20.0,4,urban,2,5,0.3,2.0,0.0,13.5,78.1,387.4,9.0,1321.0,67
1497,5411.0,592.0,109.0,72.0,5.0,5.0,4.0,4,urban,7,3,0.1,0.0,0.0,2.0,73.7,245.5,12.5,1221.6,100
449,11880.0,546.0,642.0,136.5,0.0,8.0,20.0,3,rural,6,2,0.4,10.0,0.0,1.0,81.2,622.0,7.4,1444.6,34
3143,11120.0,414.0,276.0,113.0,0.0,4.2,7.2,2,rural,6,2,0.2,3.0,0.0,1.8,88.3,5.3,9.7,2024.6,54
5207,3612.0,177.0,194.0,211.0,0.0,10.0,6.0,5,urban,6,3,0.2,30.8,0.0,2.0,76.5,393.3,9.8,1269.4,75
3688,45730.0,915.0,2287.0,82.6,0.0,6.5,6.0,2,urban,2,2,0.1,0.0,0.0,1.5,75.7,85.0,14.8,1370.2,60
1551,1370.0,80.0,140.0,58.2,0.0,7.5,6.0,3,rural,6,3,0.1,0.2,0.0,2.0,63.0,215.9,12.6,748.3,75
5143,1907.0,76.0,4.0,201.3,0.0,10.0,6.0,5,urban,6,3,0.1,30.3,0.0,2.0,75.3,227.2,12.2,1246.0,75
1146,4000.0,621.0,234.0,74.0,0.0,7.0,14.0,3,small urban,6,2,0.4,0.0,0.0,3.0,69.5,327.8,6.2,1159.2,68
3489,1464.0,229.0,11.0,190.3,0.0,3.0,6.0,5,urban,2,2,0.3,0.0,0.0,2.0,59.1,62.4,12.3,438.0,24
2092,12587.0,428.0,9.0,58.0,0.0,10.0,5.0,5,urban,2,2,0.0,0.0,0.0,1.5,77.6,459.1,8.7,1412.2,50
1313,8500.0,935.0,255.0,152.2,0.0,8.0,6.0,3,urban,2,5,0.2,10.0,0.0,2.0,74.4,17.0,16.1,1271.0,61
2015,24170.0,1946.0,2355.0,47.0,0.0,4.5,40.0,2,rural,2,5,0.2,0.0,0.0,13.5,77.5,423.3,9.0,1350.7,17
3048,108820.0,5371.0,3397.0,169.0,10.0,2.5,17.0,1,urban,7,3,0.1,0.0,0.0,1.5,77.4,183.7,11.8,1369.8,51
2543,46619.0,3676.0,10018.0,97.5,8.0,4.0,18.0,1,urban,7,2,0.2,0.0,0.0,3.5,77.3,280.3,10.6,1358.9,67
2807,25033.0,1637.0,7436.0,89.0,0.0,3.5,26.0,1,rural,2,5,0.1,23.7,0.0,4.5,77.2,299.4,10.4,1358.6,35
3994,1593.0,43.0,158.0,173.7,0.0,4.0,8.0,4,rural,2,2,0.4,27.9,0.0,2.0,74.2,10.0,16.9,1221.7,92
4760,135000.0,6476.0,9104.0,96.5,9.0,3.5,7.5,1,urban,7,2,0.2,1.0,0.0,1.5,77.8,330.7,9.9,1303.1,59
413,6230.0,293.0,62.0,62.0,0.0,7.0,21.0,4,rural,6,2,0.1,0.0,0.0,1.0,81.4,462.0,8.1,1373.9,43
941,16558.0,623.0,576.0,76.5,0.0,8.4,8.4,2,small urban,6,2,0.2,9.0,0.0,8.4,64.8,185.7,9.3,496.9,18
801,1950.0,82.0,98.0,138.0,0.0,6.0,4.5,4,small urban,2,5,0.3,21.0,0.0,2.0,74.2,10.0,16.9,1221.7,62
2337,26627.0,1074.0,7607.0,63.8,10.0,2.5,28.0,1,rural,7,5,0.2,0.0,0.0,3.0,78.1,387.4,9.0,1321.0,66
3967,2300.0,122.0,104.0,151.3,0.0,8.0,6.0,3,small urban,2,5,0.5,12.5,0.0,2.0,73.7,16.7,16.4,1170.0,13
256,10909.0,392.0,227.0,90.0,0.0,3.0,16.0,3,small urban,7,5,0.0,1.0,0.0,2.0,77.6,352.9,9.7,1347.0,72
5688,32857.0,1834.0,374.0,70.0,0.0,9.0,36.0,2,urban,6,2,0.1,6.0,0.0,1.0,79.2,482.5,8.5,1306.4,54
2235,73040.0,2691.0,15020.0,53.0,9.0,6.0,18.0,1,urban,7,3,0.0,0.0,0.0,2.0,76.2,292.1,10.6,1352.2,56
647,56798.0,3567.0,8866.0,69.4,9.0,5.8,4.6,1,rural,7,3,0.3,1.4,0.0,4.2,82.9,36.1,9.4,2206.8,49
1767,75607.0,2886.0,1798.0,64.0,8.0,4.5,24.0,1,urban,7,3,0.2,1.5,0.0,4.5,76.3,330.1,10.3,1280.2,75
3893,4831.0,444.0,386.0,55.0,0.0,3.0,12.0,3,urban,6,2,0.2,0.0,0.0,2.0,67.5,287.7,8.0,487.5,10
4674,1400.0,79.0,13.0,137.0,0.0,11.0,9.0,5,urban,6,3,0.1,10.0,0.0,2.5,77.9,386.5,9.3,1426.3,85
3615,13000.0,494.0,1157.0,132.5,0.0,8.0,6.0,3,urban,6,2,0.4,2.0,0.0,2.0,73.7,62.4,15.4,1253.4,19
2450,24491.0,2358.0,7494.0,57.0,10.0,4.5,8.0,1,rural,7,2,0.2,0.0,0.0,2.5,78.0,463.2,8.7,1363.9,62
24,4628.0,111.0,66.0,189.5,0.0,6.0,6.0,4,urban,2,2,0.1,0.0,0.0,1.5,78.8,295.2,9.0,1060.7,13
1088,10000.0,200.0,200.0,49.0,0.0,6.0,16.0,3,urban,6,2,0.1,0.0,0.0,2.0,81.8,815.0,6.3,1323.6,34
2646,16098.0,1074.0,3816.0,53.0,10.0,4.5,11.0,1,small urban,7,2,0.2,13.0,0.0,2.5,78.1,520.3,8.1,1384.8,52
3625,33500.0,720.0,419.0,64.8,0.0,2.0,8.0,3,urban,6,2,0.1,8.0,0.0,1.5,76.6,0.0,22.8,1105.9,29
112,17000.0,640.0,1700.0,44.0,0.0,9.5,10.0,1,rural,2,2,0.4,0.0,0.0,0.0,75.2,14.3,16.9,1306.1,17
2311,26074.0,1048.0,6994.0,85.0,10.0,3.5,25.0,1,rural,7,5,0.3,0.0,0.0,3.5,78.1,387.4,9.0,1321.0,66
2582,57666.0,2302.0,7126.0,66.5,0.0,6.0,12.0,1,urban,2,2,0.2,0.0,0.0,1.0,77.7,393.9,9.3,1382.1,37
56,2367.0,87.0,3.0,244.0,0.0,20.0,12.0,5,urban,2,2,0.4,31.0,0.0,2.0,79.3,565.8,7.8,1297.0,20
1309,80300.0,2008.0,3453.0,57.2,13.0,13.0,10.0,1,urban,7,5,0.1,0.0,0.0,2.0,74.4,17.0,16.1,1271.0,32
695,15800.0,620.0,1240.0,38.5,9.0,9.5,4.0,2,rural,7,2,0.1,0.2,0.0,1.5,69.2,144.1,13.8,892.1,70
4215,1600.0,95.8,478.0,83.4,0.0,11.5,9.1,3,rural,6,2,0.2,0.0,0.0,7.4,52.9,278.4,8.1,560.1,53
1227,32500.0,747.0,455.0,56.5,0.0,2.0,8.0,3,urban,6,2,0.1,8.0,0.0,1.5,76.3,0.0,23.8,1171.7,9
3964,6600.0,547.0,646.0,84.1,0.0,6.0,8.0,3,rural,2,2,0.3,14.7,0.0,2.0,73.7,16.7,16.4,1170.0,16
276,23780.0,984.0,162.0,197.0,6.0,2.0,6.0,4,urban,7,2,0.3,0.0,0.0,2.0,77.4,138.2,12.4,1389.2,99
2481,60062.0,3497.0,8721.0,235.0,14.0,0.0,7.0,1,urban,3,2,0.0,0.0,0.1,14.0,79.0,516.1,8.1,1394.0,26
1833,9069.0,400.0,54.0,85.0,9.0,4.0,20.0,5,rural,7,3,0.0,0.0,0.0,4.0,76.8,377.6,9.5,1302.6,55
682,575.0,40.0,60.0,54.0,4.0,4.0,4.0,4,rural,7,3,0.0,0.0,0.0,2.0,73.4,244.2,12.6,1153.5,87
5508,13954.0,754.0,154.0,75.0,0.0,3.0,20.0,3,rural,6,2,0.2,6.0,0.0,1.0,79.5,622.1,7.5,1291.3,73
5137,8328.0,782.0,30.0,168.0,0.0,10.0,6.0,4,urban,6,3,0.1,2.9,0.0,2.0,75.8,280.2,11.5,1194.5,75
1137,300.0,17.0,3.0,209.5,0.0,1.5,7.0,5,urban,2,2,0.1,0.0,0.0,1.5,77.6,254.6,10.4,1398.8,19
3504,4600.0,353.0,660.0,75.6,0.0,6.0,8.0,3,rural,2,2,0.3,0.0,0.0,2.0,75.4,10.8,17.3,1243.9,28
3235,250.0,14.0,2.0,352.0,0.0,3.0,7.0,5,urban,6,2,0.3,4.0,0.0,2.0,78.9,489.4,8.6,1569.7,42
4376,969.0,102.0,8.0,236.7,0.0,3.0,6.0,6,urban,2,2,0.2,1.7,0.0,2.0,84.6,61.5,8.3,2488.0,34
3197,96000.0,1611.0,944.0,116.5,0.0,3.0,6.0,2,urban,2,2,0.1,10.0,0.0,4.0,34.9,3.2,16.2,250.8,19
1346,6949.0,311.0,196.0,82.5,5.5,5.5,4.0,4,rural,7,3,0.1,9.0,0.0,2.0,75.1,410.8,10.5,1050.9,95
2671,19981.0,1886.0,3330.0,39.5,10.0,6.5,8.0,1,rural,7,2,0.1,0.0,0.0,2.0,78.1,451.6,8.9,1382.0,58
2751,121434.0,5192.0,6554.0,42.5,9.0,5.0,17.0,1,urban,7,3,0.1,0.0,0.0,2.0,77.3,280.3,10.6,1358.9,51
5514,13353.0,721.0,146.0,70.5,0.0,3.0,6.0,3,small urban,6,2,0.2,1.5,0.0,1.5,80.2,695.0,7.0,1299.6,61
3666,3600.0,61.0,36.0,89.0,0.0,5.0,14.0,6,urban,2,2,0.0,0.0,0.0,4.0,34.9,3.2,16.2,250.8,19
4391,3444.0,278.0,28.0,185.0,0.0,4.0,6.0,5,urban,2,2,0.1,0.0,0.0,4.0,69.7,269.2,8.3,666.7,37
3034,62620.0,3279.0,7270.0,61.5,0.0,5.5,22.0,1,urban,2,5,0.2,0.0,0.0,17.5,75.9,251.0,11.1,1287.3,13
2432,26982.0,2124.0,3628.0,95.0,10.0,3.5,22.0,1,rural,7,5,0.1,0.0,0.0,2.0,76.2,315.7,10.5,1319.7,32
3035,14453.0,1289.0,516.0,110.5,0.0,11.3,14.0,3,rural,2,2,0.1,0.0,0.0,2.5,75.9,251.0,11.1,1287.3,100
3336,93000.0,5100.0,6804.0,42.2,0.0,2.0,8.0,1,urban,6,2,0.1,1.0,0.0,1.5,77.8,0.0,23.3,1122.2,11
3334,101000.0,4457.0,5946.0,49.5,0.0,2.0,8.0,1,urban,6,2,0.1,1.0,0.0,1.5,77.8,0.0,23.3,1122.2,11
4822,19500.0,1184.0,887.0,162.0,0.0,10.0,18.0,2,urban,6,5,0.2,2.0,0.0,2.5,78.2,216.0,10.4,1435.3,59
4762,83500.0,6476.0,9104.0,66.0,9.0,3.0,10.0,1,urban,7,2,0.1,1.0,0.0,3.5,77.8,330.7,9.9,1303.1,60
81,128000.0,3430.0,10100.0,49.4,0.0,13.5,12.0,1,urban,2,2,0.2,0.1,0.0,2.0,74.2,49.8,14.6,1219.1,65
1972,33914.0,3191.0,4043.0,89.5,10.0,6.0,21.0,1,urban,7,5,0.2,0.0,0.0,4.0,77.6,395.4,9.5,1362.7,55
1714,4800.0,462.0,240.0,118.0,0.0,9.0,20.0,4,rural,6,2,0.2,13.0,0.0,4.0,83.5,7.3,10.8,1007.2,57
2603,63583.0,2709.0,7728.0,126.5,0.0,8.0,18.0,1,urban,2,5,0.3,10.0,0.0,2.0,77.7,393.9,9.3,1382.1,59
5797,3830.0,54.0,80.0,127.2,0.0,6.0,10.0,3,rural,6,2,0.2,0.2,0.0,3.0,57.1,0.3,21.9,574.0,36
1946,8094.0,360.0,62.0,226.7,0.0,3.5,8.0,3,urban,2,2,0.2,16.3,0.0,2.5,77.4,183.7,11.8,1369.8,75
3787,830.0,23.0,178.0,65.1,0.0,5.0,13.0,3,rural,2,2,0.1,2.1,0.0,4.5,65.8,747.8,7.9,681.1,15
4030,78000.0,5710.0,11996.0,62.6,0.0,6.0,12.0,1,small urban,6,2,0.2,8.0,0.0,1.0,76.6,0.2,21.5,1123.5,17
1610,5811.0,230.0,120.0,81.0,5.0,5.0,4.0,4,urban,7,3,0.1,7.0,0.0,2.0,73.9,506.2,10.1,1061.3,87
4766,135500.0,4702.0,8843.0,40.3,0.0,11.0,21.0,1,urban,6,5,0.1,2.0,0.0,1.5,77.6,254.6,10.4,1398.8,33
2699,28098.0,1774.0,10614.0,51.5,13.0,6.0,43.0,1,rural,7,3,0.1,0.5,0.0,6.0,78.1,451.6,8.9,1382.0,26
3026,48266.0,3764.0,6498.0,56.5,10.0,4.5,16.0,1,urban,7,3,0.2,0.0,0.0,2.0,75.9,251.0,11.1,1287.3,71
5666,8995.0,284.0,356.0,74.0,0.0,3.0,6.0,3,urban,6,2,0.1,1.0,0.0,2.0,75.6,310.8,10.9,1231.6,95
5110,10676.0,170.0,271.0,136.9,0.0,2.4,16.8,5,urban,2,2,0.2,1.9,0.0,2.4,56.8,385.2,8.6,549.9,66
665,15200.0,511.0,4321.0,72.6,0.0,7.0,19.0,1,rural,6,3,0.3,1.0,0.0,1.5,69.5,327.8,6.2,1159.2,54
2194,19788.0,845.0,2534.0,47.0,10.0,2.5,18.0,1,rural,7,3,0.1,0.0,0.0,2.0,78.1,451.6,8.9,1382.0,56
3483,2154.0,0.0,0.0,78.7,0.0,3.5,9.0,4,urban,6,2,0.1,0.0,0.0,3.0,59.1,62.4,12.3,438.0,11
4932,17099.0,788.0,532.0,96.0,2.4,0.0,10.0,3,small urban,3,3,0.0,0.0,0.1,2.4,73.2,887.3,3.5,710.8,46
1017,5203.0,204.0,206.0,106.3,0.0,5.7,15.0,4,small urban,6,2,0.1,0.0,0.0,3.0,69.3,850.9,7.8,857.5,66
557,24500.0,1191.0,5091.0,107.0,0.0,11.5,15.0,1,small urban,6,2,0.4,12.0,0.0,4.0,81.9,74.6,8.4,1367.4,72
3560,37546.0,800.0,400.0,55.5,0.0,4.0,19.0,2,urban,6,5,0.1,0.0,0.0,2.0,79.2,145.3,10.8,1498.0,21
3938,37800.0,3402.0,1134.0,126.0,0.0,8.0,6.0,3,urban,2,5,0.4,4.8,0.0,2.0,73.2,15.3,16.8,1213.2,38
1207,9000.0,409.0,289.0,188.0,0.0,6.5,19.0,3,rural,6,2,0.1,0.0,0.0,2.0,73.5,1265.7,5.3,884.6,67
2678,18087.0,1571.0,4010.0,34.0,10.0,6.5,18.0,1,rural,7,3,0.1,0.0,0.0,2.0,78.1,451.6,8.9,1382.0,56
3685,9522.0,286.0,190.0,110.0,0.0,6.0,16.0,4,urban,6,2,0.3,0.0,0.0,2.0,81.8,815.0,6.3,1323.6,30
1510,12632.0,955.0,247.0,271.0,0.0,8.0,8.0,3,urban,6,2,0.4,28.3,0.0,2.0,75.9,199.1,11.8,1340.9,66
3442,5000.0,115.0,75.0,191.4,0.0,3.0,6.0,6,urban,2,2,0.0,0.0,0.0,4.0,34.9,3.2,16.2,250.8,18
4756,121600.0,2182.0,3727.0,34.0,0.0,13.0,19.0,1,urban,6,5,0.1,0.0,0.0,3.5,77.6,254.6,10.4,1398.8,37
3801,26458.0,1162.0,366.0,42.5,0.0,14.0,6.0,3,rural,6,3,0.1,2.5,0.0,2.5,77.2,90.4,13.6,1329.9,60
266,28514.0,1135.0,382.0,139.2,5.0,3.0,5.0,3,urban,7,2,0.2,0.0,0.0,2.0,78.9,73.1,12.7,1323.9,105
3721,17722.0,1075.0,665.0,362.0,0.0,8.0,8.0,4,urban,6,3,0.2,0.0,0.0,2.0,80.8,20.2,10.5,1335.9,55
3128,9000.0,275.0,650.0,63.0,6.0,6.0,4.0,3,urban,7,3,0.2,18.0,0.0,2.0,76.0,658.4,8.6,1061.6,66
2111,24373.0,1862.0,8020.0,43.5,13.0,4.5,21.0,1,rural,7,5,0.1,0.0,0.0,3.5,78.2,418.6,9.2,1374.7,38
5768,1425.0,85.0,565.0,62.6,0.0,9.0,12.0,3,rural,6,2,0.3,0.0,0.0,3.0,66.7,1150.6,5.1,580.5,34
1909,25593.0,2309.0,2461.0,68.5,10.0,5.0,19.0,1,rural,7,5,0.1,0.0,0.0,5.0,76.3,364.6,9.7,1122.7,54
4291,19160.0,786.0,222.0,109.0,0.0,8.5,16.0,4,small urban,6,2,0.2,0.0,0.0,1.8,84.6,61.5,8.3,2488.0,63
3646,1712.0,137.0,68.0,188.5,0.0,3.0,8.0,4,small urban,2,2,0.3,4.5,0.0,2.0,87.4,5.8,9.2,2187.5,37
4077,13632.0,450.0,389.0,50.0,0.0,10.4,19.0,2,rural,6,2,0.2,0.0,0.0,1.8,69.7,269.2,8.3,666.7,59
3720,959.0,192.0,35.0,179.0,0.0,7.0,6.0,5,urban,6,2,0.0,0.0,0.0,2.0,80.8,20.2,10.5,1335.9,65
5605,340.0,25.0,70.0,109.4,0.0,4.0,7.0,3,rural,2,3,0.2,2.3,0.0,1.5,66.4,1176.4,5.4,567.9,67
1784,9183.0,181.0,3.0,172.0,0.0,8.5,15.0,4,urban,2,2,0.0,0.0,0.0,2.5,76.3,330.1,10.3,1280.2,72
1237,1708.0,112.0,298.0,109.2,0.0,6.0,8.0,3,rural,2,2,0.4,6.0,0.0,2.0,75.2,5.6,18.1,1212.1,89
4825,12700.0,649.0,238.0,176.0,8.0,2.0,8.0,4,urban,7,2,0.4,0.0,0.0,3.5,77.6,254.6,10.4,1398.8,98
3074,20872.0,875.0,800.0,74.0,0.0,13.0,11.0,2,urban,6,3,0.1,27.0,0.0,3.5,75.5,224.4,11.6,1318.4,59
5721,20808.0,1124.0,229.0,170.0,0.0,5.5,36.0,4,urban,6,3,0.2,24.0,0.0,1.0,79.2,482.5,8.5,1306.4,24
2186,37369.0,6724.0,4675.0,61.0,0.0,4.0,29.0,1,rural,2,5,0.2,0.0,0.0,21.0,77.7,393.9,9.3,1382.1,18
3221,3100.0,62.0,102.0,163.0,0.0,8.0,6.0,4,rural,6,2,0.3,3.0,0.0,2.0,74.9,21.3,17.3,1418.8,27
908,12300.0,300.0,375.0,146.0,6.0,6.0,4.0,4,urban,7,3,0.1,0.0,0.0,2.0,75.8,525.0,9.4,1081.6,23
1303,32020.0,894.0,337.0,70.0,0.0,12.0,2.5,3,small urban,6,3,0.2,16.0,0.0,1.5,76.0,76.6,13.8,1287.2,60
5416,107178.0,2475.0,7038.0,74.0,0.0,15.7,7.2,1,urban,2,5,0.4,0.0,0.0,7.0,75.0,72.5,14.2,1234.5,13
1627,1500.0,325.0,250.0,104.0,5.2,5.2,4.0,4,rural,7,3,0.1,0.0,0.0,2.0,74.0,199.5,13.0,1240.3,98
1522,4500.0,499.0,394.0,94.7,0.0,7.7,14.0,3,rural,6,2,0.1,1.6,0.0,4.8,85.8,1.7,10.6,1670.2,68
835,6169.0,247.0,12.0,217.0,0.0,6.0,16.0,4,urban,2,2,0.2,9.0,0.0,1.2,81.2,622.0,7.4,1444.6,16
358,39432.0,1467.0,501.0,88.5,9.0,6.0,9.0,3,urban,7,2,0.2,0.0,0.0,2.5,77.4,181.5,11.5,1387.7,92
138,18000.0,440.0,410.0,82.3,0.0,9.7,17.3,1,urban,2,3,0.2,0.3,0.0,3.0,74.2,49.8,14.6,1219.1,22
299,11390.0,618.0,257.0,142.5,0.0,3.0,7.0,3,rural,7,2,0.1,1.5,0.0,2.0,77.6,352.9,9.7,1347.0,101
1556,25700.0,966.0,1103.0,74.0,0.0,8.0,17.0,2,urban,6,3,0.2,35.5,0.0,4.0,83.5,7.3,10.8,1007.2,41
1003,33495.0,789.0,1910.0,91.6,12.1,4.5,6.9,2,urban,3,2,0.2,0.0,0.0,4.5,75.7,906.1,7.1,1007.5,20
382,29733.0,1231.0,202.0,187.8,8.0,6.0,8.0,4,urban,7,2,0.4,0.0,0.0,2.0,78.9,73.1,12.7,1323.9,95
2905,35431.0,3398.0,6567.0,52.0,0.0,14.0,18.0,1,rural,2,2,0.2,0.0,0.0,4.0,76.2,315.7,10.5,1319.7,64
761,27818.0,1721.0,2328.0,55.2,0.0,14.3,17.0,1,rural,6,2,0.1,0.0,0.0,4.0,72.0,1072.3,6.4,848.6,69
4758,25400.0,676.0,136.0,245.0,0.0,11.0,19.0,3,urban,6,5,0.4,2.0,0.0,2.5,78.2,216.0,10.4,1435.3,41
3077,97252.0,3939.0,3502.0,50.0,0.0,12.0,16.0,2,urban,6,3,0.2,1.0,0.0,1.5,75.5,224.4,11.6,1318.4,66
2915,28250.0,1834.0,4857.0,60.5,9.0,3.5,15.0,1,urban,7,3,0.2,0.0,0.0,4.0,76.2,315.7,10.5,1319.7,64
4687,11300.0,656.0,215.0,191.0,0.0,17.0,15.0,3,urban,6,3,0.2,26.0,0.0,2.5,77.8,330.7,9.9,1303.1,87
3870,1281.0,99.0,11.0,145.5,0.0,3.0,12.0,4,urban,6,2,0.2,1.8,0.0,4.0,82.9,36.1,9.4,2206.8,28
1402,1228.0,49.0,29.0,192.0,0.0,6.0,8.0,4,urban,2,2,0.1,0.0,0.0,2.0,72.5,911.0,7.5,935.8,45
4833,24600.0,650.0,2130.0,44.0,0.0,13.0,10.0,1,urban,6,2,0.1,0.0,0.0,3.5,77.9,386.5,9.3,1426.3,63
5081,2900.0,35.0,199.0,71.7,0.0,4.8,12.0,5,rural,2,2,0.2,2.7,0.0,4.8,72.2,1021.2,2.8,812.6,89
1932,17632.0,704.0,354.0,162.7,10.0,5.0,10.0,3,urban,7,3,0.1,0.0,0.0,2.5,77.4,183.7,11.8,1369.8,85
4310,46000.0,1931.0,12055.0,62.0,0.0,11.5,23.0,1,urban,6,5,0.3,0.0,0.0,1.0,55.2,175.0,8.7,426.6,63
2706,14710.0,918.0,1626.0,104.0,10.0,3.5,8.0,1,urban,7,2,0.1,15.0,0.0,2.0,78.1,451.6,8.9,1382.0,57
4619,27600.0,1578.0,903.0,167.0,7.0,3.0,6.0,3,urban,7,2,0.2,13.0,0.0,4.5,78.9,489.4,8.6,1569.7,19
4954,3122.0,100.0,534.0,77.0,0.0,7.2,10.8,1,rural,2,2,0.1,2.5,0.0,2.4,65.6,723.5,4.9,601.7,38
3825,8500.0,213.0,366.0,76.0,0.0,13.0,10.0,1,urban,2,5,0.1,9.2,0.0,2.0,74.8,41.0,14.4,1427.3,14
3616,9100.0,218.0,83.0,89.5,0.0,2.0,8.0,5,urban,2,2,0.1,0.0,0.0,1.5,76.6,0.0,22.8,1105.9,9
58,26000.0,690.0,860.0,51.7,0.0,11.0,12.0,1,urban,2,2,0.1,0.0,0.0,1.5,76.2,134.4,12.0,1478.0,51
76,64000.0,2290.0,3970.0,87.0,11.0,0.0,12.0,1,rural,3,3,0.0,0.0,0.0,0.0,74.2,49.8,14.6,1219.1,33
796,17300.0,1531.0,891.0,121.0,0.0,2.0,1.0,3,urban,6,3,0.4,19.0,0.0,1.0,77.1,0.0,22.8,1134.1,14
2416,24300.0,2052.0,4237.0,106.0,10.0,0.0,12.0,1,rural,3,2,0.0,0.0,0.0,10.0,76.2,315.7,10.5,1319.7,29
2788,25726.0,991.0,6090.0,73.0,0.0,6.5,25.0,1,rural,2,5,0.1,15.0,0.0,2.0,77.2,299.4,10.4,1358.6,56
4235,5600.0,333.0,235.0,81.7,0.0,4.0,8.0,4,rural,2,2,0.4,4.8,0.0,2.0,73.1,25.0,15.8,1161.8,58
785,4232.0,357.0,37.0,77.4,0.0,9.5,12.0,4,rural,6,3,0.2,24.0,0.0,1.5,75.1,291.4,10.5,1137.7,64
2707,14710.0,918.0,1626.0,125.5,10.0,3.5,8.0,1,rural,7,2,0.2,10.5,0.0,2.0,78.1,451.6,8.9,1382.0,57
5273,8110.0,250.0,1940.0,55.7,10.5,0.0,8.0,1,rural,3,2,0.0,0.0,0.0,0.0,64.6,814.8,7.2,593.8,16
2217,45509.0,2777.0,13548.0,85.0,10.0,5.0,16.0,1,rural,7,3,0.2,0.0,0.0,4.0,76.2,292.1,10.6,1352.2,63
2596,63307.0,3119.0,7145.0,68.5,0.0,9.5,18.0,1,urban,2,2,0.1,0.0,0.0,2.0,77.7,393.9,9.3,1382.1,59
2456,24491.0,2358.0,7494.0,51.7,10.0,5.0,31.0,1,rural,7,3,0.1,0.0,0.0,5.0,78.0,463.2,8.7,1363.9,59
3274,1200.0,141.0,70.0,167.0,0.0,3.0,11.0,5,rural,2,2,0.1,3.0,0.0,3.0,78.2,130.1,11.5,1379.0,15
5262,4930.0,95.0,1485.0,49.0,10.0,0.0,8.0,1,rural,3,3,0.0,0.0,0.0,0.0,69.7,1406.5,4.5,655.7,26
4472,610.0,26.0,47.0,69.1,0.0,7.5,8.0,3,rural,6,2,0.0,0.0,0.0,3.0,43.4,159.8,9.6,445.5,58
910,13900.0,525.0,130.0,218.0,5.0,5.0,4.0,5,urban,7,3,0.2,0.0,0.0,2.0,75.8,525.0,9.4,1081.6,77
2172,17517.0,1005.0,1362.0,43.5,9.0,4.5,23.0,2,rural,7,5,0.2,0.0,0.0,4.5,77.3,415.3,9.1,1356.6,47
3286,2200.0,66.0,88.0,181.0,0.0,4.0,10.0,6,urban,2,2,0.2,5.0,0.0,4.0,57.1,226.3,8.0,716.8,35
2309,25221.0,1270.0,9034.0,38.5,10.0,3.5,25.0,1,rural,7,5,0.2,0.0,0.0,3.5,78.1,387.4,9.0,1321.0,66
5433,30769.0,484.0,408.0,75.0,0.0,8.8,4.0,2,urban,2,5,0.1,0.0,0.0,2.0,75.7,58.3,14.5,1297.4,9
1257,3000.0,179.0,30.0,137.0,0.0,3.0,5.0,5,urban,6,2,0.2,1.0,0.0,3.0,78.2,130.1,11.5,1379.0,45
4366,4231.0,1800.0,53.0,181.0,0.0,3.4,5.0,4,urban,2,2,0.3,22.0,0.0,2.0,84.6,61.5,8.3,2488.0,37
3931,3400.0,40.0,247.0,61.3,0.0,7.5,4.0,5,rural,6,2,0.1,0.2,0.0,3.0,34.9,3.2,16.2,250.8,40
1178,10073.0,140.0,37.0,53.1,0.0,7.5,14.0,4,rural,2,2,0.1,0.0,0.0,4.0,72.5,911.0,7.5,935.8,10
5250,34788.0,1879.0,383.0,44.4,0.0,5.5,8.0,1,rural,6,3,0.2,3.7,0.0,1.5,81.9,776.7,6.5,1396.5,32
4734,10500.0,420.0,410.0,129.7,0.0,9.0,16.0,3,urban,6,5,0.3,19.7,0.0,3.5,77.6,254.6,10.4,1398.8,26
442,5148.0,237.0,221.0,66.7,0.0,6.0,22.0,3,rural,6,2,0.2,1.1,0.0,1.0,81.3,761.1,6.7,1428.5,43
5119,4583.0,58.0,28.0,149.0,0.0,6.8,6.0,4,urban,2,2,0.1,2.0,0.0,6.8,56.8,385.2,8.6,549.9,35
2836,14191.0,1665.0,556.0,217.0,9.0,3.0,9.0,3,urban,7,3,0.1,1.0,0.0,1.5,77.2,299.4,10.4,1358.6,72
3076,101932.0,4730.0,3660.0,55.0,0.0,12.0,16.0,2,urban,6,3,0.2,1.0,0.0,1.5,75.5,224.4,11.6,1318.4,66
5529,2763.0,150.0,30.0,203.0,0.0,3.0,32.0,5,small urban,6,2,0.4,31.0,0.0,1.0,81.0,695.3,7.1,1354.0,13
1054,39450.0,3515.0,16.0,117.0,10.0,5.5,12.0,1,urban,7,2,0.2,4.0,0.0,2.0,75.0,135.7,12.8,1354.6,74
2488,4477.0,78.0,56.0,122.0,6.0,6.0,2.0,5,rural,7,3,0.3,0.0,0.0,2.0,79.0,516.1,8.1,1394.0,125
4442,79000.0,1560.0,731.0,73.0,0.0,2.0,8.0,3,urban,2,2,0.0,0.0,0.0,0.0,76.4,0.0,22.1,1216.0,9
2842,23739.0,1036.0,6211.0,74.5,0.0,10.0,20.0,1,rural,2,3,0.2,13.0,0.0,2.5,79.0,516.1,8.1,1394.0,39
1415,3400.0,244.0,339.0,109.2,0.0,6.0,8.0,3,rural,2,2,0.6,14.4,0.0,2.0,74.5,8.7,17.5,1227.2,20
2372,42184.0,2329.0,14809.0,57.0,10.0,4.0,16.0,1,urban,7,3,0.1,7.0,0.0,2.0,76.2,292.1,10.6,1352.2,65
4080,12000.0,407.0,1015.0,90.0,0.0,5.0,8.0,4,small urban,2,3,0.2,0.0,0.0,0.0,44.6,76.5,10.9,231.4,11
2775,15399.0,987.0,3440.0,52.0,0.0,5.5,26.0,1,rural,2,5,0.1,1.0,0.0,2.5,76.2,296.0,10.5,1308.9,54
4919,15658.0,594.0,197.0,71.0,0.0,4.7,15.6,3,rural,2,2,0.1,2.0,0.0,2.4,72.2,1021.2,2.8,812.6,26
5077,3482.0,190.0,995.0,97.7,0.0,10.8,27.0,1,rural,2,2,0.2,0.7,0.0,10.8,60.8,634.9,7.9,502.2,62
4868,16792.0,560.0,423.0,93.7,0.0,3.6,19.8,3,small urban,2,2,0.1,0.0,0.0,3.6,73.8,798.8,4.8,709.3,30
1502,9574.0,557.0,250.0,204.0,4.0,4.0,4.0,5,urban,7,3,0.2,0.0,0.0,2.0,73.7,245.5,12.5,1221.6,51
3563,3460.0,220.0,19.0,104.0,0.0,4.5,12.0,4,urban,6,2,0.2,3.5,0.0,2.5,75.3,390.1,5.7,920.0,84
4128,63900.0,2038.0,3521.0,89.0,0.0,13.0,10.0,1,urban,2,5,0.0,8.5,0.0,2.0,73.8,27.5,15.5,1206.3,26
2011,27480.0,2438.0,4178.0,56.0,10.0,4.5,18.0,1,rural,7,5,0.2,0.0,0.0,2.5,77.6,395.4,9.5,1362.7,60
4390,24204.0,1239.0,611.0,182.0,0.0,8.0,7.0,3,urban,6,2,0.2,0.0,0.0,2.0,69.7,269.2,8.3,666.7,37
2865,21379.0,1031.0,9556.0,106.0,13.0,4.0,31.0,1,rural,7,3,0.2,0.0,0.0,4.0,78.8,496.7,8.4,1374.0,36
4676,20800.0,629.0,1104.0,80.3,8.0,6.0,12.0,3,urban,7,2,0.1,0.0,0.0,2.5,78.2,130.1,11.5,1379.0,67
4377,2503.0,178.0,29.0,203.5,0.0,4.0,6.0,6,urban,2,2,0.1,1.0,0.0,2.0,84.6,61.5,8.3,2488.0,34
5214,6492.0,91.0,218.0,356.0,0.0,10.0,6.0,5,urban,6,3,0.2,14.0,0.0,2.0,76.5,393.3,9.8,1269.4,75
6,14674.0,264.0,205.0,219.8,0.0,3.0,8.0,3,urban,2,3,0.2,4.8,0.0,1.5,62.8,0.0,23.0,534.0,20
2487,20374.0,955.0,5268.0,109.5,13.0,0.0,12.0,1,urban,3,2,0.0,0.0,0.0,13.0,79.0,516.1,8.1,1394.0,33
678,20300.0,822.0,4553.0,36.3,0.0,10.0,29.0,1,small urban,6,2,0.1,0.0,0.0,2.0,52.9,278.4,8.1,560.1,65
1943,16793.0,777.0,197.0,161.0,0.0,4.5,16.0,3,urban,2,5,0.2,13.4,0.0,2.5,77.4,183.7,11.8,1369.8,22
3470,8300.0,289.0,720.0,159.6,0.0,4.0,9.0,6,small urban,2,2,0.2,0.0,0.0,0.0,52.6,323.4,8.4,409.8,12
5335,8800.0,342.0,26.0,57.1,0.0,5.0,12.0,4,rural,6,2,0.1,0.4,0.0,2.0,70.8,1442.5,1.2,967.3,48
3107,28600.0,2860.0,858.0,130.2,0.0,10.0,12.0,2,urban,2,2,0.2,22.0,0.0,2.0,77.1,0.1,20.0,1448.6,30
4448,47500.0,1642.0,3155.0,76.7,0.0,5.0,10.0,1,urban,2,2,0.2,38.0,0.0,0.0,77.0,0.1,21.7,1191.9,20
3326,10100.0,816.0,558.0,85.0,0.0,6.0,8.0,3,rural,2,2,0.5,4.8,0.0,2.0,74.3,15.9,16.5,1203.1,30
5332,530.0,11.0,1.0,63.4,0.0,3.0,12.0,5,rural,6,2,0.1,0.1,0.0,2.0,68.9,1405.8,1.5,1213.8,8
1064,29111.0,1214.0,172.0,67.3,0.0,14.0,6.0,2,urban,6,2,0.2,4.7,0.0,1.5,75.0,135.7,12.8,1354.6,54
3982,18800.0,1692.0,564.0,78.4,0.0,8.0,6.0,3,urban,2,5,0.5,31.5,0.0,2.0,73.6,10.7,17.2,1224.0,39
2242,548.0,11.0,6.0,187.0,0.0,9.5,3.0,5,urban,2,2,0.2,12.0,0.0,3.5,76.2,292.1,10.6,1352.2,93
1474,9660.0,125.0,535.0,188.0,0.0,12.5,11.0,3,rural,6,5,0.3,24.0,0.0,1.5,70.0,323.5,11.6,933.7,96
5723,22889.0,1236.0,252.0,120.0,0.0,5.5,36.0,4,urban,6,3,0.2,25.0,0.0,6.0,79.2,482.5,8.5,1306.4,23
1889,9056.0,420.0,214.0,157.0,8.0,5.5,8.0,3,urban,7,3,0.2,10.0,0.0,2.5,77.2,299.4,10.4,1358.6,73
3226,12162.0,765.0,2871.0,56.0,0.0,19.0,4.0,1,rural,6,2,0.2,0.0,0.0,3.0,77.2,378.6,9.5,1368.3,49
2021,19728.0,1262.0,7176.0,40.0,0.0,3.5,33.0,1,rural,2,5,0.1,4.0,0.0,4.0,78.2,402.4,9.1,1451.5,36
4562,7600.0,1283.0,1773.0,42.1,0.0,4.0,8.0,3,rural,2,2,0.0,0.0,0.0,0.0,76.8,0.0,22.3,1219.3,78
4003,8533.0,537.0,598.0,138.6,0.0,8.0,6.0,3,small urban,2,5,0.4,34.0,0.0,2.0,77.1,9.5,17.4,1306.2,34
2467,9493.0,263.0,37.0,257.0,6.0,6.0,6.0,3,urban,7,3,0.2,22.0,0.0,2.5,79.0,516.1,8.1,1394.0,125
5473,9544.0,146.0,131.0,95.9,0.0,7.5,4.0,4,urban,2,5,0.2,8.9,0.0,1.5,74.4,82.7,13.6,1245.8,23
1130,1600.0,96.0,16.0,252.0,0.0,3.5,11.0,5,urban,2,2,0.1,0.0,0.0,2.0,77.8,330.7,9.9,1303.1,36
1461,12955.0,249.0,98.0,166.5,5.5,5.5,4.0,3,urban,7,3,0.2,63.5,0.0,2.0,74.6,340.0,11.3,1100.3,91
2941,62203.0,3671.0,4541.0,52.0,12.0,0.0,20.0,1,urban,3,2,0.0,0.0,0.0,12.0,76.2,315.7,10.5,1319.7,28
5700,50980.0,2753.0,561.0,59.2,0.0,4.0,24.0,1,urban,6,2,0.2,9.0,0.0,1.5,79.5,622.1,7.5,1291.3,68
3381,54000.0,544.0,319.0,36.0,0.0,4.0,17.0,2,urban,6,2,0.0,0.0,0.0,3.0,34.9,3.2,16.2,250.8,61
3529,83572.0,4037.0,2441.0,53.7,0.0,17.5,10.0,1,rural,6,2,0.2,1.3,0.0,2.0,74.7,164.3,12.4,1300.1,71
222,94969.0,3628.0,1406.0,55.0,9.0,4.0,9.0,3,urban,7,2,0.2,0.0,0.0,3.5,77.5,246.4,10.9,1398.2,87
5377,13525.0,731.0,150.0,101.7,0.0,3.0,24.0,5,urban,6,2,0.2,3.3,0.0,1.0,79.5,622.1,7.5,1291.3,43
48,28463.0,654.0,1849.0,112.0,9.0,0.0,16.0,2,urban,3,2,0.0,0.0,0.1,0.0,76.0,433.6,9.5,1045.2,25
573,12600.0,256.0,3113.0,34.0,0.0,12.0,17.0,1,rural,6,2,0.1,0.0,0.0,2.5,61.5,53.9,11.4,322.8,61
1236,3683.0,494.0,299.0,135.8,0.0,6.0,8.0,3,rural,2,2,0.5,0.0,0.0,2.0,75.2,5.6,18.1,1212.1,86
4407,4051.0,612.0,500.0,156.0,0.0,4.5,5.0,5,urban,6,5,0.2,10.8,0.0,2.5,69.7,269.2,8.3,666.7,37
5619,16675.0,234.0,407.0,96.0,0.0,10.0,6.0,4,urban,2,2,0.1,2.0,0.0,5.0,64.6,814.8,7.2,593.8,44
5210,3467.0,49.0,48.0,354.2,0.0,10.0,6.0,5,urban,6,2,0.2,12.0,0.0,2.0,76.5,393.3,9.8,1269.4,75
2282,19263.0,1461.0,3725.0,66.5,10.0,3.5,18.0,1,rural,7,3,0.2,0.0,0.0,3.5,78.1,387.4,9.0,1321.0,26
5617,385.0,45.0,120.0,61.4,0.0,6.0,15.0,4,rural,2,2,0.1,0.1,0.0,0.0,66.7,1150.6,5.1,580.5,12
267,21984.0,807.0,248.0,120.0,0.0,9.0,12.0,4,urban,2,2,0.1,1.5,0.0,2.0,77.4,138.2,12.4,1389.2,22
1104,1415.0,127.0,91.0,208.5,0.0,6.0,14.0,5,rural,6,2,0.4,7.2,0.0,1.5,83.2,1013.5,5.0,1441.9,33
2305,20828.0,5174.0,450.0,48.2,10.0,3.5,25.0,1,rural,7,5,0.2,0.0,0.0,3.5,78.1,387.4,9.0,1321.0,66
4561,7600.0,1283.0,1773.0,50.4,0.0,5.0,8.0,3,rural,2,2,0.2,7.4,0.0,0.0,76.8,0.0,22.3,1219.3,78
1935,119316.0,8089.0,5621.0,105.0,10.0,1.5,10.0,1,urban,7,3,0.1,1.0,0.0,2.0,77.4,183.7,11.8,1369.8,61
386,27652.0,1446.0,362.0,95.0,0.0,8.0,8.0,2,rural,2,2,0.1,7.0,0.0,2.5,78.8,44.6,13.3,1281.0,12
1701,650.0,40.0,125.0,73.2,0.0,14.0,12.5,4,rural,6,5,0.1,5.4,0.0,1.5,57.8,189.0,12.3,577.5,72
4093,8100.0,279.0,1047.0,214.5,0.0,8.0,6.0,3,urban,2,5,0.2,1.0,0.0,2.0,73.6,10.7,17.2,1224.0,37
5368,14164.0,6916.0,789.0,62.0,0.0,12.0,12.0,1,rural,6,2,0.1,3.8,0.0,2.5,52.8,337.1,8.2,623.9,22
2789,23957.0,2502.0,6302.0,41.0,0.0,4.0,30.0,1,rural,2,5,0.1,0.0,0.0,3.0,77.2,299.4,10.4,1358.6,31
5071,895.0,26.0,105.0,75.7,0.0,7.9,11.0,3,rural,2,2,0.1,1.1,0.0,6.0,74.3,731.9,4.7,651.7,61
1563,3200.0,350.0,225.0,99.0,5.5,5.5,4.0,4,small urban,7,3,0.1,0.0,0.0,2.0,74.8,173.4,13.4,1239.2,101
3340,11200.0,1557.0,571.0,71.5,0.0,2.0,8.0,4,urban,2,2,0.2,8.0,0.0,1.5,77.8,0.0,23.3,1122.2,9
209,33000.0,1800.0,1660.0,103.7,0.0,8.5,16.0,3,rural,2,3,0.2,30.6,0.0,1.5,73.6,37.4,14.9,1257.3,35
909,5648.0,189.0,28.0,191.0,4.0,4.0,4.0,5,urban,7,3,0.1,0.0,0.0,2.0,75.8,525.0,9.4,1081.6,63
1289,800.0,32.0,19.0,283.0,0.0,6.0,10.0,6,small urban,2,2,0.1,0.0,0.0,0.0,69.9,1327.9,5.3,707.8,26
4374,6915.0,284.0,24.0,164.7,0.0,6.1,6.0,4,urban,2,2,0.2,17.3,0.0,2.0,84.6,61.5,8.3,2488.0,37
3601,50500.0,2981.0,1817.0,58.0,0.0,2.0,8.0,3,urban,6,2,0.3,1.0,0.0,1.5,76.2,0.0,22.1,1129.0,9
1842,44908.0,3693.0,11346.0,109.0,10.0,4.5,16.0,1,rural,7,3,0.1,0.0,0.0,4.5,77.2,299.4,10.4,1358.6,71
2497,23478.0,1437.0,5250.0,78.0,13.0,0.0,24.0,1,rural,3,2,0.0,0.0,0.0,13.0,79.0,516.1,8.1,1394.0,31
4740,3400.0,39.0,66.0,89.0,0.0,11.0,19.0,3,urban,6,5,0.1,0.0,0.0,2.5,77.8,397.1,9.3,1337.7,25
3396,109940.0,5915.0,1990.0,64.0,9.0,5.5,6.0,2,urban,7,2,0.2,0.0,0.0,5.5,75.0,135.7,12.8,1354.6,58
958,31926.0,1371.0,3431.0,72.8,0.0,9.3,4.9,2,rural,6,2,0.3,0.0,0.0,9.1,83.1,56.9,8.5,2080.8,18
1793,15041.0,240.0,925.0,92.0,10.0,3.5,19.0,1,urban,7,5,0.2,25.0,0.0,2.5,75.9,339.0,10.3,1231.6,60
2088,788.0,18.0,6.0,111.0,0.0,6.0,4.0,5,urban,2,2,0.0,0.0,0.0,2.0,77.6,459.1,8.7,1412.2,75
331,150190.0,0.0,0.0,97.0,0.0,12.5,7.0,1,rural,2,2,0.0,10.0,0.0,2.5,77.5,246.4,10.9,1398.2,11
3114,66000.0,2610.0,8214.0,71.5,0.0,20.0,17.0,1,rural,6,3,0.1,8.0,0.0,3.5,76.7,0.0,22.3,1087.2,16
3626,33500.0,720.0,419.0,88.4,0.0,2.0,8.0,3,urban,6,2,0.2,8.0,0.0,1.5,76.6,0.0,22.8,1105.9,19
2794,26071.0,2482.0,6347.0,83.0,0.0,4.0,30.0,1,rural,2,5,0.1,18.0,0.0,2.0,77.2,299.4,10.4,1358.6,31
2459,26358.0,2514.0,10879.0,53.0,10.0,5.0,31.0,1,rural,7,3,0.1,0.0,0.0,5.0,78.0,463.2,8.7,1363.9,59
1774,82208.0,1459.0,2069.0,45.5,18.0,5.0,24.0,1,urban,7,5,0.1,0.0,0.0,5.0,76.3,330.1,10.3,1280.2,75
4043,5200.0,260.0,416.0,184.5,0.0,6.0,8.0,3,rural,2,2,0.4,33.0,0.0,2.0,74.5,8.7,17.5,1227.2,54
3142,3427.0,210.0,195.0,90.9,0.0,9.5,13.3,3,rural,6,3,0.2,1.1,0.0,3.2,88.3,5.3,9.7,2024.6,71
4100,35100.0,1488.0,6494.0,131.5,0.0,8.0,6.0,3,urban,2,5,0.2,16.0,0.0,2.0,73.6,10.7,17.2,1224.0,80
4707,13300.0,773.0,253.0,135.0,8.0,1.0,7.0,3,urban,7,2,0.1,2.0,0.0,2.5,77.9,386.5,9.3,1426.3,47
2680,18087.0,1571.0,4010.0,38.0,10.0,6.5,18.0,1,rural,7,3,0.1,0.0,0.0,2.0,78.1,451.6,8.9,1382.0,56
5418,20937.0,368.0,362.0,56.4,0.0,9.9,4.0,3,rural,2,5,0.1,0.0,0.0,2.0,75.2,91.8,13.5,1268.5,9
4861,3472.0,34.0,84.0,96.0,0.0,5.2,10.2,3,rural,2,2,0.3,4.7,0.0,2.4,77.8,935.5,3.8,740.0,35
1710,37900.0,1292.0,424.0,74.6,7.0,7.0,3.0,3,rural,7,2,0.2,0.7,0.0,4.0,87.5,4.7,9.9,1941.0,62
4657,72100.0,0.0,0.0,155.0,9.0,3.0,10.0,2,urban,7,2,0.1,2.0,0.0,1.5,78.2,130.1,11.5,1379.0,44
2478,60062.0,3497.0,8721.0,122.0,0.0,5.5,12.0,1,urban,2,2,0.1,0.0,0.0,2.0,79.0,516.1,8.1,1394.0,39
1366,1600.0,110.0,60.0,81.0,4.5,4.5,4.0,5,rural,7,3,0.1,0.0,0.0,3.0,74.3,448.5,10.4,1071.7,97
173,11000.0,430.0,89.0,53.4,0.0,8.0,10.0,3,small urban,2,2,0.1,0.0,0.0,4.0,74.8,41.0,14.4,1427.3,45
3773,27500.0,1155.0,1375.0,134.5,0.0,6.0,4.5,4,urban,2,5,0.2,4.0,0.0,2.0,77.1,9.5,17.4,1306.2,29
4267,7900.0,352.0,19.0,167.0,0.0,5.0,5.0,5,urban,2,5,0.0,0.0,0.0,5.0,76.2,292.1,10.6,1352.2,125
2705,30464.0,1886.0,10903.0,35.0,0.0,6.0,37.0,1,rural,2,5,0.1,0.0,0.0,2.0,78.1,451.6,8.9,1382.0,25
5309,19431.0,759.0,393.0,131.5,9.5,0.0,16.0,3,urban,3,2,0.0,0.0,0.2,2.0,66.1,980.8,6.4,611.0,14
1952,14139.0,539.0,167.0,138.0,0.0,7.5,6.0,3,urban,2,2,0.1,0.0,0.0,1.5,77.4,183.7,11.8,1369.8,92
3366,2900.0,48.0,28.0,177.5,0.0,3.0,12.0,6,urban,2,2,0.1,5.0,0.0,4.0,34.9,3.2,16.2,250.8,19
3133,6300.0,229.0,141.0,149.9,0.0,6.0,6.0,4,urban,2,2,0.2,8.0,0.0,4.0,55.2,175.0,8.7,426.6,27
2036,20696.0,566.0,9369.0,94.0,10.0,4.0,21.0,1,rural,7,5,0.1,1.0,0.0,7.5,77.6,459.1,8.7,1412.2,57
5428,1311.0,112.0,65.0,134.0,0.0,11.2,4.0,5,rural,2,5,0.3,3.0,0.0,2.0,75.7,183.9,11.5,1260.9,8
4248,1200.0,84.0,30.0,139.0,0.0,6.0,4.5,5,urban,2,5,0.2,5.0,0.0,2.0,73.1,25.0,15.8,1161.8,79
3934,2529.0,70.0,50.0,105.4,0.0,4.0,12.0,3,rural,6,5,0.1,0.4,0.0,2.0,77.8,278.3,10.0,1321.7,15
0,22429.0,767.0,4163.0,101.0,10.0,0.0,6.0,1,rural,3,2,0.0,0.0,0.0,3.5,76.0,896.3,7.3,979.6,8
2174,37103.0,3066.0,9679.0,71.0,10.0,7.0,18.0,1,urban,7,5,0.2,0.0,0.0,5.0,77.7,393.9,9.3,1382.1,59
1356,6800.0,435.0,260.0,75.9,0.0,10.0,13.0,3,rural,6,2,0.1,0.0,0.0,2.0,87.0,3.1,10.0,1610.0,64
4313,52219.0,1400.0,770.0,69.3,0.0,3.0,19.0,2,urban,6,5,0.1,0.7,0.0,1.5,77.8,278.3,10.0,1321.7,21
5274,6415.0,395.0,1670.0,61.9,9.0,0.0,8.0,1,rural,3,3,0.0,0.0,0.0,0.0,64.6,814.8,7.2,593.8,26
2948,2619.0,185.0,90.0,72.3,0.0,28.0,6.0,4,urban,2,5,0.0,0.0,0.0,2.0,76.2,315.7,10.5,1319.7,91
396,36876.0,1991.0,1364.0,160.5,0.0,8.0,8.0,2,urban,2,2,0.2,0.0,0.0,2.5,78.9,73.1,12.7,1323.9,13
4354,62100.0,1400.0,1800.0,58.5,0.0,4.5,22.0,1,urban,6,5,0.1,12.5,0.0,1.0,77.8,278.3,10.0,1321.7,21
3121,139000.0,4407.0,5879.0,53.0,12.0,0.0,17.0,1,urban,3,3,0.0,14.0,0.0,0.0,76.7,0.0,22.3,1087.2,15
1812,15158.0,662.0,1797.0,61.0,10.0,4.0,20.0,1,rural,7,5,0.2,0.0,0.0,4.0,76.8,377.6,9.5,1302.6,49
3875,83642.0,3271.0,1121.0,209.0,10.0,5.0,6.0,1,urban,7,2,0.3,0.0,0.0,1.5,,,,,69
5527,11788.0,637.0,130.0,81.7,0.0,3.0,10.0,3,rural,6,2,0.1,17.3,0.0,3.5,81.0,695.3,7.1,1354.0,84
816,4900.0,274.0,20.0,194.0,0.0,5.0,19.0,6,urban,2,2,0.2,22.7,0.0,0.0,77.6,254.6,10.4,1398.8,30
1572,7100.0,409.0,128.0,196.0,0.0,3.0,11.0,5,urban,6,2,0.1,5.0,0.0,2.0,77.8,330.7,9.9,1303.1,65
4013,980.0,30.0,90.0,90.8,0.0,5.0,4.0,5,small urban,6,2,0.1,1.0,0.0,3.0,34.9,3.2,16.2,250.8,58
1800,2907.0,241.0,125.0,132.3,0.0,7.0,23.0,3,rural,2,5,0.2,3.7,0.0,1.5,76.8,377.6,9.5,1302.6,99
2280,13977.0,621.0,78.0,143.0,6.0,8.5,12.0,4,urban,7,5,0.2,5.0,0.0,2.0,78.1,387.4,9.0,1321.0,125
3497,12700.0,658.0,30.0,96.0,0.0,9.5,15.0,3,small urban,6,2,0.2,7.0,0.0,2.0,87.5,4.7,9.9,1941.0,66
4587,19600.0,1121.0,367.0,223.5,9.0,4.0,11.0,3,urban,7,2,0.2,16.5,0.0,2.5,78.2,130.1,11.5,1379.0,63
4381,3577.0,99.2,83.0,133.5,0.0,8.0,6.0,3,small urban,6,2,0.2,6.5,0.0,2.0,75.1,10.0,18.1,1338.3,26
3064,113.0,39.0,13.0,200.8,0.0,4.0,3.0,5,rural,2,2,0.2,3.8,0.0,3.0,61.8,112.6,10.8,521.2,37
4999,22416.0,933.0,415.0,62.7,0.0,4.8,15.6,3,rural,2,2,0.2,1.3,0.0,4.8,74.5,1590.4,0.5,711.8,28
3607,112000.0,5329.0,10239.0,55.0,0.0,2.0,8.0,1,urban,6,2,0.1,1.0,0.0,1.0,76.2,0.0,22.1,1129.0,19
3774,2300.0,286.0,42.0,169.0,0.0,6.0,4.5,4,urban,2,5,0.3,10.0,0.0,2.0,77.1,9.5,17.4,1306.2,85
3090,2400.0,125.0,23.0,366.0,0.0,2.5,3.0,4,urban,6,2,0.2,5.0,0.0,1.5,77.8,330.7,9.9,1303.1,125
4004,3018.0,223.0,215.0,145.7,0.0,6.0,8.0,3,rural,2,2,0.3,14.9,0.0,2.0,77.1,9.5,17.4,1306.2,79
4149,21650.0,1792.0,463.0,68.8,0.0,10.0,12.0,2,urban,2,2,0.3,8.9,0.0,2.0,73.8,27.5,15.5,1206.3,33
554,23300.0,1088.0,4914.0,100.3,0.0,13.0,14.0,1,rural,6,2,0.3,0.2,0.0,2.5,81.9,74.6,8.4,1367.4,61
1159,2908.0,115.0,116.0,76.0,0.0,10.6,5.0,4,rural,6,2,0.1,50.0,0.0,1.8,64.8,185.7,9.3,496.9,86
1213,200511.0,6297.0,6477.0,68.0,10.0,5.5,16.0,1,urban,7,2,0.2,2.5,0.0,2.0,75.9,199.1,11.8,1340.9,60
2922,33153.0,4269.0,6837.0,156.6,9.0,6.5,15.0,1,rural,7,3,0.1,0.0,0.0,4.0,76.2,315.7,10.5,1319.7,64
1325,17600.0,540.0,3640.0,109.0,12.5,0.0,4.0,1,small urban,3,3,0.0,10.0,0.0,0.0,67.2,163.6,13.4,847.0,24
3066,475.0,19.0,11.0,266.0,0.0,3.5,5.0,6,urban,2,2,0.2,0.0,0.0,0.0,73.4,1003.1,7.0,1171.6,31
3129,200.0,6.0,18.0,195.4,0.0,4.0,12.0,5,rural,2,2,0.2,32.2,0.0,4.0,39.9,73.9,11.5,311.6,22
700,6617.0,412.0,505.0,168.5,5.5,5.5,4.0,3,small urban,7,3,0.2,37.0,0.0,2.0,73.2,328.8,11.7,1043.4,70
4144,41300.0,2891.0,413.0,77.6,0.0,10.0,12.0,2,urban,2,2,0.4,1.3,0.0,2.0,73.8,27.5,15.5,1206.3,15
4065,16000.0,1280.0,160.0,77.3,0.0,10.0,12.0,2,urban,2,2,0.6,25.0,0.0,2.0,74.8,41.0,14.4,1427.3,44
4254,150.0,5.0,13.0,101.7,0.0,3.0,8.0,5,rural,6,3,0.0,0.0,0.0,3.0,52.6,323.4,8.4,409.8,71
1455,8614.0,327.0,181.0,198.0,0.0,6.0,16.0,5,urban,6,2,0.3,5.0,0.0,1.0,80.9,756.2,6.8,1362.0,20
4852,3000.0,157.0,29.0,144.0,0.0,11.0,9.0,4,urban,6,3,0.1,0.0,0.0,2.5,77.8,330.7,9.9,1303.1,63
2754,6340.0,118.0,9.0,143.0,0.0,6.5,8.0,5,urban,2,2,0.1,0.0,0.0,1.5,77.3,280.3,10.6,1358.9,94
5574,7529.0,106.0,46.0,153.2,0.0,11.0,4.0,3,small urban,2,2,0.1,4.8,0.0,3.0,67.2,1075.7,6.0,622.1,47
866,1368.0,40.0,228.0,120.0,0.0,9.0,5.0,3,rural,2,3,0.1,0.0,0.0,2.0,69.0,875.3,7.3,765.4,28
1644,736.0,20.0,12.0,292.0,5.5,5.5,4.0,5,urban,7,3,0.2,0.0,0.0,2.0,74.0,199.5,13.0,1240.3,69
2140,28958.0,1631.0,8794.0,53.5,10.0,4.0,21.0,1,rural,7,5,0.1,0.0,0.0,2.0,78.0,463.2,8.7,1363.9,58
3733,35970.0,1914.0,1882.0,38.5,0.0,10.0,12.0,3,small urban,6,2,0.1,6.5,0.0,3.0,76.0,109.1,13.2,1336.0,64
5566,2913.0,105.0,630.0,154.0,0.0,12.0,7.0,3,rural,6,3,0.2,3.1,0.0,6.0,63.9,794.1,7.0,559.5,65
1490,3350.0,130.0,130.0,103.0,5.0,5.0,4.0,4,rural,7,3,0.2,0.0,0.0,2.0,73.7,245.5,12.5,1221.6,93
2879,32510.0,3552.0,10038.0,75.0,13.0,5.0,21.0,1,rural,7,3,0.2,0.0,0.0,4.5,76.2,315.7,10.5,1319.7,36
729,4483.0,247.0,395.0,71.0,0.0,14.0,22.0,1,rural,2,2,0.4,0.0,0.0,1.7,81.8,815.0,6.3,1323.6,17
3592,6300.0,251.0,251.0,132.7,0.0,6.0,4.5,4,urban,2,5,0.4,20.8,0.0,2.0,75.4,10.8,17.3,1243.9,17
3269,5400.0,91.0,53.0,81.7,0.0,4.0,12.0,4,urban,2,2,0.1,5.0,0.0,4.0,34.9,3.2,16.2,250.8,33
2620,1069.0,30.0,23.0,235.0,0.0,6.0,6.0,4,urban,2,2,0.1,10.0,0.0,1.5,77.7,393.9,9.3,1382.1,98
1936,119316.0,8089.0,5621.0,80.0,10.0,3.0,10.0,1,urban,7,3,0.1,0.0,0.0,2.0,77.4,183.7,11.8,1369.8,61
3792,1640.0,82.0,24.0,70.0,5.0,11.0,2.0,4,rural,7,3,0.1,0.0,0.0,1.5,77.2,90.4,13.6,1329.9,86
1110,290.0,10.0,9.0,221.3,0.0,6.0,24.0,5,rural,6,2,0.4,7.6,0.0,1.0,84.1,1442.7,3.1,1231.3,26
4710,8800.0,178.0,88.0,156.5,0.0,13.0,19.0,3,rural,6,5,0.2,18.4,0.0,4.5,77.6,254.6,10.4,1398.8,43
5182,4412.0,79.0,101.0,168.0,0.0,10.0,6.0,6,urban,6,3,0.1,8.5,0.0,2.0,75.6,310.8,10.9,1231.6,75
2394,48715.0,2667.0,14151.0,83.0,0.0,4.5,26.0,1,urban,2,5,0.2,0.0,0.0,20.5,76.2,292.1,10.6,1352.2,14
1185,3257.0,92.0,232.0,284.0,7.5,2.0,5.0,3,rural,7,2,0.2,0.0,0.0,2.0,70.8,880.3,7.7,911.0,40
2007,27480.0,2438.0,4178.0,56.0,10.0,4.5,18.0,1,rural,7,5,0.2,0.0,0.0,2.5,77.6,395.4,9.5,1362.7,60
193,14000.0,680.0,2210.0,77.5,0.0,14.0,10.0,3,small urban,2,2,0.2,0.5,0.0,1.5,73.2,20.9,16.3,1268.0,54
1515,2900.0,50.0,504.0,61.6,0.0,6.0,8.0,3,rural,2,2,0.2,0.1,0.0,2.0,75.2,5.6,18.1,1212.1,33
578,3421.0,79.0,34.0,346.9,0.0,8.0,22.0,5,small urban,6,2,0.3,27.0,0.0,1.0,81.2,846.6,6.4,1370.8,34
2123,22402.0,812.0,12048.0,66.2,10.0,4.5,28.0,1,rural,7,5,0.1,0.0,0.0,4.5,78.0,463.2,8.7,1363.9,58
1429,9389.0,310.0,113.0,143.3,0.0,6.0,16.0,5,urban,6,2,0.2,0.7,0.0,6.0,80.9,756.2,6.8,1362.0,25
771,126000.0,2243.0,952.0,137.0,10.0,0.0,3.0,1,urban,3,2,0.0,0.0,0.0,0.0,72.9,996.8,7.0,1113.8,10
3341,3300.0,76.0,101.0,232.5,0.0,4.0,13.0,4,urban,2,2,0.1,20.0,0.0,3.5,57.1,226.3,8.0,716.8,45
2395,2429.0,172.0,94.0,94.7,0.0,8.5,6.0,3,rural,2,2,0.2,1.3,0.0,2.5,75.8,313.1,10.3,1283.1,101
5742,13768.0,744.0,151.0,117.3,0.0,7.5,36.0,5,rural,6,2,0.5,14.0,0.0,2.0,83.6,978.5,5.1,1469.2,33
1846,34116.0,2461.0,9493.0,98.5,10.0,4.5,16.0,1,rural,7,3,0.1,0.0,0.0,4.5,77.2,299.4,10.4,1358.6,71
131,129000.0,3950.0,6790.0,125.7,14.0,0.0,5.0,1,urban,3,5,0.0,0.0,0.0,0.0,73.9,25.5,15.9,1204.9,29
178,32000.0,1450.0,1590.0,60.5,0.0,10.1,17.0,2,urban,2,3,0.2,18.2,0.0,0.0,76.6,28.5,15.8,1382.6,17
5382,3537.0,192.0,40.0,160.0,0.0,3.0,24.0,5,urban,6,2,0.2,1.0,0.0,1.0,79.2,482.5,8.5,1306.4,48
3558,32983.0,660.0,320.0,72.5,0.0,4.0,19.0,2,urban,6,5,0.1,0.8,0.0,2.0,79.2,145.3,10.8,1498.0,21
3477,16646.0,654.0,261.0,132.8,0.0,3.0,6.0,4,urban,6,2,0.2,0.3,0.0,3.0,59.1,62.4,12.3,438.0,19
2580,57666.0,2302.0,7126.0,58.0,0.0,6.0,12.0,1,urban,2,2,0.2,0.0,0.0,2.0,77.7,393.9,9.3,1382.1,59
3383,14500.0,245.0,143.0,50.0,0.0,8.0,11.0,2,urban,6,2,0.1,0.0,0.0,3.0,34.9,3.2,16.2,250.8,61
3135,231000.0,4354.0,5810.0,39.0,18.0,0.0,13.0,1,urban,3,3,0.0,0.0,0.0,0.0,76.7,0.0,22.3,1087.2,8
5488,8217.0,443.0,91.0,58.5,0.0,3.0,44.0,4,small urban,6,2,0.2,11.0,0.0,1.0,83.6,978.5,5.1,1469.2,68
3467,7700.0,129.0,76.0,245.5,0.0,4.0,13.0,4,urban,2,2,0.1,0.0,0.0,4.0,34.9,3.2,16.2,250.8,24
2073,24958.0,1826.0,5823.0,42.7,10.0,4.0,18.0,1,rural,7,5,0.2,0.0,0.0,3.5,77.6,459.1,8.7,1412.2,57
658,106529.0,3217.0,5412.0,99.0,0.0,12.8,3.6,1,urban,6,2,0.8,11.7,0.0,1.8,84.6,61.5,8.3,2488.0,54
1896,12446.0,702.0,1893.0,77.5,11.0,4.5,20.0,1,rural,7,5,0.1,0.0,0.0,4.5,76.3,364.6,9.7,1122.7,36
4259,13800.0,270.0,80.0,103.6,0.0,5.0,18.0,3,urban,6,5,0.1,1.0,0.0,1.5,78.2,216.0,10.4,1435.3,9
3795,23282.0,1465.0,319.0,103.0,9.0,13.0,8.0,3,urban,7,2,0.2,0.0,0.0,18.0,77.2,90.4,13.6,1329.9,10
2221,46367.0,2326.0,14762.0,63.0,10.0,6.0,16.0,1,rural,7,5,0.1,0.0,0.0,5.5,76.2,292.1,10.6,1352.2,63
5491,1365.0,74.0,15.0,169.5,0.0,2.0,32.0,4,rural,6,2,0.3,16.5,0.0,1.0,83.6,978.5,5.1,1469.2,25
2379,48394.0,1436.0,13819.0,49.5,12.0,4.0,20.0,1,rural,7,3,0.2,0.0,0.0,4.0,76.2,292.1,10.6,1352.2,63
1447,17721.0,928.0,257.0,180.0,10.0,10.0,4.0,3,urban,7,3,0.2,0.0,0.0,3.0,74.9,392.3,10.7,1074.9,54
342,231585.0,0.0,0.0,125.1,0.0,12.5,7.0,1,urban,2,2,0.1,15.4,0.0,5.0,77.4,181.5,11.5,1387.7,13
3362,1200.0,41.0,102.0,251.3,0.0,4.0,12.0,4,small urban,2,2,0.1,0.0,0.0,4.0,44.6,76.5,10.9,231.4,34
2527,3102.0,138.0,60.0,69.5,0.0,6.5,4.0,5,rural,2,2,0.0,0.0,0.0,4.0,77.6,395.4,9.5,1362.7,125
727,9847.0,985.0,3565.0,89.6,0.0,9.0,28.0,1,rural,6,2,0.2,1.6,0.0,1.2,81.2,846.6,6.4,1370.8,35
5497,2002.0,108.0,22.0,273.0,0.0,3.0,32.0,5,rural,6,2,0.3,18.0,0.0,1.0,81.9,776.7,6.5,1396.5,49
976,5003.0,173.0,201.0,77.4,0.0,12.3,12.0,2,small urban,6,2,0.2,0.0,0.0,3.0,73.1,1405.6,4.5,839.9,44
5648,18981.0,645.0,1329.0,48.5,0.0,6.0,10.0,3,small urban,6,2,0.1,0.0,0.0,1.5,70.0,1.8,20.4,1073.9,36
3941,13000.0,606.0,642.0,92.8,0.0,8.0,6.0,3,small urban,2,5,0.5,25.4,0.0,2.0,73.2,15.3,16.8,1213.2,52
1928,12496.0,1010.0,554.0,75.0,8.0,5.0,23.0,2,rural,7,5,0.0,0.0,0.0,5.0,77.1,514.6,8.3,1027.2,49
4761,112200.0,6476.0,9104.0,54.8,9.0,4.0,9.0,1,urban,7,2,0.1,0.0,0.0,3.5,77.8,330.7,9.9,1303.1,60
5568,685.0,41.0,95.0,116.2,0.0,7.0,6.0,3,rural,2,2,0.1,0.9,0.0,2.0,64.7,841.2,6.8,580.9,68
1299,28607.0,1465.0,195.0,61.1,0.0,6.0,1.0,3,urban,6,3,0.2,7.6,0.0,2.0,76.0,76.6,13.8,1287.2,39
3961,42400.0,1060.0,1823.0,70.0,12.0,13.0,10.0,1,urban,7,5,0.1,0.3,0.0,2.0,73.7,16.7,16.4,1170.0,30
5324,1085.0,65.0,75.0,51.8,0.0,4.0,4.0,5,rural,2,2,0.1,0.2,0.0,2.0,62.8,691.9,7.3,553.5,42
660,40539.0,1073.0,2385.0,49.2,0.0,11.4,4.6,1,urban,6,2,0.1,0.0,0.0,1.8,82.7,44.3,9.6,1629.7,61
1790,21489.0,1317.0,1128.0,80.5,0.0,4.0,17.0,1,rural,2,5,0.2,0.0,0.0,2.5,75.9,339.0,10.3,1231.6,26
3167,2400.0,143.0,24.0,144.0,0.0,6.0,3.0,5,urban,6,5,0.1,0.0,0.0,2.0,78.2,130.1,11.5,1379.0,45
3682,300.0,51.0,25.0,124.4,0.0,4.0,12.0,6,small urban,2,2,0.0,10.4,0.0,4.0,39.9,73.9,11.5,311.6,33
3937,7600.0,152.0,380.0,127.7,0.0,8.0,6.0,3,small urban,2,5,0.5,10.0,0.0,2.0,73.2,15.3,16.8,1213.2,38
2903,32830.0,3390.0,6521.0,59.0,0.0,11.0,18.0,1,rural,2,2,0.2,0.5,0.0,4.0,76.2,315.7,10.5,1319.7,60
5349,11773.0,2980.0,396.0,109.8,10.5,0.0,6.0,1,urban,3,2,0.0,2.5,0.0,7.5,52.8,337.1,8.2,623.9,27
5658,976.0,28.0,15.0,276.0,0.0,10.0,6.0,5,small urban,6,2,0.3,24.5,0.0,2.0,74.8,215.8,12.2,1233.4,95
3573,73411.0,2577.0,1322.0,147.0,0.0,12.5,9.0,2,urban,6,2,0.6,1.0,0.0,20.0,75.0,135.7,12.8,1354.6,14
5337,883.0,37.0,29.0,72.6,0.0,4.2,12.0,5,rural,6,2,0.1,0.6,0.0,2.0,51.9,314.7,9.2,287.2,26
1085,3115.0,196.0,115.0,78.6,0.0,6.0,16.0,5,rural,6,2,0.2,2.3,0.0,1.5,81.8,815.0,6.3,1323.6,34
5476,3017.0,163.0,33.0,139.0,0.0,1.0,16.0,4,urban,6,2,0.2,8.0,0.0,1.0,79.2,482.5,8.5,1306.4,72
694,11800.0,234.0,284.0,73.7,0.0,11.0,8.0,3,urban,6,2,0.4,0.3,0.0,2.0,69.5,327.8,6.2,1159.2,50
1278,8047.0,507.0,539.0,107.0,0.0,6.5,13.0,4,rural,2,2,0.1,0.0,0.0,1.5,73.6,939.2,7.3,956.1,59
5512,9239.0,498.0,102.0,60.3,0.0,5.5,37.0,4,urban,6,3,0.1,1.0,0.0,1.5,79.5,622.1,7.5,1291.3,24
1621,3350.0,500.0,140.0,164.0,4.5,4.5,4.0,4,urban,7,3,0.2,0.0,0.0,2.0,74.0,199.5,13.0,1240.3,45
2561,11759.0,236.0,10.0,85.0,0.0,4.5,8.0,4,urban,2,2,0.0,1.0,0.0,1.5,77.3,280.3,10.6,1358.9,125
3997,473.0,123.0,42.0,162.6,0.0,2.0,4.0,5,rural,6,2,0.2,1.0,0.0,2.0,64.8,185.7,9.3,496.9,21
3742,46402.0,4720.0,3601.0,46.0,0.0,10.0,18.0,1,rural,6,3,0.1,0.0,0.0,2.0,75.5,224.4,11.6,1318.4,60
67,26000.0,1480.0,1640.0,47.7,0.0,12.5,7.0,1,rural,6,3,0.1,0.0,0.0,2.5,78.3,22.7,16.2,1434.9,35
3411,2600.0,44.0,26.0,290.7,0.0,4.0,13.0,6,urban,2,2,0.1,0.0,0.0,4.0,34.9,3.2,16.2,250.8,13
2812,25033.0,1637.0,7436.0,121.0,0.0,3.5,26.0,1,rural,2,5,0.2,24.5,0.0,4.5,77.2,299.4,10.4,1358.6,35
2269,15789.0,300.0,16.0,263.0,0.0,9.0,4.0,5,urban,2,2,0.1,0.0,0.0,1.5,76.5,209.7,11.6,1454.3,95
4055,1618.0,31.0,32.0,102.7,0.0,7.0,1.0,3,rural,2,2,0.2,12.4,0.0,2.6,61.7,584.8,6.5,683.8,71
4568,6100.0,450.0,60.0,142.0,0.0,6.0,17.0,3,urban,6,2,0.2,24.0,0.0,2.5,74.1,11.3,11.0,860.5,71
820,3740.0,183.0,153.0,68.2,0.0,10.0,24.0,5,rural,6,2,0.2,2.2,0.0,1.0,80.9,756.2,6.8,1362.0,26
1226,35000.0,674.0,411.0,163.0,0.0,2.0,8.0,3,urban,6,2,0.1,8.0,0.0,1.5,76.3,0.0,23.8,1171.7,11
4283,31183.0,1381.0,218.0,136.3,0.0,9.4,4.8,2,urban,6,3,0.3,22.3,0.0,1.0,83.1,56.9,8.5,2080.8,53
4844,400.0,23.0,4.0,186.9,0.0,10.0,7.0,5,rural,6,3,0.1,0.0,0.0,1.5,77.6,254.6,10.4,1398.8,63
2367,225.0,5.0,0.0,164.0,0.0,6.0,4.0,5,rural,2,5,0.0,0.0,0.0,1.0,78.8,496.7,8.4,1374.0,71
5378,8627.0,466.0,95.0,104.5,0.0,3.0,24.0,5,urban,6,2,0.1,0.0,0.0,1.0,79.5,622.1,7.5,1291.3,46
3628,9003.0,832.0,497.0,121.9,0.0,8.0,6.0,3,small urban,2,5,0.5,49.0,0.0,2.0,75.2,14.3,16.9,1306.1,56
2512,6861.0,92.0,45.0,97.0,0.0,9.0,17.0,4,urban,2,2,0.0,0.0,0.0,3.0,76.8,234.8,11.3,1352.4,62
5166,10990.0,107.0,319.0,104.2,0.0,10.0,6.0,4,rural,6,3,0.2,1.0,0.0,2.0,75.7,289.8,11.2,1233.5,75
4936,6216.0,90.0,326.0,40.1,0.0,7.9,16.1,3,rural,2,2,0.2,0.1,0.0,4.7,69.8,873.3,4.1,695.4,53
5627,10277.0,194.0,68.0,76.0,0.0,10.0,6.0,4,urban,6,2,0.1,1.0,0.0,1.5,75.7,302.3,10.7,1258.5,95
1143,5300.0,240.0,613.0,60.0,0.0,9.1,9.0,2,small urban,6,2,0.2,2.5,0.0,3.6,61.8,112.6,10.8,521.2,71
397,46727.0,2523.0,1729.0,71.0,0.0,8.0,8.0,2,urban,2,2,0.2,0.0,0.0,2.5,78.9,73.1,12.7,1323.9,13
3846,8885.0,889.0,89.0,145.8,0.0,8.0,6.0,3,urban,2,5,0.4,7.5,0.0,2.0,74.8,41.0,14.4,1427.3,14
4971,4107.0,40.0,138.0,87.0,0.0,6.6,29.4,3,small urban,2,2,0.3,0.0,0.0,6.6,57.2,437.0,9.1,502.6,38
3650,6379.0,383.0,128.0,198.0,8.0,3.0,8.0,5,small urban,7,2,0.2,0.0,0.0,2.0,87.4,5.8,9.2,2187.5,37
1398,650.0,26.0,16.0,266.0,0.0,3.5,5.0,6,urban,2,2,0.1,0.0,0.0,0.0,73.4,1003.1,7.0,1171.6,25
1659,55173.0,5470.0,8308.0,75.3,3.0,3.0,4.0,1,urban,7,3,0.2,1.3,0.0,4.0,74.2,334.3,11.5,1069.6,62
2220,46367.0,2326.0,14762.0,56.0,10.0,6.0,16.0,1,rural,7,3,0.1,0.0,0.0,5.5,76.2,292.1,10.6,1352.2,63
979,5703.0,190.0,209.0,73.7,0.0,12.3,12.0,2,small urban,6,2,0.2,0.0,0.0,3.0,73.1,1405.6,4.5,839.9,44
2331,41948.0,1847.0,7879.0,61.0,13.0,4.5,31.0,1,rural,7,3,0.1,0.0,0.0,4.5,78.1,387.4,9.0,1321.0,38
1298,5801.0,232.0,139.0,107.0,0.0,6.0,22.5,5,urban,2,2,0.2,0.0,0.0,6.0,76.6,1368.6,4.3,909.5,21
4543,15100.0,707.0,411.0,85.6,0.0,3.0,8.0,3,urban,2,2,0.1,0.0,0.0,0.0,77.4,0.0,23.1,1332.6,11
82,126000.0,3390.0,9990.0,62.0,0.0,13.0,12.0,1,urban,2,2,0.2,1.2,0.0,2.4,74.2,49.8,14.6,1219.1,65
4091,7500.0,651.0,207.0,231.8,0.0,8.0,6.0,3,urban,2,5,0.3,9.0,0.0,2.0,73.6,10.7,17.2,1224.0,57
3253,35000.0,596.0,349.0,133.0,0.0,4.8,13.0,3,urban,2,2,0.2,0.0,0.0,4.0,34.9,3.2,16.2,250.8,69
4531,24500.0,555.0,768.0,84.3,0.0,8.0,8.0,3,rural,2,2,0.1,1.0,0.0,0.0,73.1,0.0,25.3,1154.8,19
3671,21122.0,1276.0,1272.0,54.0,7.0,13.5,12.0,3,small urban,7,2,0.2,5.0,0.0,1.5,77.6,43.7,14.3,1302.9,63
4564,65402.0,1016.0,619.0,81.5,0.0,4.0,10.0,3,urban,6,2,0.2,1.0,0.0,2.0,76.8,0.0,22.3,1219.3,28
4958,12261.0,199.0,648.0,87.5,0.0,7.2,24.0,1,small urban,2,2,0.3,1.5,0.0,2.4,73.2,887.3,3.5,710.8,62
423,13630.0,95.0,136.0,139.0,0.0,6.0,27.0,3,small urban,6,2,0.3,1.0,0.0,3.0,80.9,756.2,6.8,1362.0,36
5432,27526.0,433.0,365.0,74.0,0.0,9.8,8.0,2,urban,2,5,0.1,4.3,0.0,2.9,75.7,58.3,14.5,1297.4,20
1904,25981.0,2252.0,2720.0,65.7,12.0,4.5,20.0,1,urban,7,5,0.1,0.0,0.0,4.5,76.3,364.6,9.7,1122.7,17
5257,7905.0,427.0,87.0,39.2,0.0,2.5,48.0,1,rural,6,2,0.1,0.0,0.0,2.5,83.6,978.5,5.1,1469.2,42
1530,4400.0,198.0,39.0,109.0,0.0,5.5,10.0,3,small urban,6,2,0.2,34.0,0.0,2.0,69.5,327.8,6.2,1159.2,87
4103,2800.0,174.0,72.0,206.0,0.0,6.0,4.5,5,urban,2,5,0.3,22.0,0.0,2.0,73.6,10.7,17.2,1224.0,16
1565,2300.0,55.0,475.0,70.0,0.0,9.0,6.0,3,rural,6,3,0.3,0.5,0.0,2.0,61.6,239.2,12.0,751.2,89
4284,110.0,11.0,9.0,85.8,0.0,2.9,1.0,5,rural,6,2,0.2,1.5,0.0,1.0,63.8,202.9,9.5,542.0,37
2749,16651.0,392.0,108.0,181.5,0.0,1.5,20.0,4,urban,2,5,0.0,2.0,0.0,13.5,77.3,280.3,10.6,1358.9,19
839,28192.0,1018.0,733.0,100.0,7.0,5.3,9.0,3,small urban,7,2,0.4,0.0,0.0,1.8,87.6,4.0,10.0,1914.9,91
500,24000.0,2009.0,6821.0,58.5,0.0,13.5,12.0,1,rural,6,2,0.3,0.0,0.0,2.5,81.2,3.8,10.5,1222.3,70
4668,12600.0,644.0,236.0,129.5,0.0,14.0,22.0,4,rural,6,5,0.2,1.2,0.0,2.5,77.6,254.6,10.4,1398.8,44
141,34000.0,1280.0,1480.0,46.5,8.0,8.5,4.0,2,urban,2,2,0.2,0.2,0.0,1.5,76.1,28.6,15.6,1328.6,61
5103,143.0,13.0,25.0,127.6,0.0,4.2,15.8,5,rural,2,2,0.2,0.8,0.0,4.2,62.4,872.2,6.2,483.2,39
2605,63583.0,2709.0,7728.0,75.8,0.0,5.5,12.0,1,urban,2,2,0.2,6.2,0.0,2.0,77.7,393.9,9.3,1382.1,59
1377,32893.0,1722.0,11234.0,86.0,5.5,5.5,4.0,1,small urban,7,3,0.2,5.6,0.0,4.0,75.4,481.3,9.9,1081.5,63
4504,1667.0,623.0,51.0,197.7,0.0,0.5,12.0,6,small urban,2,2,0.1,1.0,0.0,1.0,79.3,351.1,5.4,1016.7,45
5684,31614.0,496.0,2652.0,73.0,0.0,14.0,6.0,2,rural,6,3,0.2,2.4,0.0,2.0,75.9,358.6,10.3,1179.5,37
2266,109800.0,6387.0,5281.0,56.0,0.0,3.5,17.0,1,urban,2,5,0.1,0.0,0.0,1.5,76.5,209.7,11.6,1454.3,34
2835,27278.0,2295.0,12108.0,67.7,10.0,5.5,19.0,1,rural,7,3,0.1,0.0,0.0,5.5,77.2,299.4,10.4,1358.6,57
1138,15000.0,1460.0,2650.0,47.8,0.0,23.5,22.0,1,rural,6,5,0.1,0.9,0.0,1.5,60.8,184.7,12.9,667.8,60
2257,59702.0,3641.0,19261.0,54.0,14.0,0.0,35.0,1,urban,3,2,0.0,0.0,0.0,14.0,76.2,296.0,10.5,1308.9,30
3361,1800.0,30.0,17.0,153.0,0.0,4.0,13.0,4,small urban,2,2,0.1,0.0,0.0,4.0,34.9,3.2,16.2,250.8,20
1787,1144.0,209.0,28.0,257.7,0.0,10.0,16.0,5,small urban,2,5,0.1,2.0,0.0,3.0,77.0,366.4,9.8,1312.2,125
3392,14552.0,574.0,361.0,109.0,10.0,4.0,6.0,2,urban,7,2,0.2,16.0,0.0,4.0,75.0,135.7,12.8,1354.6,53
550,22700.0,1060.0,4787.0,104.7,0.0,13.0,9.0,1,rural,6,2,0.3,0.0,0.0,2.5,81.9,74.6,8.4,1367.4,58
459,3128.0,197.0,106.0,141.3,0.0,11.0,21.0,4,rural,6,2,0.2,1.0,0.0,1.5,84.0,1194.9,3.9,1448.3,25
2019,19728.0,1262.0,7176.0,196.0,0.0,3.5,33.0,1,rural,2,5,0.1,20.0,0.0,4.0,78.2,402.4,9.1,1451.5,36
948,1270.0,23.0,150.0,121.2,0.0,5.0,12.0,3,rural,2,3,0.2,1.6,0.0,4.3,65.3,511.1,9.8,817.2,19
3000,50928.0,3602.0,8451.0,88.5,10.0,4.0,16.0,1,rural,7,5,0.3,18.0,0.0,2.0,75.9,251.0,11.1,1287.3,67
2913,28250.0,1834.0,4857.0,85.0,9.0,3.5,15.0,1,urban,7,3,0.0,0.0,0.0,4.0,76.2,315.7,10.5,1319.7,76
532,2111.0,59.0,13.0,136.0,0.0,6.0,16.0,5,urban,6,2,0.2,0.0,0.0,1.0,81.8,815.0,6.3,1323.6,18
3589,6700.0,299.0,1016.0,122.5,0.0,4.0,8.0,4,rural,2,2,0.2,19.5,0.0,2.0,75.4,10.8,17.3,1243.9,71
1829,4172.0,239.0,519.0,71.7,8.0,9.0,12.0,3,rural,7,2,0.1,0.0,0.0,2.5,76.8,377.6,9.5,1302.6,100
3858,28700.0,1205.0,1435.0,139.9,0.0,6.0,4.5,4,urban,2,5,0.2,11.8,0.0,2.0,74.8,41.0,14.4,1427.3,19
5117,4199.0,98.0,103.0,79.0,0.0,4.8,32.0,4,urban,2,2,0.2,0.5,0.0,4.8,56.8,385.2,8.6,549.9,24
4625,42900.0,2183.0,1636.0,83.0,9.0,2.0,8.0,2,urban,7,2,0.2,12.2,0.0,3.5,78.9,489.4,8.6,1569.7,61
4532,33000.0,899.0,421.0,127.0,0.0,3.0,8.0,3,urban,2,2,0.1,8.0,0.0,0.0,73.1,0.0,25.3,1154.8,27
1602,2970.0,77.0,345.0,73.3,0.0,3.0,18.7,3,rural,2,2,0.1,0.0,0.0,3.0,69.0,875.3,7.3,765.4,60
2238,74334.0,10095.0,7003.0,59.0,9.0,4.5,18.0,1,urban,7,3,0.1,0.5,0.0,2.0,76.2,292.1,10.6,1352.2,56
639,550.0,77.0,57.0,84.9,0.0,6.0,8.0,3,rural,6,2,0.2,0.0,0.0,2.5,52.9,278.4,8.1,560.1,55
5599,1090.0,36.0,212.0,74.4,0.0,7.0,12.0,3,rural,6,2,0.2,0.0,0.0,2.0,68.3,1326.9,4.8,569.0,32
967,18572.0,873.0,167.0,75.0,0.0,8.0,20.0,3,small urban,6,2,0.2,5.0,0.0,2.0,81.2,622.0,7.4,1444.6,28
4899,14284.0,345.0,369.0,142.7,10.8,0.0,12.0,3,small urban,3,2,0.0,0.0,0.0,10.8,73.8,798.8,4.8,709.3,19
5706,74057.0,3999.0,814.0,44.0,0.0,5.5,36.0,1,small urban,6,2,0.2,0.5,0.0,1.0,81.9,776.7,6.5,1396.5,63
1683,6200.0,73.0,95.0,211.0,0.0,4.0,5.0,4,urban,6,2,0.1,0.0,0.0,2.0,77.6,254.6,10.4,1398.8,95
2248,77311.0,2441.0,19581.0,84.0,14.0,0.0,8.0,1,urban,3,2,0.0,0.0,0.0,14.0,76.2,296.0,10.5,1308.9,30
3886,6712.0,121.0,94.0,92.0,0.0,3.0,6.0,3,urban,2,3,0.1,0.5,0.0,1.5,51.2,24.2,16.4,454.6,20
5181,11995.0,165.0,155.0,130.2,0.0,10.0,6.0,4,urban,6,3,0.3,25.0,0.0,2.0,75.6,310.8,10.9,1231.6,75
5689,70333.0,3798.0,773.0,62.0,0.0,3.0,36.0,2,urban,6,2,0.2,0.0,0.0,1.0,81.0,695.3,7.1,1354.0,60
155,37000.0,660.0,1080.0,40.2,0.0,9.5,12.0,2,urban,2,2,0.1,0.0,0.0,1.5,76.3,98.4,12.4,1468.6,59
2295,9763.0,702.0,1093.0,59.5,11.0,3.5,19.0,1,rural,7,5,0.2,0.0,0.0,3.5,78.1,387.4,9.0,1321.0,39
3290,7500.0,259.0,645.0,135.0,0.0,3.0,6.0,4,urban,2,2,0.2,0.0,0.0,4.0,55.2,175.0,8.7,426.6,25
3753,68192.0,4037.0,12630.0,46.0,0.0,13.0,18.0,1,urban,6,2,0.1,0.0,0.0,2.0,75.5,224.4,11.6,1318.4,67
1089,20588.0,937.0,937.0,55.8,0.0,13.0,9.0,3,small urban,6,3,0.1,1.0,0.0,4.0,77.1,0.1,21.3,1122.8,18
3501,3300.0,56.0,33.0,191.0,0.0,2.0,8.0,6,urban,2,2,0.1,0.0,0.0,4.0,34.9,3.2,16.2,250.8,21
2319,34294.0,1316.0,7196.0,111.0,10.0,3.5,25.0,1,rural,7,5,0.3,0.0,0.0,3.5,78.1,387.4,9.0,1321.0,66
4904,2391.0,74.0,94.0,67.0,0.0,3.8,15.0,4,rural,2,2,0.2,1.0,0.0,1.5,76.8,722.0,4.4,1027.7,73
288,10298.0,418.0,134.0,177.2,8.0,3.0,8.0,3,urban,7,2,0.3,0.0,0.0,2.0,77.4,138.2,12.4,1389.2,96
930,10900.0,1425.0,597.0,86.0,0.0,8.5,9.0,3,rural,6,2,0.4,0.0,0.0,5.0,70.3,169.2,7.3,532.3,56
4086,125955.0,3149.0,5416.0,76.7,12.0,13.0,10.0,1,urban,7,5,0.1,0.3,0.0,2.0,73.6,10.7,17.2,1224.0,32
5638,12301.0,234.0,61.0,126.5,0.0,10.0,6.0,3,urban,6,3,0.1,1.0,0.0,2.0,75.6,317.4,10.8,1179.5,16
3154,15058.0,586.0,398.0,61.9,0.0,9.2,6.0,2,small urban,6,2,0.2,0.6,0.0,1.8,85.0,42.2,8.2,2543.6,51
3002,50888.0,3599.0,8445.0,84.5,10.0,4.0,16.0,1,rural,7,5,0.2,3.0,0.0,2.0,75.9,251.0,11.1,1287.3,67
5261,6345.0,165.0,1585.0,81.8,10.0,0.0,4.0,1,rural,3,2,0.0,0.0,0.0,0.0,69.2,1296.4,5.2,666.8,34
5613,23736.0,725.0,230.0,107.0,0.0,12.0,2.0,3,urban,2,2,0.2,0.0,0.0,3.0,66.1,980.8,6.4,611.0,43
3130,23500.0,1456.0,682.0,53.7,0.0,15.0,11.0,3,urban,6,3,0.1,1.0,0.0,3.5,76.7,0.0,22.3,1087.2,21
5714,9292.0,203.0,267.0,158.0,0.0,10.0,6.0,4,urban,6,3,0.2,26.6,0.0,2.0,75.6,310.8,10.9,1231.6,75
942,673.0,7.0,55.0,95.4,0.0,4.0,18.0,3,rural,2,2,0.2,3.0,0.0,3.5,55.8,281.8,10.0,556.8,26
2354,20402.0,1217.0,583.0,54.5,0.0,4.5,18.0,3,urban,2,2,0.1,0.0,0.0,2.0,77.2,390.2,9.5,1399.2,70
4606,6700.0,115.0,171.0,127.0,0.0,11.0,19.0,3,urban,6,5,0.1,0.0,0.0,2.5,77.6,254.6,10.4,1398.8,44
5000,13585.0,332.0,158.0,173.0,0.0,6.0,27.0,3,small urban,2,2,0.4,2.0,0.0,4.2,74.5,1590.4,0.5,711.8,54
5408,62297.0,1540.0,17147.0,49.0,0.0,13.5,10.5,1,rural,2,5,0.1,2.0,0.0,1.5,75.5,223.8,10.9,1303.7,15
1698,41000.0,2074.0,1206.0,57.0,0.0,2.0,8.0,3,urban,6,2,0.2,0.7,0.0,1.5,76.7,0.0,22.6,1227.7,10
5460,15207.0,390.0,2099.0,59.3,0.0,17.2,10.0,2,small urban,2,5,0.1,0.0,0.0,2.0,74.2,73.9,13.6,1256.0,12
3909,1900.0,80.0,95.0,168.5,0.0,6.0,4.5,4,urban,2,5,0.2,44.5,0.0,2.0,78.2,5.1,17.9,1450.5,61
3311,11941.0,906.0,241.0,69.0,8.0,11.5,13.0,3,rural,7,2,0.1,0.0,0.0,2.0,76.4,164.6,12.2,1390.6,70
4392,5574.0,337.0,144.0,107.9,0.0,4.0,8.0,5,urban,2,3,0.2,0.7,0.0,3.0,69.7,269.2,8.3,666.7,16
4681,24400.0,1350.0,1017.0,101.5,8.0,3.0,8.0,3,urban,7,2,0.2,4.0,0.0,3.5,78.2,216.0,10.4,1435.3,52
985,10100.0,687.0,624.0,106.3,10.0,7.6,15.4,3,urban,3,2,0.2,5.4,0.0,3.5,76.6,1368.6,4.3,909.5,12
3667,13000.0,222.0,130.0,87.8,0.0,4.0,12.0,6,urban,2,2,0.0,0.0,0.0,4.0,34.9,3.2,16.2,250.8,14
4850,4800.0,237.0,177.0,158.1,0.0,11.0,17.0,2,rural,6,5,0.3,11.9,0.0,4.5,77.9,386.5,9.3,1426.3,67
2954,5079.0,100.0,256.0,183.3,0.0,8.8,15.0,4,urban,2,5,0.2,30.7,0.0,1.0,76.2,315.7,10.5,1319.7,85
5536,2873.0,155.0,32.0,89.0,0.0,3.0,26.0,4,rural,6,2,0.3,2.0,0.0,1.0,84.1,1098.9,4.4,1333.3,56
981,9800.0,258.0,373.0,95.7,0.0,7.4,13.5,3,small urban,6,2,0.2,1.2,0.0,3.5,73.9,1424.5,4.5,874.5,56
3295,470.0,19.0,111.0,124.5,0.0,7.5,9.0,4,rural,6,2,0.1,0.0,0.0,3.0,46.7,279.0,8.7,349.3,74
3043,25151.0,773.0,109.0,181.0,0.0,1.5,3.0,4,urban,2,2,0.5,0.0,0.0,6.5,75.9,251.0,11.1,1287.3,94
5275,7630.0,230.0,1750.0,66.5,9.0,0.0,8.0,1,rural,3,3,0.0,0.0,0.0,0.0,64.6,814.8,7.2,593.8,26
3217,600.0,19.0,55.0,131.5,0.0,8.5,8.0,4,rural,6,3,0.1,0.0,0.0,1.5,34.7,11.1,15.0,178.0,33
4147,31800.0,2544.0,318.0,86.8,0.0,10.0,12.0,2,urban,2,2,0.3,18.0,0.0,2.0,73.8,27.5,15.5,1206.3,15
3887,16085.0,290.0,225.0,145.0,0.0,3.0,6.0,3,urban,2,3,0.1,0.0,0.0,1.5,51.2,24.2,16.4,454.6,73
4396,4251.0,220.0,5.0,158.0,0.0,4.0,4.0,5,urban,6,2,0.0,0.0,0.0,2.0,69.7,269.2,8.3,666.7,62
3917,465.0,39.0,52.0,86.0,0.0,6.0,18.0,5,rural,2,2,0.2,0.0,0.0,1.0,81.3,761.1,6.7,1428.5,20
4600,6900.0,236.0,78.0,118.2,0.0,10.0,8.0,4,rural,6,3,0.1,6.8,0.0,2.5,78.9,489.4,8.6,1569.7,83
1457,17768.0,576.0,670.0,144.0,5.5,5.5,4.0,3,urban,7,3,0.2,50.5,0.0,2.0,74.6,340.0,11.3,1100.3,97
1395,6800.0,272.0,163.0,272.0,0.0,7.0,18.0,5,urban,2,2,0.1,0.0,0.0,0.0,70.8,1248.2,5.6,779.6,14
264,32634.0,1145.0,535.0,62.0,7.0,5.0,7.0,3,urban,7,2,0.0,0.0,0.0,3.0,77.4,183.7,11.8,1369.8,94
2748,16319.0,397.0,256.0,194.0,0.0,10.0,4.0,3,urban,2,2,0.3,49.0,0.0,1.5,77.3,280.3,10.6,1358.9,72
3169,2900.0,173.0,29.0,200.0,0.0,6.0,2.0,5,urban,2,5,0.1,0.3,0.0,0.0,78.2,130.1,11.5,1379.0,19
2692,28473.0,1692.0,9196.0,81.0,13.0,4.5,23.0,1,rural,7,3,0.1,0.0,0.0,2.0,78.1,451.6,8.9,1382.0,33
929,8400.0,1098.0,460.0,106.5,0.0,7.5,10.0,3,rural,6,2,0.5,0.2,0.0,6.0,70.3,169.2,7.3,532.3,55
5439,15588.0,666.0,857.0,75.0,0.0,8.5,8.0,2,urban,2,5,0.2,18.2,0.0,0.0,75.0,72.5,14.2,1234.5,23
5043,6418.0,334.0,1870.0,72.2,0.0,6.5,36.0,1,rural,2,2,0.1,1.6,0.0,6.0,77.8,819.7,3.8,842.0,58
2400,14869.0,273.0,3593.0,47.0,0.0,6.5,18.0,1,rural,2,2,0.2,0.0,0.0,4.5,75.8,313.1,10.3,1283.1,73
2178,35343.0,2655.0,9913.0,71.5,10.0,7.0,18.0,1,urban,7,5,0.1,0.0,0.0,5.0,77.7,393.9,9.3,1382.1,60
3555,60323.0,1318.0,1759.0,73.5,0.0,11.0,6.0,1,urban,2,3,0.1,1.0,0.0,5.0,76.7,0.0,22.3,1087.2,19
246,18070.0,681.0,370.0,127.0,5.0,4.0,7.0,2,urban,7,2,0.1,0.0,0.0,2.0,77.5,246.4,10.9,1398.2,69
1594,21000.0,956.0,556.0,53.5,0.0,17.0,13.0,3,urban,6,3,0.1,0.0,0.0,4.5,76.7,0.0,21.9,1094.6,22
1758,136572.0,4132.0,13069.0,50.0,5.0,5.0,4.0,1,urban,7,3,0.0,0.1,0.0,4.0,75.6,458.4,10.0,1082.1,69
5640,15216.0,550.0,1656.0,105.0,0.0,10.0,6.0,3,rural,6,2,0.2,6.0,0.0,1.0,76.7,380.8,9.6,1347.3,95
4054,1685.0,30.0,37.0,92.4,0.0,5.0,6.8,3,rural,2,2,0.2,32.1,0.0,1.3,61.7,584.8,6.5,683.8,57
923,2203.0,181.0,121.0,67.5,0.0,9.0,24.0,4,rural,6,2,0.2,0.0,0.0,1.2,84.1,1442.7,3.1,1231.3,17
3102,31900.0,2552.0,319.0,67.6,0.0,8.0,6.0,3,urban,2,5,0.3,10.0,0.0,2.0,77.1,0.1,20.0,1448.6,53
268,112977.0,3853.0,2576.0,59.0,9.0,4.0,8.0,2,urban,7,2,0.1,0.0,0.0,3.0,77.4,138.2,12.4,1389.2,68
669,10000.0,369.0,4030.0,76.7,0.0,11.0,29.0,1,rural,6,2,0.3,0.0,0.0,6.0,64.8,393.4,6.7,468.4,63
3662,850.0,89.0,9.0,159.5,0.0,4.0,8.0,5,rural,2,2,0.5,45.0,0.0,2.0,75.3,4.3,18.5,1295.1,47
1910,22291.0,1148.0,2825.0,71.5,10.0,5.0,19.0,1,small urban,7,5,0.2,0.0,0.0,5.0,76.3,364.6,9.7,1122.7,53
3954,6240.0,1061.0,125.0,130.0,0.0,4.5,8.0,5,urban,2,2,0.1,3.0,0.0,1.5,59.6,60.5,12.1,451.3,37
1152,380.0,81.0,75.0,109.9,0.0,5.0,10.0,3,rural,6,3,0.2,0.0,0.0,2.0,64.6,313.6,6.6,587.8,45
5580,430.0,40.0,70.0,112.0,0.0,3.0,5.0,3,rural,2,3,0.1,1.5,0.0,2.0,63.5,730.7,7.2,561.6,70
4347,10605.0,1288.0,19.0,129.0,0.0,6.1,6.0,4,urban,2,2,0.1,0.0,0.0,2.8,84.0,148.9,6.9,3145.3,37
2696,27649.0,1341.0,11107.0,49.0,13.0,6.0,43.0,1,rural,7,5,0.1,0.0,0.0,6.0,78.1,451.6,8.9,1382.0,26
2591,63307.0,3119.0,7145.0,70.3,0.0,5.5,12.0,1,urban,2,2,0.2,3.7,0.0,2.0,77.7,393.9,9.3,1382.1,59
4905,5135.0,109.0,149.0,112.3,0.0,4.2,16.2,4,rural,2,2,0.3,0.3,0.0,4.2,76.8,722.0,4.4,1027.7,34
1781,8065.0,211.0,30.0,148.0,0.0,5.5,8.0,5,urban,2,5,0.1,5.0,0.0,1.5,76.3,330.1,10.3,1280.2,78
2413,747.0,33.0,27.0,65.5,0.0,9.5,8.0,5,rural,2,2,0.0,0.0,0.0,3.0,75.8,313.1,10.3,1283.1,78
2307,25221.0,1270.0,9034.0,43.0,10.0,3.5,25.0,1,rural,7,5,0.2,0.0,0.0,3.5,78.1,387.4,9.0,1321.0,66
5190,3026.0,51.0,64.0,73.5,0.0,10.0,6.0,5,urban,6,3,0.1,1.0,0.0,2.0,74.8,388.0,10.1,1082.3,75
3949,988.0,120.0,21.0,95.3,0.0,3.5,4.0,5,urban,6,2,0.1,5.0,0.0,3.2,59.6,60.5,12.1,451.3,37
1915,22291.0,1148.0,2825.0,58.0,10.0,5.0,19.0,1,rural,7,5,0.1,0.0,0.0,5.0,76.3,364.6,9.7,1122.7,53
612,12137.0,436.0,535.0,86.0,3.0,3.0,4.0,3,urban,7,5,0.2,1.0,0.0,2.0,76.6,649.7,8.5,1087.4,86
4614,31900.0,1740.0,1304.0,84.0,7.0,4.0,9.0,2,urban,7,2,0.2,5.0,0.0,2.5,78.2,130.1,11.5,1379.0,33
2267,109800.0,6387.0,5281.0,52.0,0.0,3.5,17.0,1,urban,2,5,0.0,0.0,0.0,1.5,76.5,209.7,11.6,1454.3,34
2533,90675.0,4193.0,2154.0,144.0,0.0,3.5,19.0,2,urban,2,5,0.0,0.0,0.0,14.5,77.3,280.3,10.6,1358.9,27
39,25188.0,453.0,5793.0,83.7,9.5,0.0,16.0,1,small urban,3,2,0.0,0.0,0.1,0.0,76.4,476.1,9.1,1098.0,24
1898,22892.0,2071.0,3105.0,58.0,12.0,4.5,22.0,1,urban,7,5,0.1,0.0,0.0,4.5,76.3,364.6,9.7,1122.7,40
1649,36102.0,1170.0,2863.0,78.2,0.0,10.8,6.6,1,urban,6,2,0.2,0.2,0.0,10.8,79.3,351.1,5.4,1016.7,14
5058,14116.0,240.0,2441.0,52.0,0.0,6.6,20.0,1,rural,2,2,0.1,0.7,0.0,1.8,69.3,1060.2,3.0,717.4,63
258,26303.0,992.0,539.0,71.7,0.0,4.0,9.0,2,urban,7,2,0.1,0.0,0.0,4.0,77.4,181.5,11.5,1387.7,98
2434,29855.0,2691.0,3572.0,82.0,10.0,3.0,6.0,1,rural,7,2,0.1,0.0,0.0,2.0,76.2,315.7,10.5,1319.7,59
847,4536.0,348.0,699.0,68.3,0.0,8.1,11.0,2,rural,6,2,0.3,5.1,0.0,1.8,87.2,12.4,9.6,1637.3,57
2822,24988.0,2275.0,6061.0,92.0,10.0,5.5,19.0,1,rural,7,3,0.1,4.0,0.0,5.5,77.2,299.4,10.4,1358.6,58
5355,348.0,57.0,15.0,75.3,0.0,3.0,12.0,5,rural,2,2,0.2,0.0,0.0,2.5,57.9,769.8,5.5,553.1,17
4916,8156.0,154.0,132.0,56.7,0.0,4.7,16.3,3,rural,2,2,0.2,0.0,0.0,4.7,72.2,1021.2,2.8,812.6,13
3692,29900.0,1725.0,4095.0,48.0,0.0,6.0,20.0,1,urban,6,2,0.1,0.0,0.0,2.0,34.9,3.2,16.2,250.8,60
3399,6499.0,104.0,65.0,93.5,0.0,6.0,16.0,5,small urban,6,2,0.1,0.0,0.0,1.0,83.4,216.1,7.8,1441.1,25
1233,1200.0,65.0,373.0,158.7,0.0,6.0,8.0,3,rural,2,2,0.5,16.0,0.0,2.0,75.2,5.6,18.1,1212.1,56
1127,4400.0,230.0,42.0,183.7,0.0,3.5,11.0,4,urban,2,2,0.2,2.7,0.0,2.0,77.8,330.7,9.9,1303.1,21
5410,21893.0,475.0,3824.0,116.2,0.0,9.9,5.8,1,rural,2,5,0.2,7.4,0.0,1.5,75.5,66.6,14.2,1246.1,8
1967,50925.0,4071.0,3956.0,58.0,10.0,7.0,21.0,1,urban,7,5,0.2,0.0,0.0,4.0,77.6,395.4,9.5,1362.7,55
558,24500.0,1191.0,5091.0,75.2,0.0,11.5,15.0,1,rural,6,2,0.4,0.5,0.0,4.0,81.9,74.6,8.4,1367.4,72
904,70300.0,825.0,2450.0,73.0,4.0,4.0,4.0,3,urban,7,3,0.1,0.0,0.0,2.0,75.8,525.0,9.4,1081.6,45
2614,17830.0,716.0,262.0,147.3,8.0,7.0,8.0,4,urban,7,3,0.2,16.0,0.0,1.5,77.7,393.9,9.3,1382.1,125
484,10666.0,288.0,117.0,95.7,0.0,7.0,21.0,5,small urban,6,2,0.3,0.0,0.0,1.5,81.2,846.6,6.4,1370.8,32
2211,12328.0,736.0,620.0,61.0,9.0,7.0,9.0,4,rural,7,3,0.1,0.0,0.0,3.5,76.2,292.1,10.6,1352.2,83
1320,6500.0,311.0,46.0,175.2,0.0,6.0,4.5,5,urban,2,5,0.3,8.0,0.0,2.0,74.4,17.0,16.1,1271.0,26
3112,58800.0,4628.0,10713.0,232.0,0.0,6.0,4.5,4,urban,2,5,0.2,11.0,0.0,2.0,77.1,0.1,20.0,1448.6,20
2555,16210.0,295.0,29.0,204.0,7.0,5.0,7.0,3,urban,7,3,0.2,2.0,0.0,2.0,77.3,280.3,10.6,1358.9,125
7,35793.0,1432.0,107.0,209.9,0.0,3.0,6.0,3,urban,2,3,0.2,0.8,0.0,1.5,62.8,0.0,23.0,534.0,18
2315,28084.0,1031.0,7639.0,84.0,10.0,3.5,25.0,1,rural,7,5,0.2,0.0,0.0,3.5,78.1,387.4,9.0,1321.0,66
5165,3813.0,122.0,74.0,199.4,0.0,10.0,6.0,5,urban,6,3,0.4,9.4,0.0,2.0,75.6,317.4,10.8,1179.5,75
5693,124931.0,6747.0,1375.0,33.5,0.0,3.0,24.0,2,urban,6,2,0.1,0.0,0.0,1.5,79.5,622.1,7.5,1291.3,70
4166,6400.0,132.0,173.0,94.2,0.0,8.0,6.0,3,urban,2,5,0.3,0.0,0.0,2.0,73.3,10.8,17.4,1213.1,72
5093,124.0,9.0,15.0,68.0,0.0,4.2,16.0,5,rural,2,2,0.1,0.5,0.0,3.0,61.6,589.7,7.0,568.2,60
1450,15152.0,1027.0,321.0,97.0,4.0,4.0,4.0,3,urban,7,3,0.1,0.0,0.0,2.0,74.9,392.3,10.7,1074.9,53
1201,23400.0,293.0,108.0,143.5,0.0,5.5,10.9,3,urban,6,2,0.3,0.4,0.0,4.0,76.6,1368.6,4.3,909.5,37
2426,24584.0,1690.0,3328.0,73.5,10.0,5.0,12.0,1,rural,7,2,0.2,0.0,0.0,4.5,76.2,315.7,10.5,1319.7,50
2648,16098.0,1074.0,3816.0,58.0,10.0,4.5,11.0,1,rural,7,2,0.2,8.0,0.0,2.5,78.1,520.3,8.1,1384.8,52
1814,15158.0,662.0,1797.0,54.0,10.0,4.0,20.0,1,rural,7,5,0.2,0.0,0.0,4.0,76.8,377.6,9.5,1302.6,49
2726,23856.0,1261.0,6895.0,79.0,10.0,4.0,19.0,1,rural,7,3,0.1,1.5,0.0,4.0,77.6,352.9,9.7,1347.0,60
773,111925.0,3661.0,3634.0,105.5,8.5,0.0,6.0,1,urban,3,2,0.0,0.0,0.0,0.0,72.9,996.8,7.0,1113.8,19
2274,13645.0,219.0,54.0,67.0,10.0,10.0,10.0,4,urban,7,3,0.2,2.7,0.0,2.0,78.1,387.4,9.0,1321.0,125
1011,22900.0,507.0,344.0,150.0,9.0,0.0,8.0,3,urban,3,2,0.0,12.5,0.1,0.0,76.6,1368.6,4.3,909.5,21
3725,435.0,38.0,3.0,221.0,0.0,6.0,5.0,5,rural,2,2,0.1,11.0,0.0,2.0,80.8,20.2,10.5,1335.9,65
4369,8363.0,331.0,132.0,169.0,0.0,9.0,3.0,3,urban,6,2,0.2,5.5,0.0,2.0,84.6,61.5,8.3,2488.0,37
1991,33301.0,3121.0,4154.0,73.0,10.0,4.0,18.0,1,rural,7,5,0.2,0.0,0.0,2.0,77.6,395.4,9.5,1362.7,61
1277,13400.0,536.0,322.0,249.0,0.0,8.5,2.0,5,urban,2,2,0.2,0.0,0.0,1.5,73.6,939.2,7.3,956.1,32
1783,37532.0,706.0,122.0,100.0,10.0,3.5,10.0,3,urban,7,3,0.2,5.0,0.0,4.5,76.3,330.1,10.3,1280.2,53
4105,4700.0,107.0,457.0,112.0,0.0,6.0,4.5,4,urban,2,5,0.1,0.5,0.0,2.0,73.6,10.7,17.2,1224.0,25
446,17345.0,694.0,173.0,208.5,0.0,8.0,20.0,3,small urban,6,2,0.3,8.3,0.0,1.5,81.4,462.0,8.1,1373.9,37
880,6425.0,199.0,418.0,115.2,0.0,6.0,6.0,3,rural,2,2,0.4,1.0,0.0,1.8,59.5,468.3,8.1,636.3,72
5169,1204.0,50.0,126.0,220.0,0.0,10.0,6.0,4,urban,6,3,0.3,17.0,0.0,2.0,75.3,227.2,12.2,1246.0,75
2727,23856.0,1261.0,6895.0,88.0,10.0,4.0,19.0,1,rural,7,3,0.1,0.3,0.0,4.0,77.6,352.9,9.7,1347.0,60
781,30622.0,1415.0,3452.0,81.0,0.0,16.5,4.0,1,urban,6,2,0.2,0.0,0.0,1.5,75.1,291.4,10.5,1137.7,53
2651,16098.0,1074.0,3816.0,56.0,10.0,4.5,11.0,1,rural,7,2,0.2,9.0,0.0,2.5,78.1,520.3,8.1,1384.8,52
5631,37446.0,2908.0,381.0,136.5,0.0,3.0,6.0,3,urban,6,2,0.3,2.9,0.0,1.5,75.8,280.2,11.5,1194.5,40
1749,17500.0,1010.0,4190.0,49.3,0.0,10.5,18.0,1,rural,6,2,0.1,0.2,0.0,1.5,66.4,104.2,14.7,827.5,69
2126,24489.0,1130.0,12580.0,41.0,10.0,4.5,34.0,1,rural,7,5,0.1,0.0,0.0,4.5,78.0,463.2,8.7,1363.9,58
3433,4500.0,158.0,393.0,242.0,0.0,3.0,9.0,6,small urban,2,2,0.1,5.0,0.0,2.8,52.6,323.4,8.4,409.8,37
3976,47900.0,944.0,3104.0,107.4,13.0,13.0,10.0,1,urban,7,5,0.1,1.4,0.0,2.0,73.6,10.7,17.2,1224.0,39
2423,24300.0,2052.0,4237.0,89.0,10.0,5.0,12.0,1,rural,7,2,0.2,0.0,0.0,4.5,76.2,315.7,10.5,1319.7,50
5660,5297.0,302.0,1065.0,77.6,0.0,6.0,12.0,3,urban,2,2,0.1,0.6,0.0,1.5,49.5,8.8,17.9,395.0,14
4996,11409.0,648.0,527.0,63.0,0.0,7.8,24.0,3,rural,2,2,0.2,0.0,0.0,2.7,74.5,1590.4,0.5,711.8,65
883,67225.0,1553.0,1768.0,60.6,8.0,6.4,6.2,2,urban,7,2,0.2,0.0,0.0,1.8,80.8,20.2,10.5,1335.9,61
3200,108000.0,2202.0,5014.0,136.0,0.0,3.0,6.0,2,urban,2,2,0.1,0.0,0.0,4.0,34.9,3.2,16.2,250.8,24
1091,4072.0,220.0,45.0,113.5,0.0,4.0,14.0,5,rural,6,2,0.2,3.7,0.0,1.0,81.2,622.0,7.4,1444.6,19
4192,1550.0,32.0,19.0,122.7,0.0,6.0,4.5,4,small urban,2,5,0.2,11.2,0.0,2.0,73.8,27.5,15.5,1206.3,55
4028,3800.0,245.0,62.0,62.9,0.0,4.0,8.0,5,rural,2,2,0.3,0.1,0.0,2.0,73.9,11.6,17.0,1226.7,57
531,1695.0,107.0,22.0,100.8,0.0,14.0,22.0,5,urban,6,2,0.1,0.5,0.0,1.0,81.8,815.0,6.3,1323.6,16
3352,66000.0,1117.0,655.0,126.5,0.0,8.0,20.0,4,urban,6,2,0.1,0.0,0.0,4.0,34.9,3.2,16.2,250.8,25
2438,29855.0,2691.0,3572.0,64.0,10.0,3.0,6.0,1,rural,7,2,0.2,0.0,0.0,2.0,76.2,315.7,10.5,1319.7,59
4701,7700.0,57.0,55.0,251.5,0.0,13.0,21.0,3,urban,6,5,0.2,16.5,0.0,2.5,77.8,397.1,9.3,1337.7,46
4599,2500.0,131.0,24.0,126.0,0.0,12.0,8.0,4,rural,6,3,0.1,6.0,0.0,2.5,78.9,489.4,8.6,1569.7,84
3898,6840.0,1703.0,0.0,148.0,0.0,4.0,12.0,5,urban,2,2,0.1,0.0,0.0,2.0,67.5,287.7,8.0,487.5,37
4746,71300.0,2202.0,5239.0,64.6,0.0,16.4,23.4,1,urban,6,5,0.1,0.0,0.0,3.0,77.8,330.7,9.9,1303.1,62
2290,9763.0,702.0,1093.0,49.0,11.0,3.5,19.0,1,rural,7,5,0.2,0.0,0.0,3.5,78.1,387.4,9.0,1321.0,39
1727,9450.0,725.0,350.0,102.0,4.0,4.0,4.0,3,urban,7,3,0.1,0.0,0.0,2.0,75.3,321.4,11.2,1195.7,74
610,16299.0,1224.0,722.0,93.5,0.0,7.5,6.0,3,rural,6,2,0.2,0.0,0.0,2.4,82.4,9.5,10.6,888.4,93
570,12400.0,681.0,4313.0,53.5,0.0,7.5,14.0,1,rural,6,2,0.2,0.0,0.0,3.0,67.9,113.5,8.5,810.9,55
3523,267232.0,10155.0,5078.0,58.0,0.0,12.0,9.0,1,urban,6,2,0.2,6.0,0.0,2.0,74.7,164.3,12.4,1300.1,34
5446,10570.0,227.0,335.0,75.9,0.0,10.9,9.0,3,rural,2,5,0.1,2.9,0.0,1.5,75.7,183.9,11.5,1260.9,19
343,269457.0,0.0,0.0,255.0,0.0,12.5,7.0,1,urban,2,2,0.3,18.0,0.0,2.5,77.4,181.5,11.5,1387.7,57
5286,12290.0,320.0,3230.0,64.4,8.0,4.0,3.0,1,rural,7,2,0.1,0.3,0.0,2.0,68.3,1116.1,5.9,674.0,64
636,300.0,47.0,51.0,103.2,0.0,4.0,12.0,3,rural,6,3,0.2,3.9,0.0,2.5,52.9,278.4,8.1,560.1,46
434,7615.0,487.0,145.0,170.1,0.0,6.0,22.0,4,rural,2,2,0.3,3.2,0.0,1.2,83.1,670.6,6.5,1484.0,18
1903,36170.0,1713.0,2921.0,78.3,12.0,4.5,22.0,1,urban,7,5,0.2,0.3,0.0,4.5,76.3,364.6,9.7,1122.7,40
97,50000.0,1330.0,2450.0,103.7,11.0,0.0,11.0,1,urban,3,3,0.0,0.0,0.0,0.0,74.2,49.8,14.6,1219.1,18
3065,2378.0,70.0,70.0,233.3,0.0,3.2,3.0,4,small urban,2,2,0.5,31.0,0.0,3.0,61.8,112.6,10.8,521.2,37
4520,8806.0,171.0,59.0,278.0,0.0,3.0,6.0,4,urban,2,2,0.1,0.0,0.0,2.0,79.3,351.1,5.4,1016.7,37
2069,24958.0,1826.0,5823.0,42.0,10.0,4.0,18.0,1,rural,7,5,0.1,0.0,0.0,3.5,77.6,459.1,8.7,1412.2,57
1537,260.0,10.0,6.0,197.0,0.0,3.0,3.0,6,urban,2,2,0.2,0.0,0.0,1.5,73.4,1003.1,7.0,1171.6,33
5178,6482.0,210.0,524.0,82.2,0.0,10.0,6.0,5,urban,6,3,0.1,2.8,0.0,2.0,74.6,175.9,12.7,1202.9,75
3896,19071.0,474.0,110.0,160.0,0.0,5.0,12.0,4,urban,2,2,0.1,1.0,0.0,2.0,67.5,287.7,8.0,487.5,16
5096,4596.0,134.0,16.0,53.0,0.0,6.9,7.0,5,small urban,2,2,0.1,1.0,0.0,1.8,72.2,1021.2,2.8,812.6,76
3103,11201.0,1463.0,278.0,85.5,0.0,6.0,8.0,3,rural,2,2,0.4,28.7,0.0,2.0,77.1,0.1,20.0,1448.6,44
1517,1600.0,84.0,15.0,128.0,0.0,5.0,7.0,4,urban,6,2,0.1,0.0,0.0,1.5,77.8,330.7,9.9,1303.1,72
965,920.0,144.0,71.0,217.0,0.0,6.0,6.0,4,rural,6,2,0.3,5.0,0.0,2.0,68.6,264.3,6.8,551.6,53
5101,5297.0,160.0,48.0,216.4,0.0,3.3,12.0,4,small urban,2,2,0.3,0.0,0.0,1.5,73.8,798.8,4.8,709.3,72
528,17409.0,609.0,279.0,94.0,0.0,10.0,20.0,4,urban,6,2,0.2,0.0,0.0,1.2,81.8,815.0,6.3,1323.6,16
176,5700.0,340.0,250.0,51.0,0.0,5.5,8.0,2,rural,2,2,0.4,0.2,0.0,0.0,78.5,6.1,17.4,1464.5,20
2470,72450.0,4137.0,8339.0,79.0,0.0,3.5,12.0,1,urban,2,2,0.2,3.0,0.0,2.0,79.0,516.1,8.1,1394.0,59
4367,12553.0,552.0,45.0,193.5,0.0,6.0,6.0,5,urban,2,2,0.2,0.5,0.0,2.0,84.6,61.5,8.3,2488.0,20
3358,670.0,15.0,21.0,211.7,0.0,4.0,12.0,6,small urban,2,2,0.1,0.0,0.0,4.0,45.8,90.1,11.1,265.7,21
4966,2244.0,162.0,381.0,69.9,0.0,9.0,22.2,3,rural,2,2,0.2,0.8,0.0,3.5,59.9,591.7,8.1,467.0,56
572,12500.0,254.0,3089.0,41.0,0.0,12.0,29.0,1,rural,6,2,0.1,0.0,0.0,2.5,67.9,113.5,8.5,810.9,61
5606,920.0,75.0,136.0,125.3,0.0,7.0,7.0,3,rural,6,3,0.1,1.1,0.0,3.0,66.4,1176.4,5.4,567.9,72
592,495.0,20.0,30.0,79.6,0.0,5.0,3.5,5,rural,6,5,0.1,23.5,0.0,1.5,73.2,212.6,12.8,1078.5,92
4808,10000.0,443.0,138.0,89.0,0.0,10.0,8.0,4,urban,6,3,0.1,0.0,0.0,2.5,77.6,254.6,10.4,1398.8,87
3254,2700.0,62.0,83.0,157.1,0.0,6.0,6.0,4,rural,2,2,0.1,0.0,0.0,4.0,55.2,175.0,8.7,426.6,27
2374,42184.0,2329.0,14809.0,48.2,10.0,4.0,16.0,1,urban,7,3,0.2,0.0,0.0,2.0,76.2,292.1,10.6,1352.2,63
5441,7685.0,338.0,430.0,74.0,0.0,8.5,8.0,2,urban,2,5,0.1,6.3,0.0,0.0,75.0,72.5,14.2,1234.5,23
4183,4803.0,492.0,1.0,191.5,0.0,5.4,1.0,4,urban,2,2,0.2,0.0,0.0,3.4,82.4,9.5,10.6,888.4,37
3413,92000.0,5321.0,7099.0,54.0,0.0,2.0,8.0,1,urban,6,2,0.1,0.0,0.0,1.5,76.6,0.0,22.8,1105.9,9
2208,12947.0,501.0,1138.0,123.5,9.0,4.5,18.0,3,urban,7,3,0.2,3.0,0.0,2.5,76.2,292.1,10.6,1352.2,84
5144,3573.0,268.0,20.0,154.8,0.0,10.0,6.0,5,urban,6,3,0.2,12.4,0.0,2.0,75.3,227.2,12.2,1246.0,75
2492,23478.0,1437.0,5250.0,93.7,13.0,0.0,24.0,1,rural,3,2,0.0,0.0,0.0,13.0,79.0,516.1,8.1,1394.0,31
4991,1110.0,57.0,114.0,75.2,0.0,3.5,12.6,4,rural,2,3,0.1,0.1,0.0,3.5,56.7,421.4,9.1,489.1,21
383,31187.0,1291.0,212.0,238.0,8.0,3.0,8.0,4,urban,2,2,0.5,0.0,0.0,2.0,78.9,73.1,12.7,1323.9,67
852,2150.0,325.0,500.0,75.0,4.0,4.0,4.0,3,rural,7,3,0.0,0.0,0.0,2.0,74.8,250.6,12.3,1256.9,35
1880,13921.0,354.0,203.0,77.5,0.0,4.5,14.0,4,urban,2,5,0.4,0.0,0.0,2.5,77.2,299.4,10.4,1358.6,70
370,49217.0,1339.0,2146.0,80.0,0.0,20.0,18.0,1,urban,2,2,0.4,15.0,0.0,2.0,77.4,138.2,12.4,1389.2,16
5201,15428.0,251.0,824.0,77.7,0.0,10.0,6.0,2,urban,6,3,0.1,1.3,0.0,2.0,75.8,280.2,11.5,1194.5,75
4473,21000.0,740.0,1842.0,69.0,0.0,11.5,15.0,3,small urban,6,2,0.2,0.0,0.0,4.0,44.6,76.5,10.9,231.4,70
4998,15696.0,648.0,527.0,57.0,0.0,7.8,31.0,3,rural,2,2,0.2,0.0,0.0,2.8,74.5,1590.4,0.5,711.8,61
1105,17700.0,1040.0,2650.0,138.2,12.0,0.0,6.0,1,rural,3,2,0.0,8.7,0.0,0.0,68.1,229.3,12.8,954.0,66
3400,10500.0,551.0,258.0,69.0,0.0,2.0,8.0,3,urban,6,2,0.1,0.0,0.0,1.5,76.6,0.0,22.8,1105.9,11
2361,446.0,10.0,20.0,267.0,0.0,7.0,5.0,5,urban,2,2,0.1,0.0,0.0,3.0,77.2,390.2,9.5,1399.2,66
4661,28900.0,1426.0,816.0,78.5,8.0,3.0,9.0,3,urban,7,2,0.1,0.0,0.0,2.5,77.6,254.6,10.4,1398.8,54
1336,395.0,40.0,20.0,71.5,0.0,6.5,5.0,5,rural,6,5,0.0,0.0,0.0,1.5,71.6,285.9,12.0,1047.7,94
2189,18087.0,1571.0,4010.0,43.8,10.0,4.0,18.0,1,rural,7,3,0.1,0.5,0.0,2.0,78.1,451.6,8.9,1382.0,57
5318,12485.0,673.0,136.0,84.0,0.0,3.0,36.0,4,urban,6,2,0.1,1.0,0.0,1.5,81.0,695.3,7.1,1354.0,18
5223,3266.0,205.0,129.0,196.0,0.0,10.0,6.0,5,urban,6,3,0.2,11.2,0.0,2.0,76.5,393.3,9.8,1269.4,75
5733,5342.0,288.0,58.0,139.7,0.0,3.0,6.0,5,rural,7,2,0.2,16.5,0.0,1.0,81.9,776.7,6.5,1396.5,87
2246,77311.0,2441.0,19581.0,145.5,14.0,0.0,8.0,1,urban,3,2,0.0,0.0,0.0,14.0,76.2,296.0,10.5,1308.9,30
3871,2114.0,110.0,22.0,287.0,0.0,4.0,18.0,5,urban,6,2,0.1,0.0,0.0,2.0,82.9,36.1,9.4,2206.8,18
5616,3070.0,305.0,800.0,42.9,0.0,6.0,12.0,4,rural,2,2,0.1,0.0,0.0,0.0,65.8,1015.3,6.0,539.9,14
1171,23456.0,1173.0,4621.0,55.0,0.0,9.0,28.0,1,rural,6,2,0.4,0.0,0.0,1.7,81.2,622.0,7.4,1444.6,16
3425,2000.0,31.0,18.0,138.4,0.0,3.0,12.0,6,urban,2,2,0.0,0.0,0.0,4.0,34.9,3.2,16.2,250.8,24
3557,1000.0,55.0,10.0,233.0,0.0,6.0,4.0,6,urban,2,2,0.1,7.0,0.0,2.0,78.2,130.1,11.5,1379.0,30
1422,850.0,26.0,83.0,113.3,0.0,4.0,8.0,4,rural,2,2,0.3,9.8,0.0,2.0,74.5,8.7,17.5,1227.2,15
2686,29945.0,701.0,10702.0,114.0,13.0,2.5,25.0,1,rural,7,3,0.1,0.0,0.0,2.0,78.1,451.6,8.9,1382.0,31
3098,29600.0,740.0,1273.0,71.0,0.0,13.0,10.0,1,urban,2,5,0.0,0.0,0.0,2.0,77.1,0.1,20.0,1448.6,40
4233,5400.0,756.0,108.0,108.2,0.0,8.0,6.0,3,urban,2,5,0.4,19.0,0.0,2.0,73.1,25.0,15.8,1161.8,14
4807,9100.0,131.0,93.0,82.0,0.0,10.0,8.0,4,urban,6,3,0.1,5.0,0.0,2.5,77.9,386.5,9.3,1426.3,74
1464,4950.0,120.0,250.0,80.0,5.5,5.5,4.0,3,urban,7,3,0.1,19.0,0.0,2.0,74.6,340.0,11.3,1100.3,82
874,557.0,63.0,31.0,203.7,0.0,6.0,16.0,5,rural,6,2,0.2,12.1,0.0,2.5,84.0,1194.9,3.9,1448.3,27
2297,9424.0,575.0,1516.0,85.0,11.0,3.5,21.0,1,rural,7,5,0.2,0.0,0.0,3.5,78.1,387.4,9.0,1321.0,38
2643,20900.0,1400.0,2718.0,56.0,10.0,4.5,11.0,1,small urban,7,2,0.2,9.0,0.0,2.5,78.1,520.3,8.1,1384.8,52
3206,15000.0,355.0,476.0,151.0,0.0,4.0,13.0,4,urban,2,2,0.3,0.0,0.0,6.2,57.1,226.3,8.0,716.8,35
5017,427.0,24.0,31.0,75.5,0.0,4.8,6.0,4,rural,2,2,0.1,1.5,0.0,4.8,69.8,873.3,4.1,695.4,66
1251,250.0,10.0,35.0,131.8,0.0,4.5,3.0,5,rural,6,5,0.1,4.5,0.0,1.5,68.1,229.3,12.8,954.0,69
3106,12000.0,265.0,155.0,231.0,0.0,5.0,10.0,3,urban,2,2,0.1,0.0,0.0,4.0,34.9,3.2,16.2,250.8,21
840,20676.0,746.0,538.0,75.0,0.0,10.4,5.0,3,small urban,6,2,0.3,1.0,0.0,1.8,87.6,4.0,10.0,1914.9,57
4066,23800.0,3332.0,119.0,93.5,0.0,10.0,12.0,2,rural,2,2,0.3,20.7,0.0,2.0,74.8,41.0,14.4,1427.3,61
581,8238.0,255.0,41.0,154.0,0.0,6.0,22.0,4,urban,6,2,0.2,0.0,0.0,1.5,80.9,756.2,6.8,1362.0,36
204,15000.0,710.0,320.0,65.7,0.0,7.0,11.0,3,rural,2,2,0.1,0.0,0.0,1.5,76.2,134.4,12.0,1478.0,54
1641,4322.0,143.0,71.0,186.0,4.0,4.0,4.0,5,urban,7,3,0.1,0.0,0.0,2.0,74.0,199.5,13.0,1240.3,38
2014,9486.0,50.0,44.0,119.0,0.0,4.0,14.0,5,urban,2,5,0.1,9.0,0.0,2.5,77.6,395.4,9.5,1362.7,59
905,29600.0,1100.0,550.0,164.0,10.0,10.0,4.0,3,urban,7,3,0.2,0.0,0.0,2.0,75.8,525.0,9.4,1081.6,99
631,1200.0,207.0,118.0,85.8,0.0,5.0,12.0,3,rural,6,2,0.2,0.0,0.0,2.0,64.6,313.6,6.6,587.8,71
4096,51300.0,5643.0,513.0,104.5,0.0,10.0,12.0,2,urban,2,2,0.3,1.0,0.0,2.0,73.6,10.7,17.2,1224.0,46
1974,33914.0,3191.0,4043.0,56.0,10.0,6.0,21.0,1,urban,7,5,0.2,0.0,0.0,4.0,77.6,395.4,9.5,1362.7,55
162,8900.0,350.0,350.0,67.0,0.0,10.0,7.0,4,rural,2,3,0.1,0.0,0.0,2.0,74.0,65.2,13.6,1310.7,29
4155,20450.0,480.0,800.0,46.0,9.0,5.5,13.0,4,urban,7,3,0.1,11.0,0.0,1.5,71.3,239.3,12.6,1045.7,54
4246,12000.0,158.0,220.0,208.5,0.0,6.0,4.5,5,urban,2,5,0.4,10.5,0.0,2.0,73.1,25.0,15.8,1161.8,31
5209,12130.0,392.0,981.0,356.0,0.0,10.0,6.0,5,urban,6,3,0.3,12.0,0.0,2.0,76.5,393.3,9.8,1269.4,75
4732,26600.0,284.0,332.0,136.5,9.0,11.0,18.0,3,urban,6,2,0.1,2.5,0.0,3.0,77.8,330.7,9.9,1303.1,60
617,5900.0,183.0,1220.0,66.7,0.0,9.5,17.0,3,small urban,6,2,0.3,0.0,0.0,5.0,70.9,196.8,7.4,898.9,66
875,728.0,56.0,28.0,108.7,0.0,6.0,16.0,5,rural,6,2,0.1,0.8,0.0,1.0,84.0,1194.9,3.9,1448.3,22
1431,100.0,30.0,5.0,76.6,0.0,2.5,1.0,5,rural,6,3,0.1,4.4,0.0,1.5,73.8,179.2,13.2,1042.2,68
2973,44917.0,2008.0,3960.0,60.0,0.0,10.5,18.0,1,urban,2,2,0.2,0.0,0.0,2.0,77.2,390.2,9.5,1399.2,71
3919,6057.0,300.0,180.0,95.7,0.0,1.5,15.0,4,rural,6,2,0.1,3.0,0.0,1.5,77.8,278.3,10.0,1321.7,23
547,28200.0,1114.0,4898.0,94.2,0.0,12.1,14.0,1,rural,6,2,0.4,0.2,0.0,2.0,80.8,20.2,10.5,1335.9,65
4270,3330.0,680.0,189.0,77.2,0.0,6.5,4.0,4,small urban,2,2,0.1,1.8,0.0,2.0,87.2,12.4,9.6,1637.3,11
5266,9125.0,460.0,1425.0,59.4,10.5,0.0,12.0,1,rural,3,2,0.0,0.0,0.0,0.0,62.8,691.9,7.3,553.5,17
4881,1712.0,56.0,179.0,129.4,0.0,4.3,26.2,3,rural,2,2,0.1,5.9,0.0,4.3,59.6,612.0,8.1,497.4,18
3158,32826.0,1200.0,1017.0,45.5,0.0,5.5,13.5,2,urban,6,3,0.1,0.0,0.0,1.8,86.7,10.3,10.0,1629.6,65
3515,2200.0,110.0,19.0,393.0,0.0,3.0,11.0,6,small urban,2,2,0.4,8.0,0.0,3.0,78.9,489.4,8.6,1569.7,24
3559,37546.0,800.0,400.0,51.6,0.0,4.0,19.0,2,urban,6,5,0.1,0.0,0.0,2.0,79.2,145.3,10.8,1498.0,21
4727,66500.0,3500.0,2623.0,126.5,9.0,2.0,9.0,2,urban,7,2,0.3,0.0,0.0,3.0,77.6,254.6,10.4,1398.8,55
2856,21379.0,1031.0,9556.0,80.0,13.0,4.0,23.0,1,rural,7,3,0.2,0.0,0.0,4.0,78.8,496.7,8.4,1374.0,36
1861,26013.0,2737.0,1757.0,75.0,10.0,4.5,16.0,1,rural,7,3,0.1,0.0,0.0,4.5,77.2,299.4,10.4,1358.6,64
2659,24354.0,1491.0,3106.0,35.0,10.0,4.0,8.0,1,rural,7,2,0.1,0.0,0.0,2.0,78.1,451.6,8.9,1382.0,60
5321,824.0,61.0,21.0,123.1,0.0,6.0,6.0,5,rural,2,2,0.1,0.0,0.0,2.0,68.2,1279.8,5.1,626.0,50
640,980.0,137.0,102.0,128.4,0.0,5.0,8.0,3,rural,6,2,0.2,0.2,0.0,2.0,52.9,278.4,8.1,560.1,51
4503,170.0,10.0,18.0,105.2,0.0,5.0,7.0,5,rural,6,2,0.0,0.0,0.0,2.5,39.9,73.9,11.5,311.6,68
3956,22300.0,1882.0,4991.0,49.7,0.0,8.0,16.0,1,rural,2,2,0.0,0.0,0.0,4.0,73.7,16.7,16.4,1170.0,32
5665,4877.0,101.0,38.0,158.7,0.0,3.0,6.0,4,urban,6,3,0.3,12.7,0.0,3.5,76.7,380.8,9.6,1347.3,95
637,460.0,73.0,78.0,90.0,0.0,5.5,14.0,3,rural,6,2,0.2,0.0,0.0,2.5,52.9,278.4,8.1,560.1,45
5502,4684.0,253.0,52.0,243.0,0.0,0.0,6.0,4,small urban,7,2,0.5,24.0,0.0,1.0,81.9,776.7,6.5,1396.5,96
4351,3259.0,163.0,33.0,130.8,0.0,6.0,18.0,5,rural,6,2,0.1,0.1,0.0,2.0,84.0,148.9,6.9,3145.3,37
2308,25221.0,1270.0,9034.0,60.7,10.0,3.5,25.0,1,rural,7,5,0.2,0.0,0.0,3.5,78.1,387.4,9.0,1321.0,66
3955,7861.0,951.0,173.0,93.2,0.0,5.0,8.0,4,urban,6,2,0.2,1.5,0.0,2.0,59.6,60.5,12.1,451.3,45
3820,110952.0,2774.0,4771.0,77.4,0.0,13.0,10.0,1,urban,2,5,0.0,0.2,0.0,2.0,74.8,41.0,14.4,1427.3,29
2096,6331.0,533.0,161.0,121.3,0.0,8.0,10.0,4,rural,2,2,0.2,2.7,0.0,1.5,76.5,209.7,11.6,1454.3,65
4902,19011.0,405.0,149.0,72.0,0.0,4.8,21.0,3,small urban,2,2,0.5,3.0,0.0,4.8,73.8,798.8,4.8,709.3,28
4074,175.0,7.0,9.0,218.5,0.0,6.0,4.5,4,urban,2,5,0.4,19.5,0.0,2.0,74.8,41.0,14.4,1427.3,64
1372,4500.0,235.0,43.0,163.0,0.0,6.0,9.0,4,urban,2,2,0.3,1.0,0.0,1.0,77.6,254.6,10.4,1398.8,50
4795,18400.0,310.0,147.0,249.5,0.0,11.0,19.0,4,urban,6,5,0.5,11.0,0.0,2.5,77.6,254.6,10.4,1398.8,43
921,960.0,89.0,36.0,108.4,0.0,7.5,12.0,3,rural,6,2,0.2,32.3,0.0,2.0,84.3,5.4,10.7,1294.0,43
546,30300.0,1197.0,5263.0,68.3,0.0,13.0,14.0,1,rural,6,2,0.3,0.0,0.0,2.0,80.8,20.2,10.5,1335.9,76
1449,7900.0,350.0,125.0,169.0,5.5,5.5,4.0,3,urban,7,3,0.2,15.0,0.0,2.0,74.9,392.3,10.7,1074.9,34
2804,25033.0,1637.0,7436.0,119.7,0.0,3.5,26.0,1,small urban,2,5,0.1,28.7,0.0,4.5,77.2,299.4,10.4,1358.6,34
2610,22707.0,2161.0,709.0,103.0,0.0,7.0,12.0,3,urban,2,2,0.1,3.0,0.0,2.5,77.7,393.9,9.3,1382.1,60
1900,39745.0,2825.0,4023.0,66.0,12.0,4.5,22.0,1,urban,7,5,0.2,0.0,0.0,4.5,76.3,364.6,9.7,1122.7,40
2757,28527.0,1365.0,9775.0,44.3,0.0,4.0,40.0,1,rural,2,5,0.1,0.3,0.0,1.5,76.2,296.0,10.5,1308.9,23
2028,19728.0,1262.0,7176.0,51.0,0.0,3.5,33.0,1,rural,2,5,0.1,0.0,0.0,4.0,78.2,402.4,9.1,1451.5,36
2301,9424.0,575.0,1516.0,63.5,11.0,3.5,21.0,1,rural,7,5,0.2,0.0,0.0,3.5,78.1,387.4,9.0,1321.0,38
1885,8532.0,422.0,90.0,117.0,0.0,4.0,12.0,4,urban,2,2,0.0,0.0,0.0,2.0,77.2,299.4,10.4,1358.6,59
1642,3184.0,174.0,102.0,180.0,4.0,4.0,4.0,4,urban,7,3,0.2,0.0,0.0,2.0,74.0,199.5,13.0,1240.3,67
972,4197.0,208.0,150.0,163.0,5.5,5.5,4.0,4,small urban,7,3,0.1,0.0,0.0,2.0,74.6,340.0,11.3,1100.3,87
5572,1450.0,45.0,305.0,114.7,0.0,8.0,7.0,3,rural,2,2,0.1,3.0,0.0,1.5,68.8,1209.7,5.4,658.1,58
2097,37755.0,2703.0,804.0,106.5,9.0,4.0,9.0,2,urban,7,3,0.1,0.0,0.0,4.0,76.5,209.7,11.6,1454.3,54
5035,4053.0,175.0,242.0,84.0,0.0,7.2,14.0,3,small urban,2,2,0.4,1.0,0.0,7.2,63.9,646.7,5.7,753.0,76
4421,20500.0,893.0,419.0,112.5,0.0,3.0,8.0,3,urban,2,2,0.2,1.0,0.0,0.0,76.4,0.0,22.1,1216.0,60
5208,12108.0,320.0,442.0,122.2,0.0,10.0,6.0,4,urban,6,3,0.2,1.0,0.0,2.0,76.5,393.3,9.8,1269.4,75
5759,4375.0,255.0,700.0,60.6,0.0,12.0,9.0,3,rural,2,2,0.2,8.6,0.0,1.5,66.5,1159.0,5.3,573.7,69
836,8469.0,525.0,881.0,160.0,0.0,6.0,24.0,4,urban,2,2,0.3,15.0,0.0,1.3,81.2,622.0,7.4,1444.6,27
601,1100.0,19.0,19.0,122.0,4.0,4.0,4.0,5,small urban,7,3,0.2,0.0,0.0,2.0,74.7,249.6,12.4,1249.9,104
2184,37369.0,6724.0,4675.0,98.0,0.0,4.0,29.0,1,rural,2,5,0.2,0.0,0.0,21.0,77.7,393.9,9.3,1382.1,18
4610,4800.0,247.0,57.0,81.4,9.0,9.2,10.8,4,rural,6,3,0.1,0.0,0.0,2.5,78.9,489.4,8.6,1569.7,76
3429,1700.0,6.0,2.0,230.5,0.0,4.0,10.0,6,urban,2,2,0.2,0.0,0.0,5.2,57.1,226.3,8.0,716.8,55
4978,542.0,5.0,4.0,121.5,0.0,4.4,10.0,4,rural,2,2,0.1,0.7,0.0,4.4,57.0,387.5,8.3,637.4,60
1582,38281.0,1597.0,980.0,89.0,8.0,10.5,2.0,3,urban,7,3,0.3,0.0,0.0,3.5,75.2,91.8,13.5,1268.5,81
5406,48665.0,1135.0,11391.0,101.0,0.0,13.1,7.5,1,urban,2,5,0.3,3.0,0.0,1.5,75.7,171.3,11.5,1214.3,24
4970,4107.0,40.0,138.0,155.2,0.0,6.6,29.4,3,small urban,2,2,0.4,1.2,0.0,4.2,57.2,437.0,9.1,502.6,38
3605,1300.0,65.0,11.0,144.0,0.0,4.0,7.0,6,small urban,2,2,0.1,0.0,0.0,2.5,77.9,386.5,9.3,1426.3,14
1070,126211.0,5743.0,4784.0,102.3,0.0,12.0,12.0,2,urban,6,2,0.1,0.3,0.0,2.0,75.0,135.7,12.8,1354.6,72
1775,73074.0,1414.0,1801.0,96.0,18.0,5.0,24.0,1,urban,7,5,0.1,0.0,0.0,5.0,76.3,330.1,10.3,1280.2,43
5571,665.0,20.0,205.0,89.1,0.0,6.0,7.0,3,rural,2,2,0.1,0.1,0.0,1.5,67.8,1172.3,5.5,628.4,72
1283,475.0,30.0,32.0,76.0,0.0,7.0,12.0,4,rural,2,2,0.1,0.0,0.0,2.0,70.9,1310.8,5.2,759.3,28
4219,12541.0,920.0,575.0,128.0,0.0,3.0,10.0,3,small urban,2,2,0.4,0.0,0.0,2.0,86.6,505.9,3.8,2643.0,13
4228,152700.0,3818.0,6566.0,75.3,0.0,13.0,10.0,1,urban,2,5,0.0,0.0,0.0,2.0,73.1,25.0,15.8,1161.8,17
5511,12485.0,673.0,136.0,45.0,0.0,3.0,37.0,4,urban,6,3,0.1,0.0,0.0,1.5,79.5,622.1,7.5,1291.3,24
1836,59679.0,2155.0,1114.0,97.0,9.0,6.0,17.0,2,urban,7,5,0.3,0.0,0.0,2.5,77.2,299.4,10.4,1358.6,69
4906,1014.0,24.0,52.0,61.7,0.0,4.0,17.8,3,rural,2,2,0.1,1.1,0.0,3.5,72.2,1021.2,2.8,812.6,22
1019,18643.0,308.0,257.0,85.0,9.0,6.0,6.0,3,urban,7,2,0.1,7.0,0.0,1.5,76.1,838.2,7.6,1085.5,73
970,3371.0,158.0,24.0,255.0,0.0,6.0,16.0,5,rural,6,2,0.3,6.0,0.0,1.5,81.2,603.0,7.1,1415.4,43
1326,14300.0,430.0,3220.0,79.8,12.0,0.0,4.0,1,rural,3,3,0.0,3.6,0.0,0.0,67.2,163.6,13.4,847.0,22
3113,3100.0,130.0,155.0,326.5,0.0,6.0,4.5,4,urban,2,5,0.2,25.0,0.0,2.0,77.1,0.1,20.0,1448.6,13
475,2900.0,102.0,12.0,171.0,0.0,18.0,10.0,5,rural,2,2,0.1,5.0,0.0,1.5,81.4,462.0,8.1,1373.9,11
2810,25033.0,1637.0,7436.0,201.7,0.0,3.5,26.0,1,rural,2,5,0.4,35.3,0.0,4.5,77.2,299.4,10.4,1358.6,35
4342,1100.0,63.0,21.0,318.5,3.0,3.0,2.0,5,small urban,7,2,0.2,17.0,0.0,2.0,84.0,148.9,6.9,3145.3,37
1651,1083.0,70.0,403.0,52.6,0.0,5.0,13.0,3,rural,2,2,0.1,0.0,0.0,4.5,66.0,789.9,7.7,612.4,13
5384,9332.0,229.0,1964.0,100.7,0.0,12.2,5.5,1,rural,2,5,0.2,12.0,0.0,2.0,77.0,284.0,10.0,1343.7,8
4953,17928.0,459.0,1770.0,98.0,0.0,10.4,6.0,1,small urban,2,3,0.2,0.3,0.0,10.4,67.7,832.0,3.6,546.0,38
2528,13112.0,402.0,1115.0,32.5,9.0,3.5,21.0,1,rural,7,3,0.1,0.0,0.0,3.5,77.6,395.4,9.5,1362.7,49
5634,2022.0,127.0,17.0,121.2,0.0,10.0,6.0,5,rural,6,2,0.1,2.0,0.0,3.0,75.3,227.2,12.2,1246.0,95
3276,19750.0,327.0,192.0,154.5,0.0,4.0,13.0,6,urban,2,2,0.2,5.0,0.0,4.0,34.9,3.2,16.2,250.8,21
3414,57500.0,4335.0,5785.0,54.5,0.0,2.0,8.0,1,urban,6,2,0.1,1.0,0.0,1.5,76.6,0.0,22.8,1105.9,9
1373,12900.0,38.0,53.0,131.0,0.0,4.0,7.0,5,urban,6,2,0.1,0.0,0.0,1.0,77.6,254.6,10.4,1398.8,51
739,6360.0,475.0,350.0,97.0,5.0,5.0,4.0,3,urban,7,3,0.1,5.0,0.0,2.0,74.9,333.5,11.3,1121.7,85
4453,30000.0,1233.0,717.0,153.0,0.0,3.0,8.0,3,urban,2,2,0.0,8.0,0.0,0.0,77.0,0.1,21.7,1191.9,10
3575,10069.0,369.0,63.0,65.0,0.0,14.0,7.0,2,urban,6,2,0.1,5.7,0.0,21.0,75.0,135.7,12.8,1354.6,11
867,5100.0,475.0,325.0,71.0,5.0,5.0,4.0,4,rural,7,3,0.1,0.0,0.0,2.0,74.5,206.0,13.0,1282.7,88
2974,44917.0,2008.0,3960.0,74.0,0.0,4.0,20.0,1,rural,2,5,0.1,2.0,0.0,15.5,77.2,390.2,9.5,1399.2,13
1140,16100.0,1150.0,2950.0,48.0,0.0,22.0,20.5,1,rural,6,5,0.0,0.4,0.0,1.5,60.8,184.7,12.9,667.8,60
997,1800.0,126.0,315.0,114.4,8.6,3.0,3.7,3,rural,7,2,0.2,0.0,0.0,3.0,69.8,859.6,7.8,884.1,92
1337,2350.0,275.0,325.0,128.0,4.0,4.0,4.0,4,rural,7,3,0.2,5.0,0.0,2.0,75.0,151.0,13.8,1272.7,95
541,920.0,30.0,175.0,58.6,0.0,7.0,11.0,4,rural,6,5,0.1,17.8,0.0,1.5,73.8,179.2,13.2,1042.2,63
1099,13428.0,411.0,153.0,96.0,0.0,7.8,6.6,3,urban,6,2,0.3,6.0,0.0,1.8,84.0,148.9,6.9,3145.3,55
1132,200.0,11.0,2.0,286.0,0.0,1.5,7.0,5,urban,2,2,0.8,0.0,0.0,1.5,77.6,254.6,10.4,1398.8,19
5620,7740.0,135.0,50.0,104.5,0.0,3.0,12.0,3,small urban,2,2,0.1,0.5,0.0,2.0,62.8,691.9,7.3,553.5,72
3590,23500.0,935.0,968.0,81.0,0.0,8.0,6.0,3,urban,2,5,0.3,1.5,0.0,2.0,75.4,10.8,17.3,1243.9,39
2258,105363.0,5534.0,6739.0,62.5,10.0,1.0,18.0,1,urban,7,3,0.2,0.0,0.0,3.0,76.2,296.0,10.5,1308.9,64
4683,10000.0,330.0,178.0,77.0,8.0,8.0,14.0,3,small urban,7,2,0.1,0.0,0.0,2.5,77.9,386.5,9.3,1426.3,48
2962,13539.0,76.0,805.0,82.3,9.0,2.5,15.0,3,urban,7,3,0.1,0.0,0.0,3.5,77.2,390.2,9.5,1399.2,63
59,46000.0,1710.0,5740.0,45.0,0.0,11.5,11.0,1,rural,2,2,0.1,0.0,0.0,4.0,,,,,53
3813,27220.0,1329.0,335.0,48.8,9.0,5.5,12.0,3,small urban,7,3,0.1,0.2,0.0,2.5,77.6,43.7,14.3,1302.9,66
1938,93435.0,4778.0,2594.0,164.3,10.0,3.0,10.0,1,urban,7,3,0.2,0.3,0.0,2.0,77.4,183.7,11.8,1369.8,61
3407,500.0,12.0,34.0,221.0,0.0,3.0,6.0,6,urban,2,2,0.0,10.0,0.0,4.0,55.2,175.0,8.7,426.6,21
5724,16356.0,883.0,179.0,80.2,0.0,2.0,10.0,3,urban,6,2,0.2,5.0,0.0,1.0,79.2,482.5,8.5,1306.4,21
5788,1398.0,126.0,447.0,120.9,0.0,6.0,10.0,3,rural,6,2,0.3,0.5,0.0,3.0,55.3,1.2,20.3,539.7,78
2813,25033.0,1637.0,7436.0,244.2,0.0,3.5,26.0,1,rural,2,5,0.3,44.0,0.0,4.5,77.2,299.4,10.4,1358.6,35
5018,398.0,24.0,31.0,65.8,0.0,6.6,6.0,4,rural,2,2,0.1,0.8,0.0,1.8,61.3,498.0,6.9,554.1,66
3195,2200.0,69.0,204.0,158.8,0.0,2.0,17.0,4,small urban,2,2,0.2,5.6,0.0,4.0,34.9,3.2,16.2,250.8,37
1078,16054.0,498.0,706.0,180.0,0.0,6.0,22.0,4,urban,6,2,0.3,5.0,0.0,1.0,81.2,622.0,7.4,1444.6,26
4378,15400.0,458.0,266.0,89.0,0.0,1.0,8.0,3,urban,6,2,0.0,1.0,0.0,1.0,77.5,0.0,23.1,1286.4,62
3859,8900.0,201.0,152.0,130.5,0.0,6.0,4.5,4,urban,2,5,0.3,24.0,0.0,2.0,74.8,41.0,14.4,1427.3,66
4475,660.0,23.0,57.0,62.9,0.0,9.0,6.0,3,rural,6,2,0.0,0.1,0.0,3.5,46.7,279.0,8.7,349.3,65
5591,24771.0,268.0,46.0,107.0,9.0,0.0,24.0,3,urban,3,2,0.0,0.0,0.0,0.0,69.2,1296.4,5.2,666.8,32
2630,46875.0,4606.0,3092.0,67.0,10.0,4.0,21.0,1,urban,7,2,0.1,0.0,0.0,2.5,78.1,520.3,8.1,1384.8,51
3328,3000.0,273.0,503.0,97.4,0.0,6.0,8.0,3,rural,2,2,0.5,31.0,0.0,2.0,74.3,15.9,16.5,1203.1,16
5524,10040.0,542.0,110.0,63.7,0.0,3.0,36.0,3,urban,6,2,0.2,6.7,0.0,1.5,79.2,482.5,8.5,1306.4,62
940,15351.0,599.0,832.0,71.8,0.0,8.0,7.0,2,small urban,6,2,0.2,13.8,0.0,4.5,64.8,185.7,9.3,496.9,56
1080,22509.0,180.0,45.0,92.0,0.0,6.0,22.0,4,small urban,6,2,0.5,0.0,0.0,1.5,81.2,846.6,6.4,1370.8,34
187,22000.0,1090.0,3050.0,39.5,0.0,10.5,8.0,2,rural,2,2,0.1,0.0,0.0,1.5,74.2,21.3,16.2,1323.6,56
4753,73600.0,2956.0,5680.0,81.0,10.0,2.0,10.0,1,urban,7,2,0.1,0.0,0.0,2.5,77.6,254.6,10.4,1398.8,43
4540,6976.0,747.0,1032.0,67.3,0.0,3.0,8.0,3,rural,2,2,0.1,1.0,0.0,0.0,77.4,0.0,23.1,1332.6,20
2085,4644.0,278.0,188.0,78.7,0.0,6.0,19.0,4,rural,2,5,0.2,6.7,0.0,2.0,77.6,459.1,8.7,1412.2,57
2249,61439.0,1941.0,15459.0,47.0,14.0,0.0,8.0,1,urban,3,2,0.0,0.0,0.0,14.0,76.2,296.0,10.5,1308.9,30
3443,5500.0,128.0,172.0,262.5,0.0,6.0,6.0,4,urban,2,2,0.2,0.0,0.0,4.0,55.2,175.0,8.7,426.6,21
5671,11111.0,141.0,57.0,117.2,0.0,3.0,6.0,3,urban,6,3,0.1,16.8,0.0,1.5,77.2,289.2,10.1,1183.5,95
2023,19728.0,1262.0,7176.0,47.5,0.0,3.5,33.0,1,rural,2,5,0.1,3.0,0.0,4.0,78.2,402.4,9.1,1451.5,36
3543,9000.0,732.0,533.0,147.0,0.0,2.0,7.0,4,urban,2,2,0.1,6.0,0.0,2.0,77.8,330.7,9.9,1303.1,22
1492,5453.0,525.0,136.0,92.0,5.5,5.5,4.0,4,urban,7,3,0.1,0.0,0.0,3.0,73.7,245.5,12.5,1221.6,92
4447,87000.0,3008.0,5779.0,70.8,0.0,5.0,10.0,1,urban,2,2,0.2,19.0,0.0,0.0,77.0,0.1,21.7,1191.9,19
226,74572.0,2849.0,1104.0,145.5,7.0,2.0,9.0,3,urban,7,2,0.1,0.0,0.0,3.0,77.4,181.5,11.5,1387.7,95
1013,8300.0,262.0,487.0,128.6,0.0,6.7,36.7,3,rural,6,2,0.2,0.0,0.0,1.5,76.6,1368.6,4.3,909.5,28
2583,57666.0,2302.0,7126.0,102.0,0.0,6.0,12.0,1,urban,2,2,0.2,0.0,0.0,2.0,77.7,393.9,9.3,1382.1,59
1929,83807.0,4067.0,1414.0,155.5,10.0,1.5,10.0,2,urban,7,5,0.1,0.0,0.0,1.5,77.4,183.7,11.8,1369.8,91
4050,3700.0,190.0,186.0,56.3,0.0,4.0,8.0,4,rural,2,2,0.4,0.1,0.0,2.0,74.5,8.7,17.5,1227.2,84
5203,2849.0,30.0,8.0,117.0,0.0,10.0,6.0,5,urban,6,3,0.1,6.0,0.0,2.0,76.4,371.3,10.1,1247.1,75
1404,5524.0,221.0,133.0,216.0,0.0,6.0,5.0,5,urban,6,2,0.1,0.0,0.0,1.5,75.7,906.1,7.1,1007.5,35
2179,35343.0,2655.0,9913.0,67.0,10.0,4.0,18.0,1,urban,7,3,0.2,0.0,0.0,5.0,77.7,393.9,9.3,1382.1,60
697,18628.0,747.0,943.0,75.0,0.0,5.5,10.4,2,small urban,6,3,0.3,0.0,0.0,1.8,87.6,4.0,10.0,1914.9,63
1124,15383.0,350.0,603.0,184.0,5.5,5.5,4.0,3,small urban,7,3,0.1,26.0,0.0,2.0,74.8,250.6,12.3,1256.9,73
3698,3017.0,100.0,40.0,313.0,0.0,4.0,5.0,5,urban,6,2,0.1,4.0,0.0,2.0,80.8,20.2,10.5,1335.9,65
4715,6200.0,378.0,151.0,183.0,0.0,13.0,21.0,3,urban,6,5,0.3,34.0,0.0,2.5,77.8,330.7,9.9,1303.1,55
1778,44652.0,845.0,3004.0,98.0,10.0,4.0,16.0,1,urban,7,5,0.1,0.0,0.0,4.0,76.3,330.1,10.3,1280.2,64
2634,45086.0,4620.0,3256.0,66.0,9.0,1.5,12.0,1,urban,7,2,0.2,0.0,0.0,19.5,78.1,520.3,8.1,1384.8,46
3091,19300.0,681.0,292.0,173.0,0.0,5.0,10.0,5,urban,2,2,0.0,0.0,0.0,3.0,77.8,330.7,9.9,1303.1,43
3781,1468.0,47.0,198.0,63.0,0.0,8.0,8.0,3,rural,2,2,0.1,0.0,0.0,3.0,58.7,385.1,9.6,529.0,69
1037,21600.0,548.0,1237.0,115.0,0.0,22.0,35.0,3,urban,6,2,0.2,0.0,0.0,5.0,70.8,880.3,7.7,911.0,64
4827,47300.0,895.0,458.0,66.0,9.0,3.0,9.0,1,urban,7,2,0.1,0.0,0.0,2.5,77.6,254.6,10.4,1398.8,54
2256,59702.0,3641.0,19261.0,57.0,14.0,0.0,35.0,1,urban,3,2,0.0,0.0,0.0,14.0,76.2,296.0,10.5,1308.9,30
5192,19032.0,224.0,353.0,259.0,0.0,10.0,6.0,4,urban,6,3,0.2,4.0,0.0,2.0,74.8,388.0,10.1,1082.3,75
5730,15793.0,853.0,174.0,95.0,0.0,8.0,14.0,3,rural,6,2,0.1,10.5,0.0,1.0,81.9,776.7,6.5,1396.5,29
313,121663.0,3869.0,17568.0,76.0,9.0,8.0,21.0,1,rural,7,2,0.1,0.0,0.0,4.0,77.4,181.5,11.5,1387.7,61
2649,16098.0,1074.0,3816.0,64.0,10.0,4.5,11.0,1,rural,7,2,0.2,4.0,0.0,2.5,78.1,520.3,8.1,1384.8,52
2281,19263.0,1461.0,3725.0,53.0,10.0,3.5,18.0,1,rural,7,3,0.2,0.0,0.0,3.5,78.1,387.4,9.0,1321.0,57
4938,6216.0,90.0,326.0,57.4,0.0,7.2,10.0,3,rural,2,2,0.3,0.2,0.0,7.2,69.8,873.3,4.1,695.4,22
5026,374.0,90.0,45.0,110.0,0.0,3.8,7.5,3,rural,2,2,0.1,1.0,0.0,3.8,59.5,555.4,7.9,534.2,83
2547,6034.0,450.0,45.0,109.5,0.0,5.5,10.0,3,urban,2,2,0.2,7.5,0.0,1.5,77.3,280.3,10.6,1358.9,65
1416,5110.0,304.0,347.0,111.4,0.0,6.0,8.0,3,rural,2,2,0.5,37.2,0.0,2.0,74.5,8.7,17.5,1227.2,48
1036,21500.0,841.0,1011.0,138.7,0.0,22.0,35.0,2,urban,6,2,0.2,1.5,0.0,5.0,70.8,880.3,7.7,911.0,64
2159,22419.0,1570.0,10686.0,51.5,10.0,4.0,26.0,1,rural,7,5,0.1,0.0,0.0,2.0,77.3,415.3,9.1,1356.6,56
2984,3043.0,39.0,144.0,345.0,0.0,4.0,8.0,5,urban,2,2,0.0,6.0,0.0,1.5,77.2,390.2,9.5,1399.2,68
3137,134000.0,7750.0,10340.0,72.5,0.0,5.0,13.0,1,urban,6,3,0.2,1.0,0.0,1.0,76.7,0.0,22.3,1087.2,14
4815,15600.0,912.0,298.0,144.0,9.0,3.0,10.0,3,small urban,7,2,0.3,6.0,0.0,2.5,78.9,489.4,8.6,1569.7,42
1754,4709.0,286.0,280.0,50.9,0.0,7.1,7.0,2,rural,6,2,0.3,0.0,0.0,3.6,81.4,911.6,2.4,1039.2,66
4114,3000.0,103.0,256.0,68.5,0.0,5.5,12.0,5,rural,6,2,0.1,0.0,0.0,3.0,44.6,76.5,10.9,231.4,67
3717,6359.0,445.0,191.0,120.0,0.0,6.0,6.0,4,urban,2,2,0.0,1.0,0.0,2.5,80.8,20.2,10.5,1335.9,37
3565,5985.0,469.0,199.0,112.0,0.0,3.0,9.0,4,urban,6,2,0.2,0.0,0.0,2.0,75.3,390.1,5.7,920.0,48
5196,6957.0,107.0,107.0,99.0,0.0,10.0,6.0,4,urban,6,3,0.1,2.0,0.0,2.0,76.1,331.9,10.8,1166.8,75
2520,24354.0,1491.0,3106.0,46.3,10.0,5.0,28.0,1,rural,7,3,0.2,0.0,0.0,5.0,77.6,395.4,9.5,1362.7,60
873,1166.0,84.0,45.0,136.6,0.0,6.0,16.0,5,rural,6,2,0.2,1.1,0.0,1.0,83.2,1013.5,5.0,1441.9,22
5503,9297.0,501.0,102.0,80.3,0.0,3.0,36.0,4,rural,6,2,0.2,20.7,0.0,1.5,81.9,776.7,6.5,1396.5,57
4337,760.0,26.0,66.0,75.0,0.0,6.0,8.0,5,rural,2,3,0.1,0.0,0.0,0.0,43.4,159.8,9.6,445.5,20
1506,4600.0,176.0,13.0,65.0,7.0,4.5,6.0,3,urban,7,2,0.1,0.0,0.0,3.0,75.8,5.9,10.6,1901.3,85
3839,19800.0,1584.0,990.0,58.9,0.0,8.0,6.0,3,urban,2,5,0.4,2.7,0.0,2.0,74.8,41.0,14.4,1427.3,23
1923,32437.0,1705.0,822.0,134.7,10.0,0.0,10.0,3,urban,3,2,0.0,0.0,0.0,10.0,76.3,364.6,9.7,1122.7,33
448,13311.0,612.0,719.0,117.9,0.0,8.0,20.0,3,rural,6,2,0.7,3.9,0.0,1.0,81.2,622.0,7.4,1444.6,34
3975,36400.0,790.0,4495.0,91.6,10.0,8.0,16.0,1,rural,7,2,0.0,2.6,0.0,4.0,73.6,10.7,17.2,1224.0,39
3901,57100.0,4568.0,2284.0,139.5,0.0,8.0,6.0,3,urban,2,5,0.3,29.0,0.0,2.0,78.2,5.1,17.9,1450.5,17
5761,3590.0,80.0,530.0,46.8,0.0,7.0,8.0,3,rural,2,2,0.2,0.0,0.0,3.0,66.2,1129.4,5.7,579.6,43
3390,3200.0,117.0,43.0,105.4,0.0,2.0,8.0,4,urban,2,2,0.0,0.0,0.0,1.5,76.6,0.0,22.8,1105.9,9
361,21821.0,1962.0,299.0,84.0,7.0,2.0,7.0,3,rural,7,2,0.0,0.0,0.0,2.0,77.5,309.4,10.2,1470.4,96
2183,37369.0,6724.0,4675.0,61.0,0.0,5.0,29.0,1,rural,2,5,0.1,0.0,0.0,5.0,77.7,393.9,9.3,1382.1,18
1134,300.0,17.0,3.0,273.0,0.0,1.5,7.0,5,urban,2,2,0.1,0.0,0.0,1.5,77.6,254.6,10.4,1398.8,19
3199,63000.0,1068.0,626.0,148.0,0.0,3.0,6.0,2,urban,2,2,0.1,0.0,0.0,4.0,34.9,3.2,16.2,250.8,19
4975,2905.0,63.0,153.0,72.0,0.0,3.6,18.0,3,rural,2,2,0.1,5.2,0.0,3.6,74.3,731.9,4.7,651.7,31
2155,24958.0,1826.0,5823.0,34.0,10.0,4.0,26.0,1,rural,7,5,0.1,0.0,0.0,2.0,77.3,415.3,9.1,1356.6,56
1830,4699.0,620.0,507.0,59.5,9.0,5.5,21.0,3,rural,7,5,0.2,0.0,0.0,2.0,76.8,377.6,9.5,1302.6,56
1053,127312.0,6964.0,3807.0,48.5,0.0,15.5,6.0,1,urban,6,3,0.1,1.5,0.0,2.5,75.0,135.7,12.8,1354.6,35
2460,26358.0,2514.0,10879.0,77.0,10.0,5.0,31.0,1,rural,7,3,0.1,0.0,0.0,5.0,78.0,463.2,8.7,1363.9,59
22,11887.0,309.0,429.0,89.9,0.0,4.0,5.0,4,urban,2,2,0.1,0.0,0.0,2.0,78.8,295.2,9.0,1060.7,26
2066,27384.0,1866.0,10359.0,48.0,0.0,5.0,26.0,1,rural,2,5,0.2,2.0,0.0,23.0,77.6,459.1,8.7,1412.2,19
1653,2484.0,70.0,281.0,93.4,0.0,8.0,12.0,2,rural,2,2,0.2,0.0,0.0,2.8,64.0,505.7,9.6,701.0,20
3418,9400.0,158.0,93.0,53.0,0.0,4.0,13.0,4,urban,2,2,0.0,0.0,0.0,4.0,34.9,3.2,16.2,250.8,24
4182,1848.0,7.0,0.0,123.0,0.0,1.0,1.0,4,urban,2,2,0.2,3.5,0.0,1.0,82.4,9.5,10.6,888.4,55
2743,49728.0,3643.0,7106.0,102.0,10.0,5.5,6.0,1,urban,7,2,0.1,0.0,0.0,4.5,77.6,352.9,9.7,1347.0,65
3700,3922.0,275.0,118.0,287.0,0.0,3.0,2.0,5,urban,2,2,0.2,2.0,0.0,2.0,80.8,20.2,10.5,1335.9,37
4712,10600.0,265.0,243.0,124.2,8.0,4.0,10.0,4,rural,7,2,0.2,17.5,0.0,2.5,77.8,330.7,9.9,1303.1,92
2468,60888.0,3578.0,9965.0,85.0,0.0,6.0,12.0,1,urban,2,2,0.2,10.0,0.0,2.0,79.0,516.1,8.1,1394.0,59
2325,36146.0,1889.0,8894.0,64.3,13.0,1.0,49.0,1,rural,7,3,0.3,0.0,0.0,13.0,78.1,387.4,9.0,1321.0,26
460,8261.0,215.0,149.0,90.5,0.0,10.0,22.0,4,rural,6,2,0.1,0.2,0.0,2.0,81.4,462.0,8.1,1373.9,21
1067,71711.0,5809.0,4941.0,102.5,9.0,4.0,15.0,2,urban,7,2,0.2,4.0,0.0,2.0,75.0,135.7,12.8,1354.6,54
87,29000.0,1000.0,2950.0,80.9,9.0,6.5,4.0,1,small urban,2,2,0.2,0.1,0.0,4.0,74.6,54.0,14.0,1345.0,63
1430,6683.0,221.0,80.0,141.9,0.0,6.0,16.0,5,rural,6,2,0.2,2.7,0.0,6.0,80.9,756.2,6.8,1362.0,25
3492,20972.0,1049.0,629.0,241.5,0.0,3.0,1.0,3,urban,6,2,0.5,4.2,0.0,1.0,59.1,62.4,12.3,438.0,37
282,3437.0,198.0,141.0,53.0,8.0,3.0,6.0,3,rural,7,2,0.1,1.0,0.0,2.0,77.2,144.1,12.5,1372.0,27
2483,49713.0,1619.0,8225.0,172.5,13.0,0.0,8.0,1,urban,3,2,0.0,0.0,0.0,13.0,79.0,516.1,8.1,1394.0,28
462,4399.0,273.0,167.0,71.8,0.0,6.0,16.0,5,rural,6,2,0.1,2.8,0.0,1.0,80.9,756.2,6.8,1362.0,32
212,8800.0,500.0,190.0,81.0,0.0,5.5,8.0,4,small urban,2,2,0.1,0.0,0.0,1.5,78.1,0.5,18.8,1514.2,54
2588,63307.0,3119.0,7145.0,80.3,0.0,6.0,12.0,1,urban,2,2,0.1,0.0,0.0,2.0,77.7,393.9,9.3,1382.1,59
3303,89522.0,3474.0,13241.0,64.0,9.0,8.0,6.0,1,urban,7,2,0.1,0.0,0.0,2.0,76.4,164.6,12.2,1390.6,54
2907,28250.0,1834.0,4857.0,82.7,0.0,9.5,18.0,1,rural,2,2,0.2,0.0,0.0,4.0,76.2,315.7,10.5,1319.7,64
2581,57666.0,2302.0,7126.0,58.0,0.0,6.0,12.0,1,urban,2,2,0.2,0.0,0.0,2.0,77.7,393.9,9.3,1382.1,59
1368,420.0,100.0,52.0,73.4,0.0,8.5,12.0,3,rural,6,2,0.1,0.0,0.0,4.0,56.8,162.7,8.7,418.2,48
234,137377.0,4877.0,1772.0,63.0,0.0,4.0,14.0,2,urban,7,2,0.1,0.0,0.0,2.0,77.5,309.4,10.2,1470.4,55
3664,6800.0,139.0,317.0,198.0,0.0,4.0,6.0,6,urban,2,2,0.2,0.0,0.0,4.0,34.9,3.2,16.2,250.8,16
597,21499.0,679.0,267.0,87.5,0.0,13.1,8.6,2,urban,6,2,0.5,0.3,0.0,3.4,69.7,269.2,8.3,666.7,73
5120,12451.0,155.0,47.0,135.0,0.0,4.0,12.0,4,small urban,2,2,0.3,1.0,0.0,3.0,74.5,1590.4,0.5,711.8,32
2250,61439.0,1941.0,15459.0,53.0,14.0,0.0,33.0,1,urban,3,2,0.0,0.0,0.0,14.0,76.2,296.0,10.5,1308.9,30
4709,14300.0,118.0,91.0,116.0,0.0,13.0,21.0,3,urban,6,5,0.1,5.0,0.0,2.5,77.8,330.7,9.9,1303.1,55
2283,25434.0,1119.0,950.0,63.0,0.0,5.0,38.0,1,urban,2,5,0.3,32.0,0.0,2.5,78.1,387.4,9.0,1321.0,23
662,31014.0,868.0,1988.0,45.8,0.0,11.4,4.6,1,rural,6,2,0.1,0.0,0.0,1.8,82.7,44.3,9.6,1629.7,61
5755,5360.0,560.0,1130.0,56.5,8.0,0.0,15.0,3,rural,3,2,0.0,0.0,0.0,0.0,64.0,994.6,6.0,503.4,12
2285,32385.0,1477.0,1005.0,49.7,0.0,5.0,33.0,1,urban,2,5,0.3,21.7,0.0,2.5,78.1,387.4,9.0,1321.0,23
5469,5291.0,156.0,485.0,90.3,0.0,8.3,4.0,3,rural,2,5,0.2,11.7,0.0,1.5,75.5,66.6,14.2,1246.1,26
5251,27033.0,1460.0,297.0,36.1,0.0,5.5,6.0,1,rural,6,3,0.2,7.0,0.0,1.0,81.0,695.3,7.1,1354.0,32
5174,1415.0,32.0,8.0,157.0,0.0,10.0,6.0,6,urban,6,3,0.2,4.8,0.0,2.0,75.9,339.0,10.3,1231.6,75
5290,72804.0,1428.0,3186.0,80.0,11.0,0.0,12.0,1,urban,3,3,0.0,0.0,0.0,0.0,69.0,1122.7,6.1,696.1,32
3307,35981.0,709.0,429.0,125.0,0.0,8.5,4.0,3,urban,6,2,0.4,36.8,0.0,2.0,76.4,164.6,12.2,1390.6,28
2990,66653.0,4620.0,2379.0,75.0,13.0,0.0,10.0,3,urban,3,2,0.0,0.0,0.0,13.0,75.9,251.0,11.1,1287.3,25
5157,24584.0,554.0,111.0,340.0,0.0,10.0,6.0,4,urban,6,3,0.1,2.0,0.0,2.0,75.6,317.4,10.8,1179.5,75
779,2900.0,566.0,182.0,87.4,0.0,11.5,12.2,3,rural,6,2,0.2,0.0,0.0,2.0,69.7,363.8,6.6,720.7,55
2544,46619.0,3676.0,10018.0,88.5,17.0,4.0,8.0,1,urban,7,2,0.2,0.0,0.0,3.5,77.3,280.3,10.6,1358.9,67
4303,10600.0,780.0,170.0,65.5,0.0,8.3,10.0,3,urban,6,2,0.1,0.0,0.0,4.0,83.5,7.3,10.8,1007.2,29
4332,43134.0,2000.0,3400.0,50.5,8.0,5.0,11.0,1,rural,7,5,0.1,0.0,0.0,1.0,78.2,216.0,10.4,1435.3,15
4237,19200.0,768.0,384.0,90.6,0.0,8.0,6.0,3,urban,2,5,0.4,4.3,0.0,2.0,73.1,25.0,15.8,1161.8,14
5164,9322.0,208.0,14.0,174.5,0.0,10.0,6.0,5,urban,6,3,0.1,2.5,0.0,2.0,75.6,317.4,10.8,1179.5,75
4767,125900.0,6168.0,13878.0,71.0,11.0,2.0,9.0,1,urban,7,2,0.1,0.0,0.0,3.5,78.2,130.1,11.5,1379.0,44
5602,1145.0,46.0,122.0,126.7,0.0,6.0,7.0,3,rural,6,3,0.1,0.3,0.0,3.0,64.6,814.8,7.2,593.8,47
685,1700.0,40.0,248.0,84.5,0.0,10.6,6.0,3,rural,6,2,0.1,0.0,0.0,4.2,68.6,264.3,6.8,551.6,73
3243,280.0,10.0,24.0,138.0,0.0,4.0,12.0,6,small urban,2,2,0.0,0.0,0.0,4.0,44.6,76.5,10.9,231.4,27
1748,3100.0,96.0,53.0,260.0,0.0,4.0,11.0,5,urban,6,2,0.1,0.0,0.0,2.0,78.2,130.1,11.5,1379.0,75
3632,850.0,60.0,30.0,239.0,0.0,6.0,4.5,5,small urban,2,5,0.2,23.0,0.0,2.0,75.2,14.3,16.9,1306.1,76
4481,791.0,23.0,184.0,248.0,0.0,3.8,8.0,4,urban,2,2,0.1,0.0,0.0,1.0,60.2,49.6,12.1,616.0,37
2837,6374.0,516.0,294.0,140.8,0.0,7.5,10.0,3,small urban,2,2,0.4,4.0,0.0,1.5,76.8,377.6,9.5,1302.6,76
3032,68833.0,4059.0,2824.0,149.5,13.0,0.0,8.0,1,urban,3,2,0.0,0.0,0.0,13.0,75.9,251.0,11.1,1287.3,28
2171,6937.0,518.0,731.0,81.7,0.0,12.0,28.0,3,rural,2,5,0.2,0.0,0.0,2.5,77.3,415.3,9.1,1356.6,56
3518,5300.0,291.0,21.0,233.2,0.0,3.0,11.0,6,small urban,2,2,0.2,11.8,0.0,3.0,78.9,489.4,8.6,1569.7,25
1850,34116.0,2461.0,9493.0,185.0,10.0,4.5,16.0,1,urban,7,3,0.2,0.0,0.0,1.5,77.2,299.4,10.4,1358.6,70
487,2873.0,121.0,391.0,82.6,0.0,9.0,22.0,3,rural,6,2,0.1,2.8,0.0,1.3,83.1,670.6,6.5,1484.0,18
1688,14600.0,490.0,820.0,83.3,9.0,6.0,4.0,2,urban,7,2,0.1,0.7,0.0,2.0,71.3,239.3,12.6,1045.7,64
2230,66330.0,2725.0,13285.0,75.0,13.0,0.0,40.0,1,urban,3,2,0.0,0.0,0.0,13.0,76.2,292.1,10.6,1352.2,32
4222,72300.0,2097.0,5068.0,46.3,12.0,13.0,10.0,1,urban,7,5,0.0,0.0,0.0,2.0,73.1,25.0,15.8,1161.8,50
2320,34294.0,1316.0,7196.0,111.7,10.0,3.5,25.0,1,rural,7,5,0.3,0.0,0.0,3.5,78.1,387.4,9.0,1321.0,66
782,23412.0,1269.0,3330.0,65.0,0.0,9.0,20.0,1,urban,6,3,0.2,1.0,0.0,1.5,75.1,291.4,10.5,1137.7,35
521,6820.0,505.0,402.0,71.7,0.0,6.0,16.0,4,rural,6,2,0.2,0.0,0.0,3.0,81.8,815.0,6.3,1323.6,36
522,12187.0,439.0,158.0,152.0,0.0,6.0,17.0,3,urban,6,2,0.4,1.0,0.0,1.5,81.8,815.0,6.3,1323.6,29
3751,80412.0,4126.0,16935.0,114.0,0.0,12.0,16.0,1,urban,6,2,0.3,5.0,0.0,2.0,75.5,224.4,11.6,1318.4,61
2939,49637.0,3037.0,4203.0,54.0,12.0,0.0,20.0,1,urban,3,2,0.0,0.0,0.0,12.0,76.2,315.7,10.5,1319.7,28
4666,3600.0,174.0,76.0,92.0,0.0,10.0,6.0,3,urban,6,3,0.1,0.0,0.0,2.5,77.6,254.6,10.4,1398.8,85
2398,14869.0,273.0,3593.0,39.0,0.0,6.5,18.0,1,rural,2,2,0.2,0.0,0.0,4.5,75.8,313.1,10.3,1283.1,73
2207,19263.0,1461.0,3725.0,45.0,10.0,4.0,22.0,1,rural,7,5,0.2,0.0,0.0,2.0,78.1,451.6,8.9,1382.0,56
5392,41804.0,888.0,5723.0,51.2,0.0,13.1,6.0,1,rural,2,5,0.2,0.8,0.0,1.5,74.9,118.1,13.1,1287.8,15
780,23462.0,1127.0,3154.0,74.7,0.0,15.5,4.0,1,urban,6,2,0.1,1.0,0.0,2.0,75.1,291.4,10.5,1137.7,52
5343,1618.0,138.0,53.0,87.0,0.0,7.0,12.0,4,rural,6,2,0.1,8.0,0.0,2.5,57.9,769.8,5.5,553.1,62
5329,11569.0,456.0,186.0,107.9,0.0,2.0,12.0,4,urban,6,2,0.1,0.9,0.0,2.0,54.3,597.0,6.3,398.0,44
1511,27622.0,1619.0,467.0,123.2,0.0,10.0,12.0,3,urban,6,3,0.2,10.0,0.0,2.0,75.9,199.1,11.8,1340.9,67
1882,6609.0,141.0,56.0,299.0,8.0,6.0,8.0,3,urban,7,3,0.1,8.0,0.0,2.0,77.2,299.4,10.4,1358.6,56
651,60603.0,2079.0,7812.0,42.3,0.0,11.2,7.2,1,small urban,6,2,0.2,0.0,0.0,8.8,86.7,10.3,10.0,1629.6,14
3686,5280.0,389.0,616.0,65.5,0.0,9.0,13.1,2,rural,6,2,0.2,0.8,0.0,1.8,69.7,269.2,8.3,666.7,51
4092,3200.0,87.0,698.0,79.9,0.0,6.0,8.0,3,rural,2,2,0.3,0.0,0.0,2.0,73.6,10.7,17.2,1224.0,16
369,25271.0,687.0,1102.0,153.0,7.0,3.0,15.0,1,urban,7,2,0.1,0.0,0.0,1.0,77.2,144.1,12.5,1372.0,60
5060,11890.0,301.0,2169.0,51.5,0.0,7.6,20.6,1,rural,2,2,0.1,1.3,0.0,1.8,56.2,395.3,7.8,590.1,53
3484,1611.0,88.0,29.0,157.5,0.0,3.0,6.0,5,urban,6,2,0.2,0.0,0.0,3.0,59.1,62.4,12.3,438.0,31
118,132000.0,4100.0,9730.0,39.8,8.0,4.8,4.0,1,urban,3,2,0.0,0.0,0.0,4.4,73.9,36.5,15.2,1178.3,55
377,112516.0,2993.0,4838.0,57.2,9.0,4.0,12.0,1,urban,7,2,0.1,0.0,0.0,2.0,77.4,183.7,11.8,1369.8,61
5069,8176.0,451.0,1475.0,63.1,0.0,10.8,32.0,1,rural,2,2,0.3,3.2,0.0,10.8,56.8,385.2,8.6,549.9,53
2216,45509.0,2777.0,13548.0,72.0,10.0,5.0,16.0,1,rural,7,3,0.2,0.0,0.0,4.0,76.2,292.1,10.6,1352.2,63
4404,489.0,14.0,0.0,174.0,0.0,2.0,4.0,5,urban,2,2,0.1,0.0,0.0,2.0,69.7,269.2,8.3,666.7,37
1613,18300.0,699.0,282.0,67.0,0.0,10.0,8.0,4,rural,6,2,0.1,0.0,0.0,2.0,81.0,24.7,9.6,2317.6,76
2883,32510.0,3552.0,10038.0,81.0,13.0,5.0,21.0,1,rural,7,3,0.2,0.0,0.0,4.5,76.2,315.7,10.5,1319.7,36
4517,9610.0,2376.0,193.0,171.0,0.0,4.0,12.0,3,urban,6,2,0.3,3.0,0.0,2.0,79.3,351.1,5.4,1016.7,37
962,36380.0,1100.0,2600.0,60.0,4.0,4.0,4.0,1,urban,7,3,0.0,0.0,0.0,4.0,76.1,565.4,9.1,1075.7,53
5218,9121.0,135.0,313.0,212.0,0.0,10.0,6.0,4,urban,6,3,0.3,8.5,0.0,2.0,76.5,393.3,9.8,1269.4,75
2510,7585.0,270.0,34.0,132.0,6.0,2.5,6.0,5,urban,7,3,0.1,0.0,0.0,2.0,79.0,516.1,8.1,1394.0,125
5443,19136.0,487.0,1994.0,75.3,0.0,12.4,6.0,3,small urban,2,5,0.2,0.0,0.0,1.7,74.9,118.1,13.1,1287.8,23
4409,1797.0,160.0,128.0,123.4,0.0,4.0,6.0,5,rural,6,2,0.1,0.1,0.0,2.0,69.7,269.2,8.3,666.7,37
3731,15442.0,785.0,351.0,51.7,0.0,14.5,5.0,3,small urban,6,3,0.1,5.0,0.0,2.0,76.0,109.1,13.2,1336.0,61
359,9461.0,545.0,387.0,223.0,6.0,4.0,6.0,3,rural,7,2,0.2,0.0,0.0,2.0,77.4,183.7,11.8,1369.8,96
4745,69400.0,2202.0,5239.0,43.0,0.0,15.0,23.0,1,urban,6,5,0.1,0.0,0.0,3.0,77.8,330.7,9.9,1303.1,62
3957,45100.0,4713.0,8014.0,49.5,0.0,13.0,10.0,1,small urban,2,5,0.0,0.0,0.0,2.0,73.7,16.7,16.4,1170.0,32
2415,24300.0,2052.0,4237.0,105.0,10.0,0.0,12.0,1,rural,3,2,0.0,0.0,0.0,10.0,76.2,315.7,10.5,1319.7,29
5394,75556.0,688.0,21.0,89.0,0.0,11.5,7.4,1,urban,2,5,0.1,0.0,0.0,2.0,,,,,10
4896,11433.0,409.0,275.0,59.0,0.0,4.7,15.8,3,rural,2,2,0.2,0.8,0.0,4.7,72.6,723.4,5.3,733.1,16
2185,37369.0,6724.0,4675.0,60.0,0.0,4.0,29.0,1,rural,2,5,0.2,0.0,0.0,21.0,77.7,393.9,9.3,1382.1,18
3729,11413.0,1002.0,157.0,102.3,0.0,9.5,5.0,5,rural,2,2,0.3,1.0,0.0,6.0,80.8,20.2,10.5,1335.9,28
2567,23356.0,877.0,7208.0,94.0,13.0,0.0,12.0,1,urban,3,2,0.0,0.0,0.1,13.0,77.7,393.9,9.3,1382.1,34
2037,20696.0,566.0,9369.0,106.7,10.0,4.0,21.0,1,rural,7,5,0.2,0.0,0.0,7.5,77.6,459.1,8.7,1412.2,57
4928,7431.0,93.0,200.0,68.0,0.0,6.0,14.4,3,small urban,2,2,0.1,0.0,0.0,2.4,73.2,887.3,3.5,710.8,38
772,33000.0,5.0,5.0,121.0,9.0,0.0,3.0,1,urban,3,2,0.0,0.0,0.0,0.0,72.9,996.8,7.0,1113.8,34
1284,1500.0,60.0,36.0,275.0,0.0,5.5,18.0,6,small urban,2,2,0.1,0.0,0.0,1.0,70.5,1173.3,6.0,789.0,56
5328,51.0,10.0,6.0,143.8,0.0,4.0,6.0,5,rural,2,2,0.2,4.8,0.0,2.0,65.4,913.1,6.6,606.9,41
5492,1343.0,72.0,14.0,260.5,0.0,1.0,26.0,4,rural,6,2,0.3,21.8,0.0,1.0,83.6,978.5,5.1,1469.2,73
2587,59667.0,3256.0,10064.0,91.0,0.0,5.5,12.0,1,urban,2,2,0.2,0.7,0.0,2.0,77.7,393.9,9.3,1382.1,59
5298,35115.0,1826.0,9025.0,63.2,0.0,7.5,16.0,1,rural,6,2,0.3,1.6,0.0,4.5,69.2,1.1,20.6,975.2,22
1414,450.0,26.0,4.0,311.0,0.0,4.0,12.0,5,urban,2,2,0.2,2.0,0.0,2.0,78.2,130.1,11.5,1379.0,18
1234,2200.0,137.0,260.0,98.6,0.0,6.0,8.0,3,rural,2,2,0.5,44.0,0.0,2.0,75.2,5.6,18.1,1212.1,14
4239,9000.0,378.0,450.0,160.6,0.0,6.0,4.5,4,urban,2,5,0.5,11.0,0.0,2.0,73.1,25.0,15.8,1161.8,64
435,1341.0,115.0,263.0,185.1,0.0,6.0,16.0,5,rural,6,2,0.4,11.9,0.0,1.5,83.1,670.6,6.5,1484.0,23
1674,11700.0,450.0,930.0,39.8,0.0,17.5,4.5,2,urban,6,5,0.2,0.2,0.0,2.0,67.1,133.0,14.0,845.5,65
3299,485.0,42.0,5.0,208.0,0.0,3.0,6.0,5,urban,2,2,0.2,0.0,0.0,2.5,67.1,221.8,8.2,704.9,28
365,50721.0,1420.0,2577.0,53.5,0.0,8.0,22.0,1,urban,2,2,0.1,3.0,0.0,2.0,77.5,309.4,10.2,1470.4,54
3494,550.0,44.0,2.0,174.2,0.0,4.0,10.0,5,urban,2,2,0.2,0.0,0.0,4.0,78.9,489.4,8.6,1569.7,15
231,25396.0,744.0,135.0,269.0,0.0,10.0,14.0,4,urban,2,2,0.1,0.0,0.0,2.0,77.5,309.4,10.2,1470.4,13
4934,6805.0,101.0,319.0,57.0,0.0,4.8,17.0,3,rural,2,2,0.2,0.0,0.0,4.8,65.6,723.5,4.9,601.7,56
147,27000.0,740.0,980.0,95.0,0.0,8.0,8.0,2,urban,2,2,0.1,16.0,0.0,1.5,76.6,28.5,15.8,1382.6,51
5352,6054.0,995.0,347.0,51.6,0.0,12.0,12.0,1,urban,6,2,0.1,1.4,0.0,3.0,54.3,597.0,6.3,398.0,45
3088,12291.0,432.0,66.0,84.0,0.0,10.5,8.0,3,urban,7,2,0.1,1.0,0.0,3.0,75.5,224.4,11.6,1318.4,73
5412,95325.0,1907.0,6333.0,133.0,0.0,14.9,8.0,1,urban,2,5,0.2,0.0,0.0,4.0,,,,,14
407,12900.0,310.0,129.0,180.0,0.0,6.0,23.0,3,urban,6,2,0.5,3.0,0.0,1.5,81.8,815.0,6.3,1323.6,33
2090,570.0,28.0,1.0,121.5,0.0,7.5,4.0,5,small urban,2,2,0.0,9.0,0.0,1.5,77.6,459.1,8.7,1412.2,69
86,48000.0,1460.0,5340.0,53.8,9.0,9.5,4.0,1,rural,2,2,0.1,0.0,0.0,2.5,73.6,51.1,14.4,1233.2,66
3271,1200.0,20.0,12.0,134.6,0.0,4.0,12.0,6,small urban,2,2,0.1,2.7,0.0,4.0,39.9,73.9,11.5,311.6,22
844,21435.0,928.0,1056.0,55.5,0.0,5.2,7.1,2,small urban,6,3,0.3,1.0,0.0,1.4,87.6,4.0,10.0,1914.9,60
1031,6715.0,205.0,255.0,155.5,8.0,3.0,5.0,3,small urban,7,2,0.1,6.5,0.0,1.5,70.5,1173.3,6.0,789.0,50
4594,49500.0,1391.0,1234.0,56.0,9.0,3.0,11.0,2,urban,7,2,0.1,0.0,0.0,4.5,77.6,254.6,10.4,1398.8,61
4180,4700.0,197.0,6.0,179.3,0.0,4.0,6.0,3,urban,2,2,0.1,8.5,0.0,2.0,82.4,9.5,10.6,888.4,10
3716,8365.0,418.0,167.0,177.5,0.0,6.0,7.0,3,urban,6,2,0.1,5.5,0.0,2.0,80.8,20.2,10.5,1335.9,37
2987,3922.0,163.0,40.0,221.0,0.0,6.0,7.0,5,urban,2,2,0.1,7.0,0.0,2.0,77.2,390.2,9.5,1399.2,83
4200,6000.0,270.0,240.0,68.6,0.0,4.0,8.0,5,rural,2,2,0.5,0.5,0.0,2.0,76.7,6.7,17.9,1284.6,28
2628,19426.0,876.0,184.0,166.5,0.0,1.5,12.0,3,urban,2,2,0.3,19.5,0.0,1.5,77.7,393.9,9.3,1382.1,80
3505,6000.0,364.0,326.0,64.7,0.0,6.0,8.0,3,rural,2,2,0.3,1.6,0.0,2.0,75.4,10.8,17.3,1243.9,17
3524,262622.0,15679.0,7984.0,65.0,0.0,12.0,9.0,1,urban,6,2,0.2,6.4,0.0,2.0,74.7,164.3,12.4,1300.1,35
855,3490.0,161.0,213.0,114.1,0.0,6.0,16.0,5,rural,6,2,0.2,0.2,0.0,1.0,84.0,1194.9,3.9,1448.3,23
3003,50888.0,3599.0,8445.0,58.0,9.0,4.5,15.0,1,rural,7,5,0.2,0.0,0.0,2.0,75.9,251.0,11.1,1287.3,67
78,70000.0,2260.0,4430.0,66.1,0.0,13.0,12.0,1,urban,2,2,0.2,0.6,0.0,2.0,74.2,49.8,14.6,1219.1,65
2992,45716.0,1057.0,5624.0,71.0,10.0,4.5,16.0,1,rural,7,3,0.1,0.0,0.0,4.5,75.9,251.0,11.1,1287.3,67
2247,77311.0,2441.0,19581.0,50.0,14.0,0.0,33.0,1,urban,3,2,0.0,0.0,0.0,14.0,76.2,296.0,10.5,1308.9,30
3789,3038.0,40.0,10.0,270.0,0.0,3.0,15.0,5,urban,6,5,0.1,26.0,0.0,2.0,78.2,216.0,10.4,1435.3,31
5292,73510.0,1076.0,4095.0,118.0,11.0,0.0,15.0,1,urban,3,3,0.0,0.0,0.0,0.0,69.0,1122.7,6.1,696.1,33
5331,6067.0,520.0,202.0,46.3,0.0,10.5,12.0,4,rural,6,2,0.1,0.1,0.0,3.0,63.7,1237.0,1.8,836.9,34
758,9021.0,587.6,2215.7,115.9,9.0,3.0,6.0,1,small urban,7,2,0.3,0.0,0.0,3.0,71.5,775.5,8.2,986.8,50
3852,6400.0,535.0,210.0,169.5,0.0,6.0,4.5,5,urban,2,5,0.3,13.0,0.0,2.0,74.8,41.0,14.4,1427.3,14
3355,43500.0,733.0,430.0,96.7,0.0,4.8,13.0,4,urban,2,2,0.1,0.0,0.0,4.0,34.9,3.2,16.2,250.8,15
3849,31100.0,2488.0,933.0,139.5,0.0,8.0,6.0,3,urban,2,5,0.2,11.0,0.0,2.0,74.8,41.0,14.4,1427.3,58
2279,12022.0,249.0,19.0,378.0,0.0,6.0,4.0,3,urban,2,2,0.3,12.7,0.0,2.0,78.1,387.4,9.0,1321.0,125
3431,970.0,22.0,30.0,336.5,0.0,3.0,6.0,6,urban,2,2,0.2,0.0,0.0,4.0,55.2,175.0,8.7,426.6,27
4099,17120.0,550.0,1255.0,149.5,0.0,6.0,4.5,4,urban,2,5,0.2,61.5,0.0,2.0,73.6,10.7,17.2,1224.0,31
4811,9300.0,407.0,127.0,122.0,0.0,11.0,19.0,4,urban,6,5,0.1,31.0,0.0,2.5,78.2,130.1,11.5,1379.0,48
4615,29600.0,1303.0,745.0,238.0,8.0,6.0,12.0,3,urban,7,2,0.2,1.0,0.0,2.5,78.2,130.1,11.5,1379.0,65
4334,163907.0,4700.0,7600.0,78.4,8.0,4.0,18.0,1,urban,7,5,0.1,8.9,0.0,2.0,78.2,216.0,10.4,1435.3,30
4356,60497.0,1300.0,1400.0,62.2,0.0,4.5,21.0,1,urban,6,5,0.2,1.9,0.0,1.0,77.8,278.3,10.0,1321.7,21
2176,37103.0,3066.0,9679.0,73.0,10.0,7.0,18.0,1,urban,7,5,0.1,0.0,0.0,5.0,77.7,393.9,9.3,1382.1,60
424,24117.0,506.0,217.0,196.0,0.0,8.0,21.0,3,small urban,6,2,0.8,3.0,0.0,2.0,80.9,756.2,6.8,1362.0,36
392,27659.0,1494.0,1023.0,73.7,0.0,8.0,8.0,2,urban,2,2,0.1,43.0,0.0,5.0,78.8,44.6,13.3,1281.0,18
4322,33401.0,1765.0,706.0,104.0,0.0,6.5,12.0,3,urban,6,2,0.3,0.0,0.0,3.0,84.0,25.0,9.4,1628.8,40
5479,400.0,21.0,4.0,112.1,0.0,1.0,24.0,5,rural,6,2,0.1,5.4,0.0,1.0,81.9,776.7,6.5,1396.5,70
2239,74334.0,10095.0,7003.0,60.0,9.0,4.5,18.0,1,urban,7,3,0.2,0.0,0.0,2.0,76.2,292.1,10.6,1352.2,56
104,46000.0,1250.0,1440.0,59.0,0.0,10.0,15.0,1,urban,2,3,0.1,13.0,0.0,0.0,74.2,49.8,14.6,1219.1,21
2672,19981.0,1886.0,3330.0,41.0,10.0,6.5,8.0,1,rural,7,2,0.1,0.0,0.0,2.0,78.1,451.6,8.9,1382.0,58
4375,6060.0,238.0,61.0,252.0,4.0,3.0,6.0,5,urban,7,2,0.2,4.0,0.0,2.0,84.6,61.5,8.3,2488.0,37
4463,49000.0,1096.0,668.0,54.0,0.0,2.0,8.0,3,urban,2,2,0.0,0.0,0.0,0.0,77.0,0.1,21.7,1191.9,10
2068,24958.0,1826.0,5823.0,74.7,10.0,4.0,18.0,1,rural,7,5,0.1,0.0,0.0,4.0,77.6,459.1,8.7,1412.2,57
4608,14400.0,836.0,274.0,113.5,8.0,4.0,10.0,3,urban,7,2,0.1,7.0,0.0,2.5,77.6,254.6,10.4,1398.8,98
1948,5819.0,125.0,45.0,207.0,0.0,5.0,8.0,3,rural,2,2,0.2,6.0,0.0,2.5,77.4,183.7,11.8,1369.8,75
1459,6478.0,250.0,250.0,86.0,4.0,4.0,4.0,3,urban,7,3,0.2,34.0,0.0,2.0,74.6,340.0,11.3,1100.3,94
1768,75607.0,2886.0,1798.0,68.0,8.0,4.5,24.0,1,urban,7,3,0.2,0.0,0.0,4.5,76.3,330.1,10.3,1280.2,75
3298,5944.0,708.0,212.0,187.0,0.0,3.4,5.0,3,urban,2,2,0.2,0.0,0.0,2.5,67.1,221.8,8.2,704.9,11
3706,3573.0,179.0,71.0,357.0,0.0,3.0,6.0,3,urban,2,2,0.1,4.0,0.0,3.0,80.8,20.2,10.5,1335.9,37
3578,55180.0,2164.0,221.0,107.0,0.0,8.5,7.0,2,urban,6,2,0.3,38.7,0.0,2.5,75.0,135.7,12.8,1354.6,30
5551,3561.0,490.0,626.0,211.7,0.0,6.0,12.0,4,rural,2,2,0.1,0.0,0.0,2.0,69.7,1406.5,4.5,655.7,56
1587,61800.0,2039.0,7601.0,62.0,0.0,13.0,10.0,1,urban,2,5,0.0,0.0,0.0,2.0,77.2,2.5,18.8,1379.2,25
4482,10090.0,1773.0,245.0,201.8,0.0,5.0,10.0,3,urban,6,2,0.1,0.5,0.0,5.0,60.2,49.6,12.1,616.0,10
1731,18200.0,724.0,1005.0,126.5,0.0,12.0,8.0,3,urban,6,2,0.2,10.0,0.0,1.0,80.8,20.2,10.5,1335.9,57
5523,45778.0,2472.0,503.0,32.5,0.0,3.0,36.0,2,urban,6,2,0.2,0.0,0.0,1.5,79.2,482.5,8.5,1306.4,27
4515,2210.0,700.0,57.0,226.2,0.0,0.5,12.0,5,urban,2,2,0.2,2.6,0.0,1.0,79.3,351.1,5.4,1016.7,45
182,19000.0,810.0,1450.0,126.8,0.0,9.2,11.0,3,rural,2,2,0.3,6.7,0.0,1.5,78.7,3.3,18.3,1576.4,56
1791,21489.0,1317.0,1128.0,68.0,0.0,4.0,17.0,1,rural,2,5,0.1,0.0,0.0,2.5,75.9,339.0,10.3,1231.6,26
2355,1121.0,67.0,15.0,237.0,0.0,5.5,6.0,5,rural,2,5,0.2,0.0,0.0,3.5,77.2,390.2,9.5,1399.2,91
1940,93435.0,4778.0,2594.0,164.0,10.0,3.0,10.0,1,urban,7,3,0.2,4.0,0.0,2.0,77.4,183.7,11.8,1369.8,61
702,15700.0,485.0,504.0,65.0,0.0,10.0,8.0,3,rural,6,2,0.2,5.0,0.0,3.0,87.0,3.1,10.0,1610.0,46
2442,1824.0,263.0,86.0,131.8,0.0,4.5,8.0,4,rural,2,2,0.3,0.0,0.0,2.0,76.3,364.6,9.7,1122.7,83
3718,13972.0,838.0,279.0,92.0,0.0,7.0,2.0,4,urban,6,2,0.1,0.0,0.0,3.0,80.8,20.2,10.5,1335.9,37
496,28100.0,846.0,8261.0,81.3,0.0,10.5,14.0,1,rural,6,2,0.3,0.0,0.0,4.0,81.2,3.8,10.5,1222.3,59
4506,1642.0,453.0,35.0,318.5,0.0,0.5,12.0,6,small urban,2,2,0.2,1.5,0.0,1.0,79.3,351.1,5.4,1016.7,27
464,2648.0,154.0,209.0,176.3,0.0,6.0,22.0,5,rural,6,2,0.2,6.0,0.0,1.0,81.8,815.0,6.3,1323.6,30
4549,140.0,5.0,12.0,94.1,0.0,8.0,11.0,5,rural,6,2,0.0,0.0,0.0,2.0,41.9,50.5,12.5,250.7,70
5010,813.0,41.0,147.0,75.4,0.0,7.8,18.0,3,rural,2,2,0.2,0.0,0.0,7.8,59.9,591.7,8.1,467.0,58
172,38000.0,1100.0,1900.0,47.2,0.0,10.5,8.0,2,urban,2,2,0.2,32.8,0.0,2.0,76.1,37.6,15.3,1328.6,41
4072,6400.0,180.0,58.0,65.0,0.0,6.0,4.5,4,urban,2,5,0.2,0.0,0.0,2.0,74.8,41.0,14.4,1427.3,27
5559,4140.0,94.0,22.0,233.5,0.0,4.0,10.0,3,small urban,2,2,0.1,0.5,0.0,2.0,68.2,1279.8,5.1,626.0,27
5162,4910.0,133.0,43.0,161.0,0.0,10.0,6.0,5,urban,6,3,0.1,12.0,0.0,2.0,75.6,317.4,10.8,1179.5,75
2540,46619.0,3676.0,10018.0,242.7,10.0,4.5,16.0,1,urban,7,3,0.2,3.7,0.0,4.0,77.3,280.3,10.6,1358.9,67
5748,5650.0,111.0,126.0,50.0,0.0,5.0,12.0,3,rural,2,2,0.1,0.0,0.0,2.0,68.3,1326.9,4.8,569.0,26
4336,166593.0,3500.0,4100.0,90.0,8.0,5.5,18.0,1,urban,7,5,0.1,0.0,0.0,2.0,77.8,278.3,10.0,1321.7,23
2260,16964.0,616.0,63.0,220.0,8.0,3.5,8.0,3,urban,7,3,0.2,2.0,0.0,1.5,76.5,209.7,11.6,1454.3,98
3084,15511.0,519.0,131.0,85.0,0.0,7.5,14.0,3,urban,6,3,0.2,6.0,0.0,2.5,75.5,224.4,11.6,1318.4,56
2112,24373.0,1862.0,8020.0,45.0,13.0,9.0,21.0,1,rural,7,5,0.1,0.0,0.0,5.0,78.2,418.6,9.2,1374.7,40
900,209198.0,3295.0,2878.0,110.3,5.5,5.5,4.0,1,urban,7,3,0.2,19.8,0.0,4.0,75.8,525.0,9.4,1081.6,65
1446,21300.0,800.0,6400.0,35.0,5.5,5.5,4.0,1,urban,7,3,0.1,0.0,0.0,4.0,74.9,392.3,10.7,1074.9,61
1911,22291.0,1148.0,2825.0,70.0,10.0,5.0,19.0,1,small urban,7,5,0.1,0.0,0.0,5.0,76.3,364.6,9.7,1122.7,53
2697,28098.0,1774.0,10614.0,51.0,13.0,6.0,23.0,1,rural,7,3,0.1,3.0,0.0,6.0,78.1,451.6,8.9,1382.0,26
5623,4172.0,121.0,56.0,119.5,0.0,3.0,6.0,4,small urban,6,3,0.1,2.0,0.0,1.3,77.2,398.8,9.5,1224.1,95
741,11600.0,200.0,60.0,96.0,6.0,6.0,4.0,4,urban,7,3,0.2,5.0,0.0,2.0,74.9,333.5,11.3,1121.7,34
2293,9763.0,702.0,1093.0,74.0,11.0,3.5,19.0,1,rural,7,5,0.2,1.0,0.0,3.5,78.1,387.4,9.0,1321.0,39
2452,24491.0,2358.0,7494.0,65.0,10.0,4.5,8.0,1,rural,7,2,0.2,0.0,0.0,2.5,78.0,463.2,8.7,1363.9,59
3460,3000.0,10.0,16.0,118.1,0.0,4.0,13.0,4,small urban,2,2,0.1,0.0,0.0,4.0,34.9,3.2,16.2,250.8,22
4733,20600.0,1013.0,579.0,195.0,0.0,9.0,17.0,3,urban,6,5,0.3,9.0,0.0,2.5,77.6,254.6,10.4,1398.8,44
1206,12100.0,322.0,406.0,54.0,0.0,6.0,7.0,2,small urban,2,2,0.2,0.0,0.0,0.0,73.2,1178.0,5.8,856.0,20
509,67800.0,2746.0,9777.0,65.0,0.0,8.0,19.0,1,urban,6,3,0.2,0.0,0.0,3.0,83.5,7.3,10.8,1007.2,43
4806,10600.0,372.0,160.0,214.3,0.0,7.0,14.0,5,urban,6,5,0.2,12.0,0.0,2.8,77.6,254.6,10.4,1398.8,29
3458,11200.0,190.0,111.0,105.5,0.0,4.8,13.0,6,urban,2,2,0.0,0.0,0.0,4.0,34.9,3.2,16.2,250.8,77
3705,13125.0,656.0,262.0,244.0,0.0,8.5,5.0,3,urban,6,3,0.2,11.0,0.0,3.0,80.8,20.2,10.5,1335.9,25
5597,589.0,16.0,67.0,114.3,0.0,6.0,7.0,4,rural,2,3,0.0,0.2,0.0,3.0,66.3,882.6,7.0,584.6,67
1549,18024.0,1117.0,1190.0,42.0,0.0,6.0,16.0,2,urban,2,2,0.1,0.0,0.0,1.2,80.9,756.2,6.8,1362.0,25
3029,54944.0,3943.0,6443.0,48.8,10.0,4.5,16.0,1,urban,7,3,0.2,0.5,0.0,2.0,75.9,251.0,11.1,1287.3,74
4368,9524.0,422.0,169.0,199.1,0.0,9.0,3.0,3,urban,6,2,0.2,9.7,0.0,2.0,84.6,61.5,8.3,2488.0,31
2202,19263.0,1461.0,3725.0,57.0,10.0,4.0,22.0,1,rural,7,5,0.2,0.0,0.0,2.0,78.1,451.6,8.9,1382.0,57
2566,14907.0,672.0,319.0,125.0,0.0,1.5,7.0,2,urban,2,5,0.0,0.0,0.0,4.0,77.7,393.9,9.3,1382.1,53
3538,62500.0,1417.0,520.0,87.0,0.0,19.0,16.0,4,urban,6,3,0.2,8.0,0.0,3.0,76.7,0.0,22.3,1087.2,16
2044,20696.0,566.0,9369.0,88.0,10.0,4.0,21.0,1,rural,7,5,0.2,0.0,0.0,7.5,77.6,459.1,8.7,1412.2,57
767,31572.0,488.0,4942.0,61.0,12.0,0.0,4.0,1,small urban,3,2,0.0,0.0,0.0,0.0,72.9,996.8,7.0,1113.8,11
5650,22624.0,339.0,475.0,72.0,0.0,6.0,12.0,3,small urban,6,2,0.2,1.0,0.0,1.5,69.2,1.1,20.6,975.2,73
1508,21272.0,1304.0,475.0,70.3,0.0,9.5,21.0,3,urban,6,2,0.3,17.5,0.0,18.0,75.9,199.1,11.8,1340.9,14
3134,196500.0,3704.0,4942.0,36.0,18.0,0.0,13.0,1,urban,3,3,0.0,0.0,0.0,0.0,76.7,0.0,22.3,1087.2,8
5637,9352.0,198.0,527.0,81.0,0.0,3.0,6.0,5,small urban,6,3,0.2,3.0,0.0,2.0,75.9,339.0,10.3,1231.6,95
421,8465.0,119.0,25.0,95.3,0.0,6.0,25.0,4,urban,6,2,0.1,0.7,0.0,1.0,80.9,756.2,6.8,1362.0,36
123,60000.0,1830.0,6460.0,48.7,11.0,5.5,5.0,1,urban,7,5,0.2,4.3,0.0,1.5,74.2,49.8,14.6,1219.1,42
4814,17900.0,1046.0,342.0,210.0,9.0,3.0,10.0,3,small urban,7,2,0.2,11.0,0.0,2.5,78.9,489.4,8.6,1569.7,42
3469,2550.0,59.0,79.0,171.0,0.0,5.0,6.0,6,urban,2,2,0.0,0.0,0.0,4.0,55.2,175.0,8.7,426.6,25
3883,1397.0,117.0,80.0,155.7,0.0,6.0,16.0,5,rural,6,2,0.3,9.8,0.0,1.0,83.2,1072.5,4.8,1527.0,25
819,12654.0,569.0,342.0,84.0,0.0,17.0,21.0,3,rural,6,2,0.2,2.5,0.0,2.0,81.4,462.0,8.1,1373.9,25
1403,4100.0,164.0,98.0,239.0,0.0,4.0,8.0,5,small urban,2,2,0.1,0.0,0.0,1.5,75.2,955.6,7.1,960.4,63
1382,5100.0,250.0,375.0,119.1,5.0,5.0,4.0,4,small urban,7,5,0.2,95.3,0.0,2.0,75.4,481.3,9.9,1081.5,98
2148,22106.0,627.0,8882.0,54.3,10.0,5.0,21.0,1,rural,7,5,0.1,0.0,0.0,2.0,78.0,463.2,8.7,1363.9,58
4877,8723.0,313.0,314.0,82.7,0.0,3.5,31.1,3,small urban,2,2,0.2,0.0,0.0,3.5,60.8,577.5,7.3,442.2,24
1575,28500.0,1352.0,558.0,100.1,0.0,13.0,10.0,4,urban,2,3,0.1,1.0,0.0,3.0,76.7,0.0,21.9,1094.6,25
1638,6521.0,180.0,120.0,256.0,5.0,5.0,4.0,4,urban,7,3,0.2,0.0,0.0,2.0,74.0,199.5,13.0,1240.3,90
1795,27006.0,1483.0,811.0,64.0,0.0,4.5,36.0,1,urban,2,5,0.2,17.0,0.0,11.0,75.9,339.0,10.3,1231.6,19
3331,34500.0,1480.0,694.0,63.0,0.0,2.0,8.0,3,urban,6,2,0.1,0.0,0.0,1.5,77.8,0.0,23.3,1122.2,8
5790,3735.0,243.0,508.0,103.4,0.0,6.0,10.0,3,rural,6,2,0.1,0.3,0.0,3.0,59.0,0.7,20.9,603.6,36
5160,1051.0,34.0,85.0,117.3,0.0,10.0,6.0,5,small urban,6,3,0.1,7.0,0.0,2.0,75.0,263.9,11.5,1251.7,75
399,40197.0,1712.0,362.0,58.0,0.0,8.0,8.0,2,rural,2,2,0.1,0.0,0.0,2.5,78.9,73.1,12.7,1323.9,10
3151,9349.0,466.0,638.0,103.3,0.0,7.6,9.8,3,rural,6,2,0.2,0.9,0.0,1.8,85.1,0.8,10.3,2452.7,94
2310,25221.0,1270.0,9034.0,68.0,10.0,3.5,25.0,1,rural,7,5,0.2,0.0,0.0,3.5,78.1,387.4,9.0,1321.0,66
882,5827.0,233.0,402.0,104.0,0.0,6.0,8.0,3,small urban,2,2,0.2,0.0,0.0,6.0,58.7,385.1,9.6,529.0,29
5765,3020.0,190.0,490.0,110.7,7.0,0.0,5.0,3,rural,3,2,0.0,0.0,0.0,0.0,69.2,1296.4,5.2,666.8,12
3834,72500.0,1813.0,3118.0,53.6,12.0,13.0,10.0,1,urban,7,5,0.1,1.2,0.0,2.0,74.8,41.0,14.4,1427.3,18
1352,88300.0,1870.0,1850.0,66.5,8.0,5.5,4.0,2,urban,7,2,0.1,2.5,0.0,1.5,72.3,244.0,12.6,1065.9,59
5168,4972.0,60.0,154.0,192.7,0.0,10.0,6.0,4,urban,6,3,0.2,2.0,0.0,2.0,75.3,227.2,12.2,1246.0,75
5272,8110.0,250.0,1940.0,57.2,10.5,0.0,8.0,1,rural,3,2,0.0,0.0,0.0,0.0,62.8,691.9,7.3,553.5,16
2130,24489.0,1130.0,12580.0,49.0,10.0,4.5,34.0,1,rural,7,5,0.1,0.0,0.0,4.5,78.0,463.2,8.7,1363.9,58
982,3900.0,196.0,277.0,132.0,0.0,13.8,18.0,3,rural,6,2,0.1,0.0,0.0,6.5,76.6,1368.6,4.3,909.5,89
456,2032.0,158.0,112.0,67.0,0.0,6.0,22.0,4,rural,6,2,0.3,1.0,0.0,1.2,84.0,1194.9,3.9,1448.3,18
1486,1950.0,375.0,80.0,132.0,5.2,5.2,4.0,4,rural,7,3,0.1,0.0,0.0,2.0,73.7,245.5,12.5,1221.6,63
1079,12224.0,354.0,147.0,83.9,0.0,6.0,22.0,4,urban,2,2,0.1,0.1,0.0,1.2,81.2,622.0,7.4,1444.6,8
1950,20563.0,992.0,709.0,131.5,0.0,3.0,3.0,3,urban,2,2,0.2,0.5,0.0,2.5,77.4,183.7,11.8,1369.8,102
4987,408.0,13.0,83.0,84.8,0.0,5.1,18.0,3,rural,2,2,0.1,4.4,0.0,1.8,63.0,934.5,6.3,477.1,24
689,1500.0,180.0,477.0,118.3,0.0,10.5,12.0,3,rural,6,2,0.1,0.0,0.0,2.5,52.9,278.4,8.1,560.1,66
2429,24584.0,1690.0,3328.0,88.5,10.0,5.0,22.0,1,rural,7,3,0.1,0.0,0.0,2.0,76.2,315.7,10.5,1319.7,52
641,1900.0,292.0,137.0,126.7,0.0,5.0,8.0,3,rural,6,2,0.2,1.0,0.0,2.0,52.9,278.4,8.1,560.1,51
2392,48715.0,2667.0,14151.0,74.0,10.0,4.0,16.0,1,urban,7,3,0.2,0.0,0.0,4.0,76.2,292.1,10.6,1352.2,61
2825,24988.0,2275.0,6061.0,135.0,10.0,5.5,19.0,1,rural,7,3,0.1,0.0,0.0,5.5,77.2,299.4,10.4,1358.6,58
1953,14139.0,539.0,167.0,206.0,0.0,7.5,6.0,3,urban,2,2,0.1,0.0,0.0,1.5,77.4,183.7,11.8,1369.8,92
4264,1084.0,82.0,1.0,203.0,0.0,2.0,8.0,5,urban,2,2,0.1,0.0,0.0,2.0,78.2,402.4,9.1,1451.5,29
3058,12000.0,500.0,360.0,52.0,0.0,2.0,18.0,2,rural,6,2,0.0,0.0,0.0,2.0,78.2,216.0,10.4,1435.3,10
3658,39000.0,1287.0,4797.0,57.0,0.0,8.0,16.0,1,rural,2,2,0.1,3.0,0.0,4.0,75.3,4.3,18.5,1295.1,61
4339,136729.0,5100.0,3100.0,103.0,0.0,5.0,15.0,1,urban,6,3,0.2,5.3,0.0,3.0,77.8,278.3,10.0,1321.7,25
2710,13602.0,912.0,1468.0,107.0,10.0,5.0,18.0,1,rural,7,3,0.1,14.0,0.0,2.0,78.1,451.6,8.9,1382.0,48
1083,8843.0,610.0,407.0,59.6,0.0,6.0,16.0,3,rural,6,2,0.2,0.1,0.0,2.0,81.2,846.6,6.4,1370.8,34
4296,9906.0,281.0,415.0,85.0,7.0,4.3,6.0,3,small urban,7,2,0.3,13.0,0.0,2.4,82.7,44.3,9.6,1629.7,88
5525,14542.0,786.0,161.0,82.0,0.0,1.0,20.0,3,urban,6,2,0.2,5.7,0.0,1.0,79.5,622.1,7.5,1291.3,75
3872,9758.0,2060.0,1000.0,197.0,0.0,3.5,18.0,3,urban,6,2,0.1,1.0,0.0,2.0,82.9,36.1,9.4,2206.8,16
1884,5243.0,43.0,9.0,197.0,10.0,1.0,10.0,3,urban,7,3,0.2,15.0,0.0,2.0,77.2,299.4,10.4,1358.6,78
4357,55111.0,1000.0,1100.0,69.0,0.0,6.0,21.0,1,urban,6,5,0.1,4.2,0.0,1.0,77.8,278.3,10.0,1321.7,27
389,25819.0,1350.0,338.0,90.0,0.0,8.0,8.0,2,rural,2,2,0.1,8.0,0.0,2.5,78.8,44.6,13.3,1281.0,13
2494,23478.0,1437.0,5250.0,94.2,13.0,0.0,24.0,1,rural,3,2,0.0,0.0,0.0,13.0,79.0,516.1,8.1,1394.0,31
1851,37535.0,2274.0,10471.0,151.0,10.0,4.0,16.0,1,urban,7,5,0.3,0.0,0.0,3.5,77.2,299.4,10.4,1358.6,70
3036,14579.0,457.0,661.0,105.2,0.0,11.0,17.0,3,urban,2,2,0.1,1.8,0.0,2.5,75.9,251.0,11.1,1287.3,100
3827,8000.0,200.0,344.0,85.5,0.0,13.0,10.0,1,urban,2,5,0.1,15.0,0.0,2.0,74.8,41.0,14.4,1427.3,14
845,6887.0,499.0,527.0,69.0,0.0,8.6,18.0,3,small urban,6,2,0.3,2.7,0.0,1.4,87.6,4.0,10.0,1914.9,89
542,3750.0,625.0,1050.0,130.0,4.0,4.0,4.0,3,rural,7,3,0.2,5.0,0.0,2.0,74.7,117.2,14.4,1258.9,65
91,23000.0,710.0,880.0,56.2,0.0,6.5,8.0,1,rural,6,2,0.1,0.8,0.0,2.5,77.6,13.6,17.0,1484.3,39
5455,15462.0,453.0,1760.0,68.8,0.0,7.7,4.8,3,rural,2,5,0.2,10.2,0.0,1.5,74.4,82.7,13.6,1245.8,18
3647,3242.0,258.0,129.0,136.0,0.0,3.4,12.0,4,small urban,2,2,0.1,0.0,0.0,2.0,87.4,5.8,9.2,2187.5,37
1979,34481.0,2596.0,2898.0,66.0,10.0,6.0,18.0,1,urban,7,5,0.1,0.0,0.0,4.0,77.6,395.4,9.5,1362.7,62
3244,2600.0,18.0,17.0,169.6,0.0,6.0,4.5,5,small urban,2,5,0.4,11.0,0.0,2.0,73.8,27.5,15.5,1206.3,32
3715,5653.0,396.0,170.0,238.0,0.0,5.0,7.0,5,urban,6,2,0.2,11.0,0.0,2.5,80.8,20.2,10.5,1335.9,37
3150,3047.0,300.0,202.0,70.9,0.0,6.5,15.5,3,rural,6,3,0.2,0.9,0.0,1.6,87.4,5.8,9.2,2187.5,69
5557,1090.0,40.0,255.0,119.0,0.0,7.0,10.0,4,rural,2,3,0.2,0.3,0.0,3.5,69.0,1122.7,6.1,696.1,67
3842,16400.0,1640.0,328.0,54.2,0.0,6.0,8.0,3,rural,2,2,0.4,0.8,0.0,2.0,74.8,41.0,14.4,1427.3,17
4211,1800.0,255.0,561.0,87.0,0.0,8.5,11.0,3,rural,6,2,0.1,0.1,0.0,4.0,52.9,278.4,8.1,560.1,52
2964,20673.0,570.0,468.0,54.0,9.0,3.0,15.0,3,urban,7,3,0.1,0.0,0.0,2.0,77.2,390.2,9.5,1399.2,66
3463,2000.0,71.0,177.0,211.0,0.0,3.0,6.0,4,urban,2,2,0.1,0.0,0.0,4.0,55.2,175.0,8.7,426.6,13
2529,13112.0,402.0,1115.0,37.7,9.0,3.5,21.0,1,rural,7,3,0.1,0.0,0.0,3.5,77.6,395.4,9.5,1362.7,49
3857,2300.0,637.0,112.0,127.4,0.0,6.0,4.5,5,urban,2,5,0.6,11.0,0.0,2.0,74.8,41.0,14.4,1427.3,13
1676,50400.0,700.0,1240.0,83.8,10.0,0.0,4.0,2,urban,3,3,0.0,0.0,0.0,0.0,67.1,133.0,14.0,845.5,21
1048,19740.0,803.0,1107.0,64.0,0.0,9.0,6.0,2,urban,2,2,0.2,0.0,0.0,0.0,72.5,911.0,7.5,935.8,17
2949,2619.0,185.0,90.0,64.0,0.0,26.0,10.0,4,urban,2,5,0.0,0.0,0.0,2.0,76.2,315.7,10.5,1319.7,90
1960,50925.0,4071.0,3956.0,57.0,9.0,9.0,21.0,1,urban,7,5,0.1,0.0,0.0,3.5,77.6,395.4,9.5,1362.7,55
2530,13112.0,402.0,1115.0,33.2,9.0,3.5,21.0,1,rural,7,3,0.1,0.0,0.0,3.5,77.6,395.4,9.5,1362.7,49
4260,36444.0,400.0,200.0,49.0,0.0,5.0,18.0,2,urban,6,5,0.1,0.0,0.0,1.5,78.2,216.0,10.4,1435.3,36
4739,9500.0,58.0,25.0,194.0,0.0,9.0,7.0,3,urban,6,3,0.5,4.0,0.0,2.5,77.8,397.1,9.3,1337.7,112
3679,12892.0,438.0,451.0,210.0,0.0,9.0,16.0,4,urban,6,2,0.6,6.0,0.0,1.2,81.8,815.0,6.3,1323.6,22
237,70767.0,2279.0,892.0,206.0,9.0,2.0,9.0,2,urban,7,2,0.1,0.0,0.0,2.0,77.5,309.4,10.2,1470.4,63
3922,4100.0,464.0,32.0,81.3,0.0,6.0,8.0,3,rural,2,2,0.3,8.2,0.0,2.0,73.3,10.8,17.4,1213.1,66
4370,17400.0,1523.0,203.0,148.7,6.0,9.0,3.0,3,urban,7,2,0.2,1.7,0.0,2.0,84.6,61.5,8.3,2488.0,37
1133,350.0,20.0,3.0,221.0,0.0,1.5,7.0,5,urban,2,2,0.8,0.0,0.0,1.5,77.6,254.6,10.4,1398.8,23
2880,32510.0,3552.0,10038.0,75.0,13.0,5.0,21.0,1,rural,7,3,0.2,0.0,0.0,4.5,76.2,315.7,10.5,1319.7,36
1805,1831.0,151.0,32.0,139.0,0.0,9.0,6.0,5,rural,2,5,0.1,3.0,0.0,2.5,76.8,377.6,9.5,1302.6,92
4793,6400.0,137.0,139.0,145.0,0.0,7.0,5.0,4,urban,6,3,0.2,5.0,0.0,2.5,77.6,254.6,10.4,1398.8,15
163,16000.0,720.0,800.0,71.6,0.0,8.0,8.0,2,rural,2,2,0.3,6.1,0.0,0.0,74.4,29.9,15.5,1271.0,24
4373,28997.0,2697.0,1248.0,194.5,0.0,4.4,3.0,3,urban,6,2,0.1,1.0,0.0,3.0,84.6,61.5,8.3,2488.0,37
5516,9732.0,526.0,107.0,81.9,0.0,3.0,20.0,3,rural,6,2,0.2,12.6,0.0,1.0,79.5,622.1,7.5,1291.3,73
5461,14483.0,372.0,2000.0,84.0,0.0,11.6,6.0,2,small urban,2,5,0.1,3.0,0.0,1.5,74.2,73.9,13.6,1256.0,15
5468,7395.0,219.0,678.0,70.4,0.0,10.4,4.0,3,rural,2,5,0.3,2.2,0.0,2.0,75.5,66.6,14.2,1246.1,10
4519,685.0,288.0,1.0,185.0,0.0,3.0,12.0,5,urban,2,2,0.2,12.0,0.0,1.0,79.3,351.1,5.4,1016.7,37
4648,13000.0,691.0,226.0,77.7,0.0,11.0,8.7,3,urban,6,3,0.1,0.0,0.0,2.8,78.2,216.0,10.4,1435.3,79
265,12319.0,443.0,235.0,75.0,6.0,4.0,6.0,3,urban,7,2,0.1,0.0,0.0,3.0,77.4,138.2,12.4,1389.2,103
2001,27480.0,2438.0,4178.0,69.0,10.0,4.5,18.0,1,rural,7,5,0.1,11.0,0.0,2.5,77.6,395.4,9.5,1362.7,60
1811,15158.0,662.0,1797.0,72.0,10.0,4.0,20.0,1,rural,7,5,0.1,0.0,0.0,4.0,76.8,377.6,9.5,1302.6,49
3277,19750.0,327.0,192.0,154.5,0.0,4.0,13.0,6,urban,2,2,0.2,5.0,0.0,4.0,34.9,3.2,16.2,250.8,21
4645,7700.0,387.0,182.0,96.3,0.0,14.0,10.0,3,urban,6,3,0.1,0.4,0.0,2.5,77.6,254.6,10.4,1398.8,85
2978,3882.0,32.0,201.0,72.0,9.0,6.0,9.0,4,urban,7,3,0.1,2.0,0.0,2.0,77.2,390.2,9.5,1399.2,83
4112,440.0,15.0,38.0,68.5,0.0,5.5,12.0,5,rural,6,2,0.1,0.0,0.0,3.0,44.6,76.5,10.9,231.4,67
2906,35431.0,3398.0,6567.0,48.0,0.0,14.0,18.0,1,rural,2,2,0.2,0.0,0.0,4.0,76.2,315.7,10.5,1319.7,64
4141,18200.0,764.0,910.0,191.6,0.0,6.0,4.5,4,urban,2,5,0.4,31.8,0.0,2.0,73.8,27.5,15.5,1206.3,48
1428,4300.0,465.0,814.0,64.6,0.0,10.1,9.1,3,rural,6,2,0.3,4.2,0.0,2.4,74.8,98.6,8.2,537.0,56
398,40197.0,1712.0,362.0,43.6,0.0,8.0,8.0,2,rural,2,2,0.1,0.0,0.0,2.5,78.9,73.1,12.7,1323.9,13
4169,1300.0,25.0,8.0,99.0,0.0,6.0,4.5,5,urban,2,5,0.6,41.0,0.0,2.0,73.3,10.8,17.4,1213.1,53
947,1100.0,43.0,230.0,186.4,0.0,9.0,11.0,3,rural,2,2,0.2,10.9,0.0,3.0,65.3,511.1,9.8,817.2,70
3078,42252.0,2434.0,2109.0,70.0,0.0,14.5,16.0,2,urban,6,3,0.2,0.0,0.0,1.5,75.5,224.4,11.6,1318.4,67
3138,121000.0,7102.0,9475.0,71.0,0.0,5.0,13.0,1,urban,6,3,0.2,1.0,0.0,1.0,76.7,0.0,22.3,1087.2,14
5170,8131.0,86.0,100.0,178.8,0.0,10.0,6.0,5,urban,6,3,0.2,6.9,0.0,2.0,75.3,227.2,12.2,1246.0,75
4759,127800.0,6476.0,9104.0,102.0,8.0,3.0,10.0,1,urban,7,2,0.1,0.0,0.0,1.5,77.8,330.7,9.9,1303.1,60
5388,10717.0,263.0,2252.0,122.0,0.0,13.0,7.5,1,rural,2,5,0.2,0.5,0.0,2.0,75.5,223.8,10.9,1303.7,8
4977,2059.0,37.0,181.0,58.7,0.0,8.4,18.0,3,rural,2,2,0.2,0.1,0.0,8.4,61.3,498.0,6.9,554.1,66
3229,22781.0,1114.0,2529.0,85.0,0.0,19.0,4.0,1,rural,6,2,0.3,7.0,0.0,3.0,77.2,378.6,9.5,1368.3,51
3728,1710.0,103.0,103.0,173.0,0.0,3.0,8.0,4,urban,2,2,0.4,0.0,0.0,2.0,80.8,20.2,10.5,1335.9,37
1452,5592.0,56.0,28.0,191.3,0.0,6.0,16.0,5,urban,2,2,0.3,4.3,0.0,1.0,80.9,756.2,6.8,1362.0,16
593,2710.0,50.0,30.0,90.0,0.0,5.0,3.5,5,rural,6,5,0.3,60.0,0.0,1.5,73.2,212.6,12.8,1078.5,73
2725,23856.0,1261.0,6895.0,62.8,10.0,4.0,19.0,1,rural,7,3,0.1,1.0,0.0,4.0,77.6,352.9,9.7,1347.0,60
41,14058.0,408.0,2263.0,56.3,10.0,0.0,26.0,1,rural,3,2,0.0,0.0,0.1,0.0,76.8,469.4,8.6,963.7,10
560,23400.0,1137.0,4863.0,61.5,0.0,13.4,12.1,1,rural,6,2,0.6,0.1,0.0,2.1,74.8,98.6,8.2,537.0,72
4671,32900.0,1685.0,617.0,97.0,0.0,11.0,19.0,4,urban,6,5,0.3,1.0,0.0,2.5,77.6,254.6,10.4,1398.8,43
3880,12800.0,1536.0,896.0,95.8,0.0,8.0,6.0,3,small urban,2,5,0.3,9.0,0.0,2.0,73.9,11.6,17.0,1226.7,17
4034,75000.0,4624.0,11726.0,55.8,0.0,6.0,12.0,1,urban,6,2,0.1,1.0,0.0,1.0,76.6,0.2,21.5,1123.5,29
243,38295.0,1536.0,394.0,76.0,7.0,2.0,8.0,3,urban,7,2,0.0,5.0,0.0,2.0,77.5,309.4,10.2,1470.4,98
3172,327.0,6.0,5.0,331.0,0.0,3.0,6.0,4,urban,2,3,0.2,0.0,0.0,1.5,77.0,0.8,20.3,1196.0,15
1339,7680.0,280.0,370.0,94.0,9.0,0.0,4.0,3,rural,3,2,0.0,0.0,0.0,0.0,71.6,285.9,12.0,1047.7,46
4269,3727.0,171.0,15.0,106.0,0.0,7.5,6.0,5,urban,2,3,0.2,0.0,0.0,7.5,78.1,387.4,9.0,1321.0,20
3914,5000.0,115.0,45.0,97.3,0.0,12.0,11.0,2,urban,6,3,0.3,3.8,0.0,2.0,75.7,34.0,16.3,1395.0,47
405,3596.0,147.0,29.0,187.0,0.0,6.0,25.0,5,urban,6,2,0.2,3.2,0.0,1.5,81.4,462.0,8.1,1373.9,36
1442,3700.0,164.0,427.0,171.0,9.0,4.0,7.0,5,urban,7,2,0.1,0.0,0.0,3.5,78.2,130.1,11.5,1379.0,34
261,34671.0,1196.0,409.0,60.5,9.0,6.0,9.0,3,urban,7,2,0.1,0.5,0.0,2.0,77.4,181.5,11.5,1387.7,90
3655,17231.0,883.0,402.0,97.7,0.0,7.5,12.0,3,urban,6,2,0.2,38.7,0.0,1.5,75.2,91.8,13.5,1268.5,66
3537,80752.0,2585.0,517.0,176.7,9.0,3.0,5.0,3,urban,7,2,0.4,16.0,0.0,2.0,74.7,164.3,12.4,1300.1,61
5285,10800.0,330.0,2540.0,62.3,8.0,4.0,3.0,1,rural,7,2,0.1,0.2,0.0,2.0,68.3,1116.1,5.9,674.0,64
1689,11736.0,673.0,936.0,127.0,4.0,4.0,4.0,4,urban,7,3,0.1,0.0,0.0,2.0,74.5,388.4,10.9,1050.2,15
3478,15647.0,734.0,612.0,169.0,0.0,3.0,6.0,4,urban,6,2,0.2,1.0,0.0,3.0,59.1,62.4,12.3,438.0,25
1725,4054.0,280.0,178.0,133.0,4.0,4.0,4.0,3,rural,7,3,0.2,5.0,0.0,2.0,75.3,321.4,11.2,1195.7,100
1203,1353.0,79.0,174.0,221.0,0.0,4.0,15.0,5,small urban,6,2,0.2,0.0,0.0,3.5,76.6,1242.9,5.0,925.9,64
834,14664.0,264.0,15.0,96.7,0.0,8.0,20.0,3,urban,6,2,0.2,0.0,0.0,1.0,81.2,622.0,7.4,1444.6,28
1866,26013.0,2737.0,1757.0,68.0,10.0,4.5,16.0,1,urban,7,3,0.1,0.0,0.0,4.5,77.2,299.4,10.4,1358.6,64
2496,23478.0,1437.0,5250.0,98.3,13.0,0.0,24.0,1,rural,3,2,0.0,0.0,0.0,13.0,79.0,516.1,8.1,1394.0,31
3016,68080.0,3164.0,4850.0,42.0,10.0,4.5,16.0,1,urban,7,3,0.2,0.0,0.0,2.5,75.9,251.0,11.1,1287.3,67
4358,33000.0,1157.0,2880.0,42.1,0.0,8.5,12.0,3,rural,6,3,0.1,0.1,0.0,3.0,44.6,76.5,10.9,231.4,37
2010,27480.0,2438.0,4178.0,76.7,10.0,4.5,18.0,1,rural,7,5,0.2,0.0,0.0,2.5,77.6,395.4,9.5,1362.7,60
5366,25281.0,6564.0,1576.0,98.0,13.0,13.0,12.0,1,small urban,7,2,0.1,0.0,0.0,4.5,57.5,903.2,3.5,517.0,37
340,206481.0,0.0,0.0,111.6,0.0,12.5,7.0,1,urban,2,2,0.1,7.6,0.0,2.5,77.4,181.5,11.5,1387.7,13
5510,30172.0,1629.0,332.0,209.0,0.0,3.0,36.0,4,urban,6,2,0.4,13.0,0.0,1.0,79.2,482.5,8.5,1306.4,40
1601,6330.0,200.0,615.0,124.0,0.0,3.0,7.0,3,rural,6,5,0.1,11.0,0.0,2.0,64.4,179.5,13.2,771.1,59
2796,26071.0,2482.0,6347.0,69.3,0.0,4.0,30.0,1,rural,2,5,0.1,6.7,0.0,2.0,77.2,299.4,10.4,1358.6,31
5678,12017.0,474.0,3733.0,55.2,0.0,14.0,6.0,2,rural,6,3,0.1,1.0,0.0,1.3,75.4,275.8,11.4,1202.2,95
5444,19136.0,487.0,1994.0,160.0,0.0,13.7,6.0,3,rural,2,5,0.2,11.0,0.0,2.0,74.9,118.1,13.1,1287.8,8
480,16090.0,241.0,48.0,204.0,0.0,8.0,20.0,3,urban,6,2,0.5,4.3,0.0,2.0,81.2,622.0,7.4,1444.6,23
3734,28570.0,2212.0,1238.0,63.7,0.0,10.5,12.0,3,rural,6,2,0.1,3.2,0.0,1.5,76.0,109.1,13.2,1336.0,63
2785,24625.0,1460.0,6696.0,79.0,0.0,7.0,27.0,1,rural,2,5,0.1,39.0,0.0,2.5,77.2,299.4,10.4,1358.6,57
1523,16300.0,576.0,247.0,224.0,0.0,5.5,11.0,5,urban,2,2,0.2,4.0,0.0,2.0,77.6,254.6,10.4,1398.8,73
4315,6488.0,190.0,60.0,151.0,0.0,2.0,8.0,4,urban,6,3,0.1,0.2,0.0,2.0,79.2,145.3,10.8,1498.0,32
5145,8597.0,43.0,80.0,204.2,0.0,10.0,6.0,5,urban,6,3,0.2,4.0,0.0,2.0,77.2,289.2,10.1,1183.5,75
5375,4422.0,538.0,107.0,58.2,0.0,7.6,11.2,1,rural,6,2,0.2,0.9,0.0,3.2,55.9,422.5,8.1,512.8,25
4039,4653.0,200.0,109.0,133.3,0.0,4.0,8.0,4,rural,2,2,0.3,36.4,0.0,2.0,75.3,20.9,15.5,1388.6,42
799,10669.0,458.0,856.0,129.4,0.0,8.0,6.0,3,small urban,2,5,0.2,4.0,0.0,2.0,74.2,10.0,16.9,1221.7,17
1766,75607.0,2886.0,1798.0,103.0,8.0,4.5,24.0,1,urban,7,3,0.1,0.0,0.0,4.5,76.3,330.1,10.3,1280.2,75
5185,4645.0,94.0,29.0,117.3,0.0,10.0,6.0,5,urban,6,3,0.2,7.0,0.0,2.0,74.8,388.0,10.1,1082.3,75
3025,48266.0,3764.0,6498.0,63.3,10.0,7.0,16.0,1,urban,7,3,0.2,8.0,0.0,7.0,75.9,251.0,11.1,1287.3,71
2453,24491.0,2358.0,7494.0,58.0,10.0,4.5,21.0,1,rural,7,5,0.2,0.0,0.0,2.5,78.0,463.2,8.7,1363.9,59
4915,8419.0,154.0,132.0,51.3,0.0,4.7,16.3,3,rural,2,2,0.3,0.7,0.0,4.7,72.2,1021.2,2.8,812.6,13
4582,22400.0,1111.0,636.0,280.0,0.0,11.0,19.0,3,urban,6,5,0.4,13.0,0.0,2.5,78.2,130.1,11.5,1379.0,49
4695,14700.0,860.0,281.0,114.0,8.0,5.0,11.0,3,small urban,7,2,0.2,4.5,0.0,2.5,78.9,489.4,8.6,1569.7,48
5425,2776.0,54.0,24.0,71.8,0.0,8.5,4.0,5,rural,2,2,0.1,15.4,0.0,1.5,74.9,103.4,13.2,1231.7,19
363,19768.0,686.0,340.0,49.0,0.0,5.0,7.0,3,small urban,2,2,0.0,0.0,0.0,4.0,77.6,352.9,9.7,1347.0,63
1271,18362.0,588.0,409.0,124.0,5.5,5.5,4.0,3,urban,7,3,0.2,10.0,0.0,2.0,75.0,146.6,13.7,1254.8,54
4078,7047.0,400.0,641.0,77.2,0.0,8.2,11.0,3,rural,6,2,0.9,5.5,0.0,1.8,68.2,377.2,7.8,622.8,85
5369,14171.0,6919.0,789.0,53.8,0.0,12.0,12.0,1,rural,6,2,0.1,6.9,0.0,2.5,52.8,337.1,8.2,623.9,22
5601,341.0,16.0,64.0,87.3,0.0,4.0,6.0,4,rural,2,2,0.1,0.0,0.0,2.0,63.7,763.3,7.3,585.7,50
5437,94264.0,1225.0,504.0,55.7,0.0,5.3,3.8,2,urban,2,5,0.1,1.0,0.0,0.0,74.7,164.3,12.4,1300.1,29
4792,5600.0,51.0,56.0,144.0,8.0,4.0,10.0,3,urban,7,2,0.2,4.0,0.0,2.5,78.2,130.1,11.5,1379.0,95
347,257361.0,0.0,0.0,103.0,0.0,12.5,7.0,1,urban,2,2,0.2,43.0,0.0,5.0,77.5,309.4,10.2,1470.4,11
4108,9900.0,406.0,350.0,187.0,0.0,6.0,4.5,5,urban,2,5,0.5,0.5,0.0,2.0,73.6,10.7,17.2,1224.0,38
4622,6900.0,425.0,109.0,119.0,0.0,14.0,22.0,3,rural,6,5,0.1,11.0,0.0,2.5,78.9,489.4,8.6,1569.7,44
3613,1979.0,104.0,19.0,122.0,7.0,3.2,6.0,4,urban,7,2,0.2,6.0,0.0,1.8,84.0,25.0,9.4,1628.8,97
5354,348.0,57.0,15.0,66.8,0.0,3.0,12.0,5,small urban,2,2,0.2,0.0,0.0,2.5,57.9,769.8,5.5,553.1,17
2562,9328.0,109.0,26.0,162.8,0.0,6.5,8.0,4,urban,2,2,0.0,1.0,0.0,1.5,77.3,280.3,10.6,1358.9,125
3027,54944.0,3943.0,6443.0,72.0,13.0,2.0,21.0,1,urban,7,3,0.2,0.0,0.0,2.0,75.9,251.0,11.1,1287.3,71
5314,480.0,59.0,26.0,306.0,0.0,6.0,6.0,5,rural,2,2,0.1,7.0,0.0,2.0,67.7,1005.4,7.0,674.2,27
1423,750.0,50.0,60.0,117.2,5.0,5.0,4.0,4,rural,7,3,0.1,9.6,0.0,2.0,75.9,240.3,12.3,1296.8,91
656,122831.0,3646.0,9861.0,54.5,0.0,4.6,9.1,1,urban,6,3,0.3,0.1,0.0,1.8,84.0,25.0,9.4,1628.8,68
3083,18172.0,1198.0,1685.0,62.0,0.0,12.5,9.0,2,small urban,6,3,0.1,1.8,0.0,1.5,75.5,224.4,11.6,1318.4,45
5339,2000.0,223.0,91.0,102.5,0.0,4.0,12.0,5,rural,6,2,0.1,0.2,0.0,5.0,63.7,1237.0,1.8,836.9,10
2102,18536.0,744.0,132.0,184.0,9.0,4.5,9.0,4,urban,7,3,0.1,2.0,0.0,3.0,76.5,209.7,11.6,1454.3,74
632,740.0,121.0,85.0,96.7,0.0,6.0,14.0,3,rural,6,2,0.1,0.0,0.0,2.0,64.6,313.6,6.6,587.8,36
3946,23000.0,380.0,223.0,85.0,0.0,5.0,6.0,3,small urban,6,3,0.0,0.0,0.0,1.0,39.9,73.9,11.5,311.6,34
2493,23478.0,1437.0,5250.0,86.3,13.0,0.0,24.0,1,rural,3,2,0.0,0.0,0.0,13.0,79.0,516.1,8.1,1394.0,31
2665,24955.0,1759.0,3587.0,35.5,10.0,4.0,8.0,1,rural,7,2,0.1,0.0,0.0,2.0,78.1,451.6,8.9,1382.0,60
4189,7500.0,315.0,375.0,125.1,0.0,6.0,4.5,4,small urban,2,5,0.4,18.5,0.0,2.0,73.8,27.5,15.5,1206.3,45
5121,9584.0,194.0,20.0,126.0,0.0,7.8,10.0,3,small urban,2,2,0.4,0.0,0.0,7.8,67.7,832.0,3.6,546.0,103
4251,5000.0,234.0,41.0,286.5,0.0,6.0,4.5,5,urban,2,5,0.6,11.0,0.0,2.0,73.1,25.0,15.8,1161.8,72
4101,3800.0,120.0,38.0,89.7,0.0,6.0,4.5,4,urban,2,5,0.3,44.0,0.0,2.0,73.6,10.7,17.2,1224.0,16
2334,37370.0,1573.0,8586.0,57.5,10.0,2.5,28.0,1,rural,7,5,0.2,0.0,0.0,3.0,78.1,387.4,9.0,1321.0,66
3548,47500.0,1132.0,531.0,122.0,0.0,14.0,9.0,3,urban,6,3,0.2,8.0,0.0,4.5,76.7,0.0,22.3,1087.2,17
4439,6766.0,0.0,0.0,114.5,0.0,4.5,5.0,5,urban,2,2,0.1,1.5,0.0,3.4,86.7,10.3,10.0,1629.6,37
2500,23478.0,1437.0,5250.0,96.0,13.0,0.0,24.0,1,rural,3,2,0.0,0.0,0.0,13.0,79.0,516.1,8.1,1394.0,31
3619,68560.0,4224.0,4882.0,48.0,0.0,15.5,4.0,2,urban,6,2,0.2,6.5,0.0,3.0,76.0,109.1,13.2,1336.0,34
1465,3400.0,100.0,500.0,115.0,4.0,4.0,4.0,4,urban,7,3,0.2,15.5,0.0,2.0,74.6,340.0,11.3,1100.3,64
4461,35000.0,826.0,504.0,85.5,0.0,6.0,10.0,3,urban,2,2,0.2,19.0,0.0,0.0,77.0,0.1,21.7,1191.9,26
4686,6000.0,268.0,84.0,77.0,0.0,11.0,9.0,4,urban,6,3,0.1,0.0,0.0,2.5,78.2,130.1,11.5,1379.0,87
115,17000.0,570.0,3100.0,75.6,0.0,10.0,15.0,1,rural,2,3,0.3,2.8,0.0,0.0,74.8,100.1,12.8,1362.4,26
1821,14273.0,949.0,2026.0,59.0,10.0,4.0,20.0,1,rural,7,5,0.2,0.0,0.0,4.0,76.8,377.6,9.5,1302.6,48
1494,2105.0,60.0,32.0,62.0,4.6,4.6,4.0,5,rural,7,3,0.1,0.0,0.0,2.0,73.7,245.5,12.5,1221.6,93
2401,14869.0,273.0,3593.0,47.0,0.0,6.5,18.0,1,rural,2,2,0.2,0.0,0.0,4.5,75.8,313.1,10.3,1283.1,73
1232,1218.0,63.0,364.0,75.3,0.0,6.0,8.0,3,rural,2,2,0.3,0.0,0.0,2.0,75.2,5.6,18.1,1212.1,14
2661,24955.0,1759.0,3587.0,35.7,10.0,4.0,8.0,1,rural,7,2,0.1,0.0,0.0,2.0,78.1,451.6,8.9,1382.0,60
2817,25427.0,2208.0,6040.0,71.5,10.0,5.5,19.0,1,rural,7,3,0.1,0.5,0.0,5.5,77.2,299.4,10.4,1358.6,58
3799,39450.0,2024.0,928.0,59.2,0.0,12.0,6.0,3,urban,6,3,0.2,10.6,0.0,2.0,77.2,90.4,13.6,1329.9,59
5295,6178.0,253.0,2570.0,81.0,0.0,7.5,16.0,1,small urban,2,2,0.2,0.0,0.0,3.0,48.1,5.6,17.7,410.9,33
1153,340.0,56.0,36.0,110.6,0.0,5.0,7.0,3,rural,2,2,0.1,0.1,0.0,0.0,64.6,313.6,6.6,587.8,34
4603,7300.0,236.0,78.0,143.0,0.0,12.0,20.0,3,small urban,6,5,0.1,5.0,0.0,2.5,78.9,489.4,8.6,1569.7,66
5151,4893.0,203.0,55.0,231.4,0.0,10.0,6.0,5,urban,6,3,0.2,5.1,0.0,2.0,77.2,289.2,10.1,1183.5,75
57,84000.0,2130.0,5780.0,51.0,9.0,3.2,4.0,1,urban,7,2,0.1,0.5,0.0,3.2,76.3,98.4,12.4,1468.6,58
4316,9500.0,67.0,67.0,154.0,0.0,3.0,7.0,4,urban,2,2,0.1,0.0,0.0,3.0,84.0,25.0,9.4,1628.8,20
3061,33479.0,680.0,480.0,45.7,8.0,8.5,10.0,2,urban,7,5,0.1,1.0,0.0,4.0,78.2,216.0,10.4,1435.3,33
4956,3037.0,100.0,534.0,82.0,0.0,7.8,12.0,1,rural,2,2,0.1,5.0,0.0,4.2,65.6,723.5,4.9,601.7,39
5735,1746.0,95.0,19.0,103.0,0.0,1.0,10.0,4,rural,6,2,0.2,24.4,0.0,1.0,83.6,978.5,5.1,1469.2,78
1735,1000.0,57.0,9.0,238.0,0.0,4.0,7.0,5,urban,2,2,0.1,2.0,0.0,4.0,77.8,330.7,9.9,1303.1,25
5221,8533.0,131.0,222.0,154.7,0.0,10.0,6.0,4,urban,6,3,0.2,5.6,0.0,2.0,76.5,393.3,9.8,1269.4,75
2823,24988.0,2275.0,6061.0,91.0,10.0,5.5,19.0,1,rural,7,3,0.1,11.0,0.0,5.5,77.2,299.4,10.4,1358.6,58
2196,19788.0,845.0,2534.0,46.7,10.0,2.5,18.0,1,rural,7,3,0.1,0.0,0.0,2.0,78.1,451.6,8.9,1382.0,56
159,26000.0,920.0,780.0,115.0,0.0,5.0,14.0,2,small urban,2,2,0.1,10.0,0.0,1.0,76.2,62.3,13.3,1638.1,52
3837,83500.0,2088.0,3591.0,72.3,12.0,0.0,10.0,1,urban,3,5,0.0,0.0,0.0,2.0,74.8,41.0,14.4,1427.3,18
2475,72450.0,4137.0,8339.0,104.0,0.0,5.5,12.0,1,urban,2,2,0.2,0.0,0.0,2.0,79.0,516.1,8.1,1394.0,59
2564,23080.0,711.0,132.0,207.0,0.0,4.5,12.0,3,urban,2,2,0.2,31.0,0.0,1.5,77.7,393.9,9.3,1382.1,125
4145,41070.0,5322.0,415.0,67.6,0.0,10.0,12.0,2,urban,2,2,0.4,0.9,0.0,2.0,73.8,27.5,15.5,1206.3,15
3912,3700.0,119.0,18.0,42.3,0.0,8.5,4.0,5,urban,6,2,0.0,0.0,0.0,3.0,34.9,3.2,16.2,250.8,69
2608,3706.0,120.0,28.0,82.5,9.0,4.0,7.0,3,urban,7,2,0.1,0.0,0.0,13.0,77.7,393.9,9.3,1382.1,125
4479,8769.0,702.0,438.0,117.0,4.0,0.5,18.0,3,urban,7,2,0.0,0.0,0.0,5.0,60.2,49.6,12.1,616.0,9
707,9000.0,592.0,274.0,103.0,0.0,7.5,17.0,3,rural,6,2,0.1,0.0,0.0,2.0,87.1,3.1,10.3,1712.1,77
3046,68594.0,7884.0,5483.0,74.0,9.0,3.5,16.0,1,urban,7,3,0.1,0.0,0.0,1.5,77.4,183.7,11.8,1369.8,40
4947,1234.0,32.0,81.0,130.6,0.0,3.6,13.8,4,rural,2,2,0.2,0.1,0.0,3.6,69.8,873.3,4.1,695.4,27
1093,5436.0,254.0,196.0,76.0,6.5,5.7,7.0,3,rural,7,2,0.1,0.9,0.0,1.7,85.1,0.8,10.3,2452.7,95
4420,41500.0,1808.0,848.0,104.0,0.0,3.0,10.0,3,urban,2,2,0.2,19.0,0.0,0.0,76.4,0.0,22.1,1216.0,44
1376,1222.0,32.0,180.0,61.6,0.0,11.0,14.0,3,rural,2,2,0.1,0.0,0.0,2.0,65.3,511.1,9.8,817.2,64
5698,71788.0,3877.0,790.0,54.8,0.0,6.0,24.0,2,urban,6,2,0.2,6.2,0.0,1.0,79.5,622.1,7.5,1291.3,71
72,138000.0,3200.0,4180.0,43.0,11.0,0.5,13.0,1,urban,7,3,0.1,0.0,0.0,3.5,75.1,39.5,15.1,1277.7,39
1922,3359.0,147.0,21.0,121.0,0.0,5.5,7.0,4,urban,2,2,0.1,0.0,0.0,2.5,76.3,364.6,9.7,1122.7,70
5008,525.0,16.0,73.0,124.2,0.0,4.2,12.6,3,rural,2,2,0.3,1.3,0.0,4.2,57.8,489.3,8.4,494.9,32
1764,42734.0,630.0,2967.0,54.5,10.0,2.0,18.0,1,urban,7,5,0.1,0.0,0.0,5.0,76.3,330.1,10.3,1280.2,67
743,21100.0,713.0,4082.0,67.2,11.5,0.0,6.0,1,rural,3,2,0.0,0.2,0.0,3.5,74.8,897.9,7.3,1042.5,16
3805,32700.0,1524.0,726.0,96.7,0.0,6.0,8.0,3,rural,2,2,0.3,9.6,0.0,2.0,77.6,3.1,18.5,1383.8,17
1005,30000.0,811.8,1883.6,62.6,10.3,4.5,6.9,2,rural,3,2,0.2,0.0,0.0,4.5,75.7,906.1,7.1,1007.5,18
2668,19981.0,1886.0,3330.0,33.0,10.0,4.0,8.0,1,rural,7,2,0.1,0.0,0.0,2.0,78.1,451.6,8.9,1382.0,60
1190,9600.0,396.0,592.0,70.0,9.0,5.5,1.0,3,rural,7,2,0.2,0.0,0.0,3.0,69.8,859.6,7.8,884.1,94
4244,40900.0,4908.0,818.0,101.9,0.0,8.0,6.0,3,urban,2,5,0.4,2.8,0.0,2.0,73.1,25.0,15.8,1161.8,19
2601,63307.0,3119.0,7145.0,112.0,0.0,5.5,12.0,1,urban,2,2,0.2,18.5,0.0,2.0,77.7,393.9,9.3,1382.1,59
1125,9800.0,790.0,922.0,100.0,0.0,10.4,9.7,3,rural,2,2,0.5,27.0,0.0,0.0,78.2,2.8,19.2,1338.6,58
1241,21975.0,703.0,989.0,138.0,0.0,8.0,20.0,3,urban,6,2,0.4,0.0,0.0,1.5,80.9,756.2,6.8,1362.0,31
3771,17900.0,834.0,977.0,177.3,0.0,8.0,6.0,3,urban,2,5,0.3,0.5,0.0,2.0,77.1,9.5,17.4,1306.2,37
5194,1373.0,14.0,6.0,261.0,0.0,10.0,6.0,5,urban,6,3,0.2,27.7,0.0,2.0,76.2,384.0,9.8,1249.2,75
5084,6514.0,226.0,121.0,116.7,0.0,1.5,5.0,4,small urban,2,2,0.4,0.7,0.0,1.5,74.5,1590.4,0.5,711.8,103
5465,7546.0,72.0,86.0,177.0,0.0,12.4,8.0,3,urban,2,5,0.1,16.0,0.0,0.0,,,,,24
3351,210.0,5.0,7.0,90.0,0.0,6.0,6.0,6,urban,2,2,0.0,10.0,0.0,4.0,55.2,175.0,8.7,426.6,13
998,1750.0,123.0,313.0,79.8,9.0,3.1,3.1,3,rural,7,2,0.1,0.0,0.0,2.1,69.8,859.6,7.8,884.1,92
4309,30000.0,1181.0,7376.0,67.1,0.0,12.5,23.0,1,rural,6,5,0.4,0.0,0.0,1.0,55.2,175.0,8.7,426.6,63
3765,52300.0,1308.0,2249.0,159.0,12.0,0.0,10.0,1,urban,3,5,0.0,0.0,0.0,2.0,77.1,9.5,17.4,1306.2,15
2684,18087.0,1571.0,4010.0,41.0,10.0,6.5,18.0,1,rural,7,3,0.1,0.0,0.0,2.0,78.1,451.6,8.9,1382.0,57
5021,30978.0,241.0,509.0,163.5,4.8,4.8,15.0,3,urban,2,2,0.3,0.0,0.0,4.8,61.3,498.0,6.9,554.1,63
1577,27781.0,1026.0,248.0,144.0,0.0,7.0,12.0,3,urban,6,2,0.2,6.9,0.0,1.5,75.2,91.8,13.5,1268.5,33
3668,2800.0,100.0,40.0,170.6,0.0,3.5,24.0,5,rural,6,5,0.3,0.1,0.0,1.5,79.2,145.3,10.8,1498.0,24
5552,3625.0,495.0,780.0,272.0,8.0,0.0,24.0,3,small urban,3,2,0.0,0.0,0.1,0.0,64.0,994.6,6.0,503.4,30
1826,3479.0,220.0,405.0,98.5,8.0,7.5,12.0,3,rural,7,2,0.3,0.0,0.0,2.5,76.8,377.6,9.5,1302.6,100
1343,4350.0,185.0,60.0,165.0,4.0,4.0,4.0,5,urban,7,3,0.1,3.0,0.0,2.0,75.8,525.0,9.4,1081.6,11
5784,18769.0,676.0,1614.0,60.0,0.0,6.0,9.0,2,urban,6,3,0.1,0.0,0.0,3.0,51.2,24.2,16.4,454.6,73
5391,40221.0,886.0,5230.0,50.5,0.0,12.8,7.5,1,small urban,2,5,0.1,0.5,0.0,1.5,73.8,195.1,11.8,1269.6,28
4786,3800.0,413.0,158.0,127.0,0.0,14.0,10.0,3,urban,6,3,0.1,0.0,0.0,2.5,78.2,130.1,11.5,1379.0,63
440,22294.0,1471.0,312.0,155.0,0.0,6.0,22.0,4,rural,6,2,0.2,0.0,0.0,1.5,81.2,603.0,7.1,1415.4,43
5741,10926.0,590.0,120.0,96.0,0.0,3.0,48.0,3,urban,6,3,0.2,20.5,0.0,1.0,81.0,695.3,7.1,1354.0,60
1100,17698.0,542.0,202.0,89.2,0.0,6.6,6.0,3,urban,6,2,0.3,14.0,0.0,1.8,84.0,148.9,6.9,3145.3,72
2637,35912.0,2940.0,2464.0,65.5,9.0,5.0,21.0,1,urban,7,3,0.2,0.0,0.0,1.5,78.1,520.3,8.1,1384.8,42
4053,1994.0,32.0,38.0,95.1,0.0,5.0,6.0,3,rural,2,2,0.2,27.2,0.0,1.3,61.7,584.8,6.5,683.8,57
649,66858.0,4199.0,10437.0,70.3,9.0,5.4,7.4,1,small urban,7,2,0.3,0.0,0.0,1.8,87.2,12.4,9.6,1637.3,69
1546,29752.0,840.0,792.0,65.5,9.0,7.5,12.0,3,urban,7,2,0.2,0.5,0.0,1.5,77.2,144.1,12.5,1372.0,89
3231,4611.0,453.0,451.0,108.0,0.0,7.5,15.0,3,rural,6,3,0.2,0.0,0.0,2.0,77.2,378.6,9.5,1368.3,59
4338,3300.0,115.0,286.0,140.0,0.0,6.0,8.0,5,rural,2,3,0.1,0.0,0.0,0.0,43.4,159.8,9.6,445.5,20
4402,5520.0,411.0,67.0,110.0,0.0,2.0,4.0,5,urban,6,2,0.1,1.0,0.0,2.0,69.7,269.2,8.3,666.7,37
4419,69500.0,2745.0,1008.0,83.0,0.0,3.0,10.0,4,urban,2,2,0.0,0.0,0.0,2.0,76.4,0.0,22.1,1216.0,37
3918,9100.0,854.0,173.0,152.0,0.0,9.0,30.0,3,urban,2,2,0.2,0.0,0.0,0.0,74.1,11.3,11.0,860.5,21
2852,21331.0,821.0,8827.0,55.0,0.0,4.0,29.0,1,rural,2,5,0.1,0.0,0.0,21.0,77.1,370.5,9.6,1309.1,31
3503,30732.0,943.0,3872.0,147.8,10.0,8.0,16.0,1,rural,7,2,0.3,0.6,0.0,4.0,75.4,10.8,17.3,1243.9,27
4163,17400.0,2088.0,522.0,113.9,0.0,8.0,6.0,3,urban,2,5,0.2,13.0,0.0,2.0,73.3,10.8,17.4,1213.1,39
5269,8060.0,350.0,1510.0,51.0,9.0,3.0,8.0,1,small urban,7,3,0.1,0.0,0.0,3.0,62.8,691.9,7.3,553.5,25
630,1100.0,251.0,83.0,113.1,0.0,5.0,12.0,3,rural,6,2,0.1,0.1,0.0,2.0,64.6,313.6,6.6,587.8,71
672,10000.0,499.0,3915.0,50.3,0.0,13.0,22.0,1,rural,6,2,0.1,0.0,0.0,2.0,64.8,393.4,6.7,468.4,54
1249,8800.0,725.0,154.0,73.0,0.0,4.0,11.0,3,urban,6,3,0.1,0.0,0.0,4.0,84.3,5.4,10.7,1294.0,41
3817,11841.0,403.0,704.0,75.8,9.0,6.0,12.0,3,rural,7,2,0.1,0.0,0.0,30.0,77.6,43.7,14.3,1302.9,69
482,2020.0,117.0,30.0,106.4,0.0,7.0,22.0,4,rural,6,2,0.2,4.1,0.0,1.2,81.2,846.6,6.4,1370.8,15
1584,40132.0,1064.0,1285.0,70.0,0.0,2.0,12.0,3,urban,6,2,0.2,0.0,0.0,2.0,75.2,91.8,13.5,1268.5,70
4073,3500.0,94.0,22.0,75.0,0.0,6.0,4.5,4,urban,2,5,0.3,0.0,0.0,2.0,74.8,41.0,14.4,1427.3,66
5358,540.0,65.0,27.0,89.4,0.0,5.5,12.0,5,rural,6,2,0.1,6.3,0.0,2.4,56.2,581.1,6.5,649.8,48
4031,78500.0,4418.0,11204.0,55.4,0.0,6.0,12.0,1,urban,6,2,0.2,8.0,0.0,1.0,76.6,0.2,21.5,1123.5,16
1462,15200.0,550.0,475.0,73.0,5.5,5.5,4.0,3,urban,7,3,0.0,0.0,0.0,2.0,74.6,340.0,11.3,1100.3,88
3040,11811.0,614.0,213.0,119.8,7.0,4.0,7.0,4,urban,7,3,0.1,0.0,0.0,2.5,75.9,251.0,11.1,1287.3,104
4318,2412.0,143.0,8.0,146.0,0.0,3.0,6.0,3,urban,2,2,0.2,2.0,0.0,3.0,84.0,25.0,9.4,1628.8,20
4650,8500.0,380.0,119.0,258.0,7.0,6.0,11.0,4,urban,7,2,0.2,11.0,0.0,2.5,77.9,386.5,9.3,1426.3,63
5019,3200.0,211.0,364.0,76.3,0.0,6.2,13.9,3,rural,2,2,0.1,0.7,0.0,2.4,61.3,498.0,6.9,554.1,70
5773,18395.0,226.0,91.0,101.0,10.0,0.0,12.0,3,small urban,3,2,0.0,0.0,0.0,0.0,67.2,1075.7,6.0,622.1,24
3273,1700.0,101.0,17.0,222.5,0.0,3.0,7.0,5,urban,6,2,0.2,8.0,0.0,1.5,78.2,130.1,11.5,1379.0,52
3238,6500.0,407.0,452.0,223.0,0.0,8.0,6.0,3,small urban,2,5,0.4,17.0,0.0,2.0,73.8,27.5,15.5,1206.3,63
3131,38000.0,1837.0,861.0,76.5,0.0,13.0,10.0,3,urban,6,3,0.2,19.0,0.0,2.5,76.7,0.0,22.3,1087.2,24
3683,2365.0,161.0,21.0,234.5,0.0,6.0,22.0,5,urban,6,2,0.2,0.5,0.0,1.0,81.8,815.0,6.3,1323.6,29
2578,57666.0,2302.0,7126.0,55.0,0.0,6.0,12.0,1,urban,2,2,0.1,0.0,0.0,2.0,77.7,393.9,9.3,1382.1,59
4572,550.0,19.0,48.0,87.5,0.0,5.0,8.0,4,rural,2,3,0.1,0.3,0.0,0.0,41.8,105.5,10.7,263.8,30
49,79356.0,1586.0,4443.0,69.2,9.0,0.0,16.0,1,urban,3,2,0.0,0.0,0.1,0.0,75.9,543.9,8.5,1020.0,22
4957,14244.0,112.0,593.0,100.0,0.0,7.2,24.0,1,small urban,2,2,0.4,1.0,0.0,7.2,73.2,887.3,3.5,710.8,63
4051,3000.0,140.0,82.0,124.0,0.0,4.0,8.0,4,rural,2,2,0.2,4.3,0.0,2.0,74.5,8.7,17.5,1227.2,22
858,16588.0,697.0,332.0,119.0,0.0,8.0,21.0,3,urban,6,2,0.2,0.0,0.0,2.0,81.2,622.0,7.4,1444.6,35
3225,12162.0,765.0,2871.0,90.0,0.0,17.0,4.0,1,rural,6,2,0.3,3.0,0.0,3.0,77.2,378.6,9.5,1368.3,50
1072,11300.0,475.0,158.0,80.0,0.0,6.0,22.0,5,small urban,6,2,0.2,1.0,0.0,1.0,81.2,622.0,7.4,1444.6,26
719,50565.0,2124.0,10012.0,56.0,0.0,13.0,20.0,1,rural,2,2,0.2,0.0,0.0,1.7,81.4,462.0,8.1,1373.9,20
2199,19263.0,1461.0,3725.0,60.7,10.0,4.0,22.0,1,rural,7,5,0.2,0.0,0.0,2.0,78.1,451.6,8.9,1382.0,57
2631,46875.0,4606.0,3092.0,81.0,10.0,4.0,21.0,1,urban,7,3,0.1,0.0,0.0,2.5,78.1,520.3,8.1,1384.8,51
5651,5680.0,318.0,204.0,110.0,0.0,6.0,12.0,3,small urban,2,2,0.1,3.0,0.0,3.0,65.4,1.1,20.2,827.7,18
1660,53157.0,3702.0,10132.0,87.0,5.5,5.5,4.0,1,urban,7,3,0.2,0.0,0.0,4.0,74.2,334.3,11.5,1069.6,62
1656,9400.0,547.0,171.0,136.0,0.0,4.0,12.0,5,urban,6,2,0.1,5.0,0.0,2.0,77.8,330.7,9.9,1303.1,85
2425,24584.0,1690.0,3328.0,83.0,10.0,5.0,12.0,1,rural,7,2,0.2,0.0,0.0,4.5,76.2,315.7,10.5,1319.7,50
4394,6950.0,576.0,38.0,195.0,0.0,6.0,4.0,5,urban,6,2,0.4,18.0,0.0,1.5,69.7,269.2,8.3,666.7,71
5711,95716.0,5225.0,1064.0,50.0,0.0,5.5,36.0,1,urban,6,2,0.2,0.0,0.0,1.5,79.2,482.5,8.5,1306.4,51
5766,4311.0,135.0,185.0,95.8,8.0,0.0,10.0,3,small urban,3,2,0.0,0.0,0.0,2.0,66.5,1159.0,5.3,573.7,31
4252,6700.0,96.0,47.0,248.2,0.0,6.0,4.5,5,urban,2,5,0.5,36.4,0.0,2.0,73.1,25.0,15.8,1161.8,72
3097,58500.0,1404.0,848.0,77.8,0.0,13.0,10.0,1,urban,2,5,0.1,0.0,0.0,2.0,77.1,0.1,20.0,1448.6,40
5347,8058.0,144.0,5.0,107.8,8.5,0.0,6.0,4,urban,3,2,0.0,19.2,0.0,5.5,54.3,597.0,6.3,398.0,12
5680,11379.0,433.0,878.0,83.9,0.0,3.0,6.0,4,rural,6,3,0.3,3.6,0.0,2.5,76.5,393.3,9.8,1269.4,95
5509,13954.0,754.0,154.0,92.0,0.0,3.0,20.0,3,urban,6,2,0.2,1.0,0.0,1.0,79.5,622.1,7.5,1291.3,73
3189,100.0,7.0,15.0,91.2,0.0,3.0,6.0,6,urban,2,2,0.1,0.0,0.0,4.0,55.2,175.0,8.7,426.6,27
2934,55824.0,4546.0,4613.0,126.0,12.0,0.0,8.0,1,urban,3,2,0.0,0.0,0.0,12.0,76.2,315.7,10.5,1319.7,35
4776,72800.0,3362.0,5754.0,56.5,0.0,13.0,21.0,1,urban,6,5,0.1,4.0,0.0,2.5,77.8,330.7,9.9,1303.1,55
4181,1569.0,133.0,125.0,144.0,0.0,3.0,4.0,5,urban,2,2,0.1,6.0,0.0,1.0,82.4,9.5,10.6,888.4,37
2606,63583.0,2709.0,7728.0,73.2,0.0,5.5,12.0,1,urban,2,2,0.2,6.2,0.0,2.0,77.7,393.9,9.3,1382.1,59
1385,1600.0,64.0,38.0,236.0,0.0,6.0,8.0,5,urban,2,2,0.3,0.0,0.0,0.0,72.9,996.8,7.0,1113.8,18
4595,16900.0,732.0,363.0,84.0,0.0,10.0,10.0,3,urban,6,2,0.1,0.0,0.0,2.5,78.2,216.0,10.4,1435.3,64
1399,1550.0,62.0,37.0,221.0,0.0,5.5,9.0,5,small urban,2,2,0.1,0.0,0.0,1.5,72.2,981.8,7.0,1039.9,63
1195,5312.0,134.0,38.0,70.3,0.0,7.5,1.0,5,rural,2,2,0.2,0.0,0.0,4.0,72.9,996.8,7.0,1113.8,18
1408,1500.0,60.0,36.0,343.0,0.0,5.5,6.0,6,urban,2,2,0.2,0.0,0.0,0.0,72.0,1072.3,6.4,848.6,28
1845,34116.0,2461.0,9493.0,94.0,10.0,5.0,18.0,1,rural,7,3,0.1,0.0,0.0,5.0,77.2,299.4,10.4,1358.6,71
1798,1936.0,77.0,9.0,236.0,0.0,4.5,8.0,5,urban,2,5,0.1,2.0,0.0,1.5,75.9,339.0,10.3,1231.6,85
1475,14629.0,995.0,351.0,315.5,0.0,6.0,16.0,4,urban,2,2,0.3,32.0,0.0,1.2,80.9,756.2,6.8,1362.0,13
4194,140.0,5.0,13.0,123.8,0.0,2.5,12.0,5,rural,6,3,0.1,0.0,0.0,2.0,52.6,323.4,8.4,409.8,68
35,20834.0,505.0,4933.0,77.4,9.5,0.0,16.0,1,rural,3,2,0.0,0.0,0.1,0.0,76.4,476.1,9.1,1098.0,25
4704,4600.0,222.0,97.0,357.0,0.0,9.0,17.0,3,urban,6,5,0.4,39.0,0.0,2.5,77.9,386.5,9.3,1426.3,43
2345,20948.0,922.0,7177.0,54.0,10.0,2.5,28.0,1,rural,7,5,0.1,0.0,0.0,3.0,78.1,387.4,9.0,1321.0,66
444,6466.0,304.0,246.0,114.0,0.0,6.0,22.0,3,rural,6,2,0.4,1.6,0.0,1.5,81.3,761.1,6.7,1428.5,43
3312,10521.0,645.0,275.0,58.0,8.0,12.0,15.0,3,rural,7,2,0.1,0.0,0.0,2.0,76.4,164.6,12.2,1390.6,70
2359,3652.0,29.0,7.0,131.0,0.0,3.5,8.0,5,urban,2,5,0.0,3.0,0.0,2.0,77.2,390.2,9.5,1399.2,59
3006,51857.0,2005.0,5472.0,107.0,10.0,4.0,16.0,1,urban,7,3,0.2,20.0,0.0,2.0,75.9,251.0,11.1,1287.3,67
3654,6460.0,401.0,278.0,44.5,0.0,5.0,12.0,4,rural,6,2,0.1,0.0,0.0,2.0,75.2,91.8,13.5,1268.5,65
2206,19263.0,1461.0,3725.0,54.0,10.0,4.0,22.0,1,rural,7,5,0.2,0.0,0.0,2.0,78.1,451.6,8.9,1382.0,56
5087,286.0,85.0,67.0,113.0,0.0,3.8,8.0,5,rural,2,2,0.1,0.6,0.0,3.8,70.1,821.4,4.1,548.7,72
5132,14523.0,277.0,46.0,160.0,0.0,6.0,12.0,3,urban,2,2,0.3,2.0,0.0,6.0,74.3,731.9,4.7,651.7,46
3657,25771.0,1920.0,397.0,67.8,0.0,11.5,12.0,3,rural,6,2,0.2,29.4,0.0,2.5,75.2,91.8,13.5,1268.5,57
3179,310.0,11.0,27.0,54.8,0.0,6.0,11.0,5,rural,6,5,0.0,0.0,0.0,2.5,46.7,279.0,8.7,349.3,78
3422,50.0,4.0,2.0,181.5,0.0,5.0,13.0,6,urban,2,2,0.1,0.0,0.0,4.0,34.9,3.2,16.2,250.8,21
1286,689.0,28.0,17.0,127.0,0.0,4.0,32.0,6,small urban,2,2,0.1,0.0,0.0,0.0,71.3,1395.7,4.8,749.8,23
4293,20069.0,419.0,341.0,101.4,0.0,8.4,27.6,3,rural,6,2,0.3,2.0,0.0,8.4,82.7,44.3,9.6,1629.7,16
349,50341.0,1460.0,614.0,172.5,8.0,5.0,12.0,3,urban,7,2,0.2,1.5,0.0,3.0,77.4,183.7,11.8,1369.8,75
3416,10000.0,153.0,307.0,75.0,0.0,2.0,8.0,2,rural,6,2,0.1,1.0,0.0,1.5,76.6,0.0,22.8,1105.9,9
2137,26441.0,945.0,9643.0,72.0,10.0,4.5,28.0,1,rural,7,5,0.1,0.0,0.0,4.5,78.0,463.2,8.7,1363.9,58
2691,28473.0,1692.0,9196.0,85.0,13.0,4.0,27.0,1,rural,7,3,0.1,0.0,0.0,4.0,78.1,451.6,8.9,1382.0,33
3945,7038.0,384.0,169.0,159.2,0.0,2.3,6.0,3,urban,6,2,0.3,3.2,0.0,1.8,69.7,269.2,8.3,666.7,88
4979,719.0,5.0,4.0,170.9,0.0,4.4,10.0,4,rural,2,2,0.1,0.6,0.0,4.4,57.0,387.5,8.3,637.4,60
1681,23500.0,340.0,1240.0,49.6,9.0,6.5,4.0,2,urban,7,2,0.1,0.0,0.0,1.5,67.1,133.0,14.0,845.5,68
4700,10700.0,622.0,203.0,121.7,8.0,3.3,9.3,3,urban,7,2,0.2,1.3,0.0,2.5,78.9,489.4,8.6,1569.7,67
1443,8143.0,204.0,8.0,213.0,0.0,6.0,16.0,4,urban,2,2,0.3,1.0,0.0,1.2,80.9,756.2,6.8,1362.0,20
4210,370.0,73.0,18.0,86.0,0.0,8.0,8.0,5,rural,6,2,0.1,0.0,0.0,3.0,52.9,278.4,8.1,560.1,95
3215,4000.0,138.0,344.0,39.1,0.0,5.5,8.0,3,rural,6,3,0.1,0.0,0.0,4.0,52.6,323.4,8.4,409.8,30
1671,4640.0,145.0,450.0,40.8,0.0,13.5,12.0,4,rural,6,5,0.1,0.0,0.0,1.5,67.1,133.0,14.0,845.5,84
3905,16700.0,1418.0,436.0,183.2,0.0,8.0,6.0,3,urban,2,5,0.4,10.5,0.0,2.0,78.2,5.1,17.9,1450.5,18
1179,36630.0,691.0,352.0,104.4,10.0,0.0,3.0,4,urban,3,2,0.0,0.0,0.0,0.0,72.9,996.8,7.0,1113.8,34
2798,26071.0,2482.0,6347.0,77.3,0.0,4.0,30.0,1,rural,2,5,0.1,10.0,0.0,2.0,77.2,299.4,10.4,1358.6,31
1692,3477.0,319.0,149.0,105.0,5.0,5.0,4.0,4,rural,7,3,0.1,0.0,0.0,2.0,74.5,388.4,10.9,1050.2,93
4272,11595.0,983.0,498.0,179.8,0.0,8.0,10.0,4,small urban,6,5,0.3,0.0,0.0,2.0,87.2,12.4,9.6,1637.3,37
4618,32100.0,1668.0,1250.0,62.5,0.0,11.0,19.0,2,urban,6,5,0.1,1.5,0.0,2.5,78.2,130.1,11.5,1379.0,48
3635,84500.0,2968.0,3961.0,40.0,0.0,2.0,8.0,1,urban,6,2,0.1,0.0,0.0,1.5,76.6,0.0,22.8,1105.9,10
372,71833.0,1954.0,3132.0,52.0,9.0,2.0,11.0,1,urban,7,5,0.1,2.0,0.0,1.0,77.4,138.2,12.4,1389.2,9
3055,28583.0,1980.0,494.0,105.0,9.0,2.5,9.0,4,urban,7,3,0.1,0.0,0.0,1.5,77.4,183.7,11.8,1369.8,91
4450,30500.0,1762.0,1074.0,93.8,0.0,2.0,8.0,3,urban,2,2,0.1,1.0,0.0,0.0,77.0,0.1,21.7,1191.9,15
1916,22291.0,1148.0,2825.0,75.0,10.0,5.0,19.0,1,rural,7,5,0.1,0.0,0.0,5.0,76.3,364.6,9.7,1122.7,53
1357,6800.0,435.0,260.0,60.0,0.0,10.0,13.0,3,rural,6,2,0.2,0.0,0.0,2.0,86.7,4.6,9.9,2102.4,64
1825,3479.0,220.0,405.0,77.3,8.0,7.5,12.0,3,rural,7,2,0.3,0.0,0.0,2.5,76.8,377.6,9.5,1302.6,100
786,15616.0,562.0,312.0,263.6,0.0,6.0,17.0,4,urban,6,2,0.3,1.4,0.0,3.0,80.9,756.2,6.8,1362.0,25
469,8076.0,412.0,113.0,103.7,0.0,8.0,20.0,4,urban,6,2,0.1,5.3,0.0,2.0,81.4,462.0,8.1,1373.9,27
140,15000.0,540.0,970.0,61.0,0.0,6.0,8.0,3,rural,2,2,0.2,2.0,0.0,0.0,74.4,29.9,15.5,1271.0,20
788,15000.0,654.0,381.0,73.0,0.0,2.0,1.0,3,urban,6,3,0.1,19.0,0.0,1.0,77.1,0.0,22.8,1134.1,11
323,59054.0,1907.0,8344.0,55.7,0.0,15.0,18.0,1,rural,2,2,0.2,0.7,0.0,1.0,77.6,352.9,9.7,1347.0,55
50,63967.0,1144.0,3287.0,94.8,9.0,0.0,16.0,1,rural,3,2,0.0,0.0,0.1,0.0,75.9,543.9,8.5,1020.0,18
714,5575.0,335.0,106.0,140.7,0.0,6.0,22.0,4,rural,6,2,0.3,18.3,0.0,2.0,83.4,216.1,7.8,1441.1,35
5202,1571.0,60.0,7.0,119.5,0.0,10.0,6.0,5,urban,6,3,0.1,1.0,0.0,2.0,76.5,393.3,9.8,1269.4,75
2840,23739.0,1036.0,6211.0,83.5,0.0,10.0,20.0,1,rural,2,3,0.2,18.0,0.0,2.5,79.0,516.1,8.1,1394.0,39
2446,26875.0,995.0,8948.0,51.0,10.0,5.0,8.0,1,rural,7,2,0.1,0.0,0.0,2.5,78.0,463.2,8.7,1363.9,64
5576,2465.0,61.0,71.0,135.2,0.0,6.0,7.0,3,small urban,6,2,0.1,3.8,0.0,2.0,67.2,1075.7,6.0,622.1,75
3188,510.0,12.0,16.0,327.0,0.0,6.0,6.0,6,urban,2,2,0.1,0.0,0.0,4.0,55.2,175.0,8.7,426.6,33
5118,4703.0,173.0,40.0,118.0,0.0,3.0,6.0,4,urban,2,2,0.0,1.0,0.0,2.0,56.8,385.2,8.6,549.9,38
5320,1685.0,45.0,35.0,180.5,0.0,4.0,6.0,5,rural,2,2,0.1,1.7,0.0,2.0,64.7,841.2,6.8,580.9,30
4353,1800.0,54.0,161.0,41.6,0.0,6.5,4.0,3,rural,6,2,0.0,0.0,0.0,4.0,34.7,11.1,15.0,178.0,45
2666,24955.0,1759.0,3587.0,42.0,10.0,4.0,8.0,1,rural,7,2,0.1,0.0,0.0,2.0,78.1,451.6,8.9,1382.0,60
406,8678.0,373.0,69.0,157.7,0.0,6.0,22.0,4,small urban,6,2,0.3,1.3,0.0,2.0,83.4,216.1,7.8,1441.1,30
20,18347.0,238.0,146.0,173.0,0.0,5.0,5.0,4,urban,2,2,0.4,0.0,0.0,5.0,78.8,295.2,9.0,1060.7,44
1004,33495.0,789.0,1910.0,105.8,8.0,4.5,16.0,2,rural,7,2,0.2,0.0,0.0,4.5,75.7,906.1,7.1,1007.5,64
3984,11900.0,595.0,357.0,57.7,0.0,10.0,12.0,2,urban,2,2,0.4,25.0,0.0,2.0,73.6,10.7,17.2,1224.0,14
890,6200.0,273.0,85.0,266.0,0.0,6.0,13.0,4,urban,6,2,0.2,4.0,0.0,2.0,78.2,130.1,11.5,1379.0,125
2411,17853.0,1496.0,4337.0,60.0,9.0,4.5,16.0,1,rural,7,5,0.2,0.0,0.0,4.5,75.8,313.1,10.3,1283.1,65
2545,46619.0,3676.0,10018.0,191.0,17.0,4.0,8.0,1,urban,7,2,0.2,1.0,0.0,3.5,77.3,280.3,10.6,1358.9,67
1349,139000.0,830.0,5400.0,134.0,12.0,0.0,4.0,1,urban,3,3,0.0,35.5,0.0,0.0,72.3,244.0,12.6,1065.9,9
2390,48715.0,2667.0,14151.0,57.0,10.0,4.0,16.0,1,urban,7,3,0.1,0.0,0.0,4.0,76.2,292.1,10.6,1352.2,61
5762,3005.0,135.0,536.0,52.8,0.0,9.0,6.0,3,rural,2,2,0.1,0.0,0.0,2.0,66.2,1129.4,5.7,579.6,44
42,16050.0,433.0,2424.0,48.7,10.0,0.0,26.0,1,rural,3,2,0.0,0.0,0.1,0.0,76.8,469.4,8.6,963.7,10
2830,24988.0,2275.0,6061.0,94.3,10.0,5.5,19.0,1,rural,7,3,0.1,0.3,0.0,5.5,77.2,299.4,10.4,1358.6,57
4253,1800.0,41.0,55.0,92.2,0.0,7.5,8.0,5,rural,6,3,0.1,8.6,0.0,3.0,52.6,323.4,8.4,409.8,74
3371,930.0,32.0,80.0,249.2,0.0,4.0,12.0,6,small urban,2,2,0.1,22.5,0.0,4.0,44.6,76.5,10.9,231.4,25
3022,48266.0,3764.0,6498.0,63.5,10.0,5.0,6.0,1,urban,7,5,0.2,0.5,0.0,11.0,75.9,251.0,11.1,1287.3,71
3364,8000.0,185.0,248.0,151.0,0.0,4.0,10.0,6,urban,2,2,0.1,43.0,0.0,4.0,57.1,226.3,8.0,716.8,35
303,11538.0,665.0,472.0,168.0,0.0,4.0,8.0,3,rural,7,2,0.2,0.0,0.0,3.0,77.4,183.7,11.8,1369.8,94
5228,25889.0,518.0,155.0,75.1,0.0,6.0,12.0,3,urban,6,2,0.2,0.0,0.0,1.5,73.2,8.6,18.5,1160.7,19
11,3581.0,79.0,43.0,183.0,0.0,3.0,8.0,3,urban,2,3,0.1,3.5,0.0,1.5,68.6,9.0,18.7,1015.6,73
664,13900.0,467.0,3952.0,85.0,0.0,7.0,19.0,1,rural,6,3,0.3,0.0,0.0,1.5,69.5,327.8,6.2,1159.2,54
1177,892.0,32.0,120.0,245.0,0.0,8.0,9.0,4,rural,6,2,0.2,30.0,0.0,3.0,71.5,775.5,8.2,986.8,73
3292,9400.0,217.0,291.0,140.5,0.0,6.0,6.0,4,urban,2,2,0.2,0.0,0.0,4.0,55.2,175.0,8.7,426.6,21
2676,15078.0,1744.0,3028.0,37.3,10.0,6.5,18.0,1,rural,7,3,0.1,0.0,0.0,2.0,78.1,451.6,8.9,1382.0,56
1947,4154.0,258.0,70.0,137.0,0.0,3.5,11.0,3,rural,2,5,0.2,7.0,0.0,1.5,77.4,183.7,11.8,1369.8,125
2501,23478.0,1437.0,5250.0,119.0,13.0,2.5,37.0,1,rural,7,3,0.1,0.0,0.0,2.0,79.0,516.1,8.1,1394.0,55
1473,4060.0,210.0,410.0,93.5,9.0,5.0,4.0,2,rural,7,2,0.1,3.5,0.0,1.0,70.0,323.5,11.6,933.7,65
2863,21379.0,1031.0,9556.0,126.0,13.0,4.0,23.0,1,rural,7,3,0.2,0.0,0.0,4.0,78.8,496.7,8.4,1374.0,36
2375,42184.0,2329.0,14809.0,55.0,10.0,4.0,16.0,1,urban,7,3,0.2,0.0,0.0,2.0,76.2,292.1,10.6,1352.2,63
3865,18871.0,209.0,57.0,116.0,0.0,8.0,6.0,3,urban,6,2,0.1,0.7,0.0,2.0,74.4,39.5,16.2,1342.6,13
2132,26441.0,945.0,9643.0,55.0,13.0,4.5,21.0,1,rural,7,5,0.1,0.0,0.0,4.5,78.0,463.2,8.7,1363.9,36
1026,2406.0,208.0,5.0,52.0,0.0,9.0,23.0,3,rural,6,2,0.1,0.0,0.0,3.0,72.9,1178.2,5.7,830.0,65
3848,10900.0,1199.0,109.0,190.9,0.0,8.0,6.0,3,urban,2,5,0.3,12.0,0.0,2.0,74.8,41.0,14.4,1427.3,18
2989,14594.0,452.0,132.0,111.3,0.0,6.5,6.0,4,urban,2,2,0.2,0.7,0.0,3.0,75.9,251.0,11.1,1287.3,91
961,36380.0,1100.0,2600.0,63.0,5.0,5.0,4.0,1,urban,7,3,0.0,0.0,0.0,4.0,76.1,565.4,9.1,1075.7,53
2889,34156.0,2713.0,8594.0,83.5,10.0,6.5,16.0,1,rural,7,3,0.2,0.0,0.0,2.0,76.2,315.7,10.5,1319.7,62
3021,48266.0,3764.0,6498.0,58.7,10.0,5.0,16.0,1,urban,7,5,0.2,0.0,0.0,11.0,75.9,251.0,11.1,1287.3,71
3693,24000.0,1366.0,3242.0,51.8,0.0,12.0,10.0,1,rural,6,2,0.0,0.0,0.0,4.0,34.9,3.2,16.2,250.8,62
3015,68080.0,3164.0,4850.0,52.7,10.0,4.0,16.0,1,urban,7,3,0.1,0.0,0.0,2.0,75.9,251.0,11.1,1287.3,67
4129,48168.0,1243.0,2486.0,79.8,0.0,13.0,10.0,1,urban,2,5,0.1,2.2,0.0,2.0,73.8,27.5,15.5,1206.3,26
3338,10000.0,66.0,202.0,211.0,0.0,6.0,6.0,4,urban,2,2,0.1,0.0,0.0,4.0,55.2,175.0,8.7,426.6,27
2009,27480.0,2438.0,4178.0,62.0,10.0,4.5,18.0,1,rural,7,5,0.2,0.3,0.0,2.5,77.6,395.4,9.5,1362.7,60
2149,20696.0,566.0,9369.0,72.0,10.0,5.0,21.0,1,rural,7,5,0.1,0.0,0.0,1.5,78.0,463.2,8.7,1363.9,58
1963,50925.0,4071.0,3956.0,78.7,10.0,7.0,21.0,1,urban,7,5,0.2,0.0,0.0,4.0,77.6,395.4,9.5,1362.7,55
2338,26627.0,1074.0,7607.0,55.3,10.0,2.5,28.0,1,rural,7,5,0.2,0.0,0.0,3.0,78.1,387.4,9.0,1321.0,66
4445,41500.0,1435.0,2757.0,46.2,0.0,5.0,10.0,1,urban,2,2,0.1,0.0,0.0,0.0,77.0,0.1,21.7,1191.9,9
735,33778.0,1567.0,6722.0,58.0,3.0,3.0,4.0,1,urban,7,3,0.1,0.0,0.0,4.0,74.9,333.5,11.3,1121.7,61
304,11538.0,665.0,472.0,231.0,0.0,4.0,8.0,3,rural,7,2,0.3,0.0,0.0,3.0,77.4,183.7,11.8,1369.8,94
1440,8365.0,452.0,25.0,271.0,0.0,6.0,18.0,4,urban,6,2,0.3,2.0,0.0,3.0,80.9,756.2,6.8,1362.0,47
1496,4200.0,150.0,40.0,72.0,5.0,5.0,4.0,4,rural,7,3,0.1,0.0,0.0,2.0,73.7,245.5,12.5,1221.6,100
2652,18074.0,1041.0,3787.0,50.0,0.0,6.5,26.0,1,rural,2,5,0.1,0.0,0.0,16.5,78.1,520.3,8.1,1384.8,55
2875,32510.0,3552.0,10038.0,91.2,13.0,5.0,21.0,1,rural,7,3,0.2,2.0,0.0,4.5,76.2,315.7,10.5,1319.7,36
916,20100.0,945.0,175.0,96.0,0.0,9.5,19.0,3,urban,6,2,0.2,14.0,0.0,4.0,84.3,5.4,10.7,1294.0,46
5130,16976.0,407.0,181.0,87.0,0.0,4.8,11.4,3,small urban,2,2,0.3,3.0,0.0,4.8,73.2,887.3,3.5,710.8,13
710,3100.0,348.0,204.0,137.5,0.0,9.2,8.0,3,rural,6,2,0.2,3.4,0.0,2.6,83.7,0.0,11.4,1337.9,65
5356,331.0,55.0,12.0,70.9,0.0,3.0,12.0,5,rural,2,2,0.2,0.0,0.0,2.5,57.9,769.8,5.5,553.1,17
5109,682.0,22.9,9.9,45.8,0.0,5.9,33.3,5,rural,2,2,0.1,0.1,0.0,3.5,56.8,385.2,8.6,549.9,22
4528,18900.0,677.0,249.0,85.0,0.0,3.0,8.0,4,urban,2,2,0.1,38.0,0.0,0.0,74.7,0.0,24.5,1263.6,11
2772,15399.0,987.0,3440.0,55.5,0.0,5.5,26.0,1,rural,2,5,0.1,0.0,0.0,2.5,76.2,296.0,10.5,1308.9,54
1624,6691.0,200.0,140.0,104.0,4.0,4.0,4.0,4,urban,7,3,0.2,0.0,0.0,2.0,74.0,199.5,13.0,1240.3,95
4597,21000.0,732.0,363.0,137.0,0.0,13.0,10.0,3,rural,6,2,0.1,6.0,0.0,2.5,78.2,216.0,10.4,1435.3,34
821,7226.0,361.0,108.0,103.8,0.0,6.0,16.0,5,urban,6,2,0.3,4.8,0.0,1.0,80.9,756.2,6.8,1362.0,18
1367,510.0,121.0,64.0,129.2,0.0,5.0,12.0,3,rural,6,2,0.2,0.0,0.0,2.0,64.6,313.6,6.6,587.8,48
3712,150.0,0.0,0.0,253.0,0.0,9.0,10.0,4,urban,2,2,0.1,1.0,0.0,3.0,80.8,20.2,10.5,1335.9,12
1354,7500.0,668.0,286.0,112.4,0.0,11.0,11.0,3,rural,6,2,0.2,7.4,0.0,2.5,87.0,3.1,10.0,1610.0,68
5419,23924.0,327.0,69.0,147.0,0.0,9.3,4.4,3,rural,2,5,0.1,0.0,0.0,2.0,74.9,103.4,13.2,1231.7,10
850,11340.0,511.0,618.0,67.3,0.0,9.7,6.6,2,urban,6,2,0.2,21.3,0.0,1.8,79.3,351.1,5.4,1016.7,55
3350,1100.0,26.0,35.0,141.0,0.0,6.0,6.0,6,urban,2,2,0.0,10.0,0.0,4.0,55.2,175.0,8.7,426.6,21
1000,11083.0,491.0,784.0,53.1,9.0,15.5,12.0,2,small urban,6,2,0.1,0.0,0.0,3.0,74.8,897.9,7.3,1042.5,53
5302,86.0,11.0,2.0,58.8,0.0,4.0,6.0,5,rural,2,2,0.1,0.0,0.0,2.0,67.8,1172.3,5.5,628.4,26
4165,15200.0,942.0,1160.0,137.9,0.0,6.0,4.5,4,urban,2,5,0.4,0.0,0.0,2.0,73.3,10.8,17.4,1213.1,59
4307,9346.2,141.0,82.0,47.0,0.0,5.0,28.0,1,small urban,6,5,0.0,0.0,0.0,4.0,44.6,76.5,10.9,231.4,60
3525,177821.0,5068.0,3610.0,51.5,0.0,13.5,9.0,1,urban,6,2,0.1,0.0,0.0,2.0,74.7,164.3,12.4,1300.1,34
18,46586.0,932.0,2657.0,175.0,9.5,0.0,16.0,1,urban,3,2,0.0,67.0,0.2,0.0,76.4,504.3,8.3,963.7,8
1637,20366.0,463.0,224.0,148.0,5.0,5.0,4.0,4,urban,7,3,0.2,0.0,0.0,2.0,74.0,199.5,13.0,1240.3,102
1667,17084.0,1345.0,386.0,107.0,5.5,5.5,4.0,3,urban,7,3,0.2,48.7,0.0,2.0,74.2,334.3,11.5,1069.6,86
493,38800.0,1548.0,5052.0,62.8,8.0,6.0,12.0,1,urban,7,2,0.2,0.1,0.0,2.0,74.1,11.3,11.0,860.5,63
3173,850.0,34.0,6.0,171.0,0.0,4.0,11.0,5,urban,2,2,0.2,4.0,0.0,2.0,78.2,216.0,10.4,1435.3,13
4651,4200.0,219.0,40.0,151.0,7.0,4.0,9.0,4,urban,7,2,0.1,11.0,0.0,2.5,77.9,386.5,9.3,1426.3,89
4406,4844.0,311.0,25.0,136.5,0.0,4.0,8.0,4,urban,2,2,0.2,1.0,0.0,4.0,69.7,269.2,8.3,666.7,37
1347,18467.0,580.0,258.0,126.6,10.0,10.0,4.0,4,urban,7,3,0.2,1.0,0.0,2.0,75.1,410.8,10.5,1050.9,61
3018,43690.0,3763.0,4411.0,71.0,0.0,5.0,17.0,1,urban,2,5,0.2,0.0,0.0,11.0,75.9,251.0,11.1,1287.3,27
4525,737.0,244.0,21.0,109.2,0.0,4.0,12.0,4,rural,2,2,0.2,0.3,0.0,1.0,79.3,351.1,5.4,1016.7,37
3230,3031.0,257.0,306.0,62.0,0.0,11.0,6.0,3,rural,7,2,0.2,6.0,0.0,3.0,77.2,378.6,9.5,1368.3,89
2636,35912.0,2940.0,2464.0,82.3,9.0,4.0,12.0,1,urban,7,2,0.1,0.3,0.0,14.0,78.1,520.3,8.1,1384.8,42
5128,1298.0,72.0,8.0,210.0,0.0,3.3,6.0,4,urban,2,2,0.4,0.0,0.0,3.3,61.3,498.0,6.9,554.1,89
4768,137300.0,6168.0,13878.0,81.2,9.0,3.0,9.0,1,urban,7,2,0.1,0.0,0.0,3.5,78.2,130.1,11.5,1379.0,55
2828,24988.0,2275.0,6061.0,73.2,10.0,5.5,19.0,1,rural,7,3,0.1,5.2,0.0,5.5,77.2,299.4,10.4,1358.6,58
687,1800.0,246.0,392.0,80.6,0.0,10.5,7.1,3,rural,6,2,0.2,0.0,0.0,2.5,56.8,162.7,8.7,418.2,65
1112,3433.0,163.0,300.0,89.0,5.5,5.5,4.0,4,small urban,7,3,0.2,0.0,0.0,2.0,75.8,281.8,11.8,1247.3,84
3752,62744.0,3213.0,9971.0,43.7,0.0,13.0,18.0,1,urban,6,2,0.1,0.0,0.0,2.0,75.5,224.4,11.6,1318.4,67
3232,8781.0,655.0,245.0,73.7,0.0,10.5,8.0,3,rural,6,2,0.4,0.0,0.0,2.5,77.2,378.6,9.5,1368.3,76
1608,9712.0,394.0,440.0,83.3,10.0,10.0,4.0,3,urban,7,3,0.1,0.0,0.0,2.0,73.9,506.2,10.1,1061.3,77
5600,811.0,36.0,46.0,55.0,0.0,2.0,4.0,5,rural,2,3,0.1,0.0,0.0,2.0,65.4,913.1,6.6,606.9,55
703,16000.0,494.0,514.0,63.5,0.0,10.0,8.0,3,small urban,6,2,0.2,1.0,0.0,3.0,87.0,3.1,10.0,1610.0,46
1009,30000.0,1295.0,1879.0,111.8,8.0,4.5,6.0,2,rural,7,2,0.3,0.0,0.0,4.5,75.2,955.6,7.1,960.4,64
3291,1700.0,40.0,54.0,160.7,0.0,6.0,6.0,6,small urban,2,2,0.4,0.0,0.0,4.0,55.2,175.0,8.7,426.6,12
3673,4464.0,317.0,58.0,153.3,0.0,6.0,16.0,5,rural,2,2,0.3,3.7,0.0,1.0,81.8,815.0,6.3,1323.6,12
2408,16160.0,658.0,4913.0,59.0,0.0,6.5,18.0,1,rural,2,2,0.2,0.0,0.0,4.5,75.8,313.1,10.3,1283.1,71
1092,25579.0,992.0,320.0,103.6,0.0,6.2,16.0,2,small urban,6,2,0.5,11.4,0.0,1.4,84.0,148.9,6.9,3145.3,58
1327,3500.0,608.0,194.0,54.1,0.0,10.0,11.0,3,rural,6,2,0.2,0.0,0.0,4.0,65.0,158.0,8.0,574.3,89
5401,25393.0,515.6,4488.9,60.0,0.0,6.4,3.2,1,rural,2,5,0.1,4.4,0.0,1.7,76.8,222.2,10.6,1350.7,17
1677,84000.0,1250.0,1240.0,163.0,0.0,6.5,5.0,2,urban,6,5,0.1,18.0,0.0,1.5,67.1,133.0,14.0,845.5,29
1999,29736.0,2982.0,4240.0,104.0,10.0,4.5,18.0,1,rural,7,5,0.2,1.0,0.0,2.5,77.6,395.4,9.5,1362.7,60
1310,84800.0,2120.0,3646.0,59.2,13.0,13.0,10.0,1,urban,7,5,0.1,0.1,0.0,2.0,74.4,17.0,16.1,1271.0,30
3218,600.0,19.0,55.0,97.1,0.0,7.0,3.0,4,rural,6,2,0.1,0.0,0.0,4.0,34.7,11.1,15.0,178.0,67
4047,10500.0,561.0,975.0,96.3,0.0,8.0,6.0,3,small urban,2,5,0.4,0.0,0.0,2.0,74.5,8.7,17.5,1227.2,72
4220,17703.0,829.0,355.0,88.0,0.0,3.0,13.0,3,small urban,6,2,0.2,0.7,0.0,3.0,86.6,505.9,3.8,2643.0,37
1987,33301.0,3121.0,4154.0,58.0,10.0,4.0,18.0,1,rural,7,5,0.2,0.0,0.0,2.0,77.6,395.4,9.5,1362.7,61
4476,2100.0,73.0,182.0,81.1,0.0,8.0,9.0,3,rural,6,2,0.1,0.3,0.0,3.0,46.7,279.0,8.7,349.3,66
344,249316.0,0.0,0.0,157.7,0.0,12.5,7.0,1,urban,2,2,0.2,0.0,0.0,4.0,77.5,309.4,10.2,1470.4,57
4841,25400.0,650.0,2130.0,126.0,0.0,16.0,23.0,1,rural,6,5,0.3,4.0,0.0,3.5,77.9,386.5,9.3,1426.3,60
986,2349.0,49.0,67.0,125.6,9.0,6.5,3.0,4,urban,7,2,0.1,0.0,0.0,1.5,69.9,1327.9,5.3,707.8,94
587,6606.0,297.0,495.0,199.3,0.0,8.0,21.0,3,rural,6,2,0.3,12.3,0.0,1.0,83.2,1013.5,5.0,1441.9,27
5696,94677.0,5112.0,1042.0,83.0,0.0,3.0,36.0,2,urban,6,2,0.2,9.0,0.0,1.0,79.5,622.1,7.5,1291.3,70
2791,26071.0,2482.0,6347.0,91.0,0.0,4.0,30.0,1,rural,2,5,0.2,28.0,0.0,2.0,77.2,299.4,10.4,1358.6,31
4985,275.0,32.0,50.0,118.7,0.0,6.0,9.6,4,rural,2,2,0.1,3.0,0.0,1.8,62.4,872.2,6.2,483.2,37
5360,17000.0,614.0,251.0,183.0,0.0,6.0,12.0,3,small urban,6,2,0.0,35.0,0.0,2.0,68.2,1260.1,2.2,615.7,12
4308,10000.0,486.0,3370.0,40.7,0.0,16.5,12.0,1,rural,6,2,0.0,0.0,0.0,4.0,44.6,76.5,10.9,231.4,58
4110,1600.0,55.0,137.0,96.0,0.0,6.0,6.0,5,rural,6,2,0.1,0.0,0.0,3.0,44.6,76.5,10.9,231.4,93
4689,1800.0,30.0,61.0,231.7,0.0,9.0,17.0,4,urban,6,5,0.2,19.0,0.0,2.5,78.2,130.1,11.5,1379.0,41
3485,471.0,60.0,24.0,110.0,0.0,3.0,2.0,5,urban,6,2,0.1,0.0,0.0,2.0,59.1,62.4,12.3,438.0,37
4094,18962.0,1100.0,2702.0,145.0,0.0,8.0,6.0,3,urban,2,5,0.3,2.0,0.0,2.0,73.6,10.7,17.2,1224.0,66
4824,2800.0,146.0,27.0,159.0,0.0,12.0,20.0,4,urban,6,5,0.2,19.0,0.0,2.5,77.6,254.6,10.4,1398.8,60
3289,100.0,2.0,4.0,224.0,0.0,4.0,12.0,6,small urban,2,2,0.1,0.0,0.0,4.0,46.3,72.8,11.2,247.9,21
1142,5848.0,233.0,789.0,75.2,0.0,10.6,7.9,2,small urban,2,2,0.3,0.0,0.0,3.4,61.8,112.6,10.8,521.2,69
2358,4703.0,605.0,168.0,146.0,0.0,3.5,16.0,4,urban,2,5,0.1,0.0,0.0,2.0,77.2,390.2,9.5,1399.2,76
3264,52000.0,876.0,513.0,159.0,0.0,5.0,13.0,4,urban,2,2,0.2,0.0,0.0,4.0,34.9,3.2,16.2,250.8,11
3873,620.0,41.0,5.0,144.0,0.0,3.5,12.0,5,rural,2,2,0.1,1.0,0.0,2.0,82.9,36.1,9.4,2206.8,31
1198,5700.0,150.0,422.0,194.3,0.0,2.4,6.0,4,small urban,6,2,0.2,2.7,0.0,1.7,76.0,901.5,7.2,1014.2,37
85,57000.0,1590.0,6760.0,43.3,0.0,9.0,15.0,1,urban,2,2,0.2,0.0,0.0,2.0,76.9,123.0,11.9,1492.5,62
1518,3700.0,188.0,35.0,198.0,0.0,5.0,8.0,4,urban,6,2,0.1,6.0,0.0,1.5,77.8,330.7,9.9,1303.1,72
516,13445.0,202.0,215.0,106.7,0.0,11.0,22.0,4,small urban,2,2,0.3,0.0,0.0,1.2,81.2,846.6,6.4,1370.8,16
1381,1520.0,82.0,53.0,97.0,5.5,5.5,4.0,4,small urban,7,3,0.1,36.5,0.0,3.0,75.4,481.3,9.9,1081.5,100
3423,250.0,4.0,2.0,116.8,0.0,3.0,13.0,6,urban,2,2,0.0,1.0,0.0,4.0,34.9,3.2,16.2,250.8,14
2716,13602.0,912.0,1468.0,107.0,9.0,5.0,21.0,1,rural,7,3,0.2,0.0,0.0,2.0,78.1,451.6,8.9,1382.0,48
4085,99400.0,2167.0,9135.0,127.2,12.0,13.0,10.0,1,urban,7,5,0.1,0.8,0.0,2.0,73.6,10.7,17.2,1224.0,23
1014,2100.0,142.0,129.0,130.8,0.0,15.0,4.0,3,rural,6,2,0.2,0.9,0.0,3.5,76.6,1368.6,4.3,909.5,91
128,136000.0,3840.0,11340.0,63.3,9.0,5.0,4.0,1,urban,2,2,0.2,0.3,0.0,2.5,73.6,37.4,14.9,1257.3,63
1364,17217.0,875.0,3700.0,108.0,5.5,5.5,4.0,1,small urban,7,3,0.2,0.0,0.0,4.0,74.3,448.5,10.4,1071.7,60
4456,6800.0,300.0,414.0,60.8,0.0,4.0,12.0,3,rural,2,2,0.2,8.0,0.0,0.0,77.0,0.1,21.7,1191.9,18
4677,7100.0,96.0,92.0,95.0,0.0,12.0,18.0,4,urban,6,5,0.1,0.0,0.0,2.5,78.2,130.1,11.5,1379.0,46
4122,19195.0,537.0,58.0,262.0,6.0,3.0,6.0,3,urban,7,2,0.2,16.0,0.0,6.0,83.1,56.9,8.5,2080.8,37
891,750.0,43.0,7.0,187.0,0.0,4.0,13.0,5,urban,6,2,0.1,4.0,0.0,2.0,78.2,130.1,11.5,1379.0,155
2793,26071.0,2482.0,6347.0,119.0,0.0,4.0,30.0,1,rural,2,5,0.2,23.3,0.0,2.0,77.2,299.4,10.4,1358.6,31
4866,26235.0,408.0,237.0,89.0,0.0,6.6,12.0,3,small urban,2,2,0.1,0.0,0.0,4.8,73.8,798.8,4.8,709.3,58
1359,11300.0,1193.0,394.0,116.9,0.0,9.5,13.0,3,rural,6,2,0.3,16.1,0.0,2.0,84.5,13.2,10.1,1428.7,73
307,16042.0,664.0,109.0,133.0,6.0,3.0,6.0,4,small urban,7,2,0.1,1.3,0.0,3.0,77.4,138.2,12.4,1389.2,105
5704,79408.0,4288.0,873.0,39.4,0.0,5.5,32.0,1,urban,6,2,0.1,0.7,0.0,3.0,81.9,776.7,6.5,1396.5,63
1661,25456.0,1995.0,458.0,79.0,9.0,9.0,4.0,3,urban,7,3,0.1,0.0,0.0,2.0,74.2,334.3,11.5,1069.6,49
2431,26982.0,2124.0,3628.0,76.7,10.0,0.0,8.0,1,rural,3,2,0.0,0.0,0.0,10.0,76.2,315.7,10.5,1319.7,32
4655,70500.0,0.0,0.0,52.0,8.0,3.0,10.0,2,urban,7,2,0.1,0.0,0.0,1.5,78.2,130.1,11.5,1379.0,55
5526,8105.0,438.0,89.0,62.7,0.0,3.0,30.0,3,rural,6,2,0.1,2.7,0.0,1.5,81.0,695.3,7.1,1354.0,69
1317,20500.0,1933.0,3079.0,90.6,0.0,8.0,6.0,3,urban,2,5,0.3,5.7,0.0,2.0,74.4,17.0,16.1,1271.0,48
3499,3000.0,552.0,310.0,54.7,0.0,9.0,9.0,4,rural,6,2,0.1,21.0,0.0,1.5,77.2,144.1,12.5,1372.0,68
5519,43385.0,2343.0,477.0,46.6,0.0,5.5,36.0,3,urban,6,2,0.2,2.2,0.0,2.0,79.5,622.1,7.5,1291.3,29
3249,40000.0,671.0,393.0,214.7,0.0,5.8,13.0,4,urban,2,2,0.1,0.0,0.0,4.0,34.9,3.2,16.2,250.8,17
2474,72450.0,4137.0,8339.0,75.0,0.0,8.0,18.0,1,urban,2,2,0.1,0.0,0.0,2.0,79.0,516.1,8.1,1394.0,59
2542,46619.0,3676.0,10018.0,211.7,10.0,4.5,16.0,1,urban,7,3,0.2,2.0,0.0,4.0,77.3,280.3,10.6,1358.9,67
5588,343.0,15.0,55.0,65.4,0.0,5.0,5.0,4,rural,2,2,0.1,1.2,0.0,3.0,66.4,1176.4,5.4,567.9,63
1246,4680.0,160.0,330.0,69.2,8.5,0.0,4.0,2,rural,3,2,0.0,1.0,0.0,0.0,73.2,212.6,12.8,1078.5,15
4823,7900.0,349.0,109.0,194.0,0.0,11.0,9.0,4,urban,6,3,0.2,37.0,0.0,2.5,77.6,254.6,10.4,1398.8,63
1208,33800.0,946.0,791.0,59.0,0.0,7.5,18.0,2,urban,6,2,0.3,0.0,0.0,5.0,83.5,7.3,10.8,1007.2,59
3868,15000.0,195.0,135.0,172.0,0.0,8.0,6.0,3,urban,6,2,0.7,23.0,0.0,2.0,74.4,39.5,16.2,1342.6,22
3377,7400.0,181.0,569.0,44.5,0.0,9.0,16.0,3,rural,6,3,0.1,0.0,0.0,3.0,34.9,3.2,16.2,250.8,14
216,120.0,9.0,2.0,175.0,0.0,0.5,8.0,5,rural,2,2,0.2,2.0,0.0,0.0,74.8,41.0,14.4,1427.3,17
4961,11233.0,130.0,877.0,54.0,0.0,11.9,11.0,1,urban,2,2,0.2,0.7,0.0,5.9,61.3,498.0,6.9,554.1,58
3882,1248.0,15.0,20.0,158.8,0.0,6.0,18.0,5,rural,6,2,0.4,8.8,0.0,1.0,83.2,1072.5,4.8,1527.0,25
4059,26000.0,2340.0,520.0,131.9,0.0,8.0,6.0,3,urban,2,5,0.6,23.0,0.0,2.0,74.8,41.0,14.4,1427.3,45
1239,22972.0,643.0,230.0,297.0,0.0,8.0,20.0,3,urban,6,2,0.4,16.0,0.0,2.0,80.9,756.2,6.8,1362.0,31
2289,21512.0,885.0,738.0,78.0,10.0,6.5,38.0,1,urban,7,5,0.2,5.0,0.0,4.5,78.1,387.4,9.0,1321.0,40
2740,61975.0,3514.0,8260.0,61.7,10.0,4.5,19.0,1,urban,7,3,0.1,0.0,0.0,4.5,77.6,352.9,9.7,1347.0,63
275,28853.0,1195.0,196.0,295.0,8.0,4.0,8.0,4,urban,7,2,0.2,0.5,0.0,2.0,77.4,138.2,12.4,1389.2,96
489,6552.0,677.0,809.0,203.2,3.5,3.5,4.0,3,small urban,7,3,0.5,8.8,0.0,2.0,72.7,330.5,11.7,1049.9,95
1035,2850.0,304.0,239.0,154.0,7.5,0.0,5.0,3,rural,3,2,0.0,7.0,0.0,0.0,73.3,809.8,7.9,1050.6,34
1229,15700.0,907.0,553.0,48.0,0.0,2.0,8.0,3,urban,6,2,0.1,0.0,0.0,1.5,76.3,0.0,23.8,1171.7,9
5362,13425.0,5267.0,824.0,93.5,16.5,0.0,6.0,1,rural,3,2,0.0,15.0,0.0,17.0,63.7,1237.0,1.8,836.9,30
1008,26000.0,463.0,1709.0,133.5,8.0,4.5,6.0,3,rural,7,2,0.3,0.0,0.0,4.5,75.2,955.6,7.1,960.4,64
5458,15326.0,393.0,2116.0,100.0,0.0,12.0,5.4,2,small urban,2,5,0.1,0.0,0.0,1.5,74.2,73.9,13.6,1256.0,9
2884,32510.0,3552.0,10038.0,97.0,13.0,5.0,21.0,1,rural,7,3,0.3,0.0,0.0,4.5,76.2,315.7,10.5,1319.7,36
4160,5600.0,239.0,270.0,177.0,0.0,8.0,6.0,3,urban,2,5,0.2,24.0,0.0,2.0,73.3,10.8,17.4,1213.1,44
3828,4000.0,100.0,172.0,73.0,0.0,13.0,10.0,1,urban,2,5,0.0,29.0,0.0,2.0,74.8,41.0,14.4,1427.3,14
2532,546.0,15.0,6.0,180.0,0.0,3.0,8.0,5,rural,2,2,0.3,0.0,0.0,1.0,77.2,299.4,10.4,1358.6,88
4982,988.0,19.0,7.0,138.0,0.0,4.8,6.0,4,small urban,2,2,0.1,0.0,0.0,1.8,67.7,832.0,3.6,546.0,97
1058,62640.0,2656.0,652.0,63.0,7.0,12.5,12.0,3,urban,7,2,0.1,2.0,0.0,2.0,75.0,135.7,12.8,1354.6,29
2166,23261.0,1353.0,14574.0,42.0,12.0,4.5,26.0,1,rural,7,5,0.1,0.0,0.0,4.5,77.3,415.3,9.1,1356.6,33
4747,71300.0,2202.0,5239.0,73.5,0.0,16.0,23.0,1,urban,6,5,0.1,0.0,0.0,3.0,77.8,330.7,9.9,1303.1,62
5028,1435.0,263.0,232.0,101.5,0.0,3.5,13.2,3,rural,2,3,0.1,2.5,0.0,3.5,60.5,729.5,7.5,464.1,20
281,3437.0,198.0,141.0,56.5,8.0,3.0,8.0,3,rural,7,2,0.1,12.5,0.0,2.0,77.2,144.1,12.5,1372.0,49
1043,1472.0,147.0,198.0,99.4,0.0,17.5,10.0,3,rural,6,2,0.1,0.0,0.0,1.5,68.1,882.3,7.6,893.1,53
1316,23337.0,1671.0,781.0,97.4,0.0,8.0,6.0,3,urban,2,5,0.3,3.5,0.0,2.0,74.4,17.0,16.1,1271.0,90
5770,1835.0,80.0,560.0,52.5,0.0,8.0,18.0,3,rural,6,2,0.2,0.0,0.0,2.0,66.5,1159.0,5.3,573.7,21
968,12604.0,592.0,176.0,82.6,0.0,8.0,20.0,3,urban,6,2,0.2,4.7,0.0,2.0,81.2,622.0,7.4,1444.6,27
4882,1780.0,93.0,94.0,164.0,0.0,7.2,15.0,3,small urban,2,2,0.2,0.0,0.0,3.5,57.2,437.0,9.1,502.6,71
2381,48394.0,1436.0,13819.0,37.0,10.0,4.0,16.0,1,urban,7,3,0.1,0.0,0.0,4.0,76.2,292.1,10.6,1352.2,63
4629,25400.0,433.0,373.0,101.2,9.0,3.0,9.2,2,rural,7,2,0.2,5.2,0.0,3.5,78.9,489.4,8.6,1569.7,65
1939,93435.0,4778.0,2594.0,127.8,10.0,3.0,10.0,1,urban,7,3,0.1,2.5,0.0,2.0,77.4,183.7,11.8,1369.8,61
4151,7000.0,700.0,140.0,87.8,0.0,8.0,6.0,3,urban,2,5,0.4,12.0,0.0,2.0,73.8,27.5,15.5,1206.3,35
1274,1450.0,131.0,95.0,90.6,0.0,2.0,1.0,5,small urban,2,3,0.1,8.0,0.0,1.0,77.1,0.0,22.8,1134.1,25
619,4400.0,583.0,1341.0,63.8,0.0,15.0,13.0,3,rural,6,2,0.3,0.6,0.0,4.0,70.9,196.8,7.4,898.9,91
4204,44400.0,5798.0,6593.0,64.0,0.0,6.7,6.1,1,urban,2,2,0.3,3.5,0.0,0.0,80.3,1.7,19.5,1363.8,30
1742,2900.0,185.0,31.0,130.0,0.0,6.0,11.0,5,urban,2,2,0.1,0.0,0.0,1.5,78.9,489.4,8.6,1569.7,15
1390,4750.0,190.0,114.0,177.0,0.0,2.3,12.0,4,urban,2,3,0.1,0.0,0.0,2.3,76.6,1368.6,4.3,909.5,91
4988,1535.0,30.0,100.0,131.7,0.0,1.5,6.0,4,rural,2,2,0.2,0.7,0.0,1.8,76.8,722.0,4.4,1027.7,84
1847,34116.0,2461.0,9493.0,91.0,10.0,4.5,16.0,1,rural,7,3,0.1,0.0,0.0,4.5,77.2,299.4,10.4,1358.6,70
1579,19101.0,1517.0,272.0,77.7,0.0,12.0,9.0,3,urban,6,2,0.1,1.7,0.0,2.5,75.2,91.8,13.5,1268.5,73
1655,4900.0,165.0,77.0,199.0,0.0,4.0,11.0,5,urban,6,2,0.1,8.0,0.0,2.0,77.8,330.7,9.9,1303.1,70
3568,150.0,11.0,8.0,225.0,0.0,2.0,8.0,5,small urban,2,2,0.1,0.0,0.0,1.5,76.2,0.0,22.1,1129.0,9
2352,15647.0,117.0,898.0,99.0,10.0,0.0,6.0,2,urban,3,2,0.0,0.0,0.0,10.0,77.2,390.2,9.5,1399.2,33
2212,41938.0,1602.0,12130.0,52.0,10.0,5.0,16.0,1,small urban,7,3,0.2,0.0,0.0,4.0,76.2,292.1,10.6,1352.2,63
3275,100.0,2.0,1.0,186.4,0.0,4.0,12.0,6,small urban,2,2,0.1,21.0,0.0,4.0,39.9,73.9,11.5,311.6,23
2020,19728.0,1262.0,7176.0,42.0,0.0,3.5,33.0,1,rural,2,5,0.1,2.5,0.0,4.0,78.2,402.4,9.1,1451.5,36
5764,11345.0,231.0,472.0,149.3,11.0,0.0,12.0,3,small urban,3,2,0.0,0.0,0.0,0.0,68.2,1279.8,5.1,626.0,22
1956,11963.0,513.0,85.0,139.0,10.0,6.5,10.0,4,urban,7,3,0.2,17.0,0.0,1.5,77.4,183.7,11.8,1369.8,71
3178,160.0,6.0,14.0,76.7,0.0,6.0,11.0,5,rural,6,5,0.0,0.0,0.0,2.5,46.7,279.0,8.7,349.3,78
3192,360.0,13.0,31.0,193.0,0.0,4.0,12.0,5,small urban,2,2,0.2,0.0,0.0,4.0,44.6,76.5,10.9,231.4,14
1307,67200.0,1882.0,6794.0,58.1,10.0,8.0,16.0,1,rural,7,2,0.1,3.0,0.0,4.0,74.4,17.0,16.1,1271.0,32
2003,27480.0,2438.0,4178.0,59.0,10.0,4.5,18.0,1,rural,7,5,0.2,0.0,0.0,2.5,77.6,395.4,9.5,1362.7,60
5163,21459.0,322.0,52.0,263.0,0.0,10.0,6.0,4,urban,6,3,0.1,2.0,0.0,2.0,75.6,317.4,10.8,1179.5,75
575,2169.0,191.0,154.0,139.5,0.0,6.0,16.0,5,rural,6,2,0.3,2.8,0.0,1.0,83.2,1072.5,4.8,1527.0,28
2360,1227.0,22.0,40.0,98.7,0.0,6.0,8.0,5,urban,2,5,0.0,1.0,0.0,2.0,77.2,390.2,9.5,1399.2,71
5779,740.0,70.0,220.0,34.4,0.0,7.0,19.0,3,rural,2,2,0.1,0.0,0.0,0.0,64.0,994.6,6.0,503.4,12
5142,1452.0,47.0,117.0,154.0,0.0,10.0,6.0,6,urban,6,3,0.1,12.0,0.0,2.0,75.8,332.0,10.7,1187.0,75
1706,15723.0,616.0,2973.0,67.3,0.0,8.5,9.0,1,small urban,6,3,0.3,14.3,0.0,2.2,64.8,185.7,9.3,496.9,65
1799,5598.0,82.0,34.0,146.0,9.0,4.0,15.0,3,urban,7,3,0.2,6.0,0.0,2.0,75.9,339.0,10.3,1231.6,67
3347,12000.0,283.0,380.0,106.3,0.0,3.0,6.0,4,urban,2,2,0.1,0.0,0.0,4.0,55.2,175.0,8.7,426.6,25
5037,616.0,26.0,78.0,94.3,0.0,3.0,16.0,4,rural,2,2,0.3,0.0,0.0,3.0,60.4,506.9,7.5,506.3,69
1280,2009.0,80.0,48.0,216.0,0.0,5.5,3.0,6,small urban,2,2,0.1,0.0,0.0,1.5,73.3,1091.4,6.4,926.5,61
4717,4300.0,146.0,42.0,179.0,0.0,11.0,9.0,4,urban,6,3,0.2,23.0,0.0,2.5,77.6,254.6,10.4,1398.8,63
861,2852.0,183.0,91.0,128.8,0.0,10.0,22.0,5,rural,6,2,0.2,8.6,0.0,1.0,81.2,846.6,6.4,1370.8,21
4796,14800.0,310.0,147.0,199.5,0.0,11.0,19.0,4,urban,6,5,0.3,22.5,0.0,2.5,77.6,254.6,10.4,1398.8,43
1801,2726.0,258.0,125.0,69.0,10.0,4.0,18.0,3,rural,7,3,0.1,0.0,0.0,4.0,76.8,377.6,9.5,1302.6,57
1628,15000.0,1000.0,190.0,129.0,5.5,5.5,4.0,3,urban,7,3,0.2,0.0,0.0,2.0,74.0,199.5,13.0,1240.3,89
1993,33301.0,3121.0,4154.0,89.0,10.0,4.0,18.0,1,rural,7,5,0.2,0.0,0.0,2.0,77.6,395.4,9.5,1362.7,61
2639,29044.0,1172.0,2315.0,41.5,0.0,5.0,37.0,1,rural,2,5,0.1,6.5,0.0,11.5,78.1,520.3,8.1,1384.8,18
269,8040.0,437.0,182.0,78.0,9.0,5.0,9.0,3,rural,7,2,0.0,3.0,0.0,2.0,77.6,352.9,9.7,1347.0,72
629,950.0,217.0,72.0,92.4,0.0,6.5,14.0,3,rural,6,2,0.2,0.5,0.0,2.2,64.6,313.6,6.6,587.8,61
4292,17813.0,730.0,207.0,73.0,0.0,8.5,10.7,4,small urban,6,2,0.3,5.7,0.0,4.0,84.6,61.5,8.3,2488.0,56
3081,30222.0,1781.0,2542.0,80.5,0.0,11.0,13.0,2,small urban,6,3,0.2,1.0,0.0,1.5,75.5,224.4,11.6,1318.4,68
3466,1700.0,85.0,15.0,137.0,0.0,3.0,8.0,6,urban,2,2,0.1,0.0,0.0,0.0,77.6,254.6,10.4,1398.8,10
5059,11453.0,258.0,1864.0,77.4,0.0,6.6,20.0,1,rural,2,2,0.2,3.1,0.0,6.6,69.3,1060.2,3.0,717.4,63
4023,38800.0,989.0,4532.0,108.6,0.0,8.0,16.0,1,rural,2,2,0.2,22.2,0.0,4.0,73.9,11.6,17.0,1226.7,25
2046,20696.0,566.0,9369.0,72.0,10.0,4.0,21.0,1,rural,7,5,0.2,0.0,0.0,9.0,77.6,459.1,8.7,1412.2,57
4553,22500.0,1148.0,1148.0,88.0,0.0,2.0,8.0,3,small urban,6,2,0.3,8.0,0.0,1.5,77.4,0.0,23.1,1332.6,9
2113,24373.0,1862.0,8020.0,40.5,13.0,9.0,21.0,1,rural,7,5,0.1,0.0,0.0,5.0,78.2,418.6,9.2,1374.7,40
27,39119.0,665.0,1956.0,162.0,8.0,0.0,16.0,2,urban,3,2,0.0,0.0,0.0,0.0,76.4,504.3,8.3,963.7,29
2040,20696.0,566.0,9369.0,94.2,10.0,4.0,21.0,1,rural,7,5,0.1,0.0,0.0,7.5,77.6,459.1,8.7,1412.2,57
3928,1352.0,69.0,326.0,78.8,0.0,5.0,13.0,3,rural,2,2,0.1,0.4,0.0,4.7,67.5,827.1,7.8,759.3,21
5239,21543.0,1164.0,238.0,39.8,0.0,6.5,36.0,1,rural,6,2,0.2,0.7,0.0,1.0,81.9,776.7,6.5,1396.5,66
3216,2300.0,71.0,211.0,114.4,0.0,5.0,8.0,3,rural,2,3,0.1,0.2,0.0,0.0,34.7,11.1,15.0,178.0,32
3814,7861.0,544.0,567.0,71.9,0.0,8.5,6.0,3,rural,6,3,0.2,6.4,0.0,2.0,77.6,43.7,14.3,1302.9,54
129,50000.0,1800.0,3990.0,111.0,9.0,0.5,4.0,1,rural,6,2,0.1,0.0,0.0,2.5,75.1,56.1,14.5,1225.7,56
4295,32829.0,972.0,450.0,220.5,0.0,5.5,8.0,4,urban,6,2,0.4,4.0,0.0,1.8,82.7,44.3,9.6,1629.7,69
5690,41642.0,2249.0,458.0,49.5,0.0,3.0,45.0,2,urban,6,2,0.2,1.3,0.0,1.0,81.0,695.3,7.1,1354.0,69
13,4867.0,58.0,10.0,79.0,0.0,3.0,6.0,4,urban,2,3,0.0,0.0,0.0,1.5,77.0,0.8,20.3,1196.0,43
4974,3094.0,63.0,153.0,67.0,0.0,3.6,15.6,3,rural,2,2,0.2,2.0,0.0,3.6,74.3,731.9,4.7,651.7,35
1525,3510.0,165.0,370.0,47.7,0.0,5.5,10.0,3,rural,6,2,0.1,31.8,0.0,1.0,72.8,115.4,14.4,992.8,74
2365,2620.0,26.0,105.0,172.0,0.0,5.0,8.0,5,urban,2,2,0.3,3.0,0.0,2.0,77.2,390.2,9.5,1399.2,87
3052,130844.0,6776.0,3707.0,134.0,10.0,4.0,10.0,1,urban,7,3,0.2,0.0,0.0,1.5,77.4,183.7,11.8,1369.8,66
4005,18697.0,1256.0,374.0,61.7,0.0,6.0,8.0,3,rural,2,2,0.3,0.0,0.0,2.0,77.1,9.5,17.4,1306.2,47
2340,22832.0,761.0,6592.0,91.5,10.0,2.5,28.0,1,rural,7,5,0.2,0.0,0.0,3.0,78.1,387.4,9.0,1321.0,66
374,107751.0,2866.0,4633.0,58.1,0.0,13.0,12.0,1,urban,2,2,0.1,0.1,0.0,2.0,77.4,183.7,11.8,1369.8,20
4221,54300.0,950.0,733.0,41.5,12.0,13.0,10.0,1,urban,7,5,0.1,0.0,0.0,2.0,73.1,25.0,15.8,1161.8,48
4981,1749.0,74.0,75.0,58.7,0.0,3.6,35.4,4,rural,2,2,0.1,0.2,0.0,3.6,66.9,936.4,3.5,499.4,86
939,17982.0,737.0,1352.0,108.0,0.0,10.2,9.0,2,small urban,6,2,0.1,11.0,0.0,1.8,64.8,185.7,9.3,496.9,67
5553,1504.0,56.0,76.0,58.4,0.0,7.0,4.0,4,rural,2,2,0.1,0.0,0.0,2.0,64.6,814.8,7.2,593.8,55
2147,22106.0,627.0,8882.0,50.8,10.0,5.0,20.0,1,rural,7,5,0.2,0.0,0.0,2.0,78.0,463.2,8.7,1363.9,58
3591,3900.0,247.0,619.0,188.2,0.0,6.0,8.0,3,rural,2,2,0.5,44.8,0.0,2.0,75.4,10.8,17.3,1243.9,50
5260,14450.0,270.0,2320.0,95.8,11.0,0.0,8.0,1,urban,3,2,0.0,0.0,0.0,0.0,69.2,1296.4,5.2,666.8,16
4874,2142.0,329.0,111.0,59.2,0.0,3.9,18.1,3,rural,2,2,0.2,1.7,0.0,3.9,74.4,1020.9,2.8,628.8,19
3623,29500.0,798.0,293.0,132.0,0.0,2.0,8.0,4,urban,2,2,0.1,19.0,0.0,1.5,76.6,0.0,22.8,1105.9,25
529,3132.0,147.0,91.0,305.0,0.0,13.0,22.0,4,rural,2,2,0.3,7.7,0.0,1.0,81.8,815.0,6.3,1323.6,18
3714,475.0,24.0,10.0,190.0,0.0,5.0,6.0,4,urban,6,2,0.1,0.0,0.0,2.0,80.8,20.2,10.5,1335.9,37
1269,1120.0,185.0,465.0,76.0,0.0,10.0,8.5,4,rural,6,5,0.0,0.4,0.0,1.5,53.2,116.2,13.4,503.5,64
1394,1650.0,66.0,40.0,83.0,0.0,3.5,7.0,5,urban,2,2,0.1,0.0,0.0,0.0,73.4,1003.1,7.0,1171.6,30
4009,3400.0,111.0,64.0,96.3,0.0,6.0,4.5,5,small urban,2,5,0.3,0.0,0.0,2.0,75.2,14.3,16.9,1306.1,17
1797,10588.0,380.0,44.0,75.5,0.0,3.5,16.0,4,urban,2,5,0.0,0.0,0.0,2.0,75.9,339.0,10.3,1231.6,26
2979,4036.0,89.0,32.0,197.7,10.0,1.5,18.0,4,urban,7,3,0.1,0.0,0.0,2.0,77.2,390.2,9.5,1399.2,71
1441,5503.0,391.0,330.0,190.0,0.0,6.0,22.0,4,urban,6,2,0.2,1.0,0.0,1.5,80.9,756.2,6.8,1362.0,28
4333,43134.0,2000.0,3400.0,47.7,8.0,5.0,11.0,1,rural,7,5,0.1,0.3,0.0,1.0,78.2,216.0,10.4,1435.3,15
5652,30312.0,1243.0,182.0,118.0,0.0,6.0,10.0,2,urban,2,2,0.1,22.0,0.0,3.0,49.5,8.8,17.9,395.0,45
3811,26458.0,1162.0,366.0,53.5,0.0,9.0,1.0,3,rural,6,3,0.1,1.0,0.0,1.5,77.6,43.7,14.3,1302.9,60
1273,15300.0,594.0,617.0,116.4,0.0,12.0,15.0,3,small urban,6,2,0.2,10.7,0.0,6.5,87.5,4.7,9.9,1941.0,68
1712,33500.0,1193.0,630.0,90.0,0.0,12.0,19.0,3,small urban,2,2,0.3,20.0,0.0,0.0,87.5,4.7,9.9,1941.0,23
955,1585.0,173.0,32.0,106.3,0.0,6.0,16.0,5,rural,2,2,0.2,0.5,0.0,1.0,81.2,603.0,7.1,1415.4,11
4290,21195.0,788.0,155.0,101.0,0.0,6.0,9.4,4,rural,6,2,0.3,8.3,0.0,4.6,82.2,10.5,10.3,1177.5,29
4635,62000.0,1168.0,909.0,70.3,0.0,18.0,25.0,2,urban,6,5,0.1,0.7,0.0,3.5,77.6,254.6,10.4,1398.8,56
5126,13073.0,220.0,300.0,188.5,0.0,7.3,20.0,3,urban,2,2,0.2,0.0,0.0,7.3,61.3,498.0,6.9,554.1,59
403,160105.0,5860.0,3170.0,52.7,0.0,8.0,8.0,2,urban,2,2,0.1,0.0,0.0,5.0,77.4,181.5,11.5,1387.7,22
2071,24958.0,1826.0,5823.0,39.5,10.0,4.0,18.0,1,rural,7,5,0.1,0.0,0.0,3.5,77.6,459.1,8.7,1412.2,57
5513,2921.0,158.0,32.0,103.8,0.0,1.0,16.0,5,rural,6,2,0.2,21.5,0.0,1.0,79.5,622.1,7.5,1291.3,74
1977,38851.0,2646.0,3393.0,121.0,10.0,6.0,18.0,1,rural,7,5,0.2,0.0,0.0,4.0,77.6,395.4,9.5,1362.7,62
158,9800.0,370.0,270.0,79.4,0.0,7.0,12.0,3,rural,2,2,0.3,14.4,0.0,4.5,75.7,68.4,14.0,1488.8,46
3888,329.0,6.0,5.0,186.6,0.0,3.0,8.0,3,urban,2,3,0.1,1.1,0.0,1.5,57.3,15.2,18.0,606.2,19
902,19319.0,513.0,381.0,183.0,5.5,5.5,4.0,3,urban,7,3,0.1,5.0,0.0,2.0,75.8,525.0,9.4,1081.6,89
352,31750.0,1095.0,375.0,99.5,10.0,3.0,9.0,3,urban,7,2,0.1,0.0,0.0,2.0,77.5,246.4,10.9,1398.2,90
4130,96000.0,2400.0,4128.0,59.8,13.0,13.0,10.0,1,urban,7,5,0.1,0.0,0.0,2.0,73.8,27.5,15.5,1206.3,23
754,31378.0,366.0,297.0,149.2,8.0,0.0,4.0,1,urban,3,2,0.0,11.7,0.0,0.0,76.6,1368.6,4.3,909.5,34
2971,44917.0,2008.0,3960.0,70.0,0.0,10.5,18.0,1,urban,2,2,0.1,0.0,0.0,2.0,77.2,390.2,9.5,1399.2,71
5771,2238.0,95.0,665.0,74.7,0.0,8.0,7.0,3,rural,2,2,0.1,0.0,0.0,2.0,66.2,1129.4,5.7,579.6,78
2920,33153.0,4269.0,6837.0,146.7,9.0,6.5,15.0,1,rural,7,3,0.2,0.3,0.0,4.0,76.2,315.7,10.5,1319.7,64
311,113709.0,3218.0,6527.0,105.0,9.0,8.0,21.0,1,urban,7,2,0.3,1.7,0.0,4.0,77.5,246.4,10.9,1398.2,61
661,31077.0,870.0,1992.0,54.3,0.0,11.4,4.6,1,urban,6,2,0.1,0.0,0.0,1.8,82.7,44.3,9.6,1629.7,61
1989,33301.0,3121.0,4154.0,76.5,10.0,4.0,18.0,1,rural,7,5,0.2,0.0,0.0,2.0,77.6,395.4,9.5,1362.7,61
3665,29582.0,855.0,961.0,44.0,0.0,11.4,5.4,1,urban,6,2,0.1,0.0,0.0,1.8,59.6,60.5,12.1,451.3,52
306,51037.0,1480.0,623.0,96.5,0.0,4.0,9.0,3,urban,2,2,0.2,0.0,0.0,3.0,77.4,183.7,11.8,1369.8,95
2335,26627.0,1074.0,7607.0,73.0,10.0,6.5,26.0,1,rural,7,5,0.2,0.0,0.0,3.0,78.1,387.4,9.0,1321.0,66
2356,1121.0,67.0,15.0,268.0,0.0,5.5,6.0,5,rural,2,5,0.2,0.0,0.0,3.5,77.2,390.2,9.5,1399.2,91
3702,35715.0,1429.0,714.0,100.2,0.0,8.0,8.0,3,urban,2,2,0.1,0.8,0.0,3.0,80.8,20.2,10.5,1335.9,37
3804,35900.0,2448.0,2456.0,110.5,0.0,8.0,6.0,3,small urban,2,5,0.3,4.3,0.0,2.0,77.6,3.1,18.5,1383.8,13
1927,1464.0,228.0,142.0,95.0,0.0,8.0,10.0,4,rural,2,5,0.0,0.0,0.0,2.5,77.1,514.6,8.3,1027.2,74
3427,6700.0,317.0,186.0,104.2,0.0,4.0,9.0,6,urban,2,2,0.1,0.0,0.0,4.0,34.9,3.2,16.2,250.8,20
749,16337.0,414.0,593.0,37.0,0.0,6.0,8.0,1,rural,2,3,0.2,0.0,0.0,0.0,75.1,1181.7,5.7,930.1,8
3638,127500.0,4424.0,5903.0,52.8,0.0,2.0,8.0,1,urban,6,2,0.2,1.0,0.0,1.5,76.6,0.0,22.8,1105.9,18
4738,10200.0,260.0,237.0,211.5,0.0,17.0,15.0,3,urban,6,3,0.3,29.0,0.0,2.5,77.8,397.1,9.3,1337.7,98
1266,20200.0,1100.0,7800.0,74.0,5.5,5.5,4.0,1,small urban,7,3,0.1,0.0,0.0,4.0,74.4,504.2,10.0,1049.5,64
4397,22890.0,1535.0,400.0,180.7,0.0,4.0,6.0,3,urban,2,2,0.5,0.0,0.0,2.0,69.7,269.2,8.3,666.7,33
5124,22590.0,601.0,317.0,148.5,0.0,6.7,20.4,3,urban,2,2,0.2,0.0,0.0,6.7,61.3,498.0,6.9,554.1,54
3595,1500.0,53.0,131.0,213.9,0.0,7.0,6.0,6,urban,2,2,0.1,2.2,0.0,4.0,55.2,175.0,8.7,426.6,27
2134,26441.0,945.0,9643.0,105.5,10.0,4.5,28.0,1,rural,7,5,0.2,0.0,0.0,4.5,78.0,463.2,8.7,1363.9,58
4109,2900.0,60.0,88.0,204.0,0.0,6.0,4.5,5,urban,2,5,0.3,2.0,0.0,2.0,73.6,10.7,17.2,1224.0,38
514,5774.0,300.0,179.0,80.3,0.0,6.0,22.0,4,rural,6,2,0.1,0.0,0.0,1.5,80.9,756.2,6.8,1362.0,29
5183,932.0,25.0,3.0,206.0,0.0,10.0,6.0,5,urban,6,3,0.2,4.3,0.0,2.0,77.2,289.2,10.1,1183.5,75
409,22388.0,1858.0,963.0,88.0,0.0,8.0,21.0,3,urban,2,2,0.2,0.0,0.0,1.2,81.8,815.0,6.3,1323.6,11
4323,1980.0,139.0,59.0,221.3,0.0,6.0,2.0,5,urban,2,2,0.1,0.3,0.0,2.0,84.0,25.0,9.4,1628.8,33
5776,8908.0,197.0,237.0,125.6,9.0,0.0,12.0,3,urban,3,2,0.0,0.0,0.0,0.0,69.0,1122.7,6.1,696.1,16
5731,15793.0,853.0,174.0,95.0,0.0,4.0,20.0,3,small urban,6,2,0.1,8.5,0.0,1.5,81.9,776.7,6.5,1396.5,70
5020,26107.0,241.0,509.0,146.5,0.0,4.8,15.0,3,urban,2,2,0.2,0.0,0.0,4.8,61.3,498.0,6.9,554.1,63
207,23000.0,670.0,220.0,147.5,0.0,6.5,10.0,4,urban,2,2,0.2,8.5,0.0,1.5,73.9,36.5,15.2,1178.3,52
458,1463.0,92.0,73.0,162.4,0.0,6.0,22.0,4,rural,6,2,0.2,7.3,0.0,1.0,84.0,1194.9,3.9,1448.3,18
2054,23580.0,1000.0,7694.0,80.0,10.0,4.0,21.0,1,rural,7,5,0.2,0.0,0.0,7.5,77.6,459.1,8.7,1412.2,57
2430,26982.0,2124.0,3628.0,72.0,10.0,0.0,8.0,1,rural,3,2,0.0,0.0,0.0,10.0,76.2,315.7,10.5,1319.7,32
250,2589.0,114.0,14.0,116.3,0.0,6.0,6.0,4,rural,2,5,0.2,0.0,0.0,2.0,77.5,246.4,10.9,1398.2,65
1107,1606.0,71.0,16.0,230.0,0.0,6.0,16.0,5,rural,2,2,0.3,28.2,0.0,1.0,83.2,1072.5,4.8,1527.0,15
4702,1000.0,43.0,10.0,199.5,0.0,11.0,8.0,4,rural,6,3,0.1,2.0,0.0,2.5,77.9,386.5,9.3,1426.3,101
1713,23800.0,895.0,840.0,48.8,0.0,11.0,8.0,3,rural,6,2,0.1,0.0,0.0,5.0,87.5,4.7,9.9,1941.0,75
3911,5100.0,214.0,255.0,294.5,0.0,6.0,4.5,4,urban,2,5,0.3,19.2,0.0,2.0,78.2,5.1,17.9,1450.5,20
715,6936.0,416.0,132.0,116.1,0.0,6.0,22.0,4,rural,6,2,0.3,3.7,0.0,2.0,83.4,216.1,7.8,1441.1,35
552,23100.0,1079.0,4872.0,97.0,0.0,13.0,9.0,1,rural,6,2,0.4,0.3,0.0,2.5,81.9,74.6,8.4,1367.4,58
1439,2453.0,120.0,79.0,161.3,4.6,4.6,4.0,5,rural,7,3,0.1,82.8,0.0,2.0,76.5,578.5,8.8,1054.9,69
2270,18595.0,645.0,99.0,200.0,0.0,8.0,10.0,5,urban,2,2,0.0,5.0,0.0,1.5,76.5,209.7,11.6,1454.3,60
3144,3061.0,257.0,224.0,118.7,0.0,11.5,6.8,3,rural,6,2,0.2,0.1,0.0,3.5,87.6,4.0,10.0,1914.9,90
5540,7610.0,411.0,84.0,152.2,0.0,0.0,8.0,4,urban,6,2,0.2,19.0,0.0,1.0,79.2,482.5,8.5,1306.4,88
1925,2796.0,43.0,69.0,159.5,0.0,2.5,8.0,5,small urban,2,5,0.2,7.0,0.0,1.5,76.3,364.6,9.7,1122.7,84
634,330.0,77.0,42.0,99.6,0.0,5.4,11.1,3,rural,6,2,0.1,0.1,0.0,2.5,64.8,393.4,6.7,468.4,79
316,106678.0,3392.0,15404.0,52.0,9.0,8.0,21.0,1,rural,2,2,0.1,0.0,0.0,4.0,77.4,181.5,11.5,1387.7,61
5642,38793.0,892.0,194.0,151.3,0.0,6.0,12.0,3,urban,6,2,0.1,0.3,0.0,1.5,39.5,3.1,17.3,240.0,27
427,12493.0,550.0,700.0,143.5,0.0,10.0,24.0,3,rural,6,2,0.2,2.5,0.0,2.0,82.4,382.8,7.8,1447.5,26
4301,24600.0,1280.0,1080.0,116.5,0.0,0.0,17.0,3,urban,6,2,0.2,2.5,0.0,3.5,83.5,7.3,10.8,1007.2,21
105,21000.0,560.0,640.0,34.5,0.0,12.5,15.0,1,urban,2,3,0.2,0.0,0.0,5.0,74.2,49.8,14.6,1219.1,21
3041,13506.0,374.0,112.0,130.0,0.0,6.5,7.0,4,urban,2,2,0.2,16.0,0.0,2.5,75.9,251.0,11.1,1287.3,91
2169,616.0,23.0,51.0,160.2,0.0,5.5,6.0,4,rural,2,2,0.2,0.0,0.0,1.5,77.3,415.3,9.1,1356.6,97
1709,1200.0,130.0,110.0,99.0,4.0,4.0,4.0,3,rural,7,3,0.2,5.0,0.0,2.0,75.0,146.6,13.7,1254.8,93
89,35000.0,670.0,490.0,48.3,0.0,3.8,15.0,1,urban,2,2,0.1,0.0,0.0,0.0,77.6,13.6,17.0,1484.3,39
2241,13524.0,443.0,774.0,104.3,0.0,6.5,15.0,5,urban,2,2,0.2,0.0,0.0,2.5,76.2,292.1,10.6,1352.2,62
3174,1850.0,125.0,365.0,54.5,0.0,8.5,12.0,3,rural,6,2,0.1,0.0,0.0,1.5,72.9,143.5,13.8,992.4,69
4326,1030.0,11.0,4.0,180.5,0.0,4.0,4.0,4,urban,6,2,0.1,2.0,0.0,2.0,84.0,25.0,9.4,1628.8,37
1949,5396.0,280.0,44.0,137.0,0.0,3.5,10.0,3,rural,2,2,0.1,2.7,0.0,1.5,77.4,183.7,11.8,1369.8,67
4044,2600.0,236.0,276.0,171.6,0.0,6.0,8.0,3,rural,2,2,0.8,7.0,0.0,2.0,74.5,8.7,17.5,1227.2,84
2848,1555.0,259.0,78.0,110.0,0.0,9.0,10.0,4,rural,2,2,0.0,7.0,0.0,2.0,79.0,516.1,8.1,1394.0,77
1,22429.0,767.0,4163.0,128.0,10.0,0.0,6.0,1,small urban,3,2,0.0,0.0,0.0,3.5,76.0,896.3,7.3,979.6,8
935,15500.0,783.0,287.0,145.0,0.0,5.0,3.0,4,urban,6,2,0.2,16.0,0.0,2.0,77.6,254.6,10.4,1398.8,55
4965,4393.0,162.0,381.0,71.0,0.0,7.2,20.0,3,small urban,2,2,0.2,0.0,0.0,7.2,59.9,591.7,8.1,467.0,61
2720,11249.0,223.0,2.0,125.0,0.0,3.5,24.0,5,urban,2,5,0.0,0.0,0.0,9.0,78.1,451.6,8.9,1382.0,125
591,495.0,20.0,30.0,78.5,0.0,5.0,3.5,5,rural,6,5,0.0,18.5,0.0,1.5,73.2,212.6,12.8,1078.5,70
5044,6724.0,334.0,1870.0,83.5,0.0,6.6,15.6,1,rural,2,2,0.3,0.5,0.0,6.6,77.8,819.7,3.8,842.0,43
2936,58639.0,4338.0,4399.0,70.0,12.0,0.0,8.0,1,urban,3,2,0.0,0.0,0.0,12.0,76.2,315.7,10.5,1319.7,35
2448,24491.0,2358.0,7494.0,79.0,10.0,5.0,8.0,1,rural,7,2,0.1,0.0,0.0,2.5,78.0,463.2,8.7,1363.9,62
1576,36861.0,2212.0,395.0,59.4,0.0,10.5,12.0,3,urban,6,2,0.1,0.2,0.0,1.5,75.2,91.8,13.5,1268.5,58
4837,33000.0,650.0,2130.0,89.9,0.0,17.0,24.0,1,urban,6,5,0.2,9.1,0.0,3.5,77.9,386.5,9.3,1426.3,57
213,24000.0,870.0,830.0,63.3,0.0,6.0,8.0,2,urban,2,2,0.2,2.0,0.0,1.5,76.0,20.8,16.3,1339.9,44
778,1300.0,276.0,127.0,72.9,0.0,10.5,12.0,3,rural,6,2,0.2,0.0,0.0,3.0,69.7,363.8,6.6,720.7,39
3496,4000.0,370.0,56.0,211.0,0.0,5.0,13.0,4,small urban,6,2,0.6,27.0,0.0,2.0,87.5,4.7,9.9,1941.0,69
5341,357.0,43.0,17.0,125.8,0.0,7.5,12.0,5,rural,6,2,0.1,0.2,0.0,1.0,63.2,975.2,3.8,470.2,26
2043,20696.0,566.0,9369.0,111.0,10.0,4.0,21.0,1,rural,7,5,0.2,0.0,0.0,7.5,77.6,459.1,8.7,1412.2,57
5256,8159.0,441.0,89.0,48.0,0.0,5.5,36.0,1,rural,6,2,0.1,4.0,0.0,1.0,83.6,978.5,5.1,1469.2,66
1567,1200.0,140.0,140.0,75.0,5.0,5.0,4.0,4,rural,7,3,0.0,0.0,0.0,3.0,74.7,117.2,14.4,1258.9,96
165,24000.0,1090.0,1920.0,55.8,0.0,11.5,8.0,2,urban,2,2,0.2,34.0,0.0,1.0,77.2,35.2,15.4,1361.1,36
3566,1850.0,68.0,21.0,177.0,0.0,2.0,8.0,5,urban,2,2,0.2,19.0,0.0,1.5,76.2,0.0,22.1,1129.0,19
4436,770.0,71.0,13.0,154.3,0.0,3.0,10.0,4,urban,2,5,0.1,1.0,0.0,1.0,86.7,10.3,10.0,1629.6,37
2013,27480.0,2438.0,4178.0,68.0,10.0,4.5,18.0,1,rural,7,5,0.2,0.0,0.0,2.5,77.6,395.4,9.5,1362.7,60
273,22151.0,917.0,151.0,136.0,0.0,10.0,16.0,4,urban,7,2,0.2,0.0,0.0,2.0,78.8,44.6,13.3,1281.0,100
3860,4900.0,107.0,51.0,243.7,0.0,6.0,4.5,5,urban,2,5,0.6,18.3,0.0,2.0,74.8,41.0,14.4,1427.3,14
4167,5700.0,156.0,128.0,106.5,0.0,6.0,4.5,5,urban,2,5,0.5,8.0,0.0,2.0,73.3,10.8,17.4,1213.1,73
4630,19400.0,433.0,373.0,77.0,9.0,3.0,9.0,2,small urban,7,2,0.2,1.0,0.0,3.5,78.9,489.4,8.6,1569.7,59
3788,1085.0,41.0,209.0,108.5,0.0,5.0,14.0,3,rural,2,2,0.2,3.1,0.0,3.3,67.5,827.1,7.8,759.3,17
394,60385.0,3261.0,2234.0,125.6,0.0,8.0,8.0,2,urban,2,2,0.2,8.2,0.0,2.5,78.9,73.1,12.7,1323.9,13
583,15509.0,713.0,512.0,105.0,0.0,6.0,22.0,4,rural,6,2,0.2,0.0,0.0,1.5,80.9,756.2,6.8,1362.0,36
5781,30495.0,1128.0,3964.0,119.6,14.0,0.0,12.0,2,urban,3,2,0.0,0.0,0.0,3.0,68.6,9.0,18.7,1015.6,17
5379,1399.0,75.0,15.0,212.0,0.0,3.0,6.0,5,rural,6,3,0.2,11.0,0.0,1.0,81.0,695.3,7.1,1354.0,25
5550,302.0,16.0,46.0,116.8,0.0,5.0,3.0,4,rural,2,2,0.1,0.4,0.0,2.0,67.1,1187.9,5.4,592.1,51
520,4213.0,223.0,135.0,92.0,0.0,6.0,16.0,4,rural,6,2,0.3,1.0,0.0,1.0,81.8,815.0,6.3,1323.6,36
1763,87781.0,2865.0,1307.0,51.0,10.0,5.0,18.0,1,urban,7,5,0.1,0.0,0.0,5.0,76.3,330.1,10.3,1280.2,67
1875,5293.0,175.0,196.0,165.0,0.0,8.5,5.0,4,rural,2,5,0.1,0.0,0.0,2.5,77.2,299.4,10.4,1358.6,125
3965,8100.0,587.0,30.0,136.7,0.0,8.0,6.0,3,small urban,2,5,0.4,19.0,0.0,2.0,73.7,16.7,16.4,1170.0,35
3344,2800.0,97.0,243.0,136.3,0.0,4.0,12.0,6,small urban,2,2,0.1,10.0,0.0,4.0,44.6,76.5,10.9,231.4,21
2253,61439.0,1941.0,15459.0,60.0,14.0,0.0,33.0,1,urban,3,2,0.0,0.0,0.0,14.0,76.2,296.0,10.5,1308.9,30
3224,12162.0,765.0,2871.0,83.0,0.0,17.0,4.0,1,rural,6,2,0.2,0.0,0.0,3.0,77.2,378.6,9.5,1368.3,51
526,14650.0,1949.0,3459.9,65.0,0.0,7.0,18.0,1,rural,2,2,0.2,2.6,0.0,1.5,44.2,157.4,10.5,273.1,13
2946,68296.0,6405.0,6389.0,112.0,12.0,0.0,12.0,1,urban,3,2,0.0,0.0,0.0,12.0,76.2,315.7,10.5,1319.7,28
3899,44800.0,1564.0,1210.0,192.2,0.0,8.0,6.0,3,urban,2,5,0.5,2.6,0.0,2.0,78.2,5.1,17.9,1450.5,14
692,2000.0,119.0,20.0,211.0,0.0,2.0,2.0,5,urban,2,5,0.1,1.0,0.0,2.0,77.6,254.6,10.4,1398.8,15
5487,8217.0,443.0,91.0,81.0,0.0,3.0,32.0,4,small urban,6,2,0.2,5.4,0.0,1.0,83.6,978.5,5.1,1469.2,62
3633,66927.0,2271.0,5760.0,42.5,0.0,2.0,8.0,1,urban,6,2,0.0,0.0,0.0,1.5,76.6,0.0,22.8,1105.9,8
1050,690.0,130.0,52.0,76.1,0.0,6.0,11.0,3,rural,2,2,0.2,1.3,0.0,0.0,68.6,264.3,6.8,551.6,29
590,680.0,10.0,219.0,129.7,0.0,6.0,16.0,5,rural,6,2,0.2,7.8,0.0,1.0,84.0,1194.9,3.9,1448.3,19
519,2223.0,109.0,36.0,100.0,0.0,6.0,23.0,5,rural,6,2,0.2,3.5,0.0,2.0,81.2,846.6,6.4,1370.8,19
3380,132000.0,2695.0,6136.0,57.5,0.0,8.5,11.0,2,urban,6,2,0.0,0.0,0.0,3.0,34.9,3.2,16.2,250.8,61
3676,2200.0,113.0,244.0,71.1,0.0,6.0,8.0,3,rural,2,2,0.3,2.2,0.0,2.0,73.9,11.6,17.0,1226.7,16
4773,117700.0,9084.0,13027.0,51.0,9.0,3.0,9.0,1,urban,7,2,0.1,0.0,0.0,3.5,78.2,130.1,11.5,1379.0,51
1607,6700.0,375.0,125.0,158.5,5.5,5.5,4.0,3,urban,7,3,0.2,35.5,0.0,2.0,73.9,506.2,10.1,1061.3,86
3610,2700.0,161.0,27.0,180.0,0.0,4.5,7.0,5,urban,2,2,0.1,12.7,0.0,1.5,77.6,254.6,10.4,1398.8,48
5537,1914.0,19.0,21.0,141.5,0.0,3.0,25.0,5,rural,6,2,0.2,20.5,0.0,1.0,80.2,695.0,7.0,1299.6,44
1809,17821.0,1335.0,1829.0,52.0,10.0,4.0,20.0,1,rural,7,5,0.2,0.0,0.0,4.0,76.8,377.6,9.5,1302.6,54
791,52000.0,1052.0,612.0,62.5,0.0,2.0,1.0,3,urban,6,3,0.1,0.0,0.0,1.0,77.1,0.0,22.8,1134.1,8
792,50000.0,1075.0,625.0,75.0,0.0,2.0,1.0,3,urban,6,3,0.1,0.0,0.0,1.0,77.1,0.0,22.8,1134.1,8
4763,152500.0,2812.0,5075.0,54.0,9.0,5.0,9.0,1,urban,7,2,0.1,0.0,0.0,3.0,77.6,254.6,10.4,1398.8,47
1855,26013.0,2737.0,1757.0,133.5,10.0,4.5,16.0,1,rural,7,3,0.2,0.8,0.0,4.5,77.2,299.4,10.4,1358.6,64
1980,33301.0,3121.0,4154.0,68.0,10.0,4.0,18.0,1,urban,7,5,0.2,0.0,0.0,2.0,77.6,395.4,9.5,1362.7,61
3233,6891.0,412.0,153.0,77.0,0.0,9.5,5.0,3,rural,6,2,0.2,0.0,0.0,1.5,77.2,378.6,9.5,1368.3,115
3598,8900.0,232.0,61.0,125.2,0.0,4.0,11.0,4,urban,6,2,0.1,0.8,0.0,2.0,78.2,130.1,11.5,1379.0,66
933,10400.0,531.0,194.0,225.0,0.0,4.0,5.0,4,urban,6,2,0.2,18.0,0.0,2.0,77.6,254.6,10.4,1398.8,36
3963,5000.0,190.0,138.0,114.5,0.0,6.0,4.5,4,small urban,2,5,0.5,31.3,0.0,2.0,73.7,16.7,16.4,1170.0,70
5387,9267.0,228.0,1948.0,58.1,0.0,13.5,7.5,1,rural,2,5,0.2,0.3,0.0,1.5,75.5,223.8,10.9,1303.7,14
4179,286.0,19.0,49.0,98.0,0.0,3.0,4.0,5,urban,2,2,0.1,1.0,0.0,1.0,82.4,9.5,10.6,888.4,37
4026,3300.0,140.0,146.0,322.8,0.0,6.0,8.0,3,rural,2,2,0.6,68.5,0.0,2.0,73.9,11.6,17.0,1226.7,32
4116,1900.0,54.0,77.0,124.4,0.0,4.0,8.0,4,rural,2,2,0.5,21.0,0.0,2.0,73.9,11.6,17.0,1226.7,26
988,11500.0,1099.0,1010.0,63.7,8.0,4.0,5.0,3,rural,7,2,0.1,0.0,0.0,4.0,70.8,1248.2,5.6,779.6,60
4470,650.0,23.0,57.0,62.5,0.0,6.5,6.0,3,rural,6,2,0.0,0.0,0.0,3.5,45.2,246.1,8.8,361.0,65
3453,3800.0,117.0,347.0,172.0,0.0,3.0,12.0,6,urban,2,2,0.1,0.0,0.0,4.0,34.9,3.2,16.2,250.8,17
5294,7568.0,280.0,2830.0,78.2,0.0,7.5,16.0,1,small urban,2,2,0.2,0.0,0.0,3.0,48.1,5.6,17.7,410.9,73
3778,350.0,13.0,9.0,309.0,0.0,6.0,4.5,5,urban,2,5,0.3,4.0,0.0,2.0,77.1,9.5,17.4,1306.2,13
4862,2688.0,141.0,107.0,53.9,0.0,5.4,10.2,3,rural,2,2,0.2,0.3,0.0,1.8,77.8,935.5,3.8,740.0,35
3093,162400.0,4060.0,6983.0,77.5,0.0,13.0,10.0,1,urban,2,5,0.1,0.5,0.0,2.0,77.1,0.1,20.0,1448.6,34
3155,18282.0,661.0,730.0,59.9,0.0,9.2,6.0,2,rural,6,2,0.2,0.1,0.0,1.8,85.0,42.2,8.2,2543.6,51
3201,102000.0,2092.0,4764.0,119.0,0.0,3.0,6.0,2,urban,2,2,0.1,0.0,0.0,4.0,34.9,3.2,16.2,250.8,24
4679,7200.0,180.0,87.0,177.0,0.0,12.0,10.0,3,urban,6,3,0.2,32.0,0.0,2.5,77.6,254.6,10.4,1398.8,103
1098,27120.0,1125.0,990.0,54.2,0.0,10.2,6.0,3,rural,6,2,0.2,0.0,0.0,10.2,84.0,148.9,6.9,3145.3,17
4813,5300.0,329.0,68.0,161.2,8.0,5.0,11.0,3,rural,7,2,0.2,16.0,0.0,2.5,78.9,489.4,8.6,1569.7,46
2844,23739.0,1036.0,6211.0,61.0,0.0,10.0,20.0,1,rural,2,3,0.2,3.0,0.0,2.5,79.0,516.1,8.1,1394.0,39
886,22800.0,1297.0,862.0,87.5,0.0,8.5,18.0,3,urban,6,2,0.2,8.5,0.0,2.0,85.8,1.7,10.6,1670.2,58
5719,3363.0,35.0,3.0,219.0,0.0,10.0,6.0,5,urban,6,3,0.1,1.0,0.0,2.0,75.8,280.2,11.5,1194.5,75
4494,3599.0,204.0,102.0,90.5,0.0,3.4,8.0,4,urban,2,2,0.2,1.5,0.0,3.0,82.7,44.3,9.6,1629.7,37
515,13353.0,628.0,374.0,194.0,0.0,11.0,23.0,4,urban,2,2,0.2,0.0,0.0,1.3,81.2,622.0,7.4,1444.6,16
5350,8457.0,2141.0,285.0,134.5,10.5,0.0,6.0,1,urban,3,2,0.0,12.5,0.0,7.5,52.8,337.1,8.2,623.9,27
1453,10824.0,790.0,260.0,127.0,0.0,8.0,22.0,5,urban,2,2,0.2,0.0,0.0,1.0,80.9,756.2,6.8,1362.0,11
3553,109500.0,2535.0,1188.0,105.0,0.0,14.0,9.0,3,urban,6,3,0.0,1.0,0.0,4.5,76.7,0.0,22.3,1087.2,17
3609,2700.0,161.0,27.0,173.0,0.0,4.5,7.0,5,urban,2,2,0.1,6.0,0.0,1.5,77.6,254.6,10.4,1398.8,48
2506,4697.0,173.0,38.0,129.0,0.0,4.0,10.0,3,urban,2,2,0.1,0.0,0.0,2.0,79.0,516.1,8.1,1394.0,65
2994,45716.0,1057.0,5624.0,65.0,10.0,4.5,16.0,1,small urban,7,3,0.1,0.0,0.0,4.5,75.9,251.0,11.1,1287.3,67
3999,295.0,27.0,0.0,323.0,0.0,1.0,4.0,5,small urban,2,2,0.2,3.0,0.0,1.0,64.8,185.7,9.3,496.9,24
5501,15238.0,823.0,167.0,58.0,0.0,2.0,25.0,4,small urban,6,2,0.3,31.0,0.0,3.5,80.2,695.0,7.0,1299.6,60
906,13700.0,587.0,129.0,122.0,5.5,5.5,4.0,4,urban,7,3,0.1,0.0,0.0,2.0,75.8,525.0,9.4,1081.6,97
28,3190.0,51.0,48.0,145.6,0.0,6.0,18.0,5,urban,2,2,0.2,32.6,0.0,2.0,76.8,451.3,9.1,1145.8,64
2507,13092.0,573.0,320.0,79.0,0.0,4.0,7.0,3,urban,2,5,0.1,0.0,0.0,1.5,79.0,516.1,8.1,1394.0,11
2428,24584.0,1690.0,3328.0,37.0,10.0,9.0,22.0,1,rural,7,3,0.2,0.0,0.0,4.0,76.2,315.7,10.5,1319.7,52
762,27500.0,1706.0,2290.0,50.2,0.0,14.0,13.0,1,rural,6,2,0.1,0.0,0.0,3.0,72.0,1072.3,6.4,848.6,47
3747,62520.0,4039.0,7547.0,36.7,0.0,12.5,16.0,1,urban,6,3,0.2,0.0,0.0,3.0,75.5,224.4,11.6,1318.4,57
284,7262.0,371.0,141.0,102.0,8.0,2.0,8.0,3,rural,7,2,0.1,0.0,0.0,2.0,77.4,138.2,12.4,1389.2,103
686,1500.0,35.0,218.0,70.4,0.0,13.5,6.0,3,rural,6,2,0.1,0.1,0.0,4.5,56.8,162.7,8.7,418.2,73
2353,18623.0,44.0,1073.0,82.0,9.0,4.5,17.0,2,urban,7,5,0.1,0.0,0.0,4.5,77.2,390.2,9.5,1399.2,53
4665,19100.0,218.0,175.0,113.0,0.0,10.0,18.0,3,urban,6,5,0.1,8.0,0.0,2.5,77.6,254.6,10.4,1398.8,67
21,21020.0,273.0,168.0,97.5,0.0,6.0,5.0,4,urban,2,2,0.1,0.0,0.0,6.0,78.8,295.2,9.0,1060.7,17
2752,121434.0,5192.0,6554.0,46.0,9.0,5.0,17.0,1,urban,7,3,0.1,0.0,0.0,2.0,77.3,280.3,10.6,1358.9,51
885,19300.0,1098.0,730.0,125.7,0.0,8.5,18.0,3,urban,6,2,0.2,4.3,0.0,2.0,85.8,1.7,10.6,1670.2,58
917,16500.0,776.0,144.0,80.0,0.0,9.5,19.0,3,urban,6,2,0.2,13.7,0.0,4.0,84.3,5.4,10.7,1294.0,46
1040,47609.0,1373.0,1355.0,69.0,0.0,8.0,18.0,3,urban,6,2,0.2,0.0,0.0,3.0,72.2,1084.2,6.5,883.5,56
1265,20200.0,1100.0,7800.0,53.0,5.5,5.5,4.0,1,rural,7,3,0.1,0.0,0.0,4.0,74.4,504.2,10.0,1049.5,63
5014,5832.0,216.0,46.0,148.0,0.0,6.0,27.0,3,small urban,2,2,0.1,0.0,0.0,6.0,59.9,591.7,8.1,467.0,56
277,19389.0,803.0,132.0,224.0,6.0,2.0,6.0,4,urban,7,2,0.5,1.3,0.0,2.0,77.4,138.2,12.4,1389.2,99
2084,882.0,104.0,9.0,84.0,0.0,9.5,12.0,5,rural,2,2,0.1,20.0,0.0,2.0,77.6,459.1,8.7,1412.2,60
1245,375.0,17.0,15.0,150.8,0.0,4.0,8.0,5,rural,2,2,0.4,43.6,0.0,2.0,75.2,5.6,18.1,1212.1,51
2382,43080.0,1952.0,14652.0,41.0,10.0,4.0,16.0,1,urban,7,3,0.1,0.0,0.0,4.0,76.2,292.1,10.6,1352.2,63
571,12400.0,681.0,4313.0,52.7,0.0,7.5,14.0,1,rural,6,2,0.2,0.0,0.0,3.0,67.9,113.5,8.5,810.9,55
1435,2600.0,130.0,375.0,101.0,5.5,5.5,4.0,3,rural,7,3,0.2,0.0,0.0,2.0,73.3,383.7,11.1,1048.2,100
3902,44176.0,3140.0,1635.0,71.3,0.0,8.0,6.0,3,urban,2,5,0.4,7.0,0.0,2.0,78.2,5.1,17.9,1450.5,31
1247,7600.0,130.0,330.0,64.8,8.5,0.0,4.0,2,rural,3,2,0.0,1.2,0.0,0.0,73.2,212.6,12.8,1078.5,15
3526,108079.0,5880.0,2594.0,82.0,0.0,13.5,9.0,1,urban,6,2,0.2,2.0,0.0,9.0,74.7,164.3,12.4,1300.1,28
2514,14788.0,205.0,91.0,114.0,0.0,5.0,8.0,4,urban,2,2,0.0,0.0,0.0,3.0,76.8,234.8,11.3,1352.4,93
1007,29435.0,670.0,1848.0,87.2,8.0,4.5,15.2,3,rural,7,2,0.2,0.1,0.0,4.5,75.2,955.6,7.1,960.4,64
2064,23580.0,1000.0,7694.0,46.0,0.0,5.0,26.0,1,rural,2,5,0.2,0.0,0.0,23.0,77.6,459.1,8.7,1412.2,19
4579,590.0,39.0,41.0,71.6,0.0,9.0,6.0,3,rural,6,3,0.0,0.1,0.0,4.0,46.7,279.0,8.7,349.3,36
1690,1876.0,97.0,182.0,93.0,5.0,5.0,4.0,4,rural,7,3,0.1,0.0,0.0,2.0,74.5,388.4,10.9,1050.2,26
5001,10551.0,63.0,102.0,89.0,0.0,6.8,13.0,4,rural,2,2,0.2,0.7,0.0,5.0,73.8,798.8,4.8,709.3,69
1985,33301.0,3121.0,4154.0,91.0,10.0,4.0,18.0,1,urban,7,5,0.2,0.0,0.0,2.0,77.6,395.4,9.5,1362.7,61
294,41514.0,2242.0,1536.0,74.3,0.0,7.0,18.0,2,urban,2,2,0.1,7.7,0.0,2.0,77.4,138.2,12.4,1389.2,54
1547,7492.0,811.0,164.0,83.2,7.0,10.0,2.0,3,rural,7,3,0.1,29.0,0.0,2.0,77.2,144.1,12.5,1372.0,73
2012,27480.0,2438.0,4178.0,68.0,10.0,4.5,18.0,1,rural,7,5,0.2,0.0,0.0,2.5,77.6,395.4,9.5,1362.7,60
588,4713.0,236.0,269.0,151.0,0.0,6.0,21.0,3,rural,6,2,0.4,6.0,0.0,1.0,83.2,1013.5,5.0,1441.9,24
3329,1600.0,27.0,16.0,180.7,0.0,4.0,12.0,6,small urban,2,2,0.3,7.3,0.0,4.0,39.9,73.9,11.5,311.6,21
2403,14869.0,273.0,3593.0,42.3,0.0,9.0,18.0,1,rural,2,2,0.2,0.0,0.0,4.5,75.8,313.1,10.3,1283.1,73
2129,24489.0,1130.0,12580.0,41.0,10.0,4.5,34.0,1,rural,7,5,0.1,0.0,0.0,4.5,78.0,463.2,8.7,1363.9,58
3998,4700.0,240.0,185.0,140.5,0.0,3.2,8.0,4,small urban,2,2,0.4,7.0,0.0,2.5,64.8,185.7,9.3,496.9,37
5076,3150.0,190.0,995.0,97.0,0.0,11.4,31.2,1,rural,2,2,0.4,4.0,0.0,11.4,60.8,634.9,7.9,502.2,62
3741,40436.0,1610.0,6042.0,66.2,0.0,11.0,18.0,1,rural,6,2,0.1,0.4,0.0,2.0,75.5,224.4,11.6,1318.4,65
3508,9300.0,157.0,92.0,156.0,0.0,6.0,9.0,4,urban,2,2,0.1,0.0,0.0,4.0,34.9,3.2,16.2,250.8,25
2719,7576.0,363.0,11.0,179.0,0.0,2.5,13.0,5,urban,2,5,0.1,2.0,0.0,3.0,78.1,451.6,8.9,1382.0,60
5278,7865.0,390.0,2220.0,64.8,10.0,3.0,3.0,1,rural,7,2,0.1,0.2,0.0,3.0,66.9,1043.4,6.1,612.6,66
5284,9560.0,245.0,2380.0,84.1,10.0,0.0,12.0,1,small urban,3,3,0.0,0.0,0.0,0.0,68.3,1116.1,5.9,674.0,24
556,24600.0,1149.0,5188.0,104.9,0.0,13.0,14.0,1,small urban,6,2,0.4,3.0,0.0,2.5,81.9,74.6,8.4,1367.4,61
2469,60888.0,3578.0,9965.0,68.0,0.0,6.0,12.0,1,urban,2,2,0.1,2.0,0.0,2.0,79.0,516.1,8.1,1394.0,59
3738,18342.0,831.0,3073.0,107.0,0.0,10.5,12.0,1,rural,6,2,0.3,3.4,0.0,1.5,75.5,224.4,11.6,1318.4,41
4286,20017.0,913.0,442.0,64.0,0.0,9.0,3.6,2,urban,6,2,0.1,0.0,0.0,1.8,84.6,61.5,8.3,2488.0,53
1716,14700.0,457.0,273.0,85.8,0.0,9.0,10.6,3,urban,6,2,0.2,10.4,0.0,2.0,84.3,5.4,10.7,1294.0,81
2604,63583.0,2709.0,7728.0,126.5,0.0,8.0,18.0,1,urban,2,5,0.3,10.0,0.0,2.0,77.7,393.9,9.3,1382.1,59
5621,5610.0,150.0,235.0,85.0,0.0,9.0,7.0,3,small urban,2,2,0.1,0.0,0.0,3.0,62.8,691.9,7.3,553.5,76
1704,28562.0,897.0,4693.0,39.3,0.0,12.5,3.1,1,small urban,6,2,0.1,0.0,0.0,1.8,86.6,505.9,3.8,2643.0,57
2139,28958.0,1631.0,8794.0,62.3,10.0,4.0,21.0,1,rural,7,5,0.1,0.0,0.0,2.0,78.0,463.2,8.7,1363.9,58
3239,3400.0,57.0,33.0,152.3,0.0,4.0,13.0,6,urban,2,2,0.1,20.0,0.0,4.0,34.9,3.2,16.2,250.8,27
2383,43080.0,1952.0,14652.0,46.0,10.0,4.0,16.0,1,urban,7,3,0.1,0.0,0.0,4.0,76.2,292.1,10.6,1352.2,63
4311,41000.0,1469.0,1738.0,75.0,0.0,11.5,35.0,1,urban,6,5,0.5,0.0,0.0,1.0,55.2,175.0,8.7,426.6,57
1285,370.0,23.0,25.0,58.7,0.0,5.5,7.0,5,rural,2,2,0.1,0.0,0.0,1.5,70.5,1173.3,6.0,789.0,73
4937,6216.0,90.0,326.0,55.3,0.0,9.3,10.0,3,rural,2,2,0.2,0.1,0.0,7.2,69.8,873.3,4.1,695.4,69
5179,2107.0,34.0,1.0,268.0,0.0,10.0,6.0,5,urban,6,3,0.1,10.0,0.0,2.0,74.6,175.9,12.7,1202.9,75
3930,22303.0,647.0,207.0,108.3,0.0,6.0,9.0,2,urban,6,2,0.1,0.3,0.0,1.8,75.3,390.1,5.7,920.0,28
4383,10582.0,855.0,61.0,199.5,0.0,7.0,9.0,4,urban,6,2,0.3,12.0,0.0,2.0,69.7,269.2,8.3,666.7,14
1591,6900.0,621.0,276.0,85.6,0.0,6.0,8.0,3,rural,2,2,0.3,9.9,0.0,2.0,77.2,2.5,18.8,1379.2,26
5135,1709.0,130.0,28.0,169.5,0.0,10.0,6.0,6,urban,6,3,0.1,1.0,0.0,2.0,75.8,280.2,11.5,1194.5,75
2162,23261.0,1353.0,14574.0,37.0,10.0,4.0,25.0,1,rural,7,5,0.1,0.0,0.0,2.0,77.3,415.3,9.1,1356.6,56
2396,2429.0,172.0,94.0,76.0,0.0,3.5,6.0,3,rural,2,2,0.1,2.0,0.0,10.5,75.8,313.1,10.3,1283.1,56
317,106678.0,3392.0,15404.0,61.0,0.0,8.0,30.0,1,rural,2,2,0.1,0.0,0.0,4.0,77.4,181.5,11.5,1387.7,61
5204,908.0,52.0,35.0,102.4,0.0,10.0,6.0,5,rural,6,3,0.2,3.4,0.0,2.0,75.4,275.8,11.4,1202.2,75
3111,650.0,15.0,20.0,229.3,0.0,3.0,6.0,6,urban,2,2,0.1,0.0,0.0,4.0,55.2,175.0,8.7,426.6,16
4036,42600.0,1406.0,5240.0,47.3,10.0,8.0,16.0,1,rural,7,2,0.1,0.1,0.0,4.0,75.3,20.9,15.5,1388.6,60
795,22000.0,2101.0,1221.0,85.0,0.0,2.0,1.0,3,urban,6,3,0.1,1.0,0.0,1.0,77.1,0.0,22.8,1134.1,11
3020,48266.0,3764.0,6498.0,71.0,0.0,5.0,17.0,1,urban,2,5,0.2,1.7,0.0,11.0,75.9,251.0,11.1,1287.3,27
1711,33600.0,1196.0,632.0,119.5,0.0,12.0,19.0,3,small urban,2,2,0.4,33.5,0.0,0.0,87.5,4.7,9.9,1941.0,23
3387,2700.0,95.0,237.0,49.3,0.0,6.0,8.0,3,rural,6,3,0.1,0.0,0.0,4.0,41.8,105.5,10.7,263.8,26
36,18195.0,634.0,6558.0,88.0,9.5,0.0,16.0,1,rural,3,2,0.0,0.0,0.1,0.0,76.4,476.1,9.1,1098.0,25
913,23642.0,2024.0,577.0,215.7,4.0,4.0,4.0,5,urban,7,3,0.1,13.0,0.0,2.0,75.8,525.0,9.4,1081.6,69
3972,29200.0,964.0,3592.0,87.8,10.0,8.0,16.0,1,rural,7,2,0.3,6.8,0.0,4.0,75.4,10.8,17.3,1243.9,51
4133,31427.0,750.0,968.0,45.4,0.0,13.0,10.0,1,urban,2,5,0.0,0.0,0.0,2.0,73.8,27.5,15.5,1206.3,29
974,6200.0,402.0,576.0,75.5,8.0,5.5,24.0,3,small urban,7,2,0.2,0.0,0.0,3.5,69.9,1327.9,5.3,707.8,69
983,5500.0,604.0,585.0,125.6,0.0,7.0,17.0,3,urban,6,2,0.2,7.8,0.0,3.5,76.6,1368.6,4.3,909.5,65
4728,52700.0,2775.0,2079.0,153.3,9.0,2.0,9.0,2,urban,7,2,0.2,13.0,0.0,3.0,77.6,254.6,10.4,1398.8,43
1418,2200.0,214.0,445.0,89.6,0.0,6.0,8.0,3,rural,2,2,0.4,0.0,0.0,2.0,74.5,8.7,17.5,1227.2,32
1560,2500.0,130.0,400.0,59.0,4.0,4.0,4.0,4,rural,7,3,0.1,0.0,0.0,2.0,74.8,173.4,13.4,1239.2,97
4135,29400.0,573.0,667.0,90.0,0.0,8.0,6.0,3,urban,2,5,0.1,10.0,0.0,2.0,73.8,27.5,15.5,1206.3,71
4265,1570.0,26.0,6.0,178.0,0.0,2.0,3.0,5,urban,2,2,0.1,0.0,0.0,2.0,78.2,402.4,9.1,1451.5,30
1355,6800.0,435.0,260.0,91.6,0.0,7.4,11.1,3,rural,6,2,0.2,0.3,0.0,2.0,87.0,3.1,10.0,1610.0,62
5635,891.0,17.0,89.0,66.9,9.0,3.0,6.0,3,small urban,7,2,0.1,1.0,0.0,2.3,75.9,339.0,10.3,1231.6,95
987,21900.0,514.0,540.0,128.0,8.0,1.5,16.0,3,small urban,7,2,0.1,0.0,0.0,2.0,73.4,1003.1,7.0,1171.6,56
2682,18087.0,1571.0,4010.0,35.3,10.0,6.5,18.0,1,rural,7,3,0.1,0.0,0.0,2.0,78.1,451.6,8.9,1382.0,57
1640,5969.0,245.0,127.0,153.0,5.0,5.0,4.0,4,urban,7,3,0.1,0.0,0.0,2.0,74.0,199.5,13.0,1240.3,93
1290,175.0,11.0,12.0,129.0,0.0,5.5,10.0,5,rural,2,2,0.2,0.0,0.0,0.0,69.9,1327.9,5.3,707.8,20
3681,400.0,13.0,33.0,128.0,0.0,4.0,12.0,6,small urban,2,2,0.0,0.0,0.0,4.0,44.6,76.5,10.9,231.4,21
1380,11946.0,482.0,384.0,107.0,5.5,5.5,4.0,3,small urban,7,3,0.2,28.0,0.0,2.0,75.4,481.3,9.9,1081.5,86
1933,17632.0,704.0,354.0,162.7,10.0,5.0,10.0,3,urban,7,3,0.1,0.0,0.0,2.5,77.4,183.7,11.8,1369.8,85
4878,2580.0,156.0,179.0,66.3,0.0,5.9,11.0,3,rural,2,2,0.2,0.5,0.0,4.9,61.6,589.7,7.0,568.2,87
3160,44081.0,1441.0,1080.0,39.5,0.0,6.2,14.5,2,urban,6,3,0.1,0.5,0.0,1.8,86.7,10.3,10.0,1629.6,66
2030,23046.0,1133.0,158.0,115.0,0.0,11.5,10.0,3,urban,2,2,0.6,0.0,0.0,2.0,77.6,459.1,8.7,1412.2,66
892,3300.0,167.0,31.0,238.5,0.0,4.0,13.0,4,urban,6,2,0.2,9.5,0.0,2.0,78.2,130.1,11.5,1379.0,87
4069,6569.0,242.0,206.0,110.4,0.0,6.0,4.5,4,urban,2,5,0.4,21.3,0.0,2.0,74.8,41.0,14.4,1427.3,58
4255,1890.0,270.0,10.0,135.0,0.0,3.2,1.0,5,rural,6,2,0.2,4.0,0.0,1.0,78.0,185.2,7.1,860.7,37
2,1964.0,92.0,6.0,287.0,0.0,3.0,8.0,3,urban,2,3,0.1,0.0,0.0,1.5,67.6,1.1,20.3,894.7,72
2109,24373.0,1862.0,8020.0,96.5,13.0,4.5,21.0,1,rural,7,5,0.2,5.2,0.0,3.5,78.2,418.6,9.2,1374.7,38
849,7976.0,360.0,435.0,83.0,0.0,8.0,6.5,3,urban,6,2,0.2,29.0,0.0,1.8,79.3,351.1,5.4,1016.7,90
2737,23856.0,1261.0,6895.0,88.0,10.0,4.0,19.0,1,rural,7,3,0.1,0.0,0.0,4.0,77.6,352.9,9.7,1347.0,60
2466,9604.0,347.0,231.0,144.0,9.0,0.0,8.0,2,rural,3,2,0.0,0.0,0.0,9.0,79.0,516.1,8.1,1394.0,28
1914,22291.0,1148.0,2825.0,58.2,10.0,5.0,19.0,1,rural,7,5,0.1,0.0,0.0,5.0,76.3,364.6,9.7,1122.7,53
1596,19400.0,2522.0,1358.0,273.0,0.0,8.0,6.0,3,urban,2,5,0.2,45.0,0.0,2.0,77.2,2.5,18.8,1379.2,56
1913,22291.0,1148.0,2825.0,63.2,10.0,5.0,19.0,1,rural,7,5,0.2,0.0,0.0,5.0,76.3,364.6,9.7,1122.7,53
5466,37437.0,972.0,1446.0,80.3,0.0,10.6,7.0,2,urban,2,5,0.1,1.7,0.0,1.7,75.7,171.3,11.5,1214.3,13
2736,23856.0,1261.0,6895.0,71.0,10.0,4.0,19.0,1,rural,7,3,0.1,0.0,0.0,4.0,77.6,352.9,9.7,1347.0,60
726,10506.0,904.0,3362.0,61.2,0.0,9.0,28.0,1,rural,6,2,0.2,0.2,0.0,1.2,81.2,846.6,6.4,1370.8,35
53,5378.0,70.0,70.0,55.3,0.0,8.0,5.0,5,urban,2,2,0.1,0.0,0.0,3.0,78.8,295.2,9.0,1060.7,42
1796,37155.0,1283.0,1128.0,80.0,10.0,3.5,21.0,1,urban,7,5,0.0,0.0,0.0,2.5,75.9,339.0,10.3,1231.6,58
3845,15800.0,536.0,690.0,154.5,0.0,6.0,4.5,4,urban,2,5,0.3,13.2,0.0,2.0,74.8,41.0,14.4,1427.3,44
2553,19985.0,1377.0,623.0,117.0,9.0,7.5,9.0,4,urban,7,3,0.2,5.0,0.0,2.0,77.3,280.3,10.6,1358.9,84
2800,26071.0,2482.0,6347.0,96.0,0.0,3.5,26.0,1,rural,2,5,0.1,20.3,0.0,2.0,77.2,299.4,10.4,1358.6,34
936,7911.0,394.0,838.0,83.0,0.0,5.8,4.2,2,rural,6,2,0.2,42.0,0.0,1.8,64.8,185.7,9.3,496.9,37
5005,6304.0,41.0,182.0,145.0,0.0,8.6,18.0,3,small urban,2,2,0.4,8.0,0.0,2.0,63.9,646.7,5.7,753.0,62
824,5703.0,262.0,701.0,65.1,0.0,6.0,16.0,5,rural,6,2,0.1,0.3,0.0,1.0,81.4,462.0,8.1,1373.9,23
4321,7320.0,315.0,315.0,188.0,0.0,4.5,8.0,4,urban,2,2,0.1,1.0,0.0,2.0,84.0,25.0,9.4,1628.8,99
3401,10500.0,551.0,258.0,69.5,0.0,2.0,8.0,3,urban,6,2,0.1,0.0,0.0,1.5,76.6,0.0,22.8,1105.9,11
1389,1750.0,70.0,42.0,102.3,0.0,3.5,14.0,6,urban,2,3,0.2,0.0,0.0,3.5,76.6,1368.6,4.3,909.5,14
3564,4537.0,267.0,89.0,206.0,0.0,3.0,12.0,4,urban,2,2,0.3,1.0,0.0,2.0,75.3,390.1,5.7,920.0,37
884,7350.0,225.0,300.0,280.8,5.5,5.5,4.0,3,small urban,7,3,0.4,68.0,0.0,2.0,74.5,294.9,11.8,1225.5,93
1868,26013.0,2737.0,1757.0,73.0,10.0,4.5,16.0,1,urban,7,3,0.1,0.0,0.0,4.5,77.2,299.4,10.4,1358.6,64
10,4735.0,118.0,52.0,204.0,0.0,3.0,6.0,3,urban,2,3,0.1,3.0,0.0,1.5,39.5,3.1,17.3,240.0,70
3415,5800.0,135.0,181.0,256.5,0.0,5.0,6.0,4,urban,2,2,0.1,0.0,0.0,4.0,55.2,175.0,8.7,426.6,21
1463,9162.0,271.0,265.0,69.3,5.5,5.5,4.0,3,urban,7,3,0.1,54.3,0.0,2.0,74.6,340.0,11.3,1100.3,95
806,400.0,16.0,6.0,121.6,0.0,4.0,8.0,5,rural,2,2,0.1,25.0,0.0,2.0,74.2,10.0,16.9,1221.7,76
4558,51500.0,1792.0,1092.0,60.0,0.0,4.0,10.0,3,urban,2,2,0.1,8.0,0.0,0.0,76.8,0.0,22.3,1219.3,18
4068,21500.0,1935.0,215.0,55.8,0.0,10.0,12.0,2,urban,2,2,0.3,0.0,0.0,2.0,74.8,41.0,14.4,1427.3,61
2108,24373.0,1862.0,8020.0,43.2,13.0,4.5,21.0,1,rural,7,5,0.2,0.0,0.0,3.5,78.2,418.6,9.2,1374.7,38
4895,11433.0,409.0,275.0,55.9,0.0,4.7,15.8,3,rural,2,2,0.2,0.5,0.0,4.7,72.6,723.4,5.3,733.1,16
5747,825.0,55.0,135.0,98.1,0.0,6.0,15.0,3,rural,6,2,0.2,0.0,0.0,2.0,60.2,589.4,7.9,554.8,18
2234,65144.0,1655.0,16665.0,82.5,9.0,6.0,18.0,1,urban,7,3,0.1,0.0,0.0,2.0,76.2,292.1,10.6,1352.2,56
963,18000.0,350.0,120.0,177.0,5.0,5.0,4.0,3,urban,7,3,0.2,69.0,0.0,2.0,76.1,565.4,9.1,1075.7,84
2632,46875.0,4606.0,3092.0,81.0,10.0,4.0,21.0,1,urban,7,3,0.1,0.0,0.0,2.5,78.1,520.3,8.1,1384.8,51
704,17100.0,787.0,498.0,185.0,0.0,7.0,8.0,3,small urban,6,2,0.3,9.2,0.0,3.0,87.0,3.1,10.0,1610.0,81
431,11998.0,408.0,180.0,91.0,0.0,6.0,26.0,3,small urban,6,2,0.4,0.0,0.0,2.0,83.4,216.1,7.8,1441.1,36
4388,10760.0,946.0,63.0,112.0,0.0,6.0,10.0,3,urban,6,2,0.2,0.0,0.0,2.0,69.7,269.2,8.3,666.7,12
145,28000.0,760.0,1010.0,79.0,0.0,6.8,12.0,2,urban,2,2,0.2,6.0,0.0,1.5,76.6,28.5,15.8,1382.6,51
2033,7099.0,338.0,53.0,90.0,0.0,4.5,6.0,4,urban,2,5,0.1,0.0,0.0,2.0,77.6,459.1,8.7,1412.2,52
4863,3338.0,141.0,107.0,116.3,0.0,4.8,22.0,3,rural,2,2,0.2,1.0,0.0,4.8,77.8,935.5,3.8,740.0,54
1165,24740.0,1039.0,4478.0,53.0,0.0,9.0,28.0,1,rural,6,2,0.3,0.0,0.0,1.7,81.2,622.0,7.4,1444.6,16
3500,10272.0,515.0,2457.0,57.5,0.0,10.0,12.0,2,rural,6,2,0.2,0.0,0.0,2.0,77.2,144.1,12.5,1372.0,68
2050,20696.0,566.0,9369.0,71.0,10.0,4.0,21.0,1,rural,7,5,0.1,1.0,0.0,2.0,77.6,459.1,8.7,1412.2,57
3760,31500.0,1002.0,3745.0,74.5,12.0,13.0,10.0,1,urban,7,5,0.0,0.5,0.0,2.0,77.1,9.5,17.4,1306.2,46
2624,16034.0,370.0,102.0,154.4,9.0,9.0,9.0,3,urban,7,3,0.1,13.0,0.0,3.0,77.7,393.9,9.3,1382.1,88
4435,1344.0,111.0,17.0,177.0,0.0,3.0,11.0,4,urban,2,3,0.1,0.5,0.0,1.0,86.7,10.3,10.0,1629.6,37
4620,6300.0,277.0,86.0,108.5,0.0,11.0,17.0,4,rural,6,5,0.1,12.0,0.0,2.5,78.9,489.4,8.6,1569.7,43
4641,7600.0,130.0,37.0,94.0,7.0,3.0,8.0,3,urban,7,2,0.1,0.0,0.0,2.5,77.6,254.6,10.4,1398.8,105
4361,10438.0,350.0,180.0,172.0,0.0,4.0,17.0,3,urban,6,5,0.3,4.2,0.0,2.0,77.8,278.3,10.0,1321.7,34
2424,24300.0,2052.0,4237.0,89.5,10.0,5.0,12.0,1,rural,7,2,0.2,0.0,0.0,4.5,76.2,315.7,10.5,1319.7,50
1262,6100.0,376.0,118.0,50.0,0.0,2.0,8.0,5,urban,2,2,0.2,0.0,0.0,1.5,76.3,0.0,23.8,1171.7,13
1771,44565.0,719.0,2792.0,77.0,8.0,4.5,24.0,1,urban,7,3,0.2,0.0,0.0,4.5,76.3,330.1,10.3,1280.2,75
3511,24000.0,728.0,424.0,55.0,0.0,13.0,10.0,3,urban,6,3,0.0,0.0,0.0,3.0,76.7,0.0,21.9,1094.6,8
271,8002.0,423.0,108.0,88.0,8.0,5.0,8.0,4,rural,7,2,0.0,24.0,0.0,3.0,77.6,352.9,9.7,1347.0,98
244,117384.0,4167.0,1514.0,88.0,8.0,2.0,8.0,2,urban,7,2,0.1,25.0,0.0,3.0,77.4,181.5,11.5,1387.7,98
5624,2149.0,56.0,26.0,114.7,0.0,10.0,6.0,4,rural,6,2,0.2,3.3,0.0,2.0,75.1,256.2,11.6,1257.0,95
2032,5472.0,264.0,64.0,87.3,0.0,6.0,15.0,4,urban,2,2,0.1,13.7,0.0,2.0,77.6,459.1,8.7,1412.2,64
5080,90.0,3.0,5.0,102.0,0.0,4.8,9.7,3,rural,2,2,0.1,2.1,0.0,4.8,59.5,555.4,7.9,534.2,42
813,3521.0,196.0,80.0,111.0,6.0,6.0,4.0,3,small urban,7,3,0.1,14.7,0.0,2.0,74.2,292.6,11.9,1144.3,92
3810,6621.0,179.0,51.0,65.0,0.0,6.0,6.0,4,rural,6,3,0.1,0.5,0.0,2.0,77.6,43.7,14.3,1302.9,61
4708,5400.0,111.0,11.0,212.0,0.0,9.0,7.0,5,urban,6,3,0.1,16.0,0.0,2.5,78.2,216.0,10.4,1435.3,84
1804,15483.0,613.0,4494.0,81.5,0.0,6.0,15.0,1,rural,2,2,0.2,0.0,0.0,1.5,76.8,377.6,9.5,1302.6,70
4346,765.0,44.0,10.0,163.0,0.0,4.0,18.0,5,rural,2,2,0.1,0.0,0.0,1.0,84.0,148.9,6.9,3145.3,37
2461,26358.0,2514.0,10879.0,49.0,10.0,5.0,37.0,1,rural,7,3,0.1,0.0,0.0,5.0,78.0,463.2,8.7,1363.9,55
545,30300.0,1197.0,5263.0,64.0,0.0,13.0,14.0,1,urban,6,2,0.5,1.0,0.0,2.0,80.8,20.2,10.5,1335.9,76
3241,9400.0,395.0,470.0,182.6,0.0,6.0,4.5,4,small urban,2,5,0.5,59.0,0.0,2.0,73.8,27.5,15.5,1206.3,14
738,13896.0,559.0,221.0,127.0,5.5,5.5,4.0,4,urban,7,3,0.1,10.0,0.0,2.0,74.9,333.5,11.3,1121.7,91
310,100461.0,3195.0,14507.0,68.5,8.0,6.0,8.0,1,rural,7,2,0.1,0.0,0.0,1.0,77.5,246.4,10.9,1398.2,99
3521,30000.0,1450.0,680.0,108.0,0.0,20.0,17.0,3,urban,6,3,0.2,19.0,0.0,3.5,76.7,0.0,22.3,1087.2,13
1131,4600.0,375.0,475.0,180.5,5.5,5.5,4.0,3,small urban,7,3,0.3,53.5,0.0,2.0,74.8,250.6,12.3,1256.9,60
5707,104738.0,5656.0,1150.0,46.5,0.0,5.0,36.0,1,urban,6,2,0.1,0.2,0.0,1.5,79.2,482.5,8.5,1306.4,51
4111,340.0,7.0,13.0,70.2,0.0,6.5,10.0,5,rural,6,2,0.1,0.0,0.0,3.0,44.6,76.5,10.9,231.4,67
2769,15399.0,987.0,3440.0,62.0,0.0,8.0,26.0,1,rural,2,5,0.1,0.0,0.0,6.5,76.2,296.0,10.5,1308.9,55
920,1600.0,149.0,59.0,92.3,0.0,7.5,12.0,3,rural,6,2,0.1,2.9,0.0,2.0,84.3,5.4,10.7,1294.0,43
3587,31500.0,1002.0,3745.0,55.7,10.0,8.0,16.0,1,rural,7,2,0.0,0.0,0.0,4.0,75.4,10.8,17.3,1243.9,29
3959,24200.0,1735.0,3596.0,63.4,10.0,0.0,16.0,1,rural,3,2,0.0,0.1,0.0,4.0,73.7,16.7,16.4,1170.0,30
38,25188.0,453.0,5793.0,83.7,9.5,0.0,16.0,1,small urban,3,2,0.0,0.0,0.1,0.0,76.4,476.1,9.1,1098.0,23
4459,2500.0,37.0,23.0,101.2,0.0,3.0,8.0,3,urban,2,2,0.2,8.0,0.0,0.0,77.0,0.1,21.7,1191.9,19
4278,10910.0,635.0,154.0,107.7,0.0,9.5,8.0,4,rural,6,2,0.3,2.7,0.0,1.8,80.8,20.2,10.5,1335.9,57
2983,1006.0,9.0,1.0,191.5,0.0,5.5,8.0,5,rural,2,2,0.1,1.0,0.0,2.0,77.2,390.2,9.5,1399.2,73
5786,18643.0,1268.0,1361.0,55.5,0.0,6.0,12.0,3,urban,6,2,0.1,0.0,0.0,1.5,74.5,0.5,21.3,994.2,25
2667,19981.0,1886.0,3330.0,31.0,10.0,4.0,8.0,1,rural,7,2,0.1,0.0,0.0,2.0,78.1,451.6,8.9,1382.0,60
3223,13792.0,388.0,2818.0,63.0,0.0,17.0,4.0,1,rural,6,2,0.3,0.0,0.0,3.0,77.2,378.6,9.5,1368.3,50
1182,5698.0,115.0,28.0,105.0,0.0,6.3,5.0,5,urban,6,2,0.2,0.0,0.0,3.0,73.6,939.2,7.3,956.1,81
614,10200.0,1566.0,1125.0,111.9,0.0,10.4,12.0,3,rural,6,2,0.4,0.2,0.0,4.8,69.4,89.1,8.7,491.1,78
5691,45560.0,2461.0,502.0,57.0,0.0,3.0,24.0,2,urban,6,2,0.1,8.0,0.0,1.5,81.0,695.3,7.1,1354.0,69
1466,13749.0,522.0,357.0,121.7,0.0,8.0,22.0,4,urban,2,2,0.2,0.9,0.0,1.2,80.9,756.2,6.8,1362.0,15
4497,13800.0,383.0,128.0,150.5,0.0,3.0,6.0,3,urban,2,2,0.1,2.8,0.0,2.5,82.7,44.3,9.6,1629.7,37
3042,1185.0,78.0,5.0,143.3,0.0,4.5,8.0,5,urban,2,2,0.2,4.0,0.0,2.5,75.9,251.0,11.1,1287.3,74
934,1900.0,113.0,19.0,294.0,0.0,4.0,5.0,5,urban,6,2,0.3,15.0,0.0,2.0,77.6,254.6,10.4,1398.8,51
2419,24300.0,2052.0,4237.0,88.8,10.0,0.0,12.0,1,rural,3,2,0.0,0.0,0.0,10.0,76.2,315.7,10.5,1319.7,29
5230,46655.0,2519.0,514.0,52.0,0.0,5.5,48.0,1,small urban,6,2,0.3,4.0,0.0,1.5,81.9,776.7,6.5,1396.5,66
4696,13500.0,790.0,258.0,85.3,8.3,5.7,12.0,3,rural,7,2,0.1,2.0,0.0,2.5,78.9,489.4,8.6,1569.7,48
826,11900.0,190.0,290.0,163.0,0.0,6.0,14.0,4,rural,6,2,0.1,10.0,0.0,1.5,73.2,123.9,14.3,1027.8,62
1521,4300.0,474.0,389.0,106.5,0.0,8.0,12.0,3,rural,6,2,0.1,1.2,0.0,3.0,85.8,1.7,10.6,1670.2,66
2930,33241.0,3406.0,3725.0,43.0,0.0,4.5,32.0,1,rural,2,5,0.2,0.0,0.0,16.5,76.2,315.7,10.5,1319.7,24
4232,9900.0,1188.0,198.0,104.7,0.0,8.0,6.0,3,urban,2,5,0.4,13.0,0.0,2.0,73.1,25.0,15.8,1161.8,38
628,980.0,224.0,74.0,75.5,0.0,6.5,16.0,3,rural,6,2,0.2,1.0,0.0,2.5,64.6,313.6,6.6,587.8,41
4430,24100.0,567.0,63.0,227.3,0.0,4.0,8.0,3,urban,6,3,0.4,4.7,0.0,2.0,86.7,10.3,10.0,1629.6,22
3853,2300.0,158.0,11.0,158.3,0.0,6.0,4.5,5,urban,2,5,0.1,0.0,0.0,2.0,74.8,41.0,14.4,1427.3,28
390,25819.0,1350.0,338.0,95.0,0.0,8.0,8.0,2,rural,2,2,0.1,38.7,0.0,2.5,78.8,44.6,13.3,1281.0,13
4345,1304.0,104.0,52.0,273.0,0.0,7.0,3.0,4,small urban,6,2,0.3,5.0,0.0,3.0,84.0,148.9,6.9,3145.3,37
5653,30312.0,1243.0,182.0,62.0,0.0,6.0,2.0,2,urban,2,2,0.1,6.0,0.0,3.0,49.5,8.8,17.9,395.0,45
3990,7000.0,474.0,50.0,126.0,0.0,6.0,4.5,5,urban,2,5,0.1,0.0,0.0,2.0,73.6,10.7,17.2,1224.0,13
400,39332.0,1357.0,460.0,59.7,0.0,8.0,8.0,2,rural,2,2,0.1,0.8,0.0,2.5,77.4,183.7,11.8,1369.8,11
3359,21300.0,494.0,662.0,152.0,0.0,6.0,6.0,3,urban,2,2,0.0,0.0,0.0,4.0,55.2,175.0,8.7,426.6,25
46,44147.0,795.0,10022.0,44.5,0.0,3.5,24.0,1,urban,2,2,0.1,0.0,0.0,0.0,77.3,328.5,9.7,1104.3,9
5562,784.0,56.0,275.0,67.0,0.0,9.0,8.0,3,rural,2,2,0.1,0.3,0.0,3.0,68.3,1116.1,5.9,674.0,31
5710,95716.0,5225.0,1064.0,38.0,0.0,5.5,36.0,1,urban,6,2,0.1,0.0,0.0,1.0,79.2,482.5,8.5,1306.4,51
3642,10700.0,248.0,333.0,167.8,0.0,6.0,6.0,3,urban,2,2,0.1,10.0,0.0,4.0,55.2,175.0,8.7,426.6,14
3726,3254.0,351.0,15.0,164.2,0.0,4.0,12.0,4,urban,2,3,0.2,3.0,0.0,4.0,80.8,20.2,10.5,1335.9,37
5628,3674.0,112.0,198.0,144.0,0.0,10.0,6.0,5,urban,6,3,0.1,1.0,0.0,3.0,75.7,302.3,10.7,1258.5,95
2421,24300.0,2052.0,4237.0,108.5,10.0,5.0,12.0,1,rural,7,2,0.2,0.0,0.0,4.5,76.2,315.7,10.5,1319.7,50
1750,1700.0,150.0,250.0,83.0,4.0,4.0,4.0,4,rural,7,3,0.2,0.0,0.0,3.0,75.0,173.3,13.4,1290.5,95
5604,2485.0,205.0,615.0,110.3,0.0,6.0,6.0,5,rural,2,2,0.1,0.0,0.0,3.5,64.0,994.6,6.0,503.4,40
4743,80700.0,2202.0,5239.0,146.0,9.0,6.0,9.0,1,urban,7,2,0.3,1.0,0.0,5.5,78.2,130.1,11.5,1379.0,63
4062,21300.0,2556.0,213.0,92.0,0.0,10.0,12.0,2,urban,2,2,0.4,19.0,0.0,2.0,74.8,41.0,14.4,1427.3,61
338,175695.0,0.0,0.0,61.3,0.0,12.5,7.0,1,urban,2,2,0.0,0.0,0.0,5.0,77.4,181.5,11.5,1387.7,9
215,17000.0,870.0,360.0,71.5,0.0,8.0,12.0,4,urban,2,2,0.1,0.0,0.0,1.5,78.7,3.3,18.3,1576.4,47
3663,56.0,2.0,1.0,295.3,0.0,6.0,4.5,5,urban,2,5,0.4,39.0,0.0,2.0,75.3,4.3,18.5,1295.1,15
1341,5050.0,365.0,400.0,103.0,5.2,5.2,4.0,4,urban,7,3,0.1,0.0,0.0,2.0,75.8,525.0,9.4,1081.6,101
5301,303.0,20.0,40.0,108.7,0.0,6.0,6.0,5,rural,2,2,0.1,0.1,0.0,2.0,66.5,1159.0,5.3,573.7,48
3894,5210.0,502.0,208.0,63.5,3.0,3.0,12.0,3,urban,7,3,0.1,0.0,0.0,4.0,67.5,287.7,8.0,487.5,9
3640,2900.0,100.0,248.0,91.5,0.0,5.0,7.0,4,small urban,6,2,0.1,0.0,0.0,3.0,45.8,90.1,11.1,265.7,85
329,132251.0,3518.0,5687.0,96.7,0.0,12.5,7.0,1,urban,2,2,0.0,0.0,0.0,2.5,77.4,183.7,11.8,1369.8,11
3004,50888.0,3599.0,8445.0,79.0,10.0,4.5,16.0,1,rural,7,5,0.2,0.0,0.0,2.0,75.9,251.0,11.1,1287.3,67
5541,19768.0,1068.0,217.0,89.0,0.0,3.5,16.0,3,rural,6,2,0.2,16.0,0.0,3.5,79.2,482.5,8.5,1306.4,77
3115,66000.0,4637.0,6187.0,69.4,0.0,20.0,17.0,1,urban,6,3,0.1,8.0,0.0,3.5,76.7,0.0,22.3,1087.2,19
5607,300.0,26.0,55.0,147.0,0.0,6.0,7.0,3,rural,2,3,0.1,1.0,0.0,3.0,68.8,1363.6,4.6,601.2,67
2322,36146.0,1889.0,8894.0,69.0,13.0,1.0,49.0,1,rural,7,3,0.2,0.0,0.0,13.0,78.1,387.4,9.0,1321.0,26
4197,58400.0,6061.0,16322.0,181.0,10.3,0.0,3.4,1,rural,3,5,0.0,0.0,0.2,0.0,79.3,1.4,20.3,1148.6,52
3549,106500.0,2393.0,1121.0,48.0,0.0,14.0,9.0,3,urban,6,3,0.0,0.0,0.0,4.5,76.7,0.0,22.3,1087.2,17
1458,16336.0,341.0,355.0,141.0,5.5,5.5,4.0,3,urban,7,3,0.0,32.0,0.0,2.0,74.6,340.0,11.3,1100.3,101
171,34000.0,1040.0,1760.0,45.7,0.0,10.5,8.0,2,urban,2,2,0.2,37.7,0.0,2.0,76.1,37.6,15.3,1328.6,41
4203,44400.0,5798.0,6593.0,57.5,0.0,7.0,6.1,1,urban,2,2,0.3,1.6,0.0,0.0,80.3,1.7,19.5,1363.8,19
4853,12900.0,664.0,498.0,100.0,8.0,3.0,8.0,2,urban,7,2,0.1,1.0,0.0,3.0,77.8,330.7,9.9,1303.1,84
3569,222632.0,10286.0,8305.0,99.0,9.0,5.0,6.0,1,urban,7,3,0.1,0.0,0.0,2.0,75.0,135.7,12.8,1354.6,53
4226,114700.0,3785.0,14108.0,48.0,10.0,8.0,16.0,1,rural,7,2,0.0,0.0,0.0,4.0,73.1,25.0,15.8,1161.8,17
4726,54200.0,2878.0,2157.0,153.0,9.0,2.0,9.0,2,urban,7,2,0.3,0.0,0.0,3.0,77.6,254.6,10.4,1398.8,55
4772,119700.0,9084.0,13027.0,65.2,9.0,2.0,9.0,1,urban,7,2,0.2,0.0,0.0,2.5,78.2,130.1,11.5,1379.0,51
938,12166.0,610.0,895.0,111.0,0.0,9.2,7.4,2,small urban,6,2,0.1,46.0,0.0,1.8,64.8,185.7,9.3,496.9,70
60,57000.0,830.0,2860.0,42.9,8.0,7.0,4.0,1,urban,2,2,0.1,0.0,0.0,7.0,73.6,37.4,14.9,1257.3,50
1240,14261.0,542.0,185.0,65.8,0.0,8.0,20.0,3,urban,6,2,0.3,0.0,0.0,1.2,80.9,756.2,6.8,1362.0,20
4842,12700.0,649.0,238.0,173.0,0.0,9.0,17.0,4,urban,6,5,0.2,10.0,0.0,2.5,77.6,254.6,10.4,1398.8,41
2120,27640.0,1371.0,9106.0,34.0,13.0,8.5,21.0,1,rural,7,3,0.1,0.0,0.0,5.0,78.2,418.6,9.2,1374.7,27
1524,3370.0,140.0,360.0,56.5,0.0,10.5,9.5,3,rural,6,5,0.1,22.7,0.0,1.0,72.8,115.4,14.4,992.8,66
153,6300.0,300.0,160.0,66.5,0.0,5.5,11.0,3,small urban,2,2,0.2,20.0,0.0,4.0,77.1,23.2,15.7,1383.6,41
481,7349.0,367.0,96.0,160.0,0.0,6.0,22.0,4,urban,2,2,0.2,0.0,0.0,1.0,81.2,622.0,7.4,1444.6,8
4460,6900.0,99.0,60.0,102.0,0.0,3.0,8.0,3,urban,2,2,0.1,8.0,0.0,0.0,77.0,0.1,21.7,1191.9,19
3920,25600.0,2048.0,768.0,84.2,0.0,8.0,6.0,3,urban,2,5,0.3,5.0,0.0,2.0,73.3,10.8,17.4,1213.1,55
1762,48508.0,791.0,3395.0,53.0,0.0,4.0,23.0,1,urban,2,5,0.1,2.0,0.0,1.5,76.3,330.1,10.3,1280.2,17
750,27062.0,517.0,656.0,68.0,0.0,10.8,16.0,1,small urban,6,2,0.1,0.0,0.0,3.5,76.6,1242.9,5.0,925.9,58
1785,9183.0,181.0,3.0,172.0,0.0,8.5,15.0,4,urban,2,2,0.0,0.0,0.0,2.5,76.3,330.1,10.3,1280.2,72
4501,325.0,20.0,61.0,194.0,0.0,2.8,5.0,3,small urban,2,2,0.1,0.0,0.0,3.0,75.2,12.2,18.3,1304.5,50
2711,13602.0,912.0,1468.0,107.0,10.0,5.0,18.0,1,rural,7,3,0.1,14.0,0.0,2.0,78.1,451.6,8.9,1382.0,48
4685,8200.0,556.0,70.0,172.0,0.0,11.0,9.0,4,urban,6,3,0.3,32.0,0.0,2.5,77.8,397.1,9.3,1337.7,106
4193,2600.0,52.0,24.0,157.5,0.0,6.0,4.5,5,small urban,2,5,0.1,11.0,0.0,2.0,73.8,27.5,15.5,1206.3,58
1333,2600.0,374.0,793.0,72.5,0.0,8.5,28.0,3,rural,6,2,0.2,0.0,0.0,5.0,70.0,77.6,9.9,442.0,61
5159,4640.0,132.0,42.0,197.0,0.0,10.0,6.0,4,urban,6,3,0.1,2.0,0.0,2.0,75.6,317.4,10.8,1179.5,75
2854,24084.0,1271.0,11148.0,51.7,10.0,4.0,8.0,1,rural,7,2,0.1,0.0,0.0,1.5,78.8,496.7,8.4,1374.0,60
186,9800.0,580.0,1410.0,40.8,0.0,12.0,16.0,2,small urban,2,3,0.2,0.0,0.0,1.5,73.2,20.9,16.3,1268.0,24
1136,650.0,37.0,6.0,200.5,0.0,1.5,7.0,5,urban,2,2,0.1,0.5,0.0,3.0,77.6,254.6,10.4,1398.8,13
2058,23580.0,1000.0,7694.0,74.0,10.0,4.0,21.0,1,rural,7,5,0.2,0.0,0.0,9.0,77.6,459.1,8.7,1412.2,57
4855,13934.0,1254.0,1198.0,150.7,0.0,6.0,12.0,3,small urban,2,2,0.2,3.0,0.0,1.5,42.5,5.3,18.7,344.6,73
148,16000.0,630.0,790.0,99.0,0.0,9.0,8.0,4,small urban,2,2,0.2,2.0,0.0,1.5,74.4,29.9,15.5,1271.0,61
4124,8471.0,508.0,85.0,181.0,0.0,7.0,6.0,4,urban,6,2,0.1,0.0,0.0,2.0,83.1,56.9,8.5,2080.8,37
3363,3500.0,80.0,107.0,269.0,0.0,4.0,15.0,6,urban,2,2,0.1,5.0,0.0,3.2,57.1,226.3,8.0,716.8,28
2866,21379.0,1031.0,9556.0,93.0,13.0,4.0,31.0,1,rural,7,3,0.2,0.0,0.0,4.0,78.8,496.7,8.4,1374.0,36
3776,1750.0,135.0,24.0,241.5,0.0,6.0,4.5,5,urban,2,5,0.4,6.0,0.0,2.0,77.1,9.5,17.4,1306.2,19
1386,2250.0,142.0,151.0,284.0,8.0,6.0,14.0,4,rural,6,2,0.1,0.0,0.0,1.5,76.6,1368.6,4.3,909.5,31
5485,22977.0,1241.0,253.0,165.0,0.0,6.0,36.0,4,small urban,6,2,0.4,1.0,0.0,6.0,80.2,695.0,7.0,1299.6,17
4794,20300.0,310.0,147.0,350.0,0.0,9.0,17.0,4,urban,6,5,0.4,5.0,0.0,2.5,77.6,254.6,10.4,1398.8,28
3629,2325.0,55.0,76.0,101.9,0.0,4.0,8.0,4,rural,2,2,0.6,13.0,0.0,2.0,75.2,14.3,16.9,1306.1,38
5217,19650.0,585.0,606.0,234.2,0.0,10.0,6.0,4,urban,6,3,0.4,3.2,0.0,2.0,76.5,393.3,9.8,1269.4,75
3028,54944.0,3943.0,6443.0,55.8,10.0,4.5,18.0,1,urban,7,3,0.2,0.0,0.0,2.0,75.9,251.0,11.1,1287.3,74
2969,32295.0,362.0,2221.0,57.0,0.0,10.5,18.0,1,urban,2,2,0.2,0.0,0.0,2.0,77.2,390.2,9.5,1399.2,71
5034,1932.0,112.0,423.0,66.4,0.0,4.7,7.9,3,rural,2,2,0.2,0.4,0.0,4.7,64.6,689.2,5.3,532.8,14
1708,11900.0,525.0,5960.0,61.7,5.5,5.5,4.0,1,rural,7,3,0.0,0.0,0.0,2.0,75.0,146.6,13.7,1254.8,65
2953,646.0,21.0,25.0,200.0,0.0,6.5,1.0,5,urban,2,5,0.1,3.0,0.0,1.5,76.2,315.7,10.5,1319.7,90
454,7307.0,314.0,599.0,74.9,0.0,8.0,20.0,3,rural,2,2,0.1,0.0,0.0,1.2,84.0,1194.9,3.9,1448.3,8
609,45324.0,1314.0,893.0,63.7,0.0,7.8,6.0,2,urban,6,2,0.4,0.6,0.0,1.8,82.4,9.5,10.6,888.4,43
4263,13215.0,650.0,480.0,359.0,6.0,2.0,6.0,3,urban,7,2,0.4,40.3,0.0,2.0,79.2,145.3,10.8,1498.0,34
4913,8419.0,154.0,132.0,46.5,0.0,4.7,9.8,3,rural,2,2,0.2,0.0,0.0,4.7,72.2,1021.2,2.8,812.6,13
2074,24958.0,1826.0,5823.0,57.3,10.0,4.0,23.0,1,rural,7,5,0.1,0.0,0.0,3.5,77.6,459.1,8.7,1412.2,57
4052,1433.0,99.0,19.0,75.1,0.0,4.0,10.0,3,rural,2,2,0.1,2.2,0.0,3.0,57.5,384.1,8.8,540.4,58
4713,14800.0,517.0,268.0,228.0,0.0,8.0,6.0,3,urban,6,3,0.1,22.0,0.0,2.5,77.8,330.7,9.9,1303.1,63
1622,7558.0,767.0,248.0,94.0,5.5,5.5,4.0,3,urban,7,3,0.1,0.0,0.0,2.0,74.0,199.5,13.0,1240.3,93
5078,3796.0,68.0,117.0,77.3,0.0,7.8,22.0,3,small urban,2,2,0.1,0.0,0.0,7.8,59.9,591.7,8.1,467.0,77
40,25645.0,462.0,5848.0,73.2,9.5,0.0,16.0,1,rural,3,2,0.0,0.0,0.1,0.0,76.4,476.1,9.1,1098.0,22
2089,570.0,28.0,1.0,147.0,0.0,6.0,8.0,5,small urban,2,2,0.0,6.0,0.0,2.0,77.6,459.1,8.7,1412.2,86
3924,4300.0,67.0,28.0,88.0,0.0,6.0,4.5,5,small urban,2,5,0.5,1.0,0.0,2.0,73.3,10.8,17.4,1213.1,80
2175,37103.0,3066.0,9679.0,60.0,10.0,7.0,18.0,1,urban,7,5,0.2,0.0,0.0,5.0,77.7,393.9,9.3,1382.1,59
74,95000.0,3420.0,5930.0,47.0,11.5,1.5,10.0,1,urban,2,2,0.2,0.0,0.0,1.5,74.2,49.8,14.6,1219.1,33
4639,17600.0,350.0,928.0,135.8,9.0,8.0,15.0,3,urban,7,2,0.2,14.8,0.0,2.5,77.8,330.7,9.9,1303.1,77
5717,6778.0,62.0,18.0,233.5,0.0,10.0,6.0,5,urban,6,3,0.2,10.5,0.0,2.0,75.8,280.2,11.5,1194.5,75
2657,661.0,18.0,2.0,229.0,0.0,6.5,8.0,5,urban,2,2,0.1,0.0,0.0,2.0,78.1,520.3,8.1,1384.8,73
3180,8672.0,418.0,570.0,51.5,0.0,6.2,10.0,2,rural,6,2,0.2,0.0,0.0,1.8,85.1,0.8,10.3,2452.7,60
2076,39457.0,2294.0,3278.0,67.0,9.0,4.0,9.0,1,urban,7,3,0.2,0.0,0.0,4.0,77.6,459.1,8.7,1412.2,54
441,6099.0,421.0,311.0,69.7,0.0,6.0,22.0,3,rural,6,2,0.2,0.0,0.0,1.5,81.2,846.6,6.4,1370.8,43
2051,20696.0,566.0,9369.0,71.0,10.0,4.0,21.0,1,rural,7,5,0.2,0.0,0.0,2.0,77.6,459.1,8.7,1412.2,57
2541,46619.0,3676.0,10018.0,233.3,10.0,4.5,16.0,1,urban,7,3,0.2,5.7,0.0,4.0,77.3,280.3,10.6,1358.9,67
1301,41891.0,2145.0,516.0,56.5,0.0,8.5,1.0,3,small urban,6,3,0.1,2.4,0.0,2.0,76.0,76.6,13.8,1287.2,54
3430,2600.0,61.0,82.0,195.0,0.0,6.0,6.0,6,small urban,2,2,0.1,0.0,0.0,4.0,55.2,175.0,8.7,426.6,15
1304,11900.0,597.0,218.0,60.7,0.0,10.0,9.0,3,rural,6,2,0.1,0.7,0.0,2.0,76.0,76.6,13.8,1287.2,100
236,41343.0,1559.0,848.0,107.3,0.0,11.0,9.0,2,urban,2,2,0.1,1.7,0.0,2.0,77.4,181.5,11.5,1387.7,60
4828,52600.0,895.0,458.0,70.0,9.0,3.0,9.0,1,urban,7,2,0.1,0.0,0.0,2.5,77.6,254.6,10.4,1398.8,54
2599,63307.0,3119.0,7145.0,70.0,0.0,7.5,12.0,1,urban,2,2,0.1,0.0,0.0,2.0,77.7,393.9,9.3,1382.1,59
4616,23900.0,1067.0,610.0,115.5,8.0,4.0,10.0,3,urban,7,2,0.2,17.0,0.0,2.5,78.2,130.1,11.5,1379.0,47
2573,46234.0,2081.0,7661.0,136.0,13.0,0.0,12.0,1,urban,3,2,0.0,0.0,0.0,13.0,77.7,393.9,9.3,1382.1,28
3280,10000.0,238.0,319.0,123.0,0.0,6.0,12.0,3,small urban,2,2,0.1,0.0,0.0,2.8,52.6,323.4,8.4,409.8,26
3186,17000.0,279.0,164.0,228.0,0.0,3.0,4.0,4,urban,2,2,0.1,0.0,0.0,4.0,34.9,3.2,16.2,250.8,21
3953,2508.0,143.0,260.0,243.0,0.0,3.5,10.0,3,urban,6,2,0.1,2.0,0.0,1.0,59.6,60.5,12.1,451.3,45
2768,18074.0,1041.0,3787.0,47.5,0.0,8.0,26.0,1,rural,2,5,0.1,0.0,0.0,6.5,76.2,296.0,10.5,1308.9,55
4223,88300.0,1713.0,1501.0,50.6,12.0,13.0,10.0,1,urban,7,5,0.0,0.1,0.0,2.0,73.1,25.0,15.8,1161.8,50
2106,24373.0,1862.0,8020.0,191.0,13.0,4.5,21.0,1,rural,7,5,0.3,1.5,0.0,3.5,78.2,418.6,9.2,1374.7,38
2679,18087.0,1571.0,4010.0,33.3,10.0,6.5,18.0,1,rural,7,3,0.1,0.0,0.0,2.0,78.1,451.6,8.9,1382.0,56
2761,18074.0,1041.0,3787.0,45.0,0.0,8.0,26.0,1,rural,2,5,0.1,0.0,0.0,6.5,76.2,296.0,10.5,1308.9,55
1387,446.0,18.0,11.0,249.0,0.0,4.0,11.0,6,small urban,2,2,0.1,0.0,0.0,0.0,76.6,1242.9,5.0,925.9,12
5445,13030.0,280.0,412.0,90.2,0.0,9.5,9.0,3,rural,2,5,0.3,0.0,0.0,0.0,75.7,183.9,11.5,1260.9,25
5244,73697.0,3980.0,811.0,48.0,0.0,5.5,36.0,1,urban,6,2,0.2,0.0,0.0,1.5,79.2,482.5,8.5,1306.4,11
1279,3950.0,158.0,95.0,266.0,0.0,5.0,14.0,5,urban,2,2,0.2,0.0,0.0,0.0,76.1,838.2,7.6,1085.5,37
5682,4833.0,170.0,139.0,76.6,0.0,10.0,6.0,4,urban,6,2,0.1,1.0,0.0,2.3,76.5,393.3,9.8,1269.4,95
1555,38200.0,725.0,250.0,120.0,5.5,5.5,4.0,3,urban,7,3,0.1,0.0,0.0,2.0,74.6,437.9,10.5,1053.5,77
5240,22766.0,1230.0,250.0,40.3,0.0,5.5,36.0,1,rural,6,2,0.2,1.9,0.0,1.0,83.6,978.5,5.1,1469.2,67
3190,15200.0,1030.0,410.0,105.0,10.0,0.0,4.0,3,urban,3,3,0.0,0.0,0.0,0.0,72.3,244.0,12.6,1065.9,22
4566,123500.0,5457.0,11463.0,98.0,0.0,6.0,9.0,1,small urban,6,2,0.2,8.0,0.0,1.0,76.8,0.0,22.3,1219.3,64
5440,7685.0,338.0,430.0,81.0,0.0,8.5,8.0,2,urban,2,5,0.2,4.0,0.0,0.0,75.0,72.5,14.2,1234.5,23
3594,12000.0,611.0,373.0,72.0,0.0,2.0,8.0,3,urban,6,2,0.3,1.0,0.0,1.5,76.2,0.0,22.1,1129.0,19
1920,20139.0,531.0,95.0,89.0,9.0,7.5,15.0,3,urban,7,3,0.2,2.0,0.0,1.5,76.3,364.6,9.7,1122.7,64
513,5408.0,270.0,297.0,98.5,0.0,6.0,18.0,5,rural,6,2,0.2,1.5,0.0,1.0,80.9,756.2,6.8,1362.0,22
4177,6118.0,473.0,427.0,129.0,0.0,5.0,1.0,4,urban,2,2,0.2,1.5,0.0,4.0,82.4,9.5,10.6,888.4,37
1308,67200.0,1882.0,6794.0,65.4,10.0,8.0,16.0,1,rural,7,2,0.1,2.6,0.0,4.0,74.4,17.0,16.1,1271.0,32
914,14354.0,258.0,273.0,63.7,0.0,7.0,11.0,2,urban,2,2,0.1,2.7,0.0,1.8,61.7,584.8,6.5,683.8,62
3452,1000.0,17.0,10.0,214.5,0.0,6.8,13.0,4,urban,2,2,0.1,0.0,0.0,4.0,34.9,3.2,16.2,250.8,11
3695,1316.0,134.0,31.0,194.0,0.0,10.0,3.0,6,urban,2,2,0.1,0.5,0.0,2.0,80.8,20.2,10.5,1335.9,75
4242,28100.0,1967.0,281.0,169.8,0.0,8.0,6.0,3,urban,2,5,0.3,5.2,0.0,2.0,73.1,25.0,15.8,1161.8,19
3156,26858.0,1067.0,1016.0,57.9,0.0,7.3,6.3,2,rural,6,2,0.3,0.0,0.0,1.8,85.0,42.2,8.2,2543.6,60
2198,19788.0,845.0,2534.0,69.0,10.0,4.5,22.0,1,rural,7,5,0.2,0.0,0.0,2.0,78.1,451.6,8.9,1382.0,56
774,6600.0,198.0,73.0,119.0,0.0,2.0,1.0,5,urban,2,3,0.1,8.0,0.0,1.0,77.1,0.0,22.8,1134.1,14
4425,210000.0,6297.0,8403.0,46.0,0.0,7.0,10.0,1,urban,2,2,0.0,0.0,0.0,0.0,76.4,0.0,22.1,1216.0,22
943,673.0,7.0,55.0,94.0,0.0,4.0,18.0,3,rural,2,2,0.2,3.1,0.0,3.5,55.8,281.8,10.0,556.8,26
822,6064.0,327.0,49.0,107.7,0.0,6.0,16.0,5,rural,6,2,0.3,1.0,0.0,1.0,80.9,756.2,6.8,1362.0,18
4277,68743.0,1774.0,1409.0,122.5,0.0,11.7,4.8,2,urban,6,2,0.3,15.0,0.0,6.0,80.8,20.2,10.5,1335.9,48
164,41000.0,1620.0,2380.0,53.0,0.0,12.0,8.0,2,urban,2,2,0.2,35.2,0.0,1.0,77.2,35.2,15.4,1361.1,41
4547,30000.0,1062.0,648.0,148.0,0.0,3.0,8.0,3,urban,2,2,0.3,8.0,0.0,0.0,76.1,0.0,23.6,1322.7,11
3983,12900.0,503.0,452.0,69.2,0.0,4.0,8.0,4,rural,2,2,0.3,1.0,0.0,2.0,73.6,10.7,17.2,1224.0,23
2538,46619.0,3676.0,10018.0,148.8,10.0,4.5,16.0,1,urban,7,3,0.1,5.0,0.0,4.0,77.3,280.3,10.6,1358.9,67
5555,700.0,40.0,105.0,144.1,0.0,5.0,5.0,5,rural,2,2,0.1,0.0,0.0,1.5,64.7,841.2,6.8,580.9,45
1311,16600.0,332.0,166.0,132.0,0.0,8.0,6.0,3,urban,2,5,0.4,14.5,0.0,2.0,74.4,17.0,16.1,1271.0,59
5267,7305.0,320.0,1460.0,53.0,9.0,3.0,8.0,1,small urban,7,3,0.1,0.0,0.0,3.0,62.8,691.9,7.3,553.5,25
4830,38500.0,1852.0,2418.0,44.3,0.0,12.0,19.0,1,urban,6,5,0.1,0.0,0.0,3.5,78.2,216.0,10.4,1435.3,67
5383,20857.0,1126.0,230.0,74.0,0.0,3.0,24.0,3,urban,6,2,0.1,10.0,0.0,2.0,79.2,482.5,8.5,1306.4,54
3300,1100.0,62.0,10.0,133.0,0.0,2.0,11.0,5,urban,2,2,0.0,0.0,0.0,2.0,78.2,216.0,10.4,1435.3,65
3310,43691.0,1573.0,319.0,65.0,0.0,13.5,6.0,2,urban,6,2,0.2,6.0,0.0,4.0,76.4,164.6,12.2,1390.6,27
327,17090.0,680.0,229.0,171.0,0.0,8.0,8.0,3,urban,7,2,0.1,1.0,0.0,3.0,78.9,73.1,12.7,1323.9,55
2490,23478.0,1437.0,5250.0,91.0,13.0,0.0,24.0,1,rural,3,2,0.0,0.0,0.0,13.0,79.0,516.1,8.1,1394.0,31
5435,23548.0,555.0,198.0,98.0,0.0,15.5,8.0,4,urban,2,5,0.2,4.0,0.0,3.2,74.6,89.5,13.7,1244.3,19
4408,5431.0,307.0,102.0,157.0,0.0,3.0,2.0,5,small urban,6,2,0.2,9.0,0.0,2.0,69.7,269.2,8.3,666.7,37
832,5756.0,345.0,495.0,202.5,0.0,6.0,8.0,2,rural,2,3,0.2,15.5,0.0,6.0,66.9,891.6,7.5,666.6,20
3079,39352.0,1807.0,1409.0,60.5,0.0,15.0,9.0,2,rural,6,3,0.2,0.0,0.0,1.5,75.5,224.4,11.6,1318.4,40
3462,27000.0,633.0,850.0,310.0,0.0,6.0,6.0,3,urban,2,2,0.3,5.0,0.0,4.0,55.2,175.0,8.7,426.6,21
5079,123.0,3.0,5.0,88.2,0.0,4.8,11.9,3,rural,2,2,0.1,2.5,0.0,4.8,59.5,555.4,7.9,534.2,49
54,25906.0,518.0,1502.0,89.0,0.0,7.5,24.0,3,urban,2,2,0.2,0.0,0.0,0.0,76.0,433.6,9.5,1045.2,12
4064,21300.0,2556.0,213.0,98.4,0.0,10.0,12.0,2,urban,2,2,0.6,34.0,0.0,2.0,74.8,41.0,14.4,1427.3,44
3451,17000.0,287.0,168.0,77.2,0.0,4.8,13.0,4,urban,2,2,0.1,12.5,0.0,4.0,34.9,3.2,16.2,250.8,30
1901,39745.0,2825.0,4023.0,92.0,12.0,4.5,22.0,1,urban,7,5,0.2,0.0,0.0,4.5,76.3,364.6,9.7,1122.7,40
1481,6661.0,902.0,286.0,87.0,5.5,5.5,4.0,4,urban,7,3,0.1,0.0,0.0,3.0,73.7,245.5,12.5,1221.6,92
4150,3200.0,144.0,128.0,316.9,0.0,4.0,8.0,5,rural,2,2,1.1,67.0,0.0,2.0,73.8,27.5,15.5,1206.3,17
3335,101500.0,4305.0,5744.0,50.1,0.0,2.0,8.0,1,urban,6,2,0.1,1.0,0.0,1.5,77.8,0.0,23.3,1122.2,11
946,954.0,35.0,237.0,164.6,0.0,5.1,13.6,3,rural,2,2,0.2,14.7,0.0,6.4,63.8,450.2,9.7,753.4,25
3293,4000.0,92.0,124.0,203.0,0.0,6.0,6.0,6,urban,2,2,0.1,0.0,0.0,4.0,55.2,175.0,8.7,426.6,23
2161,22419.0,1570.0,10686.0,38.5,10.0,4.0,26.0,1,rural,7,5,0.1,0.0,0.0,2.0,77.3,415.3,9.1,1356.6,56
4909,17828.0,154.0,132.0,94.9,0.0,7.5,12.6,3,small urban,2,2,0.2,2.9,0.0,4.7,72.2,1021.2,2.8,812.6,44
3057,11000.0,277.0,40.0,50.0,0.0,2.0,18.0,2,rural,6,2,0.1,0.0,0.0,2.0,78.2,216.0,10.4,1435.3,10
768,60000.0,1185.0,5260.0,43.1,10.5,17.0,15.8,1,rural,6,2,0.1,0.3,0.0,3.0,72.9,996.8,7.0,1113.8,69
5454,10949.0,321.0,1246.0,79.0,0.0,14.8,11.3,2,rural,2,5,0.4,0.0,0.0,1.5,74.4,82.7,13.6,1245.8,30
3495,3300.0,395.0,65.0,149.0,0.0,5.0,9.0,4,rural,6,2,0.3,27.0,0.0,2.0,84.5,13.2,10.1,1428.7,78
285,7052.0,286.0,92.0,129.2,8.0,2.0,8.0,3,small urban,7,2,0.2,3.7,0.0,2.0,77.4,138.2,12.4,1389.2,103
5727,8347.0,451.0,91.0,85.0,0.0,3.0,12.0,3,urban,6,2,0.2,4.5,0.0,1.0,81.9,776.7,6.5,1396.5,27
4524,1214.0,261.0,7.0,161.9,0.0,4.0,12.0,4,urban,2,2,0.1,1.4,0.0,1.0,79.3,351.1,5.4,1016.7,37
5156,2142.0,69.0,173.0,84.0,0.0,10.0,6.0,6,urban,6,3,0.1,1.0,0.0,2.0,75.6,317.4,10.8,1179.5,75
2332,41948.0,1847.0,7879.0,57.0,13.0,4.5,31.0,1,rural,7,3,0.1,0.0,0.0,4.5,78.1,387.4,9.0,1321.0,38
2717,8355.0,531.0,53.0,72.5,9.0,9.0,9.0,4,urban,7,3,0.0,0.0,0.0,2.0,78.1,451.6,8.9,1382.0,72
2079,39457.0,2294.0,3278.0,55.0,9.0,4.0,9.0,1,urban,7,3,0.3,0.0,0.0,4.0,77.6,459.1,8.7,1412.2,54
3389,840.0,29.0,72.0,58.0,0.0,7.5,8.0,3,rural,6,3,0.1,0.0,0.0,2.0,41.8,105.5,10.7,263.8,29
722,13867.0,1761.0,2191.0,110.5,0.0,9.0,28.0,1,urban,6,2,0.2,3.2,0.0,1.2,81.2,622.0,7.4,1444.6,35
951,2000.0,119.0,20.0,336.0,0.0,3.0,1.0,5,urban,6,5,0.1,3.0,0.0,1.5,78.2,130.1,11.5,1379.0,45
5048,19074.0,722.0,2055.0,60.0,0.0,12.7,12.0,1,urban,2,2,0.6,1.0,0.0,12.7,74.3,731.9,4.7,651.7,59
2262,100356.0,4208.0,4185.0,63.0,0.0,4.0,16.0,1,urban,2,5,0.2,0.0,0.0,1.5,76.5,209.7,11.6,1454.3,34
989,9800.0,454.0,570.0,109.5,0.0,6.5,7.0,3,rural,6,2,0.2,0.0,0.0,2.0,73.2,1178.0,5.8,856.0,33
3212,20000.0,580.0,1716.0,81.9,0.0,7.0,7.0,3,rural,2,2,0.1,0.7,0.0,3.0,34.9,3.2,16.2,250.8,14
1759,18300.0,1000.0,800.0,77.0,5.5,5.5,4.0,3,urban,7,3,0.1,0.0,0.0,3.0,75.6,458.4,10.0,1082.1,84
4755,165200.0,2182.0,3727.0,40.5,0.0,13.0,19.0,1,urban,6,5,0.1,0.0,0.0,3.5,77.6,254.6,10.4,1398.8,37
4422,38668.0,1290.0,605.0,73.7,0.0,3.0,10.0,3,urban,2,2,0.1,0.0,0.0,0.0,76.4,0.0,22.1,1216.0,14
1724,18760.0,888.0,348.0,173.0,4.0,4.0,4.0,3,urban,7,3,0.1,5.0,0.0,2.0,75.3,321.4,11.2,1195.7,122
341,193396.0,0.0,0.0,117.0,0.0,12.5,7.0,1,urban,2,2,0.1,0.0,0.0,5.0,77.4,181.5,11.5,1387.7,9
3701,12566.0,628.0,251.0,88.3,0.0,8.0,6.0,3,urban,2,2,0.1,0.3,0.0,3.0,80.8,20.2,10.5,1335.9,37
4243,18654.0,2329.0,187.0,183.3,0.0,8.0,6.0,3,urban,2,5,0.2,15.0,0.0,2.0,73.1,25.0,15.8,1161.8,14
688,1300.0,147.0,447.0,91.4,0.0,10.0,8.0,3,rural,6,2,0.2,0.0,0.0,2.5,56.8,162.7,8.7,418.2,47
3432,47666.7,1033.0,605.0,149.3,0.0,5.0,7.0,6,urban,2,2,0.1,0.0,0.0,4.0,34.9,3.2,16.2,250.8,10
966,810.0,23.0,60.0,148.0,0.0,4.9,5.6,4,rural,6,2,0.3,6.0,0.0,1.7,68.6,264.3,6.8,551.6,85
5480,25680.0,1387.0,283.0,66.0,0.0,2.0,25.0,3,small urban,6,2,0.3,0.0,0.0,1.0,80.2,695.0,7.0,1299.6,60
2203,19263.0,1461.0,3725.0,45.0,10.0,4.0,22.0,1,rural,7,5,0.2,0.0,0.0,2.0,78.1,451.6,8.9,1382.0,57
2713,13602.0,912.0,1468.0,76.8,9.0,5.0,21.0,1,rural,7,3,0.1,0.2,0.0,2.0,78.1,451.6,8.9,1382.0,48
5105,1071.0,11.0,72.0,65.0,0.0,6.0,12.0,5,rural,2,2,0.1,0.8,0.0,6.0,76.8,722.0,4.4,1027.7,50
5303,348.0,21.0,6.0,131.9,0.0,6.0,6.0,5,rural,2,2,0.1,0.6,0.0,2.0,66.1,980.8,6.4,611.0,34
3572,28650.0,1101.0,118.0,149.0,9.0,5.0,6.0,3,urban,7,2,0.2,3.0,0.0,3.0,75.0,135.7,12.8,1354.6,66
1990,33301.0,3121.0,4154.0,82.5,10.0,4.0,18.0,1,rural,7,5,0.2,0.0,0.0,2.0,77.6,395.4,9.5,1362.7,61
4120,18400.0,1250.0,310.0,184.0,0.0,7.0,8.0,3,urban,2,2,0.6,14.5,0.0,0.0,70.3,169.2,7.3,532.3,8
4750,87100.0,2956.0,5680.0,82.0,10.0,7.0,12.0,1,urban,7,2,0.1,0.0,0.0,1.0,77.6,254.6,10.4,1398.8,11
5498,2002.0,108.0,22.0,348.0,0.0,3.0,32.0,5,small urban,6,2,0.4,17.0,0.0,1.0,81.9,776.7,6.5,1396.5,49
3600,25441.0,2039.0,1243.0,51.0,0.0,2.0,8.0,3,urban,6,2,0.1,1.0,0.0,1.5,76.2,0.0,22.1,1129.0,19
5289,15510.0,650.0,3050.0,94.6,10.0,0.0,8.0,1,rural,3,2,0.0,0.0,0.0,0.0,69.0,1122.7,6.1,696.1,23
5772,1953.0,71.0,51.0,58.0,0.0,8.0,18.0,3,small urban,2,2,0.1,0.0,0.0,2.0,67.2,1075.7,6.0,622.1,87
4774,122900.0,9119.0,12024.0,107.0,0.0,14.0,22.0,1,urban,6,5,0.2,12.0,0.0,1.8,77.8,330.7,9.9,1303.1,46
385,7971.0,430.0,295.0,88.0,0.0,8.0,8.0,2,urban,2,2,0.1,0.0,0.0,5.0,78.8,44.6,13.3,1281.0,21
5054,26930.0,341.0,1790.0,50.4,0.0,12.4,24.0,1,small urban,2,2,0.1,0.0,0.0,2.4,74.5,1590.4,0.5,711.8,59
5291,77560.0,1076.0,4095.0,77.8,10.0,0.0,12.0,1,urban,3,2,0.0,0.0,0.0,0.0,69.0,1122.7,6.1,696.1,35
536,6930.0,416.0,132.0,65.8,0.0,6.0,16.0,4,rural,6,2,0.2,0.5,0.0,2.0,83.4,216.1,7.8,1441.1,35
5411,21160.0,459.0,3696.0,47.8,0.0,10.0,5.0,1,rural,2,5,0.1,0.0,0.0,1.5,75.5,66.6,14.2,1246.1,12
4212,1700.0,243.0,551.0,121.8,0.0,9.3,14.6,3,rural,6,2,0.2,7.8,0.0,4.9,52.9,278.4,8.1,560.1,50
3507,12600.0,654.0,605.0,161.6,0.0,4.0,8.0,4,rural,2,2,0.2,45.0,0.0,2.0,75.4,10.8,17.3,1243.9,84
201,15000.0,780.0,2270.0,47.2,0.0,9.5,8.0,3,rural,2,2,0.3,0.0,0.0,0.0,73.9,25.5,15.9,1204.9,16
1332,5900.0,259.0,81.0,240.0,0.0,6.0,5.0,4,urban,2,2,0.1,8.0,0.0,2.0,77.6,254.6,10.4,1398.8,84
3502,10800.0,182.0,106.0,201.5,0.0,4.0,13.0,6,urban,2,2,0.1,0.0,0.0,4.0,34.9,3.2,16.2,250.8,24
2708,13602.0,912.0,1468.0,120.0,10.0,5.0,18.0,1,rural,7,3,0.2,6.0,0.0,2.0,78.1,451.6,8.9,1382.0,48
4662,33900.0,1672.0,956.0,75.0,8.0,4.0,10.0,3,urban,7,2,0.1,0.0,0.0,2.5,77.6,254.6,10.4,1398.8,54
4021,20500.0,791.0,460.0,113.8,0.0,2.0,10.0,3,urban,6,2,0.1,8.0,0.0,1.0,76.6,0.2,21.5,1123.5,20
1854,26013.0,2737.0,1757.0,120.0,10.0,4.5,16.0,1,rural,7,3,0.2,0.2,0.0,4.5,77.2,299.4,10.4,1358.6,64
5180,9292.0,203.0,267.0,135.0,0.0,10.0,6.0,4,urban,6,3,0.2,11.7,0.0,2.0,75.6,310.8,10.9,1231.6,75
2872,300.0,28.0,4.0,200.5,0.0,6.0,6.0,5,rural,2,2,0.2,0.0,0.0,2.0,78.8,496.7,8.4,1374.0,125
3030,54944.0,3943.0,6443.0,52.7,10.0,4.5,18.0,1,urban,7,3,0.2,0.0,0.0,2.0,75.9,251.0,11.1,1287.3,74
1205,12300.0,428.0,369.0,48.1,0.0,6.0,7.0,2,small urban,2,2,0.2,0.0,0.0,0.0,73.2,1178.0,5.8,856.0,20
1645,1100.0,14.0,13.0,294.0,0.0,4.0,7.0,4,urban,2,2,0.1,0.3,0.0,1.5,77.6,254.6,10.4,1398.8,78
3417,9400.0,158.0,93.0,198.0,0.0,3.0,13.0,4,urban,2,2,0.2,0.0,0.0,4.0,34.9,3.2,16.2,250.8,21
3476,39549.0,1670.0,668.0,236.5,0.0,3.0,6.0,3,urban,6,2,0.4,6.0,0.0,3.0,59.1,62.4,12.3,438.0,25
2861,21379.0,1031.0,9556.0,76.0,13.0,4.0,23.0,1,rural,7,3,0.1,0.0,0.0,4.0,78.8,496.7,8.4,1374.0,36
1792,21489.0,1317.0,1128.0,63.0,0.0,4.0,17.0,1,rural,2,5,0.2,0.0,0.0,2.5,75.9,339.0,10.3,1231.6,26
3797,22850.0,1276.0,1170.0,55.1,0.0,7.5,3.0,3,rural,6,3,0.1,0.4,0.0,2.0,77.2,90.4,13.6,1329.9,59
3368,1000.0,5.0,3.0,189.5,0.0,3.0,9.0,4,urban,2,2,0.1,8.2,0.0,4.0,34.9,3.2,16.2,250.8,12
3367,340.0,6.0,3.0,152.5,0.0,2.0,5.0,4,urban,2,2,0.1,0.5,0.0,4.0,34.9,3.2,16.2,250.8,28
3533,64742.0,1613.0,266.0,233.2,9.0,3.0,6.0,3,urban,7,2,0.5,27.8,0.0,3.0,74.7,164.3,12.4,1300.1,73
5085,6514.0,226.0,121.0,121.0,0.0,3.1,11.8,4,small urban,2,2,0.3,1.0,0.0,4.7,74.5,1590.4,0.5,711.8,88
3449,3000.0,51.0,30.0,193.3,0.0,4.8,10.0,6,urban,2,2,0.1,3.3,0.0,4.0,34.9,3.2,16.2,250.8,46
603,10092.0,575.0,202.0,75.0,0.0,19.0,23.0,5,urban,6,2,0.1,0.0,0.0,1.0,80.9,756.2,6.8,1362.0,25
3056,20197.0,660.0,390.0,72.6,0.0,3.0,6.0,3,urban,6,5,0.1,3.8,0.0,1.5,78.2,216.0,10.4,1435.3,16
5039,16807.0,974.0,691.0,58.2,0.0,6.0,12.0,3,rural,2,2,0.2,0.0,0.0,5.4,74.5,1590.4,0.5,711.8,11
126,100000.0,2560.0,4120.0,96.0,13.0,0.0,11.0,1,urban,3,3,0.0,0.0,0.0,0.0,75.1,39.5,15.1,1277.7,19
3876,32343.0,2035.0,1728.0,80.2,9.0,4.0,6.0,2,urban,7,2,0.2,2.6,0.0,4.0,,,,,47
2935,55824.0,4546.0,4613.0,133.5,12.0,0.0,8.0,1,urban,3,2,0.0,0.0,0.0,12.0,76.2,315.7,10.5,1319.7,35
4451,24500.0,1309.0,798.0,79.5,0.0,2.0,8.0,3,urban,2,2,0.1,19.0,0.0,0.0,77.0,0.1,21.7,1191.9,19
3531,222372.0,12987.0,6138.0,74.0,0.0,18.0,4.0,1,urban,6,2,0.1,2.5,0.0,2.0,74.7,164.3,12.4,1300.1,36
2730,23856.0,1261.0,6895.0,83.5,10.0,4.0,19.0,1,rural,7,3,0.1,14.0,0.0,4.0,77.6,352.9,9.7,1347.0,60
827,941.0,26.0,211.0,146.9,0.0,7.0,7.0,3,rural,2,2,0.2,15.6,0.0,4.0,61.6,588.3,8.2,570.0,75
1639,5203.0,135.0,107.0,256.0,5.0,5.0,4.0,4,urban,7,3,0.2,0.0,0.0,2.0,74.0,199.5,13.0,1240.3,87
984,6200.0,621.0,593.0,145.1,0.0,7.2,15.0,3,urban,6,2,0.2,16.2,0.0,3.5,76.6,1368.6,4.3,909.5,65
3281,2000.0,68.0,170.0,121.7,0.0,4.0,12.0,4,urban,2,2,0.1,17.0,0.0,4.0,44.6,76.5,10.9,231.4,12
5763,11345.0,231.0,472.0,208.0,11.0,0.0,12.0,3,small urban,3,2,0.0,0.0,0.0,0.0,68.2,1279.8,5.1,626.0,22
2188,18087.0,1571.0,4010.0,67.0,10.0,4.0,18.0,1,rural,7,3,0.2,0.0,0.0,2.0,78.1,451.6,8.9,1382.0,57
5338,8433.0,160.0,5.0,102.0,8.0,0.0,6.0,4,small urban,3,2,0.0,0.0,0.1,9.0,63.7,1237.0,1.8,836.9,38
2443,3282.0,78.0,21.0,80.0,0.0,6.0,10.0,5,small urban,2,2,0.1,0.0,0.0,2.5,76.3,364.6,9.7,1122.7,62
362,12115.0,435.0,252.0,113.0,0.0,5.0,7.0,3,small urban,2,2,0.0,0.0,0.0,4.0,77.6,352.9,9.7,1347.0,63
2349,1879.0,119.0,12.0,84.0,0.0,8.5,10.0,5,rural,2,2,0.2,2.0,0.0,2.5,78.1,387.4,9.0,1321.0,71
345,127898.0,3696.0,7648.0,110.7,0.0,12.5,7.0,1,urban,2,2,0.2,5.0,0.0,4.0,,,,,57
814,2815.0,120.0,425.0,75.6,5.5,5.5,4.0,4,small urban,7,3,0.1,4.6,0.0,2.0,74.2,292.6,11.9,1144.3,93
3205,4500.0,104.0,140.0,154.0,0.0,4.0,10.0,4,urban,2,2,0.1,0.0,0.0,4.5,57.1,226.3,8.0,716.8,35
4812,7200.0,287.0,30.0,130.0,8.0,4.0,10.0,3,urban,7,2,0.1,4.0,0.0,2.5,78.9,489.4,8.6,1569.7,94
5558,2588.0,66.0,46.0,54.3,0.0,7.0,10.0,3,small urban,2,2,0.1,0.0,0.0,3.5,68.2,1279.8,5.1,626.0,27
3325,1995.0,270.0,120.0,129.8,0.0,6.0,8.0,3,rural,2,2,0.4,18.5,0.0,2.0,74.3,15.9,16.5,1203.1,22
4106,1000.0,39.0,2.0,210.0,0.0,6.0,4.5,5,urban,2,5,0.2,6.0,0.0,2.0,73.6,10.7,17.2,1224.0,22
2116,25201.0,1073.0,10084.0,37.0,13.0,8.5,21.0,1,rural,7,5,0.1,0.0,0.0,5.0,78.2,418.6,9.2,1374.7,38
1834,9069.0,400.0,54.0,85.0,9.0,4.0,20.0,5,rural,7,3,0.0,0.0,0.0,4.0,76.8,377.6,9.5,1302.6,55
793,50000.0,1075.0,625.0,52.5,0.0,2.0,1.0,3,urban,6,3,0.1,0.0,0.0,1.0,77.1,0.0,22.8,1134.1,8
5736,5049.0,272.0,55.0,199.0,0.0,3.0,44.0,4,rural,6,2,0.2,26.0,0.0,1.0,81.9,776.7,6.5,1396.5,66
2674,15078.0,1744.0,3028.0,36.0,10.0,6.5,18.0,1,rural,7,3,0.1,0.0,0.0,2.0,78.1,451.6,8.9,1382.0,58
94,156000.0,3530.0,3350.0,49.6,0.0,13.5,10.0,1,urban,2,2,0.2,0.0,0.0,4.0,76.1,28.6,15.6,1328.6,54
4225,114700.0,3785.0,14108.0,46.0,12.0,13.0,10.0,1,urban,7,5,0.1,0.0,0.0,2.0,73.1,25.0,15.8,1161.8,55
3756,5531.0,311.0,71.0,70.0,0.0,5.5,16.0,4,rural,6,3,0.2,0.0,0.0,2.0,75.5,224.4,11.6,1318.4,65
2891,34156.0,2713.0,8594.0,64.0,10.0,6.5,16.0,1,rural,7,3,0.2,0.0,0.0,2.0,76.2,315.7,10.5,1319.7,62
2371,50213.0,1630.0,14355.0,74.0,10.0,4.0,16.0,1,urban,7,3,0.2,0.0,0.0,2.0,76.2,292.1,10.6,1352.2,65
4800,8300.0,130.0,40.0,108.0,0.0,12.0,17.0,4,urban,6,5,0.1,2.0,0.0,3.0,78.2,216.0,10.4,1435.3,34
5136,4843.0,507.0,25.0,343.0,0.0,10.0,6.0,5,urban,6,3,0.2,4.0,0.0,2.0,75.8,280.2,11.5,1194.5,75
3228,22781.0,1114.0,2529.0,75.0,0.0,19.0,4.0,1,rural,6,2,0.4,1.0,0.0,3.0,77.2,378.6,9.5,1368.3,51
2853,28384.0,930.0,10664.0,78.0,0.0,4.0,24.0,1,small urban,2,5,0.1,0.0,0.0,2.5,77.1,370.5,9.6,1309.1,23
2912,28250.0,1834.0,4857.0,85.0,9.0,3.5,15.0,1,urban,7,3,0.0,0.0,0.0,4.0,76.2,315.7,10.5,1319.7,76
1865,26013.0,2737.0,1757.0,92.0,10.0,4.5,16.0,1,urban,7,3,0.1,0.0,0.0,4.5,77.2,299.4,10.4,1358.6,64
4612,14600.0,1058.0,418.0,49.5,8.0,9.0,15.0,3,rural,7,2,0.1,0.0,0.0,3.0,77.8,397.1,9.3,1337.7,64
1857,26013.0,2737.0,1757.0,101.2,10.0,4.5,16.0,1,rural,7,3,0.2,1.5,0.0,4.5,77.2,299.4,10.4,1358.6,64
2645,16098.0,1074.0,3816.0,70.0,10.0,4.5,11.0,1,small urban,7,2,0.1,13.0,0.0,2.5,78.1,520.3,8.1,1384.8,52
2243,38212.0,2436.0,5704.0,79.5,13.0,0.0,8.0,2,rural,3,2,0.0,0.0,0.0,13.0,76.2,296.0,10.5,1308.9,25
2336,26627.0,1074.0,7607.0,57.0,10.0,2.5,28.0,1,rural,7,5,0.2,0.0,0.0,3.0,78.1,387.4,9.0,1321.0,66
950,1280.0,40.0,188.0,139.1,0.0,5.1,13.8,3,rural,2,2,0.4,11.3,0.0,3.9,68.4,700.0,8.6,908.5,75
3068,71446.0,4259.0,7445.0,71.5,0.0,10.5,15.0,1,rural,6,3,0.2,0.0,0.0,2.0,75.5,224.4,11.6,1318.4,58
1120,29400.0,910.0,770.0,35.0,0.0,15.5,14.0,2,small urban,6,5,0.1,0.6,0.0,1.5,71.3,239.3,12.6,1045.7,51
2597,63307.0,3119.0,7145.0,60.3,0.0,7.5,12.0,1,urban,2,2,0.1,0.0,0.0,2.0,77.7,393.9,9.3,1382.1,37
2204,19263.0,1461.0,3725.0,111.0,10.0,4.0,22.0,1,rural,7,5,0.2,0.0,0.0,2.0,78.1,451.6,8.9,1382.0,57
419,26272.0,1103.0,657.0,137.3,0.0,6.0,27.0,4,urban,6,2,0.2,0.0,0.0,3.0,80.9,756.2,6.8,1362.0,36
922,2320.0,172.0,121.0,75.4,0.0,9.0,23.0,4,rural,6,2,0.3,0.0,0.0,1.5,84.1,1442.7,3.1,1231.3,17
1254,11600.0,550.0,375.0,100.0,4.0,4.0,4.0,3,rural,7,3,0.1,34.0,0.0,2.0,73.0,383.7,11.2,1063.6,39
477,6246.0,325.0,125.0,146.0,0.0,8.0,22.0,5,urban,6,2,0.2,0.9,0.0,1.0,80.9,756.2,6.8,1362.0,17
2035,20696.0,566.0,9369.0,71.0,10.0,4.0,21.0,1,rural,7,5,0.2,0.0,0.0,7.5,77.6,459.1,8.7,1412.2,57
1202,3700.0,135.0,253.0,121.0,9.0,6.0,3.0,3,small urban,7,2,0.2,0.0,0.0,3.0,70.5,1173.3,6.0,789.0,94
2626,1513.0,11.0,11.0,181.6,0.0,3.5,4.0,5,urban,2,2,0.1,11.0,0.0,1.5,77.7,393.9,9.3,1382.1,125
5677,4712.0,187.0,252.0,82.4,0.0,3.0,6.0,3,rural,6,2,0.2,15.8,0.0,2.3,76.4,371.3,10.1,1247.1,95
1970,50925.0,4071.0,3956.0,64.5,10.0,6.0,21.0,1,rural,7,5,0.1,0.0,0.0,4.0,77.6,395.4,9.5,1362.7,55
3110,21300.0,1917.0,213.0,73.6,0.0,10.0,12.0,2,urban,2,2,0.4,0.0,0.0,2.0,77.1,0.1,20.0,1448.6,16
4018,380.0,0.0,0.0,112.0,0.0,5.0,4.0,6,small urban,2,2,0.0,0.0,0.0,2.0,87.6,4.0,10.0,1914.9,17
2151,20696.0,566.0,9369.0,50.8,10.0,5.0,21.0,1,rural,7,5,0.1,0.0,0.0,2.0,78.0,463.2,8.7,1363.9,57
3687,5448.0,342.0,530.0,74.0,0.0,10.2,12.0,2,rural,6,2,0.1,0.0,0.0,1.8,69.7,269.2,8.3,666.7,51
1997,29736.0,2982.0,4240.0,65.0,10.0,4.5,18.0,1,rural,7,5,0.2,1.5,0.0,2.5,77.6,395.4,9.5,1362.7,60
4033,78500.0,4418.0,11204.0,51.6,0.0,6.0,12.0,1,urban,6,2,0.1,1.0,0.0,1.0,76.6,0.2,21.5,1123.5,29
5685,3866.0,241.0,370.0,92.5,0.0,14.0,6.0,3,rural,6,3,0.2,10.1,0.0,2.0,74.8,215.8,12.2,1233.4,95
3054,27474.0,817.0,140.0,144.0,10.0,4.5,10.0,4,urban,7,3,0.2,2.0,0.0,1.5,77.4,183.7,11.8,1369.8,61
1248,150.0,9.0,1.0,393.0,0.0,2.0,9.0,5,rural,6,2,0.2,2.0,0.0,2.0,78.9,489.4,8.6,1569.7,70
2192,15299.0,1339.0,3113.0,39.5,0.0,6.0,36.0,1,rural,2,5,0.1,0.0,0.0,2.0,78.1,451.6,8.9,1382.0,21
2712,13602.0,912.0,1468.0,80.3,9.0,5.0,21.0,1,rural,7,3,0.1,1.0,0.0,2.0,78.1,451.6,8.9,1382.0,48
992,2450.0,119.0,165.0,56.0,0.0,7.5,13.0,3,rural,6,2,0.1,0.0,0.0,4.0,70.1,1021.8,6.8,816.5,51
2190,15299.0,1339.0,3113.0,102.0,10.0,5.0,18.0,1,rural,7,3,0.2,23.0,0.0,1.0,78.1,451.6,8.9,1382.0,56
4670,21000.0,1077.0,394.0,145.5,0.0,13.0,16.0,4,urban,6,3,0.3,9.0,0.0,2.5,77.6,254.6,10.4,1398.8,50
3762,34300.0,858.0,1475.0,122.7,12.0,0.0,10.0,1,urban,3,5,0.0,3.3,0.0,2.0,77.1,9.5,17.4,1306.2,56
3597,10700.0,232.0,61.0,111.0,0.0,4.0,11.0,4,urban,6,2,0.1,0.0,0.0,2.0,78.2,130.1,11.5,1379.0,66
4711,10000.0,229.0,193.0,121.0,8.0,5.0,11.0,3,rural,7,2,0.1,4.0,0.0,2.5,77.8,397.1,9.3,1337.7,56
1318,20100.0,1128.0,880.0,107.3,0.0,8.0,6.0,3,urban,2,5,0.2,4.8,0.0,2.0,74.4,17.0,16.1,1271.0,19
1863,26013.0,2737.0,1757.0,76.0,10.0,4.5,16.0,1,rural,7,3,0.1,0.0,0.0,4.5,77.2,299.4,10.4,1358.6,64
2343,22832.0,761.0,6592.0,56.7,10.0,2.5,28.0,1,rural,7,5,0.2,0.0,0.0,3.0,78.1,387.4,9.0,1321.0,66
2449,24491.0,2358.0,7494.0,54.0,10.0,4.5,8.0,1,rural,7,2,0.2,0.0,0.0,2.5,78.0,463.2,8.7,1363.9,62
2136,26441.0,945.0,9643.0,87.3,10.0,4.5,28.0,1,rural,7,5,0.2,0.0,0.0,4.5,78.0,463.2,8.7,1363.9,58
1065,108752.0,2708.0,686.0,65.0,10.0,3.0,16.0,2,urban,7,2,0.2,0.0,0.0,2.0,75.0,135.7,12.8,1354.6,23
5751,18350.0,725.0,1050.0,116.2,0.0,9.0,9.0,3,small urban,2,2,0.4,3.8,0.0,5.5,64.0,994.6,6.0,503.4,64
4227,116237.0,1950.0,2761.0,65.8,12.0,13.0,10.0,1,urban,7,5,0.0,0.0,0.0,2.0,73.1,25.0,15.8,1161.8,17
2621,930.0,65.0,0.0,193.0,0.0,4.5,8.0,4,urban,2,2,0.2,9.0,0.0,1.5,77.7,393.9,9.3,1382.1,125
77,140000.0,3740.0,8300.0,56.5,0.0,21.0,9.0,1,urban,2,2,0.2,0.5,0.0,2.0,74.2,49.8,14.6,1219.1,57
2898,33367.0,3716.0,8199.0,127.3,10.0,6.5,16.0,1,urban,7,3,0.1,0.7,0.0,4.0,76.2,315.7,10.5,1319.7,63
4820,4100.0,52.0,81.0,134.0,0.0,11.0,9.0,4,small urban,6,3,0.1,5.0,0.0,2.5,77.9,386.5,9.3,1426.3,66
1314,4700.0,472.0,652.0,52.6,0.0,2.0,8.0,3,rural,6,2,0.3,1.0,0.0,1.0,77.1,0.0,22.8,1134.1,13
5057,15124.0,240.0,2441.0,54.9,0.0,9.6,12.0,1,rural,2,2,0.1,2.5,0.0,2.4,69.3,1060.2,3.0,717.4,47
872,3400.0,87.0,25.0,197.0,0.0,5.0,11.0,6,urban,6,2,0.3,0.0,0.0,1.5,77.8,330.7,9.9,1303.1,44
3850,22100.0,705.0,692.0,124.1,0.0,6.0,4.5,4,urban,2,5,0.4,14.0,0.0,2.0,74.8,41.0,14.4,1427.3,51
5549,355.0,16.0,40.0,53.2,0.0,3.0,7.0,4,rural,2,3,0.1,0.0,0.0,1.5,66.4,1176.4,5.4,567.9,57
2965,34626.0,2156.0,4145.0,153.0,9.0,0.0,15.0,1,urban,3,3,0.0,0.0,0.0,1.5,77.2,390.2,9.5,1399.2,26
3391,1350.0,44.0,17.0,227.5,0.0,2.0,8.0,5,urban,2,2,0.0,23.0,0.0,1.5,76.6,0.0,22.8,1105.9,9
2560,6143.0,246.0,122.0,325.0,9.0,5.5,9.0,3,urban,7,3,0.3,3.0,0.0,2.0,77.3,280.3,10.6,1358.9,125
5679,29169.0,635.0,344.0,136.5,0.0,3.0,6.0,3,small urban,6,3,0.1,1.0,0.0,1.5,75.1,189.9,12.5,1224.6,95
2635,35912.0,2940.0,2464.0,85.0,9.0,5.0,21.0,1,urban,7,3,0.1,0.0,0.0,1.5,78.1,520.3,8.1,1384.8,42
3530,118652.0,5186.0,5257.0,63.0,0.0,8.0,13.0,1,urban,6,2,0.1,0.5,0.0,2.0,74.7,164.3,12.4,1300.1,62
375,128125.0,3408.0,5509.0,70.4,0.0,13.0,12.0,1,urban,2,2,0.2,0.0,0.0,2.0,77.4,183.7,11.8,1369.8,20
1908,25593.0,2309.0,2461.0,71.2,10.0,5.0,19.0,1,rural,7,5,0.2,0.0,0.0,5.0,76.3,364.6,9.7,1122.7,54
4429,10318.0,74.0,7.0,212.5,0.0,2.0,8.0,5,urban,6,3,0.3,6.0,0.0,2.0,86.7,10.3,10.0,1629.6,37
5009,525.0,16.0,73.0,120.7,0.0,4.2,12.6,3,rural,2,2,0.3,0.5,0.0,4.2,57.8,489.3,8.4,494.9,32
5066,29997.0,722.0,3008.0,62.5,0.0,7.2,24.0,1,urban,2,2,0.3,5.5,0.0,7.2,56.8,385.2,8.6,549.9,59
4027,4500.0,354.0,411.0,98.7,0.0,6.0,4.5,4,small urban,2,5,0.5,43.5,0.0,2.0,73.9,11.6,17.0,1226.7,57
1604,6400.0,500.0,325.0,67.4,5.5,5.5,4.0,3,urban,7,3,0.1,0.6,0.0,2.0,73.9,506.2,10.1,1061.3,94
1118,15437.0,926.0,432.0,95.6,0.0,6.0,24.0,4,rural,2,2,0.2,3.4,0.0,1.2,81.4,462.0,8.1,1373.9,19
3677,900.0,53.0,50.0,113.1,0.0,4.0,8.0,4,rural,2,2,0.5,24.0,0.0,2.0,73.9,11.6,17.0,1226.7,24
3490,6856.0,48.0,24.0,165.0,0.0,3.0,9.0,3,urban,6,2,0.1,0.0,0.0,3.0,59.1,62.4,12.3,438.0,10
5639,11456.0,576.0,2954.0,58.0,0.0,14.0,6.0,2,rural,6,3,0.2,1.7,0.0,3.0,75.4,275.8,11.4,1202.2,22
2958,2357.0,63.0,31.0,104.8,6.0,7.5,7.0,5,rural,7,3,0.0,0.0,0.0,2.5,76.2,315.7,10.5,1319.7,97
1994,29736.0,2982.0,4240.0,69.0,10.0,4.5,18.0,1,rural,7,5,0.2,0.0,0.0,2.5,77.6,395.4,9.5,1362.7,60
5746,23967.0,476.0,297.0,203.0,11.0,0.0,12.0,3,urban,3,2,0.0,0.0,0.0,0.0,69.0,1122.7,6.1,696.1,21
5033,1988.0,112.0,423.0,58.5,0.0,4.7,18.1,3,rural,2,2,0.1,0.5,0.0,4.7,64.6,689.2,5.3,532.8,12
2376,42184.0,2329.0,14809.0,47.0,10.0,4.0,18.0,1,urban,7,5,0.2,0.0,0.0,2.0,76.2,292.1,10.6,1352.2,63
1342,5050.0,365.0,400.0,103.0,5.2,5.2,4.0,4,urban,7,3,0.1,0.0,0.0,2.0,75.8,525.0,9.4,1081.6,81
320,53685.0,0.0,0.0,78.0,0.0,5.0,3.0,1,urban,7,2,0.2,0.0,0.0,2.0,77.6,352.9,9.7,1347.0,49
1619,33800.0,1700.0,1150.0,64.0,4.0,4.0,4.0,3,urban,7,3,0.1,0.0,0.0,2.0,74.0,199.5,13.0,1240.3,82
3713,3066.0,215.0,92.0,304.0,0.0,5.5,2.0,5,urban,6,2,0.2,9.0,0.0,2.4,80.8,20.2,10.5,1335.9,37
2060,23580.0,1000.0,7694.0,45.3,0.0,5.0,26.0,1,rural,2,5,0.1,1.0,0.0,23.0,77.6,459.1,8.7,1412.2,19
2219,45509.0,2777.0,13548.0,74.5,10.0,5.0,16.0,1,rural,7,3,0.2,0.0,0.0,4.0,76.2,292.1,10.6,1352.2,63
1673,18900.0,500.0,970.0,62.7,0.0,16.0,14.0,2,urban,6,5,0.1,8.0,0.0,2.0,67.1,133.0,14.0,845.5,60
260,25546.0,881.0,301.0,141.0,7.0,5.0,7.0,3,urban,7,2,0.1,0.0,0.0,2.5,77.4,181.5,11.5,1387.7,90
5663,4335.0,140.0,51.0,137.8,0.0,10.0,6.0,5,urban,6,3,0.1,5.0,0.0,1.3,76.7,380.8,9.6,1347.3,14
2039,20696.0,566.0,9369.0,81.0,10.0,4.0,21.0,1,rural,7,5,0.1,0.0,0.0,7.5,77.6,459.1,8.7,1412.2,57
4785,19200.0,553.0,123.0,180.0,0.0,11.0,19.0,3,urban,6,5,0.4,0.0,0.0,2.5,78.2,130.1,11.5,1379.0,44
901,9050.0,275.0,150.0,165.0,5.5,5.5,4.0,3,urban,7,3,0.2,10.0,0.0,2.0,75.8,525.0,9.4,1081.6,97
3744,34552.0,2015.0,2865.0,63.3,0.0,10.5,18.0,1,rural,6,3,0.1,1.5,0.0,2.0,75.5,224.4,11.6,1318.4,60
2026,19728.0,1262.0,7176.0,53.0,0.0,3.5,33.0,1,rural,2,5,0.1,2.7,0.0,4.0,78.2,402.4,9.1,1451.5,36
4234,22000.0,2640.0,220.0,172.1,0.0,8.0,6.0,3,urban,2,5,0.2,11.5,0.0,2.0,73.1,25.0,15.8,1161.8,72
1917,22291.0,1148.0,2825.0,69.2,10.0,5.0,19.0,1,rural,7,5,0.2,0.0,0.0,5.0,76.3,364.6,9.7,1122.7,53
1828,4172.0,239.0,519.0,55.0,8.0,9.0,12.0,3,rural,7,2,0.2,0.0,0.0,2.5,76.8,377.6,9.5,1302.6,100
1573,6200.0,277.0,86.0,136.0,0.0,3.0,11.0,4,urban,6,2,0.1,0.0,0.0,2.0,77.8,330.7,9.9,1303.1,65
4415,51210.0,1515.0,3042.0,54.2,0.0,6.0,8.0,2,rural,2,2,0.1,1.4,0.0,4.0,76.4,0.0,22.1,1216.0,48
4749,82400.0,2202.0,5239.0,56.3,0.0,14.0,10.0,1,urban,6,2,0.1,0.0,0.0,3.5,77.8,330.7,9.9,1303.1,60
5086,2019.0,60.0,17.0,97.0,0.0,6.8,23.0,5,rural,2,2,0.2,0.0,0.0,6.8,73.8,798.8,4.8,709.3,61
4654,2100.0,110.0,20.0,391.0,0.0,11.0,19.0,4,urban,6,3,0.2,22.0,0.0,2.5,77.9,386.5,9.3,1426.3,87
4208,18900.0,1485.0,3793.0,103.5,12.2,0.0,2.5,1,urban,3,5,0.0,0.0,0.0,0.0,78.6,3.5,19.2,1268.1,33
4627,33800.0,433.0,373.0,93.5,9.0,3.0,9.0,2,rural,7,2,0.2,7.4,0.0,3.5,78.9,489.4,8.6,1569.7,61
224,85927.0,3282.0,1272.0,91.5,9.0,4.0,9.0,3,urban,7,2,0.1,20.5,0.0,2.0,77.4,181.5,11.5,1387.7,67
723,12573.0,1836.0,2841.0,123.2,0.0,9.0,28.0,1,urban,6,2,0.4,0.6,0.0,1.2,81.2,622.0,7.4,1444.6,35
5199,15147.0,96.0,71.0,153.5,0.0,10.0,6.0,4,urban,6,3,0.1,6.0,0.0,2.0,75.8,280.2,11.5,1194.5,75
1141,15100.0,1200.0,2770.0,42.7,0.0,22.0,20.5,1,rural,6,5,0.1,0.2,0.0,1.5,60.8,184.7,12.9,667.8,60
2762,18074.0,1041.0,3787.0,50.3,0.0,8.0,20.0,1,rural,2,5,0.1,0.0,0.0,6.5,76.2,296.0,10.5,1308.9,55
846,13524.0,665.0,705.0,61.7,6.5,6.8,6.0,3,rural,7,2,0.2,0.0,0.0,1.8,86.7,10.3,10.0,1629.6,96
4289,20943.0,872.0,631.0,121.5,0.0,7.6,16.0,3,rural,6,2,0.4,16.8,0.0,2.4,84.6,61.5,8.3,2488.0,71
2551,18876.0,1333.0,3192.0,130.0,0.0,4.0,18.0,3,urban,2,5,0.1,1.0,0.0,14.0,77.3,280.3,10.6,1358.9,20
2928,29389.0,3291.0,3397.0,75.0,0.0,4.5,32.0,1,rural,2,5,0.3,0.0,0.0,16.5,76.2,315.7,10.5,1319.7,24
117,28000.0,960.0,7990.0,96.3,12.0,0.0,10.0,1,rural,3,3,0.0,0.0,0.0,0.0,74.8,100.1,12.8,1362.4,24
645,52005.0,3135.0,7953.0,66.1,9.0,10.9,5.2,1,urban,6,3,0.4,2.6,0.0,1.8,82.9,36.1,9.4,2206.8,44
3,1222.0,33.0,2.0,271.0,0.0,3.0,8.0,3,urban,2,3,0.1,0.0,0.0,1.5,67.6,1.1,20.3,894.7,73
4170,200.0,33.0,9.0,167.4,0.0,4.0,8.0,5,rural,2,2,0.6,5.0,0.0,2.0,73.3,10.8,17.4,1213.1,61
467,11426.0,537.0,240.0,82.3,0.0,6.0,16.0,4,small urban,6,2,0.2,1.3,0.0,1.0,81.2,846.6,6.4,1370.8,28
5,19601.0,568.0,196.0,196.5,0.0,3.0,8.0,3,urban,2,3,0.2,0.5,0.0,1.5,68.6,9.0,18.7,1015.6,73
919,6600.0,614.0,245.0,76.0,0.0,6.0,17.0,3,small urban,6,2,0.3,41.0,0.0,7.0,84.3,5.4,10.7,1294.0,58
2595,63307.0,3119.0,7145.0,68.5,0.0,9.5,18.0,1,urban,2,2,0.1,0.0,0.0,2.0,77.7,393.9,9.3,1382.1,59
4324,2600.0,295.0,20.0,270.8,0.0,4.4,12.0,4,urban,2,2,0.2,0.5,0.0,2.0,84.0,25.0,9.4,1628.8,43
1063,56692.0,2246.0,426.0,121.0,0.0,14.5,6.0,2,urban,6,3,0.2,17.5,0.0,1.5,75.0,135.7,12.8,1354.6,48
2590,63307.0,3119.0,7145.0,68.5,0.0,5.5,2.0,1,urban,2,2,0.1,0.5,0.0,2.0,77.7,393.9,9.3,1382.1,59
242,64098.0,2570.0,660.0,138.8,9.0,6.0,9.0,3,urban,7,2,0.1,0.3,0.0,3.0,77.5,309.4,10.2,1470.4,92
5040,7489.0,415.0,1859.0,69.9,0.0,16.0,10.2,1,rural,2,2,0.1,2.9,0.0,8.0,77.8,819.7,3.8,842.0,49
1160,1100.0,50.0,40.0,75.0,5.0,5.0,4.0,4,rural,7,3,0.1,0.0,0.0,2.0,73.4,379.1,11.2,1028.0,93
2870,8691.0,300.0,135.0,226.0,6.0,12.0,6.0,3,small urban,7,3,0.1,0.0,0.0,3.5,78.8,496.7,8.4,1374.0,125
3735,100.0,2.0,3.0,78.0,0.0,4.0,13.0,6,small urban,2,2,0.0,0.0,0.0,4.0,34.9,3.2,16.2,250.8,12
2397,14869.0,273.0,3593.0,40.0,0.0,6.5,18.0,1,rural,2,2,0.2,0.0,0.0,4.5,75.8,313.1,10.3,1283.1,73
3517,8300.0,511.0,131.0,154.0,0.0,4.0,12.0,3,small urban,6,2,0.1,0.0,0.0,4.0,78.9,489.4,8.6,1569.7,60
3421,3800.0,88.0,118.0,321.0,0.0,5.0,6.0,6,urban,2,2,0.1,0.0,0.0,4.0,55.2,175.0,8.7,426.6,21
2563,8842.0,157.0,108.0,141.0,9.0,4.5,9.0,3,urban,7,3,0.1,9.0,0.0,2.0,77.7,393.9,9.3,1382.1,84
1605,6260.0,560.0,190.0,243.4,5.5,5.5,4.0,3,urban,7,3,0.2,20.0,0.0,2.0,73.9,506.2,10.1,1061.3,69
5593,3301.0,126.0,242.0,104.3,0.0,5.0,10.0,4,rural,2,2,0.1,0.0,0.0,5.0,67.5,1049.6,6.6,697.9,61
2324,36146.0,1889.0,8894.0,71.0,13.0,1.0,23.0,1,rural,7,3,0.3,0.0,0.0,13.0,78.1,387.4,9.0,1321.0,26
2709,13602.0,912.0,1468.0,120.0,10.0,5.0,18.0,1,rural,7,3,0.2,6.0,0.0,2.0,78.1,451.6,8.9,1382.0,48
5091,236.0,6.0,13.0,78.5,0.0,3.9,9.8,5,rural,2,2,0.1,0.6,0.0,3.9,69.8,866.8,3.7,1023.8,62
1312,16900.0,434.0,603.0,70.7,0.0,8.0,6.0,3,urban,2,5,0.2,8.8,0.0,2.0,74.4,17.0,16.1,1271.0,61
3448,1900.0,65.0,161.0,86.0,0.0,4.0,12.0,6,urban,2,2,0.0,0.0,0.0,4.0,44.6,76.5,10.9,231.4,21
3812,14806.0,575.0,106.0,80.0,9.0,5.5,12.0,3,small urban,7,3,0.1,0.0,0.0,2.5,77.6,43.7,14.3,1302.9,66
5395,43074.0,857.0,8260.0,73.0,0.0,8.8,3.0,1,urban,2,5,0.2,6.0,0.0,2.0,77.2,191.1,11.0,1489.8,8
2362,6312.0,188.0,2.0,162.0,0.0,4.0,1.0,5,urban,2,2,0.0,0.0,0.0,2.0,77.2,390.2,9.5,1399.2,66
1975,33914.0,3191.0,4043.0,70.0,10.0,6.0,21.0,1,urban,7,5,0.2,0.0,0.0,4.0,77.6,395.4,9.5,1362.7,55
3514,1100.0,25.0,34.0,269.5,0.0,6.0,6.0,6,urban,2,2,0.1,0.0,0.0,4.0,55.2,175.0,8.7,426.6,14
1761,66000.0,3842.0,1665.0,62.0,0.0,4.0,18.0,1,urban,2,5,0.1,0.0,0.0,4.5,76.3,330.1,10.3,1280.2,31
2739,61975.0,3514.0,8260.0,72.0,10.0,4.5,19.0,1,urban,7,3,0.1,0.0,0.0,4.5,77.6,352.9,9.7,1347.0,63
5402,29955.0,635.0,5536.0,58.6,0.0,5.9,2.4,1,small urban,2,5,0.1,2.0,0.0,2.0,76.8,222.2,10.6,1350.7,14
2472,72450.0,4137.0,8339.0,92.0,0.0,3.0,12.0,1,urban,2,2,0.2,20.0,0.0,2.0,79.0,516.1,8.1,1394.0,59
4007,3750.0,207.0,1006.0,73.9,0.0,6.0,8.0,3,rural,2,2,0.5,25.0,0.0,2.0,75.2,14.3,16.9,1306.1,70
4718,5000.0,146.0,42.0,184.1,0.0,10.7,8.7,4,rural,6,3,0.2,29.7,0.0,2.5,77.6,254.6,10.4,1398.8,63
1493,4250.0,130.0,30.0,80.0,5.2,5.2,4.0,4,rural,7,3,0.1,0.0,0.0,2.0,73.7,245.5,12.5,1221.6,92
4206,17200.0,1351.0,3452.0,105.8,10.7,0.0,2.1,1,rural,3,5,0.0,0.0,0.0,0.0,78.6,3.5,19.2,1268.1,23
2158,24958.0,1826.0,5823.0,57.0,10.0,4.0,26.0,1,rural,7,5,0.1,0.0,0.0,2.0,77.3,415.3,9.1,1356.6,56
1169,24735.0,1039.0,4477.0,50.5,0.0,9.0,28.0,1,rural,6,2,0.4,0.0,0.0,1.7,81.2,622.0,7.4,1444.6,16
5233,40087.0,2164.0,441.0,49.9,0.0,6.5,24.0,1,rural,6,2,0.4,4.1,0.0,3.0,81.9,776.7,6.5,1396.5,18
232,20738.0,720.0,357.0,58.0,0.0,6.0,19.0,3,urban,2,2,0.1,2.7,0.0,2.0,77.6,352.9,9.7,1347.0,51
66,27000.0,1490.0,1650.0,52.6,0.0,7.0,16.0,1,rural,2,3,0.2,0.4,0.0,3.0,78.3,22.7,16.2,1434.9,34
1603,3120.0,81.0,306.0,65.5,0.0,3.0,18.0,3,rural,2,2,0.1,2.0,0.0,3.0,69.7,937.3,6.9,856.4,58
3283,5900.0,122.0,304.0,120.8,0.0,4.0,12.0,6,urban,2,2,0.1,0.0,0.0,4.0,44.6,76.5,10.9,231.4,16
3596,75.0,3.0,2.0,304.0,0.0,6.0,4.5,5,urban,2,5,0.3,7.0,0.0,2.0,75.4,10.8,17.3,1243.9,61
4632,14200.0,820.0,502.0,86.0,9.0,3.0,9.0,2,small urban,7,2,0.2,1.0,0.0,3.5,78.9,489.4,8.6,1569.7,61
125,98000.0,2530.0,4070.0,82.0,13.0,0.0,11.0,1,urban,3,3,0.0,0.0,0.0,0.0,75.1,39.5,15.1,1277.7,19
1296,24600.0,984.0,590.0,105.0,0.0,8.0,16.0,4,urban,2,2,0.1,0.0,0.0,3.5,73.4,1003.1,7.0,1171.6,34
1976,38851.0,2646.0,3393.0,70.5,10.0,6.0,21.0,1,rural,7,5,0.2,0.0,0.0,4.0,77.6,395.4,9.5,1362.7,55
5234,37674.0,2034.0,415.0,46.8,0.0,0.0,24.0,1,rural,6,2,0.3,13.3,0.0,1.0,81.9,776.7,6.5,1396.5,18
5195,1882.0,34.0,43.0,267.0,0.0,10.0,6.0,6,urban,6,3,0.1,5.0,0.0,2.0,76.5,376.7,9.9,1235.4,75
2075,39457.0,2294.0,3278.0,52.0,9.0,4.0,9.0,1,urban,7,3,0.2,0.0,0.0,4.0,77.6,459.1,8.7,1412.2,54
4580,590.0,39.0,41.0,90.4,0.0,5.0,8.0,3,rural,2,3,0.1,0.5,0.0,0.0,46.7,279.0,8.7,349.3,31
3086,45981.0,1545.0,272.0,116.0,0.0,8.0,13.0,3,urban,6,3,0.2,1.0,0.0,3.0,75.5,224.4,11.6,1318.4,56
5023,1264.0,48.0,127.0,80.7,0.0,4.2,17.0,3,rural,2,2,0.2,0.3,0.0,4.2,58.2,454.0,8.0,519.9,48
3345,970.0,22.0,30.0,169.0,0.0,4.0,10.0,6,urban,2,2,0.1,5.0,0.0,4.0,57.1,226.3,8.0,716.8,35
5175,1306.0,7.0,7.0,197.0,0.0,10.0,6.0,4,urban,6,3,0.1,6.0,0.0,2.0,75.9,339.0,10.3,1231.6,75
2797,26071.0,2482.0,6347.0,75.7,0.0,4.0,30.0,1,rural,2,5,0.1,6.7,0.0,2.0,77.2,299.4,10.4,1358.6,31
918,12100.0,914.0,391.0,97.0,0.0,4.0,11.0,3,small urban,6,5,0.1,2.0,0.0,2.0,84.3,5.4,10.7,1294.0,47
1646,9320.0,352.0,1542.0,85.0,0.0,8.8,6.6,1,rural,6,2,0.1,15.0,0.0,1.8,86.6,505.9,3.8,2643.0,56
4621,3900.0,188.0,82.0,109.0,9.0,8.0,15.5,3,rural,6,2,0.1,12.0,0.0,2.5,78.9,489.4,8.6,1569.7,44
364,30592.0,875.0,1912.0,61.0,0.0,8.0,24.0,1,urban,2,2,0.1,4.0,0.0,3.0,77.4,181.5,11.5,1387.7,53
3287,2800.0,65.0,87.0,274.0,0.0,3.0,6.0,6,urban,2,2,0.1,10.0,0.0,4.0,55.2,175.0,8.7,426.6,25
2125,24489.0,1130.0,12580.0,40.0,10.0,4.5,34.0,1,rural,7,5,0.1,0.0,0.0,4.5,78.0,463.2,8.7,1363.9,58
4123,24731.0,1137.0,420.0,124.0,0.0,6.0,6.0,4,urban,6,2,0.1,1.3,0.0,2.0,83.1,56.9,8.5,2080.8,37
4569,7300.0,245.0,149.0,113.5,0.0,3.0,8.0,3,urban,2,2,0.0,19.0,0.0,0.0,77.4,0.0,23.1,1332.6,22
525,14650.0,1949.0,3459.9,61.5,0.0,7.0,18.0,1,rural,2,2,0.2,4.2,0.0,1.5,44.2,157.4,10.5,273.1,13
4821,36200.0,1421.0,1488.0,90.0,0.0,10.0,16.0,1,urban,6,5,0.1,4.0,0.0,3.5,77.6,254.6,10.4,1398.8,31
55,17368.0,434.0,1267.0,94.0,0.0,7.5,24.0,3,urban,2,2,0.1,0.0,0.0,0.0,76.0,433.6,9.5,1045.2,12
638,450.0,71.0,76.0,84.0,0.0,6.0,8.0,3,rural,6,2,0.2,0.0,0.0,2.5,52.9,278.4,8.1,560.1,55
302,26538.0,931.0,435.0,106.7,9.0,4.0,9.0,3,urban,7,2,0.1,3.3,0.0,2.0,77.4,183.7,11.8,1369.8,93
2766,18074.0,1041.0,3787.0,58.0,0.0,8.0,26.0,1,rural,2,5,0.1,0.0,0.0,6.5,76.2,296.0,10.5,1308.9,55
1276,1700.0,107.0,114.0,181.0,0.0,6.0,20.0,4,rural,2,2,0.1,0.0,0.0,0.0,72.5,911.0,7.5,935.8,12
4720,7000.0,47.0,50.0,93.8,2.0,2.0,8.0,4,urban,7,2,0.1,0.0,0.0,2.5,77.8,330.7,9.9,1303.1,109
2055,23580.0,1000.0,7694.0,70.0,10.0,4.0,21.0,1,rural,7,5,0.2,0.0,0.0,7.5,77.6,459.1,8.7,1412.2,57
4432,29283.0,1521.0,709.0,86.2,8.0,8.0,19.0,3,urban,7,2,0.2,0.0,0.0,3.0,86.7,10.3,10.0,1629.6,20
3644,8400.0,142.0,83.0,96.0,0.0,4.0,12.0,6,urban,2,2,0.1,0.0,0.0,4.0,34.9,3.2,16.2,250.8,18
4143,9200.0,552.0,92.0,118.3,9.0,0.0,12.0,2,urban,3,2,0.0,0.0,0.0,2.0,73.8,27.5,15.5,1206.3,23
2878,32510.0,3552.0,10038.0,65.5,13.0,5.0,21.0,1,rural,7,3,0.2,0.0,0.0,4.5,76.2,315.7,10.5,1319.7,36
4202,44400.0,5945.0,6704.0,60.1,0.0,7.5,5.5,1,urban,2,2,0.3,2.9,0.0,0.0,80.3,1.7,19.5,1363.8,19
2286,32385.0,1477.0,1005.0,54.0,0.0,5.0,33.0,1,urban,2,5,0.3,27.5,0.0,2.5,78.1,387.4,9.0,1321.0,23
2261,81348.0,3233.0,4371.0,197.0,0.0,4.0,16.0,1,urban,2,5,0.0,0.0,0.0,1.5,76.5,209.7,11.6,1454.3,34
2296,9424.0,575.0,1516.0,72.0,11.0,3.5,21.0,1,rural,7,5,0.2,0.0,0.0,3.5,78.1,387.4,9.0,1321.0,38
1753,5642.0,423.0,946.0,89.3,0.0,8.0,19.0,3,rural,6,2,0.4,3.8,0.0,1.8,86.6,505.9,3.8,2643.0,61
1968,50925.0,4071.0,3956.0,60.3,10.0,7.0,21.0,1,urban,7,5,0.2,0.0,0.0,4.0,77.6,395.4,9.5,1362.7,55
5171,149.0,18.0,44.0,163.0,0.0,10.0,6.0,4,urban,6,3,0.2,11.3,0.0,2.0,75.3,227.2,12.2,1246.0,75
3117,89500.0,4026.0,5372.0,57.0,0.0,20.0,17.0,1,urban,6,3,0.3,8.0,0.0,3.5,76.7,0.0,22.3,1087.2,15
2393,48715.0,2667.0,14151.0,79.0,10.0,4.0,16.0,1,urban,7,3,0.2,0.0,0.0,4.0,76.2,292.1,10.6,1352.2,61
523,11536.0,242.0,46.0,204.2,0.0,6.0,16.0,3,urban,6,2,0.2,5.8,0.0,1.5,81.8,815.0,6.3,1323.6,29
3900,57100.0,4568.0,2284.0,112.2,0.0,8.0,6.0,3,urban,2,5,0.2,21.8,0.0,2.0,78.2,5.1,17.9,1450.5,17
5407,63578.0,1215.0,11708.0,68.0,0.0,3.0,8.0,1,urban,2,5,0.2,0.3,0.0,2.0,75.5,180.8,11.5,1253.0,22
4699,10500.0,610.0,200.0,159.7,9.0,6.0,13.0,3,urban,7,2,0.2,4.7,0.0,2.5,78.9,489.4,8.6,1569.7,49
3122,6100.0,103.0,60.0,60.0,0.0,4.8,13.0,6,urban,2,2,0.1,0.0,0.0,4.0,34.9,3.2,16.2,250.8,26
4156,12900.0,903.0,703.0,150.4,0.0,6.0,8.0,3,rural,2,2,0.5,39.8,0.0,2.0,73.3,10.8,17.4,1213.1,16
1969,50925.0,4071.0,3956.0,98.0,10.0,7.0,21.0,1,rural,7,5,0.1,0.0,0.0,4.0,77.6,395.4,9.5,1362.7,55
671,10000.0,369.0,4030.0,48.1,0.0,13.0,22.0,1,rural,6,2,0.1,0.0,0.0,2.0,64.8,393.4,6.7,468.4,53
4188,11764.0,1138.0,2.0,144.8,0.0,4.2,6.0,5,urban,2,2,0.1,3.2,0.0,1.0,82.4,9.5,10.6,888.4,37
666,11300.0,380.0,3213.0,88.0,0.0,7.0,19.0,1,rural,6,3,0.3,1.0,0.0,1.5,69.5,327.8,6.2,1159.2,54
5015,548.0,24.0,31.0,63.2,0.0,4.8,14.0,4,rural,2,2,0.1,0.0,0.0,1.8,69.8,873.3,4.1,695.4,70
1887,1731.0,44.0,3.0,222.5,0.0,4.0,8.0,5,urban,2,2,0.1,4.0,0.0,1.5,77.2,299.4,10.4,1358.6,85
3266,1100.0,62.0,10.0,313.5,0.0,3.0,1.0,5,urban,6,2,0.3,13.0,0.0,1.5,77.8,330.7,9.9,1303.1,42
280,6419.0,370.0,263.0,69.0,8.0,2.0,8.0,3,rural,7,2,0.1,9.0,0.0,2.0,77.2,144.1,12.5,1372.0,103
1719,22900.0,1044.0,737.0,55.0,0.0,5.5,15.0,3,urban,6,3,0.2,0.0,0.0,2.0,85.8,1.7,10.6,1670.2,51
2947,9933.0,289.0,108.0,121.5,6.0,4.0,10.0,3,urban,7,3,0.2,6.0,0.0,2.0,76.2,315.7,10.5,1319.7,89
4455,25500.0,1030.0,628.0,149.0,0.0,5.0,6.0,3,urban,2,2,0.1,1.0,0.0,0.0,77.0,0.1,21.7,1191.9,24
899,897.0,75.0,43.0,227.4,0.0,6.0,16.0,5,rural,6,2,0.3,17.5,0.0,1.0,84.1,1442.7,3.1,1231.3,20
5695,94677.0,5112.0,1042.0,68.0,0.0,3.0,36.0,2,urban,6,2,0.1,1.0,0.0,1.0,79.5,622.1,7.5,1291.3,70
760,28500.0,763.0,3982.0,70.2,0.0,13.0,17.0,1,rural,6,2,0.2,0.0,0.0,4.0,72.0,1072.3,6.4,848.6,67
1906,25593.0,2309.0,2461.0,79.3,10.0,5.0,19.0,1,rural,7,5,0.2,0.0,0.0,5.0,76.3,364.6,9.7,1122.7,54
4042,30639.0,788.0,3243.0,64.8,10.0,8.0,16.0,1,rural,7,2,0.1,0.0,0.0,4.0,74.5,8.7,17.5,1227.2,24
3823,8200.0,205.0,353.0,88.3,0.0,13.0,10.0,1,urban,2,5,0.1,11.7,0.0,2.0,74.8,41.0,14.4,1427.3,14
4138,12000.0,392.0,606.0,98.6,0.0,8.0,6.0,3,urban,2,5,0.4,15.0,0.0,2.0,73.8,27.5,15.5,1206.3,50
3818,13731.0,511.0,754.0,69.8,9.0,6.5,12.0,3,small urban,7,2,0.2,0.0,0.0,2.0,77.6,43.7,14.3,1302.9,68
4300,60.0,2.0,5.0,134.7,0.0,4.5,2.0,5,rural,6,2,0.1,0.0,0.0,2.5,39.9,73.9,11.5,311.6,74
2593,63307.0,3119.0,7145.0,72.0,0.0,9.5,18.0,1,urban,2,2,0.1,0.0,0.0,2.0,77.7,393.9,9.3,1382.1,59
4164,18000.0,900.0,900.0,159.7,0.0,8.0,6.0,3,urban,2,5,0.3,0.0,0.0,2.0,73.3,10.8,17.4,1213.1,16
3031,68833.0,4059.0,2824.0,122.0,13.0,0.0,8.0,1,urban,3,2,0.0,0.0,0.0,13.0,75.9,251.0,11.1,1287.3,28
3579,72000.0,1440.0,339.0,87.0,0.0,10.5,6.0,3,urban,6,2,0.2,5.0,0.0,2.0,75.0,135.7,12.8,1354.6,30
2832,24988.0,2275.0,6061.0,55.0,10.0,5.5,19.0,1,rural,7,3,0.1,0.0,0.0,5.5,77.2,299.4,10.4,1358.6,57
3472,4100.0,143.0,355.0,81.0,0.0,7.5,8.0,4,rural,6,2,0.1,0.2,0.0,3.0,44.6,76.5,10.9,231.4,59
137,132000.0,2800.0,1270.0,83.0,9.0,5.5,4.0,1,urban,2,2,0.2,10.0,0.0,2.0,76.1,28.6,15.6,1328.6,62
4892,8974.0,149.0,368.0,48.0,0.0,4.7,20.3,3,rural,2,2,0.1,1.0,0.0,4.7,74.3,731.9,4.7,651.7,15
2180,35343.0,2655.0,9913.0,64.0,10.0,4.0,18.0,1,urban,7,3,0.1,0.0,0.0,5.0,77.7,393.9,9.3,1382.1,60
2128,24489.0,1130.0,12580.0,68.0,20.0,4.5,21.0,1,rural,7,5,0.1,0.0,0.0,4.5,78.0,463.2,8.7,1363.9,58
3177,265.0,5.0,20.0,116.8,0.0,3.0,1.5,5,rural,6,5,0.1,5.5,0.0,1.5,72.8,176.8,13.2,1006.8,64
4854,12900.0,755.0,247.0,182.5,0.0,12.0,20.0,3,small urban,6,5,0.1,17.5,0.0,2.5,78.9,489.4,8.6,1569.7,70
4637,23300.0,202.0,104.0,142.0,8.0,6.0,12.0,3,urban,7,2,0.1,9.0,0.0,2.5,77.8,330.7,9.9,1303.1,63
5049,19052.0,502.0,1736.0,61.0,0.0,11.6,16.8,1,urban,2,2,0.1,2.0,0.0,11.6,74.3,731.9,4.7,651.7,59
4261,31500.0,700.0,500.0,172.5,0.0,4.0,20.0,2,urban,6,5,0.2,31.0,0.0,2.0,79.2,145.3,10.8,1498.0,31
4344,205.0,8.0,4.0,206.2,0.0,4.0,20.0,5,small urban,2,2,0.2,0.6,0.0,1.0,84.0,148.9,6.9,3145.3,37
1331,6007.0,282.0,146.0,102.0,5.5,5.5,4.0,3,small urban,7,3,0.1,0.0,0.0,2.0,73.7,245.5,12.5,1221.6,91
2017,500.0,8.0,12.0,204.0,0.0,6.5,8.0,5,rural,2,5,0.3,1.0,0.0,1.5,78.7,542.1,7.9,1294.6,71
4542,6900.0,610.0,90.0,91.0,0.0,4.0,10.0,3,small urban,2,5,0.1,0.0,0.0,0.0,70.3,169.2,7.3,532.3,34
2482,29460.0,1742.0,6029.0,60.7,0.0,7.5,10.0,1,urban,2,3,0.1,4.3,0.0,3.0,79.0,516.1,8.1,1394.0,39
1358,7400.0,474.0,283.0,52.5,0.0,8.5,13.0,3,rural,6,2,0.1,0.0,0.0,2.0,84.5,13.2,10.1,1428.7,60
1329,6995.0,133.0,378.0,182.0,0.0,10.0,14.0,3,urban,2,2,0.2,8.0,0.0,3.0,68.4,700.0,8.6,908.5,38
5709,69489.0,3752.0,763.0,42.0,0.0,5.0,36.0,1,urban,6,2,0.1,0.0,0.0,1.0,79.2,482.5,8.5,1306.4,50
2150,20696.0,566.0,9369.0,72.0,10.0,5.0,21.0,1,rural,7,5,0.1,0.0,0.0,1.5,78.0,463.2,8.7,1363.9,58
4530,93000.0,2971.0,2051.0,73.9,0.0,3.0,8.0,2,urban,2,2,0.1,1.0,0.0,0.0,73.1,0.0,25.3,1154.8,32
2122,22402.0,812.0,12048.0,56.8,20.0,8.0,21.0,1,rural,7,5,0.1,0.0,0.0,4.5,78.0,463.2,8.7,1363.9,58
4673,59900.0,3017.0,2261.0,89.0,8.0,5.0,11.0,2,urban,7,2,0.1,0.0,0.0,2.5,77.6,254.6,10.4,1398.8,64
3981,5200.0,338.0,275.0,104.6,0.0,8.0,6.0,3,urban,2,5,0.6,24.0,0.0,2.0,73.6,10.7,17.2,1224.0,69
1252,871.0,76.0,28.0,109.2,0.0,7.3,9.0,4,rural,6,2,0.1,0.0,0.0,2.4,71.1,420.9,7.4,737.3,44
3278,3600.0,111.0,327.0,165.0,0.0,5.5,6.0,4,urban,2,2,0.2,0.0,0.0,4.0,34.9,3.2,16.2,250.8,20
3374,6000.0,14.0,25.0,273.0,0.0,4.0,12.0,6,urban,2,2,0.1,15.0,0.0,4.0,34.9,3.2,16.2,250.8,13
2814,25033.0,1637.0,7436.0,185.0,0.0,3.5,26.0,1,rural,2,5,0.2,44.5,0.0,4.5,77.2,299.4,10.4,1358.6,35
4719,1800.0,47.0,50.0,79.0,0.0,13.0,19.0,4,urban,6,5,0.1,0.0,0.0,2.5,77.8,330.7,9.9,1303.1,90
1848,34116.0,2461.0,9493.0,53.0,10.0,4.5,16.0,1,rural,7,3,0.1,0.0,0.0,4.5,77.2,299.4,10.4,1358.6,70
4858,30320.0,546.0,455.0,218.4,0.0,6.0,12.0,3,urban,2,2,0.2,0.4,0.0,1.5,52.0,9.7,18.0,419.4,34
3037,13381.0,983.0,222.0,248.0,2.0,5.5,2.0,3,urban,7,3,0.2,23.0,0.0,3.0,75.9,251.0,11.1,1287.3,91
388,25819.0,1350.0,338.0,90.0,0.0,8.0,8.0,2,rural,2,2,0.1,17.5,0.0,2.5,78.8,44.6,13.3,1281.0,12
235,42260.0,1593.0,866.0,54.0,0.0,11.0,12.0,2,urban,2,2,0.0,4.0,0.0,2.0,77.4,181.5,11.5,1387.7,60
1077,8993.0,369.0,333.0,107.0,0.0,8.0,20.0,3,rural,6,2,0.2,8.0,0.0,1.5,81.4,462.0,8.1,1373.9,22
1984,33301.0,3121.0,4154.0,62.0,10.0,4.0,18.0,1,urban,7,5,0.2,0.0,0.0,2.0,77.6,395.4,9.5,1362.7,61
4363,2322.0,124.0,6.0,185.8,0.0,6.1,6.0,4,urban,6,2,0.2,3.8,0.0,2.8,84.6,61.5,8.3,2488.0,33
3962,2300.0,105.0,41.0,162.1,0.0,4.0,8.0,5,rural,2,2,0.5,16.5,0.0,2.0,73.7,16.7,16.4,1170.0,16
770,128000.0,2347.0,4725.0,76.5,10.0,2.6,3.0,1,urban,7,2,0.1,0.0,0.0,2.6,72.9,996.8,7.0,1113.8,36
2165,23261.0,1353.0,14574.0,49.0,12.0,4.5,24.0,1,rural,7,5,0.1,0.0,0.0,4.5,77.3,415.3,9.1,1356.6,33
4533,4000.0,113.0,43.0,142.5,0.0,3.0,8.0,5,urban,2,2,0.1,8.0,0.0,0.0,73.1,0.0,25.3,1154.8,17
673,10000.0,369.0,4030.0,47.3,0.0,13.0,22.0,1,rural,6,2,0.1,0.0,0.0,2.0,64.8,393.4,6.7,468.4,54
249,10728.0,418.0,119.0,128.0,0.0,2.0,9.0,3,urban,2,2,0.1,0.0,0.0,2.0,77.5,246.4,10.9,1398.2,15
1574,8525.0,225.0,119.0,127.0,5.0,5.0,4.0,4,small urban,7,3,0.2,36.0,0.0,2.0,75.0,204.6,12.9,1282.2,102
3419,860.0,20.0,27.0,108.0,0.0,4.0,9.0,6,small urban,2,2,0.0,0.0,0.0,2.8,52.6,323.4,8.4,409.8,33
2081,21777.0,2388.0,2030.0,122.0,11.0,0.0,8.0,1,small urban,3,2,0.0,0.0,0.0,11.0,77.6,459.1,8.7,1412.2,28
1823,14273.0,949.0,2026.0,46.0,10.0,4.0,20.0,1,rural,7,5,0.2,0.0,0.0,4.0,76.8,377.6,9.5,1302.6,48
5365,25281.0,6564.0,1576.0,103.9,13.0,13.0,12.0,1,rural,7,2,0.1,0.0,0.0,4.5,57.5,903.2,3.5,517.0,37
5548,2338.0,76.0,394.0,82.6,0.0,7.0,18.0,3,rural,2,2,0.2,0.0,0.0,3.0,69.0,1004.8,7.0,752.9,27
4544,1900.0,31.0,94.0,126.0,0.0,3.5,7.0,5,rural,6,2,0.1,0.0,0.0,3.0,41.9,50.5,12.5,250.7,70
716,6538.0,418.0,118.0,163.0,0.0,6.0,22.0,4,rural,6,2,0.4,6.0,0.0,1.5,83.4,216.1,7.8,1441.1,30
5167,21462.0,552.0,267.0,209.0,0.0,10.0,6.0,4,urban,6,3,0.1,3.0,0.0,2.0,75.3,227.2,12.2,1246.0,75
5414,105791.0,2118.0,7033.0,85.4,0.0,18.6,8.7,1,urban,2,5,0.2,0.1,0.0,4.0,,,,,13
2048,20696.0,566.0,9369.0,90.5,10.0,4.0,21.0,1,rural,7,5,0.2,0.0,0.0,9.0,77.6,459.1,8.7,1412.2,57
4178,2916.0,280.0,4.0,104.0,0.0,3.0,1.0,6,urban,2,2,0.1,2.0,0.0,3.0,82.4,9.5,10.6,888.4,55
4809,8600.0,105.0,196.0,164.0,0.0,17.0,25.0,4,urban,6,5,0.2,17.0,0.0,2.5,77.6,254.6,10.4,1398.8,46
2724,23856.0,1261.0,6895.0,69.0,10.0,4.0,19.0,1,rural,7,3,0.1,2.0,0.0,4.0,77.6,352.9,9.7,1347.0,60
5238,18450.0,996.0,202.0,41.5,0.0,6.5,42.0,1,rural,6,3,0.2,1.5,0.0,1.0,81.9,776.7,6.5,1396.5,23
1460,3200.0,180.0,275.0,106.5,4.0,4.0,4.0,3,urban,7,3,0.2,32.8,0.0,3.0,74.6,340.0,11.3,1100.3,97
1668,14302.0,1098.0,163.0,252.5,5.0,5.0,4.0,4,urban,7,3,0.3,43.5,0.0,3.0,74.2,334.3,11.5,1069.6,102
2756,6478.0,193.0,34.0,231.5,8.0,4.0,8.0,3,urban,7,3,0.3,8.5,0.0,1.5,77.6,352.9,9.7,1347.0,105
2000,27480.0,2438.0,4178.0,69.0,10.0,4.5,18.0,1,rural,7,5,0.1,11.0,0.0,2.5,77.6,395.4,9.5,1362.7,60
4571,35571.0,712.0,1993.0,62.2,0.0,6.5,24.0,3,small urban,2,2,0.2,0.0,0.0,0.0,77.6,652.8,7.1,1094.4,10
4613,31900.0,1740.0,1304.0,85.5,7.0,4.0,9.0,2,urban,7,2,0.1,7.0,0.0,2.5,78.2,130.1,11.5,1379.0,33
404,151984.0,5563.0,3009.0,55.0,0.0,8.0,8.0,2,urban,2,2,0.1,0.0,0.0,5.0,77.4,181.5,11.5,1387.7,22
384,7971.0,430.0,295.0,77.0,0.0,8.0,8.0,2,urban,2,2,0.1,0.0,0.0,5.0,78.8,44.6,13.3,1281.0,20
5206,963.0,6.0,18.0,164.6,0.0,10.0,6.0,4,urban,6,3,0.2,2.8,0.0,2.0,76.5,393.3,9.8,1269.4,75
2152,20696.0,566.0,9369.0,54.8,10.0,5.0,21.0,1,rural,7,5,0.1,0.0,0.0,2.0,78.0,463.2,8.7,1363.9,57
1633,2957.0,166.0,33.0,142.0,5.0,5.0,4.0,5,urban,7,3,0.2,0.0,0.0,3.0,74.0,199.5,13.0,1240.3,93
5310,44.0,6.0,1.0,153.8,0.0,4.0,6.0,5,rural,2,2,0.1,3.8,0.0,2.0,67.5,955.6,6.4,615.4,53
4784,49700.0,3092.0,5265.0,77.0,0.0,13.0,20.0,1,urban,6,5,0.1,9.5,0.0,3.5,78.2,216.0,10.4,1435.3,61
3925,1850.0,78.0,93.0,242.0,0.0,6.0,4.5,4,small urban,2,5,0.3,1.0,0.0,2.0,73.3,10.8,17.4,1213.1,64
4158,4600.0,337.0,172.0,152.6,0.0,8.0,6.0,3,urban,2,5,0.7,37.0,0.0,2.0,73.3,10.8,17.4,1213.1,16
4948,433.0,10.0,30.0,83.8,0.0,4.3,12.0,4,rural,2,2,0.1,1.5,0.0,4.3,60.8,530.9,6.8,519.1,90
223,86643.0,3310.0,1282.0,377.0,8.0,4.0,7.0,3,urban,7,2,0.2,20.0,0.0,2.0,77.5,246.4,10.9,1398.2,67
2193,15299.0,1339.0,3113.0,39.0,0.0,6.0,36.0,1,rural,2,5,0.1,0.0,0.0,2.0,78.1,451.6,8.9,1382.0,21
3136,135500.0,7372.0,9836.0,66.3,0.0,5.0,13.0,1,urban,6,3,0.2,1.0,0.0,1.0,76.7,0.0,22.3,1087.2,14
4469,930.0,32.0,79.0,85.8,0.0,4.5,6.0,3,rural,6,2,0.1,0.0,0.0,3.5,41.1,34.9,13.2,246.5,93
1824,14273.0,949.0,2026.0,44.0,10.0,4.0,20.0,1,rural,7,5,0.2,0.0,0.0,4.0,76.8,377.6,9.5,1302.6,48
5325,1575.0,100.0,40.0,170.0,0.0,6.0,6.0,5,rural,2,2,0.1,0.5,0.0,2.0,64.0,994.6,6.0,503.4,48
4972,4690.0,25.0,184.0,78.0,0.0,4.8,12.6,3,urban,2,2,0.2,1.0,0.0,4.8,74.3,731.9,4.7,651.7,35
797,2900.0,119.0,200.0,109.2,0.0,4.0,8.0,4,rural,2,2,0.5,19.1,0.0,2.0,74.2,10.0,16.9,1221.7,39
2871,957.0,30.0,27.0,167.5,0.0,8.5,9.0,4,rural,2,2,0.4,3.0,0.0,1.5,78.8,496.7,8.4,1374.0,72
9,7007.0,126.0,98.0,127.0,0.0,3.0,6.0,3,urban,2,3,0.0,0.0,0.0,1.5,39.5,3.1,17.3,240.0,19
1944,21864.0,794.0,258.0,247.0,9.0,1.5,9.0,3,urban,7,3,0.3,20.0,0.0,1.5,77.4,183.7,11.8,1369.8,76
1838,18572.0,1721.0,816.0,146.0,9.0,4.5,14.0,3,urban,7,5,0.2,11.3,0.0,2.5,77.2,299.4,10.4,1358.6,67
4804,6000.0,341.0,125.0,185.0,0.0,10.0,18.0,4,urban,6,5,0.2,17.0,0.0,2.5,78.2,216.0,10.4,1435.3,68
255,22967.0,2065.0,315.0,82.0,8.0,5.0,8.0,3,rural,7,2,0.1,0.0,0.0,2.0,77.5,246.4,10.9,1398.2,52
4485,2817.0,160.0,132.0,263.5,8.0,3.0,4.0,3,urban,7,2,0.2,0.0,0.0,1.0,60.2,49.6,12.1,616.0,37
5398,50290.0,1000.0,9636.0,61.6,0.0,4.6,2.3,1,urban,2,5,0.1,6.0,0.0,1.7,77.2,191.1,11.0,1489.8,22
1581,6460.0,401.0,278.0,96.0,0.0,6.0,12.0,4,rural,6,2,0.4,27.0,0.0,1.5,75.2,91.8,13.5,1268.5,65
2956,1096.0,32.0,1.0,150.0,0.0,7.0,8.0,5,urban,2,2,0.1,1.0,0.0,2.5,76.2,315.7,10.5,1319.7,72
924,2017.0,171.0,149.0,101.2,0.0,9.0,23.0,4,rural,6,2,0.3,0.2,0.0,1.0,84.1,1442.7,3.1,1231.3,17
5133,655.0,21.0,53.0,140.0,0.0,10.0,6.0,5,urban,6,3,0.0,1.0,0.0,2.0,75.8,280.2,11.5,1194.5,75
2508,11349.0,306.0,34.0,109.5,0.0,1.5,4.0,4,urban,2,5,0.1,2.0,0.0,2.0,79.0,516.1,8.1,1394.0,125
5024,374.0,90.0,45.0,110.5,0.0,2.5,10.0,3,rural,2,2,0.2,0.5,0.0,2.5,59.5,555.4,7.9,534.2,76
3775,7800.0,117.0,872.0,179.0,0.0,6.0,4.5,5,urban,2,5,0.3,1.6,0.0,2.0,77.1,9.5,17.4,1306.2,70
4835,31700.0,650.0,2130.0,48.0,0.0,13.0,10.0,1,urban,6,2,0.1,0.0,0.0,3.5,77.9,386.5,9.3,1426.3,63
4136,19500.0,2187.0,265.0,95.1,0.0,8.0,6.0,3,urban,2,5,0.3,16.0,0.0,2.0,73.8,27.5,15.5,1206.3,57
4964,427.0,14.0,45.0,66.0,0.0,3.5,10.4,3,rural,2,2,0.2,0.0,0.0,1.8,56.7,421.4,9.1,489.1,17
2779,294.0,71.0,7.0,128.3,0.0,7.0,8.0,4,rural,2,2,0.2,27.0,0.0,4.0,76.2,326.2,10.1,1295.6,94
539,10457.0,303.0,115.0,84.1,0.0,6.0,22.0,4,small urban,6,2,0.2,0.4,0.0,2.0,81.2,846.6,6.4,1370.8,20
2745,47559.0,2699.0,5928.0,114.7,10.0,4.5,16.0,1,urban,7,3,0.1,0.3,0.0,4.5,77.6,352.9,9.7,1347.0,67
5212,1721.0,69.0,8.0,107.8,0.0,10.0,6.0,6,urban,6,3,0.2,1.0,0.0,2.0,76.5,393.3,9.8,1269.4,75
5293,5489.0,187.0,2421.0,102.5,0.0,7.5,12.0,1,rural,2,2,0.3,0.0,0.0,4.5,42.5,5.3,18.7,344.6,73
1145,4900.0,761.0,287.0,61.4,0.0,7.0,14.0,3,small urban,6,2,0.3,0.0,0.0,3.0,69.5,327.8,6.2,1159.2,68
5127,1829.0,72.0,8.0,197.7,0.0,3.3,10.3,4,urban,2,2,0.2,0.0,0.0,1.5,61.3,498.0,6.9,554.1,76
4468,19000.0,676.0,1683.0,77.5,0.0,7.5,4.0,3,small urban,6,2,0.1,2.0,0.0,4.0,41.1,34.9,13.2,246.5,44
667,11000.0,370.0,3127.0,80.0,0.0,9.5,11.0,1,rural,6,2,0.2,0.0,0.0,2.0,69.5,327.8,6.2,1159.2,66
3019,43690.0,3763.0,4411.0,65.3,10.0,5.0,16.0,1,urban,7,5,0.2,0.0,0.0,11.0,75.9,251.0,11.1,1287.3,68
357,52741.0,1566.0,2125.0,43.7,0.0,9.0,12.0,1,urban,2,2,0.1,8.3,0.0,1.0,78.0,130.3,12.1,1368.6,56
5063,15101.0,697.0,2186.0,68.5,0.0,7.2,17.4,1,small urban,2,2,0.3,0.0,0.0,1.8,56.8,385.2,8.6,549.9,58
2831,24988.0,2275.0,6061.0,86.0,10.0,5.5,19.0,1,rural,7,3,0.1,0.2,0.0,5.5,77.2,299.4,10.4,1358.6,57
2783,24625.0,1460.0,6696.0,121.0,0.0,7.0,27.0,1,rural,2,5,0.1,5.0,0.0,2.5,77.2,299.4,10.4,1358.6,57
1353,99600.0,1300.0,2060.0,88.5,13.5,0.0,4.0,2,urban,3,3,0.0,15.5,0.0,0.0,72.3,244.0,12.6,1065.9,14
5131,4436.0,459.0,31.0,67.5,0.0,3.0,6.0,4,urban,2,2,0.2,1.5,0.0,3.0,74.3,731.9,4.7,651.7,80
470,8021.0,409.0,112.0,138.1,0.0,8.0,20.0,4,rural,6,2,0.2,5.3,0.0,2.0,81.4,462.0,8.1,1373.9,27
2703,30464.0,1886.0,10903.0,40.0,0.0,6.0,23.0,1,rural,2,5,0.1,0.0,0.0,2.0,78.1,451.6,8.9,1382.0,25
3330,12100.0,421.0,475.0,116.5,0.0,2.0,8.0,4,rural,6,2,0.1,8.0,0.0,1.5,77.8,0.0,23.3,1122.2,11
3637,109384.0,4873.0,6502.0,43.2,0.0,2.0,8.0,1,urban,6,2,0.2,1.0,0.0,1.5,76.6,0.0,22.8,1105.9,19
1396,1500.0,60.0,36.0,260.0,0.0,8.0,21.0,6,urban,2,2,0.1,0.0,0.0,0.0,70.8,1248.2,5.6,779.6,18
3584,32160.0,1654.0,615.0,52.1,0.0,12.5,16.0,3,urban,6,2,0.2,0.5,0.0,2.0,75.0,135.7,12.8,1354.6,66
5200,11332.0,124.0,511.0,379.0,0.0,10.0,6.0,5,urban,6,3,0.2,3.0,0.0,2.0,75.8,280.2,11.5,1194.5,75
3376,2650.0,92.0,229.0,89.0,0.0,9.5,8.0,3,small urban,6,2,0.1,1.0,0.0,4.0,41.1,34.9,13.2,246.5,67
1256,10800.0,383.0,164.0,148.0,0.0,3.0,5.0,5,urban,6,2,0.2,1.0,0.0,3.0,78.2,130.1,11.5,1379.0,45
3512,4000.0,173.0,195.0,83.9,0.0,13.0,9.0,4,rural,2,3,0.2,8.0,0.0,3.0,76.7,0.0,21.9,1094.6,22
1250,16200.0,455.0,225.0,62.0,7.0,7.0,2.0,3,rural,7,2,0.1,0.0,0.0,4.0,84.3,5.4,10.7,1294.0,100
5570,1060.0,40.0,130.0,78.7,0.0,7.0,7.0,3,rural,2,2,0.2,0.1,0.0,1.5,67.8,1172.3,5.5,628.4,70
4298,2519.0,120.0,100.0,50.5,0.0,12.5,10.0,4,rural,6,5,0.1,0.1,0.0,2.0,78.2,216.0,10.4,1435.3,11
3284,8900.0,150.0,88.0,169.0,0.0,4.8,10.0,4,urban,2,2,0.1,10.0,0.0,4.0,34.9,3.2,16.2,250.8,37
2933,29959.0,2670.0,3872.0,137.0,12.0,0.0,32.0,1,urban,3,2,0.0,0.0,0.0,12.0,76.2,315.7,10.5,1319.7,35
4175,2220.0,0.0,0.0,90.0,0.0,7.4,1.0,6,urban,2,2,0.1,8.0,0.0,5.4,82.4,9.5,10.6,888.4,54
4910,12933.0,154.0,132.0,101.5,0.0,4.7,9.8,3,small urban,2,2,0.2,0.0,0.0,3.0,72.2,1021.2,2.8,812.6,15
1852,26013.0,2737.0,1757.0,116.5,0.0,4.0,18.0,1,rural,2,5,0.2,0.0,0.0,14.0,77.2,299.4,10.4,1358.6,29
5427,30323.0,544.0,1169.0,51.0,0.0,8.9,3.0,2,urban,2,5,0.2,0.0,0.0,1.5,73.8,195.1,11.8,1269.6,17
5645,28205.0,1833.0,2115.0,125.0,0.0,6.0,8.0,2,urban,6,2,0.1,0.0,0.0,3.0,74.7,0.0,23.0,840.2,73
2105,1659.0,86.0,69.0,95.0,0.0,13.5,6.0,4,rural,2,2,0.2,0.0,0.0,2.5,78.2,418.6,9.2,1374.7,93
133,91000.0,3280.0,8630.0,72.0,14.0,0.0,13.0,1,urban,3,3,0.0,0.0,0.0,0.0,73.9,36.5,15.2,1178.3,21
5029,1855.0,263.0,232.0,86.7,0.0,3.5,13.2,3,rural,2,3,0.1,1.6,0.0,3.5,60.5,729.5,7.5,464.1,20
928,6000.0,346.0,108.0,171.0,0.0,4.0,4.0,5,urban,6,2,0.1,13.0,0.0,2.0,77.6,254.6,10.4,1398.8,53
823,5428.0,380.0,445.0,47.5,0.0,4.0,16.0,4,rural,6,2,0.1,0.0,0.0,1.0,81.8,815.0,6.3,1323.6,26
5263,4530.0,140.0,1530.0,50.3,9.0,0.0,8.0,1,rural,3,3,0.0,0.0,0.0,0.0,69.7,1406.5,4.5,655.7,30
1531,5900.0,454.0,271.0,87.0,4.0,4.0,4.0,3,rural,7,3,0.1,31.0,0.0,2.0,74.7,249.6,12.4,1249.9,51
1214,162921.0,9075.0,7039.0,56.5,9.0,5.5,15.0,1,urban,7,2,0.2,4.0,0.0,2.0,75.9,199.1,11.8,1340.9,58
504,61000.0,2098.0,8333.0,66.0,0.0,9.5,12.0,1,urban,6,2,0.2,0.0,0.0,3.0,85.8,1.7,10.6,1670.2,74
4285,1650.0,10.0,29.0,158.1,0.0,2.9,16.0,5,rural,2,2,0.1,0.6,0.0,2.5,63.8,202.9,9.5,542.0,37
1996,29736.0,2982.0,4240.0,66.5,10.0,4.5,18.0,1,rural,7,5,0.2,0.0,0.0,2.5,77.6,395.4,9.5,1362.7,60
3072,24391.0,891.0,349.0,60.0,0.0,10.5,12.0,3,urban,6,3,0.1,0.0,0.0,3.0,75.5,224.4,11.6,1318.4,67
1958,31476.0,795.0,611.0,43.0,9.0,7.0,6.0,3,urban,7,3,0.1,0.0,0.0,3.5,77.6,395.4,9.5,1362.7,73
1384,500.0,28.0,5.0,281.0,0.0,4.0,11.0,5,urban,2,2,0.1,1.0,0.0,1.5,78.2,130.1,11.5,1379.0,23
894,2419.0,27.0,39.0,204.0,0.0,6.0,18.0,5,rural,6,2,0.4,7.0,0.0,1.0,83.2,1072.5,4.8,1527.0,25
4924,24237.0,697.0,167.0,60.5,0.0,8.1,17.0,3,urban,2,2,0.2,2.5,0.0,8.1,74.3,731.9,4.7,651.7,56
455,6315.0,316.0,404.0,123.8,0.0,10.0,21.0,3,rural,6,2,0.3,1.0,0.0,1.5,84.0,1194.9,3.9,1448.3,26
5373,3370.0,432.0,88.0,48.4,0.0,8.9,10.0,1,rural,6,3,0.2,2.6,0.0,4.6,56.2,546.1,6.7,470.1,33
3709,633.0,47.0,7.0,245.9,0.0,5.0,4.0,5,urban,2,2,0.1,2.0,0.0,2.0,80.8,20.2,10.5,1335.9,65
5348,11319.0,2865.0,381.0,98.0,10.5,0.0,6.0,1,urban,3,2,0.0,0.0,0.0,8.0,52.8,337.1,8.2,623.9,38
4849,1000.0,57.0,9.0,155.0,0.0,11.0,7.0,5,urban,6,3,0.1,0.0,0.0,2.5,77.9,386.5,9.3,1426.3,70
4748,73000.0,2202.0,5239.0,54.0,0.0,14.0,10.0,1,urban,6,2,0.2,0.0,0.0,3.5,77.8,330.7,9.9,1303.1,60
4268,7311.0,373.0,42.0,153.0,0.0,5.0,5.0,4,urban,2,5,0.0,0.0,0.0,5.0,76.2,292.1,10.6,1352.2,125
3522,267232.0,10155.0,5078.0,60.4,0.0,19.0,9.0,1,urban,6,2,0.2,5.8,0.0,2.0,74.7,164.3,12.4,1300.1,34
4134,37900.0,1349.0,906.0,221.7,0.0,8.0,6.0,3,urban,2,5,0.6,10.0,0.0,2.0,73.8,27.5,15.5,1206.3,42
3602,4400.0,599.0,565.0,60.5,0.0,9.1,11.1,3,rural,6,2,0.1,0.0,0.0,3.0,83.5,7.3,10.8,1007.2,70
713,16800.0,780.0,249.0,65.0,0.0,10.0,7.0,3,small urban,6,2,0.1,0.0,0.0,2.5,82.1,0.0,11.1,2031.8,53
4186,1790.0,100.0,56.0,115.7,0.0,3.5,1.0,4,urban,2,2,0.1,1.0,0.0,2.0,82.4,9.5,10.6,888.4,37
2214,41938.0,1602.0,12130.0,48.0,10.0,5.0,16.0,1,small urban,7,3,0.2,0.0,0.0,4.0,76.2,292.1,10.6,1352.2,63
2923,35415.0,2937.0,4897.0,138.0,9.0,4.0,15.0,1,urban,7,3,0.1,0.0,0.0,4.0,76.2,315.7,10.5,1319.7,64
1810,15158.0,662.0,1797.0,58.5,10.0,4.0,20.0,1,rural,7,5,0.1,0.0,0.0,4.0,76.8,377.6,9.5,1302.6,54
3486,6488.0,523.0,174.0,178.0,0.0,3.0,6.0,5,urban,6,2,0.1,0.0,0.0,2.0,59.1,62.4,12.3,438.0,37
3141,2520.0,240.0,410.0,80.6,0.0,10.5,6.0,2,rural,6,2,0.2,2.1,0.0,2.0,67.8,307.4,11.8,918.8,89
1827,3479.0,220.0,405.0,71.0,9.0,4.5,17.0,3,rural,7,3,0.2,0.0,0.0,4.5,76.8,377.6,9.5,1302.6,61
1155,350.0,60.0,38.0,87.7,0.0,7.5,8.0,3,rural,6,2,0.1,0.0,0.0,2.0,64.6,313.6,6.6,587.8,83
1324,12290.0,479.0,737.0,59.5,0.0,8.0,6.0,3,urban,2,5,0.1,0.0,0.0,2.0,74.4,17.0,16.1,1271.0,15
4312,12000.0,400.0,300.0,166.0,0.0,5.0,9.0,3,rural,6,5,0.2,39.7,0.0,2.0,77.8,278.3,10.0,1321.7,30
510,67800.0,2746.0,9777.0,52.0,0.0,8.0,19.0,1,urban,6,3,0.2,0.0,0.0,3.0,83.5,7.3,10.8,1007.2,43
1680,33700.0,160.0,1650.0,59.5,9.0,6.5,4.0,2,urban,7,2,0.1,2.0,0.0,1.5,67.1,133.0,14.0,845.5,68
499,24900.0,2084.0,7077.0,62.5,0.0,11.5,16.0,1,rural,6,2,0.2,0.5,0.0,2.5,81.2,3.8,10.5,1222.3,71
5255,9683.0,523.0,107.0,41.6,0.0,6.5,35.0,1,rural,6,2,0.1,0.2,0.0,1.0,83.6,978.5,5.1,1469.2,44
1856,26013.0,2737.0,1757.0,134.5,10.0,4.5,16.0,1,rural,7,3,0.1,3.0,0.0,4.5,77.2,299.4,10.4,1358.6,64
1388,5311.0,212.0,127.0,174.0,0.0,8.0,6.0,6,small urban,2,2,0.2,0.0,0.0,4.0,71.0,1148.6,6.0,795.7,37
3719,3619.0,302.0,34.0,99.0,0.0,9.0,4.0,5,rural,6,2,0.1,0.7,0.0,2.5,80.8,20.2,10.5,1335.9,65
2386,43080.0,1952.0,14652.0,47.0,10.0,4.0,16.0,1,urban,7,3,0.2,2.0,0.0,4.0,76.2,292.1,10.6,1352.2,62
3236,230.0,7.0,21.0,134.0,0.0,4.0,8.0,6,small urban,2,2,0.1,0.7,0.0,4.0,34.9,3.2,16.2,250.8,12
1540,17890.0,797.0,235.0,177.0,6.5,13.0,6.0,3,urban,6,2,0.1,0.0,0.0,2.0,77.2,144.1,12.5,1372.0,42
1217,2231.0,232.0,57.0,113.4,7.0,8.5,3.0,4,rural,7,3,0.2,4.1,0.0,1.5,75.9,199.1,11.8,1340.9,107
2681,18087.0,1571.0,4010.0,36.3,10.0,6.5,18.0,1,rural,7,3,0.1,0.0,0.0,2.0,78.1,451.6,8.9,1382.0,57
2993,45716.0,1057.0,5624.0,65.0,10.0,4.5,16.0,1,small urban,7,3,0.1,0.0,0.0,4.5,75.9,251.0,11.1,1287.3,67
1191,8900.0,67.0,49.0,121.0,0.0,9.7,5.0,3,urban,2,2,0.2,0.0,0.0,0.0,72.6,855.2,7.7,1008.6,25
1542,13242.0,338.0,406.0,51.5,0.0,8.5,12.0,3,urban,6,2,0.1,0.5,0.0,1.5,77.2,144.1,12.5,1372.0,65
3301,40000.0,1171.0,549.0,72.0,0.0,2.0,8.0,3,urban,2,2,0.2,0.0,0.0,2.0,77.8,0.0,23.3,1122.2,20
3324,59500.0,1702.0,797.0,75.5,0.0,2.0,8.0,3,urban,6,2,0.2,19.0,0.0,1.5,77.8,0.0,23.3,1122.2,25
2539,46619.0,3676.0,10018.0,228.0,10.0,4.5,16.0,1,urban,7,3,0.2,6.2,0.0,4.0,77.3,280.3,10.6,1358.9,67
953,15100.0,1691.0,252.0,96.7,0.0,9.0,14.0,3,rural,2,2,0.2,0.0,0.0,0.0,85.8,1.7,10.6,1670.2,24
4846,5300.0,40.0,26.0,240.0,0.0,11.0,9.0,4,urban,6,3,0.3,32.0,0.0,2.5,77.8,397.1,9.3,1337.7,63
4330,47876.0,1500.0,3600.0,46.2,8.0,4.0,18.0,1,rural,7,5,0.1,8.3,0.0,2.0,78.2,216.0,10.4,1435.3,16
732,5814.0,314.0,35.0,175.7,0.0,6.0,16.0,5,urban,6,2,0.2,6.7,0.0,1.0,81.4,462.0,8.1,1373.9,22
1156,400.0,68.0,43.0,74.5,0.0,5.0,12.0,3,rural,6,3,0.2,0.1,0.0,2.0,64.6,313.6,6.6,587.8,49
5372,8766.0,1124.0,231.0,65.0,0.0,8.2,10.0,1,small urban,6,3,0.1,9.0,0.0,3.9,68.9,1405.8,1.5,1213.8,54
3294,1500.0,52.0,130.0,99.0,0.0,8.0,12.0,4,small urban,6,2,0.1,0.0,0.0,3.0,52.6,323.4,8.4,409.8,37
2982,1006.0,9.0,1.0,191.5,0.0,5.5,8.0,5,rural,2,2,0.1,1.0,0.0,2.0,77.2,390.2,9.5,1399.2,73
5161,4693.0,285.0,68.0,166.0,0.0,10.0,6.0,5,urban,6,3,0.2,36.3,0.0,2.0,75.0,263.9,11.5,1251.7,75
2156,24958.0,1826.0,5823.0,35.0,10.0,4.0,26.0,1,rural,7,5,0.1,0.0,0.0,2.0,77.3,415.3,9.1,1356.6,56
1062,53262.0,2238.0,448.0,58.5,0.0,14.5,6.0,2,urban,6,3,0.2,1.5,0.0,1.5,75.0,135.7,12.8,1354.6,48
2616,29074.0,1191.0,554.0,127.0,9.0,7.0,9.0,3,urban,7,3,0.2,4.0,0.0,1.5,77.7,393.9,9.3,1382.1,84
1167,24743.0,1039.0,4478.0,58.0,0.0,9.0,28.0,1,rural,6,2,0.4,0.0,0.0,1.7,81.2,622.0,7.4,1444.6,16
3222,1500.0,68.0,11.0,176.3,0.0,3.0,9.0,5,urban,2,2,0.1,1.7,0.0,1.0,78.9,489.4,8.6,1569.7,32
3636,94000.0,2470.0,7776.0,41.6,0.0,2.0,8.0,1,rural,6,2,0.1,1.0,0.0,1.5,76.6,0.0,22.8,1105.9,21
2938,64004.0,4792.0,4921.0,64.0,12.0,0.0,20.0,1,urban,3,2,0.0,0.0,0.0,12.0,76.2,315.7,10.5,1319.7,28
4491,26000.0,1203.0,481.0,167.0,0.0,3.0,6.0,3,urban,6,2,0.2,5.0,0.0,2.5,82.7,44.3,9.6,1629.7,37
3140,2420.0,70.0,440.0,73.0,0.0,9.5,12.5,3,rural,6,2,0.2,0.5,0.0,1.5,67.8,307.4,11.8,918.8,25
4980,3030.0,83.0,123.0,68.7,0.0,5.0,15.5,4,rural,2,2,0.1,0.6,0.0,4.2,57.0,387.5,8.3,637.4,51
143,126000.0,3320.0,2060.0,67.3,11.0,0.0,10.0,2,urban,3,2,0.0,0.0,0.0,0.0,76.1,28.6,15.6,1328.6,19
3577,55180.0,2164.0,221.0,63.0,0.0,4.5,6.0,2,urban,6,2,0.1,5.0,0.0,2.0,75.0,135.7,12.8,1354.6,30
4946,968.0,32.0,81.0,142.7,0.0,3.6,13.8,4,rural,2,2,0.2,0.2,0.0,3.6,69.8,873.3,4.1,695.4,27
2782,17478.0,782.0,767.0,101.0,0.0,4.0,17.0,3,small urban,2,5,0.2,18.7,0.0,2.5,77.2,299.4,10.4,1358.6,37
717,50600.0,2125.0,10171.0,45.0,0.0,9.0,28.0,1,rural,2,2,0.2,0.0,0.0,1.7,81.4,462.0,8.1,1373.9,17
1819,14273.0,949.0,2026.0,54.0,10.0,4.0,20.0,1,rural,7,5,0.1,0.0,0.0,4.0,76.8,377.6,9.5,1302.6,48
2502,1970.0,57.0,1.0,219.0,0.0,3.5,11.0,5,urban,2,5,0.0,0.0,0.0,2.0,79.0,516.1,8.1,1394.0,20
4360,68000.0,2437.0,2883.0,70.0,0.0,4.0,12.0,2,urban,6,5,0.3,0.0,0.0,4.0,55.2,175.0,8.7,426.6,49
4171,1000.0,57.0,64.0,96.8,0.0,3.5,11.0,4,rural,6,5,0.1,0.0,0.0,3.5,52.6,323.4,8.4,409.8,44
395,36876.0,1991.0,1364.0,109.2,0.0,8.0,8.0,2,urban,2,2,0.2,0.0,0.0,2.5,78.9,73.1,12.7,1323.9,13
5603,4463.0,95.0,130.0,87.8,0.0,5.0,16.0,3,rural,2,2,0.2,0.0,0.0,0.0,64.7,841.2,6.8,580.9,14
4492,19000.0,774.0,387.0,235.3,0.0,3.0,6.0,3,urban,6,2,0.1,0.7,0.0,2.5,82.7,44.3,9.6,1629.7,37
1365,1950.0,160.0,180.0,81.0,5.0,5.0,4.0,4,rural,7,3,0.1,0.0,0.0,3.0,74.3,448.5,10.4,1071.7,67
5280,9400.0,490.0,2160.0,50.0,10.0,2.0,6.0,1,small urban,7,2,0.0,0.0,0.0,2.0,67.2,1075.7,6.0,622.1,32
595,29411.0,1265.0,668.0,80.0,0.0,4.8,9.0,2,urban,6,2,0.3,7.0,0.0,1.8,84.6,61.5,8.3,2488.0,42
3952,7428.0,698.0,37.0,158.0,0.0,5.0,3.0,4,urban,6,2,0.2,0.0,0.0,1.5,59.6,60.5,12.1,451.3,37
4968,3780.0,162.0,381.0,64.9,0.0,6.8,15.9,3,rural,2,2,0.1,0.8,0.0,2.6,60.5,729.5,7.5,464.1,38
2914,28250.0,1834.0,4857.0,85.0,9.0,3.5,15.0,1,urban,7,3,0.2,0.0,0.0,4.0,76.2,315.7,10.5,1319.7,64
2326,36146.0,1889.0,8894.0,56.0,13.0,1.0,49.0,1,rural,7,3,0.3,0.0,0.0,13.0,78.1,387.4,9.0,1321.0,26
3766,27000.0,1045.0,775.0,121.0,0.0,10.0,12.0,2,urban,2,2,0.4,12.0,0.0,2.0,77.1,9.5,17.4,1306.2,27
3440,13000.0,299.0,401.0,275.0,0.0,5.0,6.0,4,urban,2,2,0.1,0.0,0.0,4.0,55.2,175.0,8.7,426.6,23
3851,12200.0,340.0,193.0,158.2,0.0,6.0,4.5,4,urban,2,5,0.2,31.5,0.0,2.0,74.8,41.0,14.4,1427.3,20
4132,30700.0,718.0,795.0,136.0,0.0,13.0,10.0,1,urban,2,5,0.1,11.0,0.0,2.0,73.8,27.5,15.5,1206.3,29
5397,43234.0,860.0,8290.0,64.3,0.0,5.9,2.5,1,urban,2,5,0.2,2.0,0.0,1.6,,,,,33
2143,22106.0,627.0,8882.0,43.3,10.0,4.0,21.0,1,rural,7,5,0.2,0.0,0.0,2.0,78.0,463.2,8.7,1363.9,58
5345,1385.0,118.0,46.0,83.5,0.0,8.0,12.0,4,rural,6,2,0.0,0.0,0.0,3.0,58.3,455.1,8.3,533.1,27
5073,4887.0,180.0,1171.0,53.0,0.0,8.4,16.2,1,small urban,2,2,0.2,3.0,0.0,8.4,57.2,437.0,9.1,502.6,51
1571,1300.0,120.0,150.0,261.0,5.0,5.0,4.0,5,small urban,7,3,0.2,0.0,0.0,2.0,74.2,170.7,13.3,1201.5,92
4079,7311.0,158.0,50.0,213.0,0.0,3.1,15.5,3,rural,6,2,0.2,1.0,0.0,1.8,68.2,377.2,7.8,622.8,63
1122,12600.0,220.0,410.0,42.5,0.0,16.0,14.5,2,urban,2,5,0.1,0.0,0.0,1.0,71.3,239.3,12.6,1045.7,13
2786,25726.0,991.0,6090.0,71.0,0.0,7.0,25.0,1,rural,2,5,0.1,1.0,0.0,2.5,77.2,299.4,10.4,1358.6,56
2967,32295.0,362.0,2221.0,118.0,0.0,10.5,18.0,1,urban,2,2,0.2,0.5,0.0,2.0,77.2,390.2,9.5,1399.2,71
2504,3579.0,126.0,17.0,359.0,0.0,5.5,6.0,4,urban,2,2,0.2,10.0,0.0,1.5,79.0,516.1,8.1,1394.0,74
3465,2471.4,67.0,168.0,215.9,0.0,4.0,12.0,6,urban,2,2,0.1,0.0,0.0,4.0,44.6,76.5,10.9,231.4,25
675,9900.0,365.0,3990.0,86.0,0.0,14.0,11.0,1,rural,6,2,0.2,0.0,0.0,2.0,64.8,393.4,6.7,468.4,22
2808,25033.0,1637.0,7436.0,88.7,0.0,5.5,26.0,1,rural,2,5,0.1,19.7,0.0,4.5,77.2,299.4,10.4,1358.6,35
3348,5000.0,115.0,50.0,205.0,0.0,4.0,12.0,6,small urban,2,2,0.1,13.0,0.0,4.0,44.6,76.5,10.9,231.4,15
728,9360.0,534.0,2237.0,70.5,0.0,13.0,22.0,1,rural,2,2,0.6,0.0,0.0,1.7,81.8,815.0,6.3,1323.6,19
412,15293.0,551.0,382.0,186.8,0.0,5.0,22.0,4,urban,2,2,0.5,1.8,0.0,1.2,81.4,462.0,8.1,1373.9,19
3146,1072.0,142.0,151.0,74.5,0.0,5.5,5.0,3,rural,6,2,0.2,0.0,0.0,1.6,87.6,4.0,10.0,1914.9,77
1516,7323.0,294.0,364.0,62.1,0.0,4.0,8.0,4,rural,2,2,0.4,0.0,0.0,2.0,75.2,5.6,18.1,1212.1,59
825,9980.0,175.0,255.0,112.0,0.0,6.5,9.0,4,rural,6,5,0.2,15.0,0.0,1.5,73.2,123.9,14.3,1027.8,60
3267,2360.0,64.0,5.0,152.0,0.0,6.0,16.0,5,small urban,2,2,0.3,0.0,0.0,1.0,81.2,846.6,6.4,1370.8,14
3974,33400.0,504.0,2321.0,75.8,10.0,8.0,16.0,1,rural,7,2,0.0,1.0,0.0,4.0,73.6,10.7,17.2,1224.0,39
616,4600.0,235.0,1443.0,97.3,0.0,16.5,10.1,3,rural,6,2,0.2,6.6,0.0,4.9,70.9,196.8,7.4,898.9,69
114,18000.0,620.0,3360.0,81.0,0.0,10.0,15.0,1,rural,2,3,0.3,8.7,0.0,0.0,74.8,100.1,12.8,1362.4,26
417,17519.0,1174.0,701.0,117.4,0.0,10.0,24.0,4,urban,2,2,0.2,2.4,0.0,3.0,80.9,756.2,6.8,1362.0,13
3069,76842.0,3528.0,7738.0,75.0,0.0,10.5,15.0,1,urban,6,3,0.3,0.0,0.0,2.0,75.5,224.4,11.6,1318.4,57
1625,2750.0,325.0,225.0,93.0,5.2,5.2,4.0,4,rural,7,3,0.2,0.0,0.0,2.0,74.0,199.5,13.0,1240.3,96
5740,11444.0,617.0,125.0,97.0,0.0,3.0,24.0,3,urban,6,2,0.2,6.0,0.0,1.5,81.0,695.3,7.1,1354.0,59
4185,2081.0,253.0,121.0,81.9,0.0,3.4,4.0,4,urban,2,2,0.1,1.1,0.0,1.0,82.4,9.5,10.6,888.4,37
2896,32812.0,171.0,2128.0,118.0,13.0,4.0,10.0,1,urban,7,2,0.2,0.0,0.0,4.0,76.2,315.7,10.5,1319.7,32
5417,105511.0,2282.0,12239.0,73.3,0.0,16.1,8.0,1,rural,2,5,0.2,0.0,0.0,2.0,74.6,89.5,13.7,1244.3,13
2082,23802.0,1245.0,2559.0,100.7,11.0,0.0,8.0,1,rural,3,2,0.0,0.0,0.0,11.0,77.6,459.1,8.7,1412.2,28
753,42939.0,649.0,427.0,148.5,10.0,0.0,8.0,1,urban,3,2,0.0,0.0,0.0,2.0,76.6,1368.6,4.3,909.5,13
2546,85766.0,4348.0,16087.0,74.0,17.0,4.0,8.0,1,urban,7,2,0.1,0.0,0.0,2.0,77.3,280.3,10.6,1358.9,67
3969,41490.0,1062.0,166.0,110.0,0.0,4.8,8.0,3,urban,6,2,0.3,2.0,0.0,1.8,82.4,9.5,10.6,888.4,67
3373,5400.0,125.0,168.0,152.5,0.0,3.0,6.0,4,urban,2,2,0.1,0.0,0.0,4.0,55.2,175.0,8.7,426.6,27
4107,3800.0,75.0,89.0,235.5,0.0,6.0,4.5,5,urban,2,5,0.5,40.0,0.0,2.0,73.6,10.7,17.2,1224.0,29
2444,15590.0,730.0,362.0,59.0,9.0,4.0,6.0,3,small urban,7,2,0.2,0.0,0.0,2.5,77.0,366.4,9.8,1312.2,65
4380,11000.0,110.0,55.0,100.0,0.0,8.0,6.0,3,small urban,6,2,0.2,0.0,0.0,2.0,75.1,10.0,18.1,1338.3,27
1066,61864.0,2110.0,372.0,59.0,0.0,9.5,4.0,2,urban,6,2,0.2,6.8,0.0,2.0,75.0,135.7,12.8,1354.6,34
3913,17000.0,306.0,68.0,166.0,0.0,8.0,6.0,3,urban,6,2,0.1,0.0,0.0,2.0,75.7,34.0,16.3,1395.0,21
5287,12380.0,160.0,2760.0,68.4,11.5,0.0,8.0,1,rural,3,2,0.0,0.0,0.0,0.0,69.0,1122.7,6.1,696.1,17
3498,15200.0,652.0,562.0,102.0,0.0,4.0,13.0,3,small urban,6,5,0.2,24.0,0.0,4.0,83.5,7.3,10.8,1007.2,52
2738,23856.0,1261.0,6895.0,69.0,10.0,7.5,9.0,1,rural,7,2,0.1,0.0,0.0,4.0,77.6,352.9,9.7,1347.0,60
5052,12968.0,623.0,1889.0,52.5,0.0,7.9,21.0,1,urban,2,2,0.1,0.5,0.0,2.4,74.3,731.9,4.7,651.7,61
4000,2693.0,512.0,54.0,96.2,0.0,2.0,4.0,4,small urban,2,2,0.2,2.8,0.0,1.0,64.8,185.7,9.3,496.9,31
1568,2700.0,135.0,23.0,204.8,0.0,4.0,7.0,6,small urban,2,2,0.2,0.9,0.0,2.0,77.8,397.1,9.3,1337.7,34
2427,24584.0,1690.0,3328.0,57.0,10.0,9.5,12.0,1,rural,7,2,0.1,0.0,0.0,4.5,76.2,315.7,10.5,1319.7,50
3746,41682.0,3277.0,8158.0,57.4,0.0,10.5,18.0,1,urban,6,3,0.2,0.1,0.0,20.0,75.5,224.4,11.6,1318.4,59
5376,4057.0,520.0,107.0,71.0,0.0,9.0,12.0,1,rural,6,2,0.2,0.0,0.0,1.0,58.3,455.1,8.3,533.1,31
1687,5400.0,226.0,11.0,134.0,0.0,4.0,9.0,4,urban,6,2,0.1,0.5,0.0,2.0,78.2,130.1,11.5,1379.0,56
851,4699.0,363.0,334.0,130.0,0.0,10.1,4.8,2,urban,6,2,0.2,1.0,0.0,1.8,60.2,49.6,12.1,616.0,52
3546,2000.0,60.0,60.0,220.0,0.0,2.0,7.0,5,urban,2,2,0.1,1.0,0.0,2.0,77.8,330.7,9.9,1303.1,18
895,463.0,68.0,42.0,311.0,0.0,6.0,18.0,5,rural,6,2,0.4,21.6,0.0,1.0,83.2,1072.5,4.8,1527.0,26
4592,12900.0,831.0,272.0,183.5,8.0,4.0,10.0,3,urban,7,2,0.2,4.5,0.0,2.5,78.2,216.0,10.4,1435.3,101
335,155638.0,0.0,0.0,80.0,0.0,12.5,7.0,1,rural,2,2,0.0,4.5,0.0,2.5,77.4,181.5,11.5,1387.7,11
2839,23739.0,1036.0,6211.0,85.5,0.0,10.0,20.0,1,rural,2,3,0.1,7.0,0.0,2.5,79.0,516.1,8.1,1394.0,39
3087,119121.0,4372.0,2907.0,52.0,0.0,12.0,16.0,2,urban,6,3,0.1,4.0,0.0,1.5,75.5,224.4,11.6,1318.4,67
4611,8700.0,342.0,101.0,102.7,9.0,5.0,12.0,3,urban,7,2,0.1,0.0,0.0,2.5,78.9,489.4,8.6,1569.7,53
1348,3400.0,203.0,34.0,153.0,0.0,6.0,3.0,5,urban,2,2,0.3,0.0,0.0,2.0,77.6,254.6,10.4,1398.8,85
1015,8105.0,239.0,129.0,349.0,0.0,6.0,10.0,3,small urban,2,2,0.1,0.0,0.0,0.0,73.5,1463.6,4.4,869.8,26
2816,25427.0,2208.0,6040.0,46.0,0.0,5.5,19.0,1,rural,2,3,0.1,0.0,0.0,5.5,77.2,299.4,10.4,1358.6,35
1631,3050.0,600.0,225.0,94.0,4.6,4.6,4.0,5,rural,7,3,0.1,0.0,0.0,2.0,74.0,199.5,13.0,1240.3,92
2489,26095.0,1724.0,430.0,139.0,0.0,3.5,12.0,3,urban,2,2,0.1,0.0,0.0,2.0,79.0,516.1,8.1,1394.0,58
3730,14760.0,846.0,219.0,70.0,6.5,10.0,2.0,4,rural,7,3,0.1,12.0,0.0,2.0,76.0,109.1,13.2,1336.0,71
3251,1300.0,29.0,39.0,157.7,0.0,4.0,12.0,6,small urban,2,2,0.1,0.0,0.0,4.0,44.6,76.5,10.9,231.4,21
5370,4216.0,885.0,160.0,121.4,0.0,8.0,10.0,1,rural,6,3,0.2,2.8,0.0,4.5,68.9,1405.8,1.5,1213.8,40
2070,24958.0,1826.0,5823.0,44.5,10.0,4.0,18.0,1,rural,7,5,0.1,0.0,0.0,3.5,77.6,459.1,8.7,1412.2,57
4452,28000.0,1151.0,669.0,73.0,0.0,3.0,12.0,3,urban,2,2,0.2,8.0,0.0,0.0,77.0,0.1,21.7,1191.9,24
5661,9628.0,501.0,298.0,84.7,0.0,6.0,12.0,3,urban,2,2,0.2,0.1,0.0,1.5,68.1,3.8,19.6,973.3,35
1635,4150.0,500.0,325.0,136.0,5.5,5.5,4.0,4,urban,7,3,0.1,0.0,0.0,2.0,74.0,199.5,13.0,1240.3,87
4646,9100.0,561.0,144.0,92.2,0.0,11.8,15.8,3,urban,6,3,0.2,0.0,0.0,2.5,77.6,254.6,10.4,1398.8,85
2479,60062.0,3497.0,8721.0,129.0,0.0,5.5,12.0,1,urban,2,2,0.2,14.0,0.0,2.0,79.0,516.1,8.1,1394.0,39
2265,83708.0,5440.0,4394.0,70.0,0.0,3.5,17.0,1,urban,2,5,0.1,2.0,0.0,1.5,76.5,209.7,11.6,1454.3,34
2959,1260.0,20.0,0.0,271.0,0.0,8.5,8.0,5,urban,2,2,0.3,1.0,0.0,1.5,76.2,315.7,10.5,1319.7,79
5323,35646.0,515.0,249.0,170.0,7.0,0.0,5.0,3,urban,3,2,0.0,0.0,0.2,0.0,69.0,1122.7,6.1,696.1,15
5743,2876.0,155.0,32.0,73.3,0.0,3.0,26.0,3,rural,6,2,0.2,6.0,0.0,1.0,84.1,1098.9,4.4,1333.3,60
3059,14247.0,380.0,270.0,140.5,0.0,3.0,19.0,2,rural,6,3,0.3,41.0,0.0,2.0,78.2,216.0,10.4,1435.3,31
5053,9004.0,379.0,1787.0,63.3,0.0,7.2,22.2,1,rural,2,2,0.2,1.9,0.0,7.2,65.6,723.5,4.9,601.7,40
2141,22106.0,627.0,8882.0,46.3,10.0,4.0,21.0,1,rural,7,5,0.1,0.0,0.0,2.0,78.0,463.2,8.7,1363.9,58
5104,354.0,21.0,13.0,98.7,0.0,4.2,17.0,5,rural,2,2,0.1,0.7,0.0,4.2,69.8,873.3,4.1,695.4,63
3118,117500.0,4329.0,5776.0,69.6,0.0,20.0,17.0,1,urban,6,3,0.2,8.0,0.0,3.5,76.7,0.0,22.3,1087.2,15
5188,2354.0,83.0,34.0,115.4,0.0,10.0,6.0,4,urban,6,2,0.1,12.6,0.0,2.0,74.8,388.0,10.1,1082.3,75
5478,10500.0,568.0,117.0,111.4,0.0,5.0,14.0,5,urban,6,2,0.2,11.2,0.0,1.0,81.9,776.7,6.5,1396.5,86
4045,2670.0,287.0,247.0,87.9,0.0,6.0,8.0,3,rural,2,2,0.5,38.2,0.0,2.0,74.5,8.7,17.5,1227.2,14
3356,24800.0,1255.0,285.0,71.0,0.0,4.0,17.0,3,urban,6,2,0.3,42.0,0.0,2.0,80.8,20.2,10.5,1335.9,57
2744,68982.0,5717.0,7515.0,82.0,10.0,4.5,16.0,1,urban,7,3,0.1,0.0,0.0,4.5,77.6,352.9,9.7,1347.0,67
5092,671.0,28.0,39.0,83.5,0.0,4.2,25.0,5,rural,2,2,0.1,0.0,0.0,3.8,61.6,589.7,7.0,568.2,61
3506,12600.0,534.0,525.0,138.0,0.0,4.0,8.0,4,rural,2,2,0.2,50.0,0.0,2.0,75.4,10.8,17.3,1243.9,14
1679,40600.0,350.0,1850.0,151.8,9.0,2.0,4.0,2,urban,7,2,0.1,11.2,0.0,1.5,67.1,133.0,14.0,845.5,68
4249,3100.0,71.0,45.0,221.0,0.0,6.0,4.5,5,urban,2,5,0.2,11.0,0.0,2.0,73.1,25.0,15.8,1161.8,76
3147,1072.0,142.0,151.0,207.0,0.0,7.2,10.8,3,rural,6,2,0.1,37.0,0.0,7.2,85.1,0.8,10.3,2452.7,33
2294,9763.0,702.0,1093.0,67.8,11.0,3.5,19.0,1,rural,7,5,0.2,0.0,0.0,3.5,78.1,387.4,9.0,1321.0,39
580,14874.0,461.0,74.0,201.3,0.0,6.0,22.0,4,urban,6,2,0.2,0.8,0.0,1.5,80.9,756.2,6.8,1362.0,36
1470,6245.0,219.0,12.0,172.0,0.0,6.0,16.0,5,urban,2,2,0.4,1.0,0.0,1.0,80.9,756.2,6.8,1362.0,16
4799,2100.0,114.0,41.0,189.0,7.0,3.0,8.0,5,urban,7,2,0.2,23.0,0.0,2.5,77.8,330.7,9.9,1303.1,37
4070,7000.0,289.0,120.0,128.5,0.0,6.0,4.5,4,urban,2,5,0.8,34.0,0.0,2.0,74.8,41.0,14.4,1427.3,16
5308,30697.0,1787.0,829.0,127.5,9.0,0.0,4.0,3,urban,3,2,0.0,0.0,0.4,2.0,69.0,1122.7,6.1,696.1,17
3343,640.0,15.0,20.0,341.0,0.0,4.0,10.0,6,urban,2,2,0.1,5.0,0.0,4.0,57.1,226.3,8.0,716.8,65
4992,1201.0,30.0,116.0,48.4,0.0,5.2,16.2,4,rural,2,2,0.1,0.2,0.0,2.4,65.8,895.7,3.7,723.1,26
4583,11400.0,778.0,255.0,244.0,9.0,6.0,13.0,3,urban,7,2,0.2,20.0,0.0,2.5,78.2,130.1,11.5,1379.0,42
3672,21122.0,1276.0,1272.0,70.7,7.0,13.5,12.0,3,small urban,7,2,0.2,2.7,0.0,1.5,77.6,43.7,14.3,1302.9,63
559,24500.0,1191.0,5091.0,82.7,0.0,11.5,15.0,1,rural,6,2,0.4,1.3,0.0,4.0,74.8,98.6,8.2,537.0,72
5237,19410.0,1048.0,213.0,42.3,0.0,5.5,36.0,1,rural,6,2,0.2,3.6,0.0,1.0,81.9,776.7,6.5,1396.5,58
5215,1049.0,34.0,85.0,391.0,0.0,10.0,6.0,4,urban,6,3,0.1,24.0,0.0,2.0,76.5,393.3,9.8,1269.4,75
2849,2962.0,827.0,224.0,90.0,9.0,5.0,6.0,3,rural,7,2,0.2,0.0,0.0,5.0,78.1,520.3,8.1,1384.8,57
512,4071.0,285.0,199.0,107.4,0.0,6.0,16.0,5,rural,6,2,0.2,0.4,0.0,1.0,80.9,756.2,6.8,1362.0,22
4729,9600.0,266.0,254.0,173.0,8.0,4.0,10.0,3,urban,7,2,0.2,5.0,0.0,2.5,77.6,254.6,10.4,1398.8,25
1081,9004.0,351.0,234.0,57.1,0.0,6.0,16.0,3,rural,6,2,0.2,0.0,0.0,2.0,81.2,846.6,6.4,1370.8,34
1664,28075.0,394.0,118.0,104.0,5.5,5.5,4.0,3,urban,7,3,0.2,66.0,0.0,2.0,74.2,334.3,11.5,1069.6,91
1012,18100.0,323.0,201.0,68.2,0.0,8.7,6.2,3,urban,2,2,0.1,0.0,0.0,3.0,76.6,1368.6,4.3,909.5,15
1931,17632.0,704.0,354.0,162.0,10.0,5.0,10.0,3,urban,7,3,0.1,0.0,0.0,2.5,77.4,183.7,11.8,1369.8,85
1150,420.0,98.0,78.0,94.6,0.0,7.5,14.0,3,rural,6,2,0.1,0.0,0.0,6.0,69.5,327.8,6.2,1159.2,64
2838,23739.0,1036.0,6211.0,144.0,0.0,10.0,20.0,1,rural,2,3,0.1,2.0,0.0,2.5,79.0,516.1,8.1,1394.0,39
116,72000.0,1950.0,5960.0,106.9,0.0,13.5,8.0,1,urban,2,2,0.1,0.0,0.0,2.0,73.6,51.1,14.4,1233.2,55
740,6360.0,445.0,320.0,97.0,5.0,5.0,4.0,3,urban,7,3,0.1,5.0,0.0,2.0,74.9,333.5,11.3,1121.7,85
5569,3108.0,150.0,250.0,77.9,0.0,8.0,7.0,3,rural,2,3,0.2,3.2,0.0,3.0,64.7,841.2,6.8,580.9,60
5177,2645.0,130.0,101.0,191.3,0.0,10.0,6.0,6,urban,6,3,0.1,30.1,0.0,2.0,76.7,380.8,9.6,1347.3,75
3675,3500.0,630.0,210.0,142.3,0.0,6.0,8.0,3,rural,2,2,0.3,7.5,0.0,2.0,73.9,11.6,17.0,1226.7,65
830,1391.0,63.0,321.0,55.1,0.0,4.0,15.0,3,rural,2,2,0.1,0.0,0.0,2.0,66.0,789.9,7.7,612.4,62
119,117000.0,3620.0,8590.0,54.6,8.0,4.5,4.0,1,urban,3,2,0.0,0.0,0.0,4.5,73.9,36.5,15.2,1178.3,55
4752,89600.0,2956.0,5680.0,51.3,10.0,4.0,9.0,1,urban,7,2,0.1,0.3,0.0,2.5,77.6,254.6,10.4,1398.8,43
5538,11008.0,594.0,121.0,96.0,0.0,5.0,24.0,4,small urban,6,2,0.1,6.0,0.0,2.0,83.6,978.5,5.1,1469.2,19
5494,4902.0,265.0,54.0,362.0,0.0,1.0,12.0,4,rural,6,2,0.3,22.0,0.0,1.0,81.0,695.3,7.1,1354.0,107
5729,15606.0,843.0,172.0,87.4,0.0,2.0,6.0,3,rural,6,2,0.2,12.6,0.0,1.0,81.9,776.7,6.5,1396.5,42
635,270.0,43.0,46.0,99.9,0.0,4.0,13.0,3,rural,2,2,0.2,0.0,0.0,0.0,52.9,278.4,8.1,560.1,32
4465,2100.0,74.0,184.0,60.0,0.0,5.0,8.0,3,rural,2,3,0.1,0.0,0.0,0.0,41.1,34.9,13.2,246.5,29
4364,2361.0,143.0,10.0,219.0,0.0,4.0,6.0,5,urban,6,2,0.2,3.0,0.0,2.0,84.6,61.5,8.3,2488.0,40
4142,9400.0,168.0,111.0,160.0,0.0,6.0,4.5,4,urban,2,5,0.4,13.0,0.0,2.0,73.8,27.5,15.5,1206.3,27
991,5212.0,157.0,321.0,247.0,9.0,3.0,2.0,3,rural,7,2,0.2,13.0,0.0,3.0,68.7,963.4,7.2,822.1,70
876,616.0,55.0,28.0,139.6,0.0,6.0,16.0,5,rural,6,2,0.2,3.0,0.0,1.0,84.0,1194.9,3.9,1448.3,22
4869,19397.0,165.0,394.0,61.5,0.0,7.8,13.2,3,small urban,2,2,0.2,0.0,0.0,2.4,73.8,798.8,4.8,709.3,19
5315,3225.0,174.0,36.0,155.0,0.0,3.0,24.0,5,urban,6,3,0.2,0.2,0.0,3.0,79.5,622.1,7.5,1291.3,14
5222,3284.0,58.0,35.0,66.0,0.0,10.0,6.0,4,urban,6,3,0.1,1.0,0.0,2.0,76.5,393.3,9.8,1269.4,75
4,2182.0,175.0,242.0,245.5,0.0,3.0,8.0,3,urban,2,3,0.3,0.0,0.0,1.5,68.6,9.0,18.7,1015.6,73
3051,119316.0,8089.0,5621.0,99.5,10.0,4.0,16.0,1,urban,7,3,0.1,0.0,0.0,1.5,77.4,183.7,11.8,1369.8,60
3124,4900.0,83.0,48.0,201.2,0.0,4.0,10.0,6,urban,2,2,0.1,0.0,0.0,4.0,34.9,3.2,16.2,250.8,14
2660,24354.0,1491.0,3106.0,31.5,10.0,4.0,8.0,1,rural,7,2,0.1,0.0,0.0,2.0,78.1,451.6,8.9,1382.0,60
2491,23478.0,1437.0,5250.0,118.0,13.0,0.0,24.0,1,rural,3,2,0.0,0.0,0.1,13.0,79.0,516.1,8.1,1394.0,31
5173,6145.0,199.0,497.0,132.0,0.0,10.0,6.0,3,urban,6,3,0.2,1.0,0.0,2.0,75.3,227.2,12.2,1246.0,75
3854,27100.0,1138.0,1355.0,168.5,0.0,6.0,4.5,4,urban,2,5,0.3,26.0,0.0,2.0,74.8,41.0,14.4,1427.3,31
4933,6805.0,101.0,319.0,70.4,0.0,4.7,17.2,3,rural,2,2,0.2,0.4,0.0,3.6,73.2,887.3,3.5,710.8,56
4777,76700.0,3362.0,5754.0,56.0,0.0,12.0,19.0,1,urban,6,5,0.2,0.0,0.0,4.5,77.8,330.7,9.9,1303.1,55
1715,14400.0,459.0,397.0,62.0,0.0,9.0,16.0,4,rural,6,2,0.1,0.0,0.0,4.0,83.5,7.3,10.8,1007.2,70
1148,460.0,108.0,85.0,63.2,0.0,5.0,8.0,3,rural,6,2,0.1,0.0,0.0,3.0,69.5,327.8,6.2,1159.2,59
3261,12000.0,405.0,1008.0,111.0,0.0,10.5,11.0,4,urban,6,2,0.0,0.0,0.0,3.0,55.2,175.0,8.7,426.6,64
574,2800.0,154.0,1210.0,67.0,0.0,7.0,18.0,4,rural,6,2,0.2,0.0,0.0,2.0,69.5,327.8,6.2,1159.2,71
3769,11300.0,805.0,816.0,169.5,0.0,8.0,6.0,3,small urban,2,5,0.6,25.0,0.0,2.0,77.1,9.5,17.4,1306.2,52
3736,6100.0,189.0,560.0,169.0,0.0,4.0,10.0,5,rural,2,2,0.1,6.0,0.0,4.0,34.9,3.2,16.2,250.8,17
4146,37939.0,3397.0,741.0,67.5,0.0,10.0,12.0,2,urban,2,2,0.4,6.8,0.0,2.0,73.8,27.5,15.5,1206.3,15
853,1614.0,186.0,60.0,103.6,0.0,6.0,16.0,5,urban,2,2,0.2,1.0,0.0,1.0,81.2,622.0,7.4,1444.6,10
1982,33301.0,3121.0,4154.0,82.0,10.0,4.0,18.0,1,urban,7,5,0.2,0.0,0.0,2.0,77.6,395.4,9.5,1362.7,61
2774,15399.0,987.0,3440.0,45.5,0.0,5.5,26.0,1,rural,2,5,0.1,1.5,0.0,2.5,76.2,296.0,10.5,1308.9,54
4929,16935.0,425.0,361.0,81.0,0.0,5.4,14.0,3,small urban,2,2,0.2,0.0,0.0,2.4,73.2,887.3,3.5,710.8,57
5211,870.0,25.0,6.0,185.0,0.0,10.0,6.0,6,urban,6,3,0.4,1.0,0.0,2.0,76.5,393.3,9.8,1269.4,75
1166,24737.0,1039.0,4477.0,56.0,0.0,9.0,28.0,1,rural,6,2,0.3,0.0,0.0,1.7,81.2,622.0,7.4,1444.6,16
971,560.0,15.0,40.0,95.4,0.0,3.5,2.5,5,rural,6,5,0.1,13.6,0.0,1.0,73.4,150.3,13.7,1021.3,98
2701,28098.0,1774.0,10614.0,34.5,0.0,6.0,37.0,1,rural,2,5,0.1,0.0,0.0,2.0,78.1,451.6,8.9,1382.0,25
4495,2200.0,74.0,25.0,281.0,6.0,0.0,6.0,4,urban,3,2,0.0,0.0,0.1,2.5,82.7,44.3,9.6,1629.7,37
3847,9100.0,637.0,91.0,124.4,0.0,8.0,6.0,3,urban,2,5,0.5,34.0,0.0,2.0,74.8,41.0,14.4,1427.3,14
2368,13908.0,266.0,129.0,56.8,0.0,7.5,10.0,3,urban,2,2,0.1,0.0,0.0,3.5,76.2,292.1,10.6,1352.2,72
4115,1533.0,27.0,178.0,107.5,0.0,4.0,8.0,4,rural,2,2,0.8,36.2,0.0,2.0,73.9,11.6,17.0,1226.7,64
4780,55400.0,2154.0,5552.0,58.7,9.0,2.0,9.0,1,urban,7,2,0.1,0.0,0.0,3.5,77.6,254.6,10.4,1398.8,68
4131,93500.0,2338.0,4021.0,59.3,12.0,13.0,10.0,1,urban,7,5,0.1,4.7,0.0,2.0,73.8,27.5,15.5,1206.3,26
2950,1654.0,28.0,72.0,158.5,0.0,8.0,5.0,5,rural,2,2,0.0,0.0,0.0,2.0,76.2,315.7,10.5,1319.7,83
524,14650.0,1949.0,3459.9,77.2,0.0,7.0,18.0,1,rural,2,2,0.2,6.6,0.0,1.5,44.2,157.4,10.5,273.1,13
2455,24491.0,2358.0,7494.0,54.0,10.0,5.0,31.0,1,rural,7,3,0.1,0.0,0.0,5.0,78.0,463.2,8.7,1363.9,59
5016,427.0,24.0,31.0,69.0,0.0,4.8,14.0,4,rural,2,2,0.1,0.0,0.0,1.8,69.8,873.3,4.1,695.4,70
1841,44908.0,3693.0,11346.0,81.0,10.0,4.5,16.0,1,rural,7,3,0.1,0.0,0.0,4.5,77.2,299.4,10.4,1358.6,71
537,6777.0,373.0,115.0,90.0,0.0,6.0,16.0,4,rural,6,2,0.3,0.3,0.0,1.5,83.4,216.1,7.8,1441.1,35
2806,25033.0,1637.0,7436.0,122.0,0.0,3.5,26.0,1,rural,2,5,0.1,19.7,0.0,4.5,77.2,299.4,10.4,1358.6,34
4341,1149.0,80.0,0.0,176.5,0.0,4.0,18.0,5,urban,2,2,0.2,1.2,0.0,1.0,84.0,148.9,6.9,3145.3,37
3175,940.0,33.0,81.0,66.4,0.0,4.5,4.0,4,rural,6,5,0.0,0.0,0.0,2.0,55.2,175.0,8.7,426.6,38
784,19560.0,935.0,2604.0,74.1,0.0,9.5,20.0,1,rural,6,3,0.2,2.7,0.0,3.0,75.1,291.4,10.5,1137.7,34
4057,6415.0,170.0,130.0,181.4,0.0,3.0,16.0,3,rural,6,5,0.3,45.6,0.0,1.5,77.8,278.3,10.0,1321.7,24
1409,7412.0,404.0,661.0,58.3,0.0,10.0,6.0,4,rural,6,2,0.1,0.0,0.0,3.0,77.2,107.8,13.1,1338.5,70
2537,46619.0,3676.0,10018.0,151.0,10.0,4.5,16.0,1,urban,7,3,0.2,1.0,0.0,4.0,77.3,280.3,10.6,1358.9,67
154,59000.0,1420.0,1430.0,49.4,0.0,8.0,12.0,2,urban,2,2,0.1,0.0,0.0,1.5,76.3,98.4,12.4,1468.6,59
3009,51857.0,2005.0,5472.0,75.0,0.0,4.5,16.0,1,urban,2,3,0.1,0.0,0.0,2.0,75.9,251.0,11.1,1287.3,19
1686,2100.0,143.0,24.0,180.0,0.0,4.0,9.0,5,urban,6,2,0.1,1.0,0.0,2.0,78.2,130.1,11.5,1379.0,56
2901,32830.0,3390.0,6521.0,57.0,0.0,11.0,18.0,1,rural,2,2,0.2,0.0,0.0,4.0,76.2,315.7,10.5,1319.7,60
5739,6745.0,365.0,74.0,96.0,0.0,4.0,30.0,3,urban,6,2,0.1,8.0,0.0,1.0,81.0,695.3,7.1,1354.0,46
4721,8800.0,62.0,8.0,228.0,0.0,11.0,9.0,3,urban,6,3,0.2,21.0,0.0,2.5,77.8,330.7,9.9,1303.1,90
3863,1250.0,26.0,7.0,242.0,0.0,6.0,4.5,5,urban,2,5,0.4,36.0,0.0,2.0,74.8,41.0,14.4,1427.3,16
2733,23856.0,1261.0,6895.0,66.5,10.0,4.0,19.0,1,rural,7,3,0.1,0.0,0.0,4.0,77.6,352.9,9.7,1347.0,60
1895,12446.0,702.0,1893.0,76.5,11.0,4.5,20.0,1,rural,7,5,0.1,0.0,0.0,4.5,76.3,364.6,9.7,1122.7,36
5442,25160.0,385.0,160.0,170.0,0.0,10.5,5.5,3,urban,2,5,0.2,10.0,0.0,1.5,77.2,191.1,11.0,1489.8,22
569,12500.0,686.0,4348.0,35.5,0.0,11.5,9.0,1,rural,6,2,0.1,0.0,0.0,2.0,70.0,77.6,9.9,442.0,59
1816,13493.0,818.0,1577.0,55.0,10.0,4.0,20.0,1,rural,7,5,0.2,0.0,0.0,4.0,76.8,377.6,9.5,1302.6,48
2065,27384.0,1866.0,10359.0,66.0,0.0,5.0,26.0,1,rural,2,5,0.1,2.0,0.0,23.0,77.6,459.1,8.7,1412.2,19
127,53000.0,1910.0,4230.0,59.0,9.0,3.3,4.0,1,urban,6,2,0.1,0.0,0.0,2.7,75.1,39.5,15.1,1277.7,68
3394,50760.0,3117.0,3401.0,99.0,0.0,8.5,12.0,2,urban,6,3,0.2,7.0,0.0,2.0,75.0,135.7,12.8,1354.6,54
3327,10800.0,955.0,364.0,125.8,0.0,6.0,8.0,3,rural,2,2,0.3,14.2,0.0,2.0,74.3,15.9,16.5,1203.1,14
5778,3409.0,106.0,515.0,94.0,8.0,0.0,24.0,3,rural,3,2,0.0,0.0,0.0,0.0,69.7,1406.5,4.5,655.7,33
2975,44917.0,2008.0,3960.0,40.0,0.0,4.0,20.0,1,rural,2,5,0.1,0.0,0.0,15.5,77.2,390.2,9.5,1399.2,13
980,9506.0,283.0,252.0,94.0,0.0,12.3,12.0,2,rural,6,2,0.2,0.0,0.0,3.0,73.1,1405.6,4.5,839.9,44
2300,9424.0,575.0,1516.0,52.5,11.0,3.5,21.0,1,rural,7,5,0.2,0.0,0.0,3.5,78.1,387.4,9.0,1321.0,38
190,15000.0,630.0,1760.0,85.5,0.0,9.2,8.0,3,rural,2,2,0.3,12.8,0.0,1.5,73.9,25.5,15.9,1204.9,56
1139,15600.0,1460.0,2760.0,56.6,0.0,22.0,20.5,1,small urban,6,5,0.1,0.3,0.0,1.5,60.8,184.7,12.9,667.8,61
5088,301.0,85.0,67.0,132.4,0.0,3.8,8.0,5,rural,2,2,0.2,1.2,0.0,3.8,70.1,821.4,4.1,548.7,72
699,18855.0,1459.0,832.0,85.5,0.0,6.3,12.2,2,rural,6,3,0.2,0.0,0.0,1.8,86.7,10.3,10.0,1629.6,65
5539,12800.0,691.0,141.0,91.0,0.0,3.0,27.0,4,small urban,6,2,0.3,8.0,0.0,1.0,83.6,978.5,5.1,1469.2,70
606,10900.0,20.0,270.0,192.0,9.0,2.0,4.0,3,small urban,7,2,0.1,18.0,0.0,2.0,72.4,286.6,12.1,1059.6,55
4276,64023.0,1652.0,1312.0,89.5,0.0,13.2,4.2,2,urban,6,3,0.4,26.0,0.0,1.8,80.8,20.2,10.5,1335.9,48
301,52823.0,1532.0,644.0,243.2,7.0,2.0,7.0,3,urban,7,2,0.3,0.0,0.0,2.0,77.4,183.7,11.8,1369.8,93
3420,53000.0,2066.0,2757.0,63.0,0.0,2.0,8.0,1,urban,2,2,0.2,1.0,0.0,1.5,76.6,0.0,22.8,1105.9,9
5583,401.0,21.0,74.0,58.7,0.0,9.0,7.0,3,rural,2,3,0.1,0.0,0.0,4.0,63.7,763.3,7.3,585.7,70
1060,69432.0,3986.0,1653.0,50.0,7.0,12.5,3.0,3,urban,7,3,0.2,0.0,0.0,2.0,75.0,135.7,12.8,1354.6,99
2565,17931.0,724.0,351.0,54.0,0.0,3.5,7.0,2,urban,2,5,0.1,0.0,0.0,4.0,77.7,393.9,9.3,1382.1,53
5789,4675.0,271.0,561.0,81.5,0.0,6.0,10.0,3,rural,6,2,0.1,0.1,0.0,3.0,55.3,1.2,20.3,539.7,36
1069,99971.0,9648.0,5899.0,124.0,9.0,8.0,17.0,2,urban,7,2,0.2,17.0,0.0,2.0,75.0,135.7,12.8,1354.6,24
2524,24354.0,1491.0,3106.0,40.0,10.0,5.0,28.0,1,rural,7,3,0.2,0.0,0.0,5.0,77.6,395.4,9.5,1362.7,60
2205,19263.0,1461.0,3725.0,51.7,10.0,4.0,22.0,1,rural,7,5,0.2,0.0,0.0,2.0,78.1,451.6,8.9,1382.0,56
1243,2300.0,138.0,191.0,88.2,0.0,2.0,8.0,3,rural,6,2,0.1,0.0,0.0,1.5,76.3,0.0,23.8,1171.7,9
16,17437.0,191.0,331.0,81.2,0.0,5.5,24.0,4,urban,2,2,0.1,6.4,0.0,0.0,76.8,494.6,8.6,1109.3,8
3120,152500.0,4247.0,5666.0,57.4,12.0,0.0,17.0,1,urban,3,3,0.0,17.5,0.0,0.0,76.7,0.0,22.3,1087.2,15
5780,15361.0,476.0,3088.0,73.6,0.0,6.0,12.0,3,urban,6,2,0.2,0.0,0.0,1.5,73.2,16.2,17.9,1284.0,31
4642,7300.0,148.0,156.0,130.8,0.0,11.5,19.5,3,urban,6,5,0.2,24.3,0.0,2.5,77.6,254.6,10.4,1398.8,55
4754,73500.0,2956.0,5680.0,141.0,10.0,3.0,10.0,1,urban,7,2,0.3,0.0,0.0,4.5,77.6,254.6,10.4,1398.8,43
815,2650.0,275.0,325.0,142.3,5.5,5.5,4.0,4,small urban,7,3,0.1,17.0,0.0,2.0,74.2,292.6,11.9,1144.3,93
3067,389.0,16.0,9.0,272.0,0.0,3.5,5.0,6,urban,2,2,0.1,0.0,0.0,0.0,73.4,1003.1,7.0,1171.6,32
5544,3180.0,172.0,35.0,150.0,0.0,1.0,14.0,5,rural,6,2,0.2,12.4,0.0,1.0,79.2,482.5,8.5,1306.4,90
959,23112.0,1000.0,4700.0,73.5,4.0,4.0,4.0,1,rural,7,5,0.0,0.0,0.0,3.0,76.1,565.4,9.1,1075.7,53
4893,7884.0,149.0,368.0,110.0,0.0,5.9,7.9,3,rural,2,2,0.2,1.0,0.0,2.4,72.6,723.4,5.3,733.1,17
225,58848.0,2248.0,871.0,121.0,9.0,5.0,9.0,3,urban,7,2,0.1,13.0,0.0,4.0,77.4,181.5,11.5,1387.7,89
3354,490.0,8.0,5.0,226.0,0.0,4.0,13.0,6,small urban,2,2,0.1,0.0,0.0,4.0,34.9,3.2,16.2,250.8,27
2485,20374.0,955.0,5268.0,302.0,10.0,5.0,10.0,1,urban,7,3,0.0,0.0,0.0,3.0,79.0,516.1,8.1,1394.0,47
562,23500.0,1142.0,4883.0,83.2,0.0,9.0,12.0,1,small urban,6,2,0.5,0.0,0.0,7.0,74.8,98.6,8.2,537.0,66
3436,5100.0,177.0,441.0,98.0,0.0,4.0,12.0,6,urban,2,2,0.1,10.0,0.0,4.0,44.6,76.5,10.9,231.4,14
1693,6825.0,247.0,304.0,185.0,5.5,5.5,4.0,3,urban,7,3,0.1,5.0,0.0,2.0,74.5,388.4,10.9,1050.2,16
1045,2600.0,202.0,246.0,77.8,9.0,7.9,4.5,3,small urban,7,2,0.2,0.0,0.0,1.5,69.3,912.2,7.5,965.5,90
3446,6900.0,115.0,22.0,81.0,0.0,5.0,5.0,5,urban,6,2,0.1,6.0,0.0,1.5,78.2,216.0,10.4,1435.3,65
4565,65402.0,1016.0,619.0,62.0,0.0,4.0,8.0,3,urban,6,2,0.3,19.0,0.0,2.0,76.8,0.0,22.3,1219.3,28
954,6800.0,741.0,1063.0,80.4,0.0,10.0,21.0,3,rural,6,2,0.3,0.0,0.0,2.0,85.8,1.7,10.6,1670.2,73
5777,9156.0,197.0,237.0,133.3,10.0,0.0,12.0,3,urban,3,2,0.0,0.0,0.0,0.0,69.0,1122.7,6.1,696.1,31
2735,23856.0,1261.0,6895.0,70.7,10.0,4.0,19.0,1,rural,7,3,0.1,0.3,0.0,4.0,77.6,352.9,9.7,1347.0,60
5686,12228.0,292.0,404.0,94.0,0.0,10.0,6.0,3,urban,6,3,0.2,7.0,0.0,3.5,75.8,280.2,11.5,1194.5,40
4735,3200.0,451.0,165.0,159.2,0.0,2.0,11.0,4,rural,6,5,0.2,12.5,0.0,2.0,77.6,254.6,10.4,1398.8,24
5586,11831.0,250.0,232.0,70.0,0.0,5.0,15.0,3,small urban,2,2,0.3,0.0,0.0,2.0,62.8,691.9,7.3,553.5,23
1218,46232.0,2761.0,1082.0,69.0,8.0,5.5,10.0,3,urban,7,2,0.2,36.0,0.0,2.0,75.9,199.1,11.8,1340.9,78
5254,18182.0,982.0,200.0,42.8,0.0,6.5,42.0,1,rural,6,3,0.3,1.0,0.0,1.0,83.6,978.5,5.1,1469.2,22
1527,1950.0,325.0,100.0,93.0,5.0,5.0,4.0,4,rural,7,3,0.1,5.0,0.0,2.0,75.2,126.1,14.2,1309.5,90
3987,4200.0,61.0,148.0,151.0,0.0,6.0,4.5,4,urban,2,5,0.2,44.0,0.0,2.0,73.6,10.7,17.2,1224.0,28
5720,2939.0,49.0,10.0,198.5,0.0,10.0,6.0,5,urban,6,3,0.3,1.0,0.0,2.0,75.8,280.2,11.5,1194.5,75
1300,26830.0,1554.0,306.0,53.4,0.0,6.0,1.0,3,small urban,6,3,0.2,4.7,0.0,2.0,76.0,76.6,13.8,1287.2,39
5672,53187.0,3095.0,15441.0,69.2,0.0,14.0,6.0,1,rural,6,3,0.1,1.5,0.0,2.0,75.6,317.4,10.8,1179.5,18
160,22000.0,1030.0,2160.0,48.8,8.0,10.0,4.0,2,small urban,7,2,0.2,6.4,0.0,7.5,74.2,73.9,13.6,1256.0,52
4067,21500.0,1935.0,215.0,43.4,0.0,10.0,12.0,2,urban,2,2,0.3,0.0,0.0,2.0,74.8,41.0,14.4,1427.3,61
956,510.0,45.0,40.0,64.1,0.0,7.0,5.5,4,rural,6,5,0.1,12.0,0.0,1.5,68.7,112.4,14.5,894.6,83
3791,10492.0,237.0,87.0,71.7,8.0,10.0,5.0,3,urban,7,2,0.1,2.7,0.0,1.5,77.2,90.4,13.6,1329.9,73
3234,3761.0,376.0,172.0,69.0,0.0,10.0,15.0,3,rural,6,3,0.2,0.0,0.0,2.0,77.2,378.6,9.5,1368.3,59
2869,3066.0,117.0,282.0,136.0,8.0,5.0,19.0,3,rural,7,3,0.3,31.0,0.0,2.0,78.8,496.7,8.4,1374.0,125
3777,6100.0,144.0,81.0,101.0,0.0,6.0,4.5,5,urban,2,5,0.3,0.0,0.0,2.0,77.1,9.5,17.4,1306.2,14
4433,11770.0,828.0,143.0,90.0,0.0,4.0,13.0,3,urban,6,5,0.2,0.5,0.0,1.0,86.7,10.3,10.0,1629.6,16
4973,3094.0,63.0,153.0,90.7,0.0,3.6,15.6,3,rural,2,2,0.1,3.3,0.0,3.6,74.3,731.9,4.7,651.7,35
2961,13539.0,76.0,805.0,94.0,9.0,2.5,15.0,3,rural,7,3,0.1,0.0,0.0,3.5,77.2,390.2,9.5,1399.2,63
2200,19263.0,1461.0,3725.0,50.3,10.0,4.0,22.0,1,rural,7,5,0.2,4.0,0.0,2.0,78.1,451.6,8.9,1382.0,57
98,55000.0,800.0,1290.0,111.5,11.0,0.0,11.0,1,urban,3,3,0.0,0.5,0.0,0.0,74.2,49.8,14.6,1219.1,18
2557,28641.0,1159.0,141.0,203.0,10.0,3.5,10.0,4,urban,7,3,0.1,1.0,0.0,3.5,77.3,280.3,10.6,1358.9,65
3183,10200.0,949.0,258.0,172.0,0.0,6.0,10.0,5,small urban,6,2,0.2,0.0,0.0,2.0,87.0,3.1,10.0,1610.0,74
253,47534.0,2025.0,428.0,84.0,0.0,3.0,4.0,3,rural,2,2,0.0,5.7,0.0,2.0,78.9,73.1,12.7,1323.9,75
3923,1550.0,55.0,62.0,113.2,0.0,4.0,8.0,4,rural,2,2,0.4,16.2,0.0,2.0,73.3,10.8,17.4,1213.1,41
4199,50100.0,2371.0,1077.0,111.5,11.0,0.0,16.5,1,urban,3,2,0.0,0.0,0.0,0.0,78.8,0.6,20.6,1226.4,14
1445,11000.0,890.0,1620.0,82.3,10.0,0.0,4.0,3,small urban,3,3,0.0,0.0,0.0,0.0,70.7,214.4,12.8,993.1,16
1648,40539.0,1313.0,3215.0,56.5,0.0,9.5,7.9,1,urban,6,3,0.2,0.0,0.0,3.3,79.3,351.1,5.4,1016.7,61
4682,11100.0,1350.0,1017.0,104.0,8.0,2.0,8.0,4,urban,7,2,0.1,8.0,0.0,2.5,78.2,216.0,10.4,1435.3,99
4723,10300.0,153.0,15.0,129.0,0.0,12.0,10.0,4,urban,6,5,0.2,0.0,0.0,2.5,77.6,254.6,10.4,1398.8,33
3991,5100.0,95.0,79.0,100.0,0.0,6.0,4.5,4,urban,2,5,0.3,3.0,0.0,2.0,73.6,10.7,17.2,1224.0,15
1696,5800.0,155.0,176.0,78.7,0.0,6.0,8.0,3,rural,2,2,0.2,22.0,0.0,2.0,75.6,7.4,17.8,1255.4,19
3191,2000.0,34.0,20.0,214.0,0.0,4.0,13.0,6,small urban,2,2,0.1,0.0,0.0,4.0,34.9,3.2,16.2,250.8,25
4499,1000.0,191.0,96.0,201.0,0.0,3.2,6.0,5,urban,2,2,0.2,2.0,0.0,2.5,82.7,44.3,9.6,1629.7,37
1154,340.0,58.0,37.0,136.2,0.0,5.0,7.0,3,rural,2,2,0.1,0.0,0.0,0.0,64.6,313.6,6.6,587.8,34
2255,59702.0,3641.0,19261.0,39.0,14.0,0.0,8.0,1,urban,3,2,0.0,0.0,0.0,14.0,76.2,296.0,10.5,1308.9,30
1682,5900.0,259.0,81.0,164.0,0.0,5.0,6.0,4,urban,6,2,0.1,2.0,0.0,2.0,77.6,254.6,10.4,1398.8,95
3170,20.0,1.0,2.0,159.0,0.0,4.0,12.0,6,small urban,2,2,0.1,0.0,0.0,4.0,39.9,73.9,11.5,311.6,18
2056,23580.0,1000.0,7694.0,101.0,10.0,4.0,21.0,1,rural,7,5,0.2,0.0,0.0,9.0,77.6,459.1,8.7,1412.2,57
4090,30100.0,4816.0,903.0,144.7,0.0,8.0,6.0,3,urban,2,5,0.4,7.8,0.0,2.0,73.6,10.7,17.2,1224.0,44
5656,2798.0,66.0,42.0,73.0,0.0,10.0,6.0,4,small urban,6,2,0.1,1.2,0.0,1.5,75.0,263.9,11.5,1251.7,95
3108,13800.0,828.0,138.0,76.2,0.0,8.0,6.0,3,urban,2,5,0.3,1.0,0.0,2.0,77.1,0.1,20.0,1448.6,16
4548,41000.0,764.0,466.0,163.3,0.0,5.0,8.0,3,urban,2,2,0.1,8.0,0.0,0.0,76.1,0.0,23.6,1322.7,25
3723,4043.0,340.0,40.0,213.0,0.0,6.5,4.0,4,urban,2,2,0.2,0.0,0.0,2.0,80.8,20.2,10.5,1335.9,65
5423,60095.0,1228.0,553.0,51.9,0.0,9.4,3.0,2,urban,2,5,0.1,0.6,0.0,1.8,74.7,164.3,12.4,1300.1,9
2049,20696.0,566.0,9369.0,83.0,10.0,4.0,21.0,1,rural,7,5,0.2,0.0,0.0,2.0,77.6,459.1,8.7,1412.2,57
4976,2905.0,63.0,153.0,47.5,0.0,3.6,18.0,3,rural,2,2,0.2,4.0,0.0,3.6,74.3,731.9,4.7,651.7,31
3643,2711.0,491.0,347.0,139.0,0.0,3.0,6.0,4,urban,2,3,0.1,0.0,0.0,1.5,74.7,0.0,23.0,840.2,36
5715,2196.0,34.0,21.0,180.5,0.0,10.0,6.0,6,urban,6,3,0.1,5.0,0.0,2.0,75.8,280.2,11.5,1194.5,75
623,3977.0,390.0,151.0,235.0,0.0,6.0,16.0,5,urban,6,2,0.2,10.2,0.0,2.0,81.8,815.0,6.3,1323.6,25
262,31477.0,1086.0,371.0,92.9,9.0,6.0,9.0,3,urban,7,2,0.1,8.0,0.0,2.0,77.4,181.5,11.5,1387.7,90
3369,1500.0,54.0,133.0,244.0,0.0,4.0,12.0,6,small urban,2,2,0.2,0.0,0.0,4.0,44.6,76.5,10.9,231.4,24
4061,15375.0,1745.0,154.0,117.3,0.0,6.0,8.0,3,rural,2,2,0.4,29.5,0.0,2.0,74.8,41.0,14.4,1427.3,50
5534,1817.0,98.0,20.0,350.0,0.0,3.0,41.0,5,rural,6,3,0.4,21.0,0.0,1.0,83.5,956.7,5.2,1506.1,14
1802,15483.0,613.0,4494.0,93.3,0.0,6.0,15.0,1,rural,2,2,0.3,0.0,0.0,1.5,76.8,377.6,9.5,1302.6,70
4736,6700.0,86.0,30.0,110.6,0.0,13.2,9.0,3,urban,6,3,0.1,0.0,0.0,2.5,77.6,254.6,10.4,1398.8,63
5787,1394.0,125.0,446.0,114.2,0.0,6.0,10.0,3,rural,6,2,0.3,2.2,0.0,3.0,55.3,1.2,20.3,539.7,36
2385,43080.0,1952.0,14652.0,36.0,10.0,4.0,16.0,1,urban,7,3,0.2,0.0,0.0,4.0,76.2,292.1,10.6,1352.2,62
1959,19484.0,274.0,116.0,57.5,9.0,6.0,15.0,4,rural,7,3,0.3,2.5,0.0,2.5,77.6,395.4,9.5,1362.7,71
2976,44917.0,2008.0,3960.0,46.0,0.0,4.0,20.0,1,rural,2,5,0.1,3.0,0.0,15.5,77.2,390.2,9.5,1399.2,13
488,5559.0,449.0,315.0,81.8,3.0,3.0,4.0,3,small urban,7,3,0.1,21.2,0.0,2.0,72.7,330.5,11.7,1049.9,103
1843,44908.0,3693.0,11346.0,96.0,10.0,4.5,16.0,1,rural,7,3,0.1,0.0,0.0,4.5,77.2,299.4,10.4,1358.6,71
1734,10100.0,447.0,140.0,164.5,0.0,9.0,7.0,4,urban,6,2,0.1,0.0,0.0,2.0,77.8,330.7,9.9,1303.1,39
2911,28250.0,1834.0,4857.0,85.0,9.0,3.5,15.0,1,urban,7,3,0.0,0.0,0.0,4.0,76.2,315.7,10.5,1319.7,76
3219,750.0,23.0,69.0,91.4,0.0,4.5,3.0,4,rural,6,2,0.0,0.0,0.0,2.0,34.7,11.1,15.0,178.0,75
146,40000.0,1080.0,1430.0,69.3,0.0,9.0,8.0,2,urban,2,2,0.1,13.0,0.0,1.5,76.6,28.5,15.8,1382.6,51
1986,33301.0,3121.0,4154.0,70.0,10.0,4.0,18.0,1,rural,7,5,0.2,0.0,0.0,2.0,77.6,395.4,9.5,1362.7,61
1369,420.0,100.0,52.0,80.7,0.0,8.5,12.0,3,rural,6,2,0.1,0.0,0.0,4.0,56.8,162.7,8.7,418.2,45
2811,25033.0,1637.0,7436.0,163.2,0.0,3.5,26.0,1,rural,2,5,0.4,32.5,0.0,4.5,77.2,299.4,10.4,1358.6,35
659,47080.0,1050.0,2090.0,46.2,9.0,8.1,7.0,1,rural,7,2,0.1,0.0,0.0,8.1,84.0,148.9,6.9,3145.3,59
1794,29212.0,1024.0,994.0,68.0,10.0,3.5,21.0,1,urban,7,5,0.3,0.0,0.0,2.5,75.9,339.0,10.3,1231.6,57
2511,11067.0,460.0,87.0,207.0,0.0,4.5,4.0,4,urban,2,5,0.2,8.0,0.0,1.5,79.0,516.1,8.1,1394.0,67
3397,14660.0,706.0,119.0,74.0,9.0,10.0,6.0,3,urban,7,2,0.1,1.5,0.0,2.0,75.0,135.7,12.8,1354.6,74
4282,21017.0,799.0,353.0,100.0,7.0,4.6,6.9,4,small urban,6,2,0.1,0.0,0.0,1.8,84.0,25.0,9.4,1628.8,102
1147,570.0,154.0,66.0,83.6,0.0,5.0,9.0,3,rural,6,2,0.2,0.0,0.0,2.5,69.5,327.8,6.2,1159.2,50
3272,400.0,13.0,17.0,298.0,0.0,2.5,4.0,6,small urban,2,2,0.1,5.0,0.0,2.8,52.6,323.4,8.4,409.8,60
608,16528.0,616.0,322.0,75.9,0.0,7.8,14.3,2,urban,6,2,0.2,0.1,0.0,1.8,82.4,9.5,10.6,888.4,89
3582,31212.0,1364.0,263.0,186.5,0.0,10.0,6.0,3,urban,6,2,0.3,17.5,0.0,1.5,75.0,135.7,12.8,1354.6,53
1930,17632.0,704.0,354.0,162.0,10.0,5.0,10.0,3,urban,7,3,0.1,0.0,0.0,2.5,77.4,183.7,11.8,1369.8,85
197,22000.0,870.0,1090.0,66.0,0.0,5.9,12.0,2,small urban,2,2,0.1,0.0,0.0,1.5,74.0,65.2,13.6,1310.7,57
2931,33241.0,3406.0,3725.0,87.0,12.0,3.0,32.0,1,rural,7,5,0.2,0.0,0.0,2.0,76.2,315.7,10.5,1319.7,35
2327,36146.0,1889.0,8894.0,51.0,13.0,1.0,23.0,1,rural,7,3,0.2,0.0,0.0,13.0,78.1,387.4,9.0,1321.0,26
4389,13240.0,948.0,66.0,145.3,0.0,6.0,10.0,3,urban,2,2,0.2,0.7,0.0,2.0,69.7,269.2,8.3,666.7,12
766,46000.0,1049.0,5924.0,54.2,12.0,0.0,4.0,1,small urban,3,2,0.0,1.8,0.0,0.0,72.9,996.8,7.0,1113.8,11
4496,6200.0,259.0,130.0,214.0,0.0,3.0,6.0,3,urban,2,2,0.1,1.0,0.0,2.5,82.7,44.3,9.6,1629.7,37
4218,7793.0,2431.0,286.0,150.8,0.0,3.0,10.0,3,small urban,2,2,0.4,1.3,0.0,2.0,86.6,505.9,3.8,2643.0,12
3255,3900.0,137.0,340.0,188.3,0.0,6.0,6.0,4,rural,2,2,0.2,0.0,0.0,4.0,55.2,175.0,8.7,426.6,15
202,22000.0,540.0,520.0,73.0,0.0,9.0,8.0,3,small urban,2,2,0.1,7.0,0.0,1.5,74.6,54.0,14.0,1345.0,55
3510,23000.0,742.0,431.0,64.0,0.0,13.0,10.0,3,urban,6,3,0.0,0.0,0.0,3.0,76.7,0.0,21.9,1094.6,8
4931,20729.0,425.0,361.0,245.0,0.0,13.9,14.8,3,small urban,2,2,0.1,0.0,0.0,5.9,73.2,887.3,3.5,710.8,21
5535,2590.0,140.0,29.0,180.8,0.0,3.0,32.0,4,rural,6,2,0.3,8.6,0.0,1.0,84.1,1098.9,4.4,1333.3,41
1733,8500.0,314.0,493.0,72.0,0.0,7.0,12.0,3,rural,6,2,0.2,12.0,0.0,3.5,86.1,15.6,9.6,1542.4,66
2777,16105.0,503.0,2283.0,79.5,10.0,5.0,19.0,2,rural,7,3,0.1,0.0,0.0,2.0,76.2,326.2,10.1,1295.6,57
1707,19075.0,809.0,3569.0,60.0,0.0,11.2,10.3,1,rural,6,2,0.3,1.8,0.0,3.3,69.7,269.2,8.3,666.7,58
5172,9399.0,324.0,214.0,170.5,0.0,10.0,6.0,5,urban,6,3,0.2,6.8,0.0,2.0,75.3,227.2,12.2,1246.0,75
5249,35888.0,1938.0,395.0,34.8,0.0,0.0,24.0,1,rural,6,2,0.1,0.0,0.0,1.5,81.9,776.7,6.5,1396.5,19
3474,1764.0,354.0,7.0,199.0,0.0,3.0,3.0,5,urban,6,2,0.2,0.0,0.0,3.0,59.1,62.4,12.3,438.0,37
854,3021.0,245.0,248.0,146.0,0.0,12.0,21.0,4,rural,2,2,0.3,12.8,0.0,1.2,81.2,622.0,7.4,1444.6,10
4737,14300.0,260.0,237.0,189.0,0.0,17.0,15.0,3,urban,6,3,0.4,9.0,0.0,2.5,77.8,397.1,9.3,1337.7,98
4097,16376.0,520.0,967.0,108.9,0.0,6.0,4.5,4,urban,2,5,0.4,11.0,0.0,2.0,73.6,10.7,17.2,1224.0,26
2160,22419.0,1570.0,10686.0,40.0,10.0,4.0,26.0,1,rural,7,5,0.1,0.0,0.0,2.0,77.3,415.3,9.1,1356.6,56
698,18519.0,743.0,937.0,71.2,0.0,5.5,9.6,2,rural,6,3,0.3,0.4,0.0,1.8,87.6,4.0,10.0,1914.9,63
5737,8969.0,684.0,402.0,48.8,0.0,3.0,48.0,4,small urban,6,2,0.2,3.0,0.0,1.0,81.9,776.7,6.5,1396.5,66
2999,50928.0,3602.0,8451.0,86.5,10.0,4.0,16.0,1,rural,7,5,0.2,21.0,0.0,2.0,75.9,251.0,11.1,1287.3,67
3696,7266.0,449.0,46.0,201.0,0.0,6.0,6.0,4,urban,6,2,0.2,3.0,0.0,2.0,80.8,20.2,10.5,1335.9,65
1636,18339.0,350.0,14.0,98.0,5.0,5.0,4.0,4,urban,7,3,0.1,0.0,0.0,2.0,74.0,199.5,13.0,1240.3,102
3457,9000.0,207.0,278.0,209.0,0.0,6.0,6.0,4,urban,2,2,0.3,0.0,0.0,4.0,55.2,175.0,8.7,426.6,13
3581,30772.0,1591.0,339.0,284.0,0.0,10.5,4.0,3,urban,6,2,0.2,2.0,0.0,2.0,75.0,135.7,12.8,1354.6,53
1291,18700.0,748.0,449.0,135.0,8.0,0.0,12.0,3,urban,3,2,0.0,3.0,0.0,0.0,73.4,1003.1,7.0,1171.6,25
4659,70800.0,0.0,0.0,66.0,8.0,4.0,10.0,2,urban,7,2,0.1,0.0,0.0,3.0,77.8,330.7,9.9,1303.1,51
1853,26013.0,2737.0,1757.0,116.5,0.0,4.0,18.0,1,rural,2,5,0.2,0.0,0.0,14.0,77.2,299.4,10.4,1358.6,29
5232,40740.0,2201.0,448.0,45.5,0.0,5.5,36.0,1,rural,6,2,0.2,3.9,0.0,1.5,81.9,776.7,6.5,1396.5,67
3763,34300.0,858.0,1475.0,102.0,12.0,0.0,10.0,1,urban,3,5,0.0,4.0,0.0,2.0,77.1,9.5,17.4,1306.2,56
3304,89522.0,3474.0,13241.0,50.5,9.0,8.0,6.0,1,urban,7,2,0.1,0.0,0.0,2.0,76.4,164.6,12.2,1390.6,54
5697,79070.0,4269.0,869.0,55.0,0.0,3.0,24.0,2,urban,6,2,0.1,9.5,0.0,1.5,79.5,622.1,7.5,1291.3,70
3743,40552.0,1931.0,7770.0,58.3,0.0,9.0,18.0,1,rural,6,3,0.2,1.1,0.0,2.0,75.5,224.4,11.6,1318.4,60
3445,3600.0,61.0,36.0,159.0,0.0,3.0,13.0,6,small urban,2,2,0.0,0.0,0.0,4.0,34.9,3.2,16.2,250.8,21
1998,29736.0,2982.0,4240.0,77.5,10.0,4.5,18.0,1,rural,7,5,0.2,2.5,0.0,2.5,77.6,395.4,9.5,1362.7,60
663,3150.0,225.0,90.0,102.0,4.0,4.0,4.0,4,small urban,7,3,0.2,28.5,0.0,2.0,74.8,499.5,9.9,1060.9,90
4779,57300.0,2154.0,5552.0,63.2,9.0,2.0,9.0,1,urban,7,2,0.1,0.0,0.0,3.5,77.6,254.6,10.4,1398.8,68
5353,1356.0,74.0,11.0,89.0,0.0,4.5,12.0,3,rural,6,2,0.2,0.0,0.0,2.0,75.8,1678.8,-0.1,908.4,90
3748,63022.0,3794.0,16071.0,54.3,0.0,12.5,12.0,1,urban,6,3,0.2,4.0,0.0,1.5,75.5,224.4,11.6,1318.4,59
4413,10055.0,165.0,132.0,249.0,12.0,8.0,6.0,3,small urban,7,2,0.6,23.0,0.0,2.0,73.7,38.7,16.3,1378.2,26
4744,64700.0,2202.0,5239.0,67.0,9.0,3.0,9.0,1,urban,7,2,0.1,5.0,0.0,3.5,78.2,130.1,11.5,1379.0,52
5530,20574.0,1112.0,227.0,84.7,0.0,3.0,27.0,4,urban,6,2,0.2,0.0,0.0,1.0,79.2,482.5,8.5,1306.4,70
5575,3730.0,61.0,71.0,127.0,0.0,6.0,7.0,3,small urban,6,2,0.2,2.5,0.0,2.0,67.2,1075.7,6.0,622.1,75
709,2900.0,281.0,183.0,79.4,0.0,9.0,12.0,3,rural,6,2,0.1,0.2,0.0,3.0,85.8,1.7,10.6,1670.2,43
1282,3750.0,150.0,90.0,190.0,0.0,10.0,4.0,5,small urban,2,2,0.1,0.0,0.0,10.0,70.8,880.3,7.7,911.0,42
5068,8118.0,451.0,1475.0,51.0,0.0,4.2,24.0,1,urban,2,2,0.2,0.0,0.0,4.2,56.8,385.2,8.6,549.9,58
2675,15078.0,1744.0,3028.0,37.0,10.0,6.5,18.0,1,rural,7,3,0.1,0.0,0.0,2.0,78.1,451.6,8.9,1382.0,56
4029,78000.0,4269.0,13437.0,60.9,0.0,6.0,12.0,1,rural,6,2,0.2,8.0,0.0,1.0,76.6,0.2,21.5,1123.5,17
1306,60900.0,2010.0,7491.0,56.0,13.0,13.0,10.0,1,urban,7,5,0.1,2.0,0.0,2.0,74.4,17.0,16.1,1271.0,64
5496,1007.0,54.0,11.0,283.5,0.0,1.0,25.0,5,rural,6,2,0.4,39.5,0.0,1.0,81.9,776.7,6.5,1396.5,59
5504,9953.0,538.0,110.0,95.0,0.0,5.0,24.0,3,rural,6,2,0.2,3.0,0.0,1.0,83.5,956.7,5.2,1506.1,35
2237,73040.0,2691.0,15020.0,85.0,9.0,4.5,17.0,1,urban,7,3,0.0,0.0,0.0,2.0,76.2,292.1,10.6,1352.2,56
3302,125532.0,10344.0,17500.0,46.0,9.0,7.0,6.0,1,urban,7,2,0.1,0.0,0.0,2.0,76.4,164.6,12.2,1390.6,54
5592,218.0,21.0,41.0,85.0,0.0,5.0,3.0,4,rural,2,3,0.1,6.2,0.0,2.0,63.7,763.3,7.3,585.7,58
2038,20696.0,566.0,9369.0,100.5,10.0,4.0,21.0,1,rural,7,5,0.2,0.2,0.0,7.5,77.6,459.1,8.7,1412.2,57
1529,550.0,55.0,35.0,74.3,0.0,6.5,4.5,5,rural,6,5,0.0,0.4,0.0,2.0,70.0,323.5,11.6,933.7,67
1663,14212.0,1986.0,338.0,122.8,4.5,4.5,4.0,3,urban,7,3,0.1,65.8,0.0,2.0,74.2,334.3,11.5,1069.6,58
5450,10081.0,163.0,475.0,109.5,0.0,8.4,4.0,3,small urban,2,5,0.2,4.3,0.0,1.5,75.8,168.4,11.8,1486.4,26
5722,20808.0,1124.0,229.0,270.0,0.0,5.5,36.0,4,urban,6,3,0.2,6.0,0.0,1.0,79.2,482.5,8.5,1306.4,24
5744,5758.0,444.0,157.0,59.0,0.0,1.0,23.0,3,rural,6,2,0.1,0.0,0.0,1.0,83.5,956.7,5.2,1506.1,69
3627,48000.0,719.0,337.0,118.0,0.0,2.0,8.0,3,urban,6,2,0.2,8.0,0.0,1.5,76.6,0.0,22.8,1105.9,9
5147,1053.0,18.0,7.0,202.6,0.0,10.0,6.0,5,urban,6,3,0.2,14.9,0.0,2.0,77.2,289.2,10.1,1183.5,75
4891,9022.0,149.0,368.0,76.7,0.0,4.7,13.4,3,rural,2,2,0.2,2.0,0.0,4.7,74.3,731.9,4.7,651.7,15
2693,27649.0,1341.0,11107.0,57.0,13.0,6.0,23.0,1,rural,7,5,0.1,0.0,0.0,6.0,78.1,451.6,8.9,1382.0,32
3060,14303.0,390.0,300.0,125.2,0.0,3.0,16.0,2,rural,6,2,0.2,22.8,0.0,1.0,78.2,216.0,10.4,1435.3,15
1597,21800.0,1323.0,2195.0,129.0,0.0,6.0,4.5,4,urban,2,5,0.4,45.0,0.0,2.0,77.2,2.5,18.8,1379.2,27
2729,23856.0,1261.0,6895.0,94.5,10.0,4.0,19.0,1,rural,7,3,0.2,3.5,0.0,4.0,77.6,352.9,9.7,1347.0,60
2625,1764.0,27.0,8.0,236.0,4.0,3.5,8.0,5,urban,7,2,0.1,8.0,0.0,1.5,77.7,393.9,9.3,1382.1,125
3157,27103.0,1087.0,1003.0,79.0,0.0,9.8,5.7,2,rural,6,2,0.3,0.0,0.0,1.8,85.0,42.2,8.2,2543.6,39
3314,24627.0,1490.0,555.0,119.0,14.5,8.5,12.0,3,urban,7,2,0.3,7.0,0.0,2.0,76.4,164.6,12.2,1390.6,88
1722,6400.0,550.0,225.0,147.0,5.5,5.5,4.0,3,small urban,7,3,0.2,0.0,0.0,2.0,75.3,321.4,11.2,1195.7,85
5279,8580.0,305.0,2200.0,55.8,9.0,0.0,8.0,1,rural,3,2,0.0,0.0,0.0,0.0,67.2,1075.7,6.0,622.1,27
1059,41580.0,1593.0,375.0,123.0,0.0,15.5,12.0,3,urban,6,2,0.4,11.0,0.0,5.0,75.0,135.7,12.8,1354.6,57
4636,23500.0,202.0,104.0,112.0,8.0,3.0,9.0,3,urban,7,2,0.1,0.0,0.0,2.5,77.8,330.7,9.9,1303.1,43
3242,16000.0,322.0,1675.0,118.5,0.0,4.0,12.0,3,rural,2,2,0.1,9.7,0.0,4.0,46.3,72.8,11.2,247.9,19
1678,117000.0,2390.0,1650.0,57.0,0.0,3.0,1.5,2,urban,6,5,0.1,1.0,0.0,1.5,67.1,133.0,14.0,845.5,45
1757,137700.0,3531.0,11586.0,50.0,5.5,5.5,4.0,1,urban,7,3,0.0,3.5,0.0,4.0,75.6,458.4,10.0,1082.1,69
4191,3300.0,198.0,17.0,115.7,0.0,6.0,8.0,3,rural,2,2,0.2,11.5,0.0,2.0,73.8,27.5,15.5,1206.3,74
5116,43554.0,626.0,334.0,208.0,0.0,4.7,29.9,3,urban,2,2,0.2,0.0,0.0,4.7,56.8,385.2,8.6,549.9,60
563,22300.0,1084.0,4634.0,87.0,0.0,9.0,12.0,1,small urban,6,2,0.4,0.0,0.0,7.0,74.8,98.6,8.2,537.0,66
2790,23957.0,2502.0,6302.0,42.3,0.0,4.0,30.0,1,rural,2,5,0.1,0.0,0.0,3.0,77.2,299.4,10.4,1358.6,31
863,785.0,21.0,97.0,72.5,0.0,5.0,14.0,3,rural,2,3,0.2,0.9,0.0,2.0,59.8,395.7,10.0,573.9,30
1484,1700.0,300.0,70.0,132.0,5.2,5.2,4.0,4,rural,7,3,0.1,0.0,0.0,2.0,73.7,245.5,12.5,1221.6,63
5134,15975.0,1146.0,475.0,102.3,0.0,10.0,6.0,4,urban,6,3,0.3,7.0,0.0,2.0,75.8,280.2,11.5,1194.5,75
206,30000.0,490.0,110.0,143.0,0.0,7.0,8.0,3,urban,2,2,0.2,25.5,0.0,0.0,78.3,8.3,17.4,1538.4,66
4488,1100.0,35.0,103.0,57.4,0.0,4.0,8.0,4,small urban,6,3,0.0,0.0,0.0,4.0,39.9,73.9,11.5,311.6,69
870,5040.0,121.0,423.0,87.5,0.0,7.0,12.0,3,small urban,2,2,0.1,0.0,0.0,5.9,64.3,596.4,9.0,593.4,11
4493,5405.0,285.0,143.0,98.4,0.0,6.0,8.0,5,urban,2,2,0.1,0.4,0.0,3.0,82.7,44.3,9.6,1629.7,37
502,25700.0,1097.0,8345.0,62.5,0.0,14.0,19.0,1,rural,6,2,0.2,0.2,0.0,4.0,85.8,1.7,10.6,1670.2,62
1028,4360.0,203.0,246.0,94.5,0.0,5.8,10.0,3,rural,6,2,0.2,0.0,0.0,1.8,72.9,1347.8,4.8,857.0,71
3840,21100.0,4009.0,1266.0,73.2,0.0,8.0,6.0,3,urban,2,5,0.2,0.3,0.0,2.0,74.8,41.0,14.4,1427.3,39
2690,28473.0,1692.0,9196.0,80.0,13.0,4.0,27.0,1,rural,7,3,0.1,0.0,0.0,4.0,78.1,451.6,8.9,1382.0,33
5581,1121.0,49.0,119.0,67.9,0.0,9.0,7.0,3,rural,2,3,0.1,0.1,0.0,3.0,63.7,763.3,7.3,585.7,70
5056,15073.0,240.0,2441.0,48.8,0.0,9.9,12.0,1,rural,2,2,0.1,3.3,0.0,2.4,69.3,1060.2,3.0,717.4,46
1570,1457.0,143.0,189.0,149.0,5.0,5.0,4.0,5,small urban,7,3,0.1,0.0,0.0,2.0,74.2,170.7,13.3,1201.5,92
2773,15399.0,987.0,3440.0,59.0,0.0,5.5,26.0,1,rural,2,5,0.1,0.5,0.0,2.5,76.2,296.0,10.5,1308.9,54
2731,23856.0,1261.0,6895.0,82.5,10.0,4.0,19.0,1,rural,7,3,0.1,2.5,0.0,4.0,77.6,352.9,9.7,1347.0,60
804,10500.0,266.0,154.0,129.5,0.0,2.0,1.0,3,urban,6,3,0.3,8.0,0.0,1.0,77.1,0.0,22.8,1134.1,20
3645,2051.0,62.0,62.0,120.0,0.0,3.2,8.0,4,small urban,2,2,0.1,0.0,0.0,2.0,87.4,5.8,9.2,2187.5,15
2454,24491.0,2358.0,7494.0,58.0,10.0,5.0,31.0,1,rural,7,3,0.1,0.0,0.0,5.0,78.0,463.2,8.7,1363.9,59
4598,19800.0,1010.0,370.0,103.0,0.0,9.0,17.0,4,urban,6,5,0.1,0.0,0.0,2.5,77.6,254.6,10.4,1398.8,23
3104,250.0,9.0,22.0,100.5,0.0,4.0,12.0,5,rural,2,2,0.1,0.0,0.0,4.0,45.2,246.1,8.8,361.0,24
4875,3406.0,50.0,142.0,176.0,0.0,3.9,15.8,3,rural,2,3,0.1,1.0,0.0,3.9,74.4,1020.9,2.8,628.8,17
200,19000.0,550.0,450.0,86.0,0.0,7.0,6.0,3,urban,2,2,0.1,22.0,0.0,1.5,75.1,39.5,15.1,1277.7,57
3099,3200.0,75.0,101.0,187.5,0.0,10.0,6.0,3,urban,2,2,0.1,0.0,0.0,4.0,55.2,175.0,8.7,426.6,25
2278,12529.0,329.0,47.0,118.0,5.0,5.5,5.0,3,urban,7,3,0.2,4.0,0.0,2.0,78.1,387.4,9.0,1321.0,125
3561,1519.0,91.0,30.0,323.0,0.0,3.0,8.0,5,urban,2,2,0.2,6.5,0.0,2.0,75.3,390.1,5.7,920.0,37
4474,590.0,20.0,51.0,62.5,0.0,9.0,6.0,3,rural,6,2,0.1,0.1,0.0,3.5,46.7,279.0,8.7,349.3,65
4514,16566.0,552.0,164.0,279.0,0.0,5.0,6.0,4,urban,2,2,0.1,0.0,0.0,2.0,79.3,351.1,5.4,1016.7,37
391,32296.0,1744.0,1195.0,86.0,0.0,8.0,8.0,2,urban,2,2,0.1,43.0,0.0,2.5,78.8,44.6,13.3,1281.0,15
5618,2390.0,163.0,137.0,77.0,0.0,6.0,18.0,3,urban,2,2,0.2,0.0,0.0,2.0,64.6,814.8,7.2,593.8,17
5258,90515.0,4889.0,997.0,51.0,0.0,5.5,48.0,1,urban,6,2,0.2,0.8,0.0,1.5,79.5,622.1,7.5,1291.3,17
1495,11606.0,286.0,98.0,138.0,5.0,5.0,4.0,4,urban,7,3,0.2,0.0,0.0,2.0,73.7,245.5,12.5,1221.6,68
2695,27649.0,1341.0,11107.0,52.0,13.0,6.0,23.0,1,rural,7,5,0.2,0.0,0.0,6.0,78.1,451.6,8.9,1382.0,26
2027,19728.0,1262.0,7176.0,49.0,0.0,3.5,33.0,1,rural,2,5,0.1,0.0,0.0,4.0,78.2,402.4,9.1,1451.5,36
5248,46387.0,2505.0,510.0,41.9,0.0,5.5,36.0,1,small urban,6,2,0.2,1.3,0.0,1.5,81.9,776.7,6.5,1396.5,63
5463,18961.0,300.0,376.0,120.0,0.0,9.6,4.6,3,small urban,2,5,0.1,0.0,0.0,1.5,74.2,73.9,13.6,1256.0,9
2568,23356.0,877.0,7208.0,61.0,13.0,0.0,12.0,1,rural,3,2,0.0,0.0,0.0,13.0,77.7,393.9,9.3,1382.1,34
64,36000.0,1250.0,3220.0,55.3,8.0,6.0,4.0,1,urban,2,2,0.1,0.0,0.0,6.0,73.6,51.1,14.4,1233.2,55
3884,12948.0,233.0,181.0,202.2,0.0,3.0,7.0,3,urban,2,3,0.1,1.0,0.0,1.5,66.7,9.7,18.6,947.2,45
2062,23580.0,1000.0,7694.0,45.3,0.0,5.0,26.0,1,rural,2,5,0.1,0.0,0.0,23.0,77.6,459.1,8.7,1412.2,19
5276,9440.0,560.0,1980.0,42.6,11.0,0.0,8.0,1,rural,3,2,0.0,0.0,0.0,0.0,64.6,814.8,7.2,593.8,21
492,42700.0,1704.0,5560.0,58.5,8.0,6.0,12.0,1,urban,7,2,0.2,0.0,0.0,2.0,74.1,11.3,11.0,860.5,63
379,12601.0,454.0,241.0,219.7,0.0,10.0,18.0,3,urban,2,2,0.2,0.0,0.0,2.0,77.4,138.2,12.4,1389.2,49
4859,9768.0,225.0,20.0,105.0,0.0,6.0,12.0,3,urban,6,2,0.1,0.0,0.0,1.5,67.2,0.0,24.0,650.1,22
3993,3600.0,66.0,144.0,88.4,0.0,4.0,8.0,4,rural,2,2,0.3,1.5,0.0,2.0,74.2,10.0,16.9,1221.7,34
4887,958.0,59.0,68.0,55.0,0.0,4.8,16.0,4,rural,2,2,0.0,2.0,0.0,3.0,62.8,556.7,6.7,496.9,59
1076,7623.0,366.0,335.0,169.0,0.0,8.0,20.0,3,small urban,6,2,0.2,0.7,0.0,2.0,81.4,462.0,8.1,1373.9,22
878,1219.0,98.0,24.0,139.3,0.0,6.0,16.0,5,rural,6,2,0.2,5.4,0.0,1.0,84.0,1194.9,3.9,1448.3,22
337,175695.0,0.0,0.0,95.0,0.0,12.5,7.0,1,urban,2,2,0.0,0.0,0.0,5.0,77.4,181.5,11.5,1387.7,14
1016,10606.0,196.0,214.0,228.0,0.0,6.0,6.0,4,small urban,2,2,0.1,0.0,0.0,0.0,69.3,850.9,7.8,857.5,10
1275,10300.0,412.0,247.0,133.0,0.0,5.0,6.5,4,urban,2,2,0.3,0.0,0.0,1.5,73.4,1003.1,7.0,1171.6,70
3798,39450.0,2024.0,928.0,72.0,0.0,11.0,6.0,3,urban,6,3,0.2,7.8,0.0,2.0,77.2,90.4,13.6,1329.9,23
4551,12300.0,289.0,289.0,142.3,0.0,2.0,8.0,3,small urban,2,2,0.0,0.0,0.0,0.0,75.4,0.0,24.8,1090.0,19
3342,2500.0,42.0,24.0,176.0,0.0,4.0,5.0,4,urban,2,2,0.1,0.0,0.0,4.0,34.9,3.2,16.2,250.8,20
4911,11711.0,154.0,132.0,52.3,0.0,4.7,9.8,3,rural,2,2,0.2,1.9,0.0,3.0,72.2,1021.2,2.8,812.6,15
995,1353.0,99.0,117.0,55.4,0.0,4.5,8.0,3,rural,2,2,0.2,0.0,0.0,0.0,69.3,850.9,7.8,857.5,11
1981,33301.0,3121.0,4154.0,74.0,10.0,4.0,18.0,1,urban,7,5,0.2,0.0,0.0,2.0,77.6,395.4,9.5,1362.7,61
4297,3653.0,120.0,100.0,61.1,0.0,12.5,10.0,4,rural,6,5,0.2,0.0,0.0,2.0,78.2,216.0,10.4,1435.3,11
161,14000.0,610.0,1630.0,57.7,8.0,10.0,4.0,2,rural,7,2,0.3,1.7,0.0,7.5,74.2,73.9,13.6,1256.0,52
5675,3866.0,241.0,370.0,67.2,0.0,14.0,6.0,3,rural,6,3,0.1,1.0,0.0,3.0,75.0,212.1,12.2,1227.5,29
4798,2100.0,137.0,139.0,161.0,0.0,11.0,9.0,5,rural,6,3,0.1,5.0,0.0,2.5,77.6,254.6,10.4,1398.8,63
1500,6920.0,331.0,145.0,86.0,5.0,5.0,4.0,4,urban,7,3,0.1,0.0,0.0,3.0,73.7,245.5,12.5,1221.6,86
3843,24800.0,992.0,248.0,192.0,0.0,8.0,6.0,3,urban,2,5,0.3,4.0,0.0,2.0,74.8,41.0,14.4,1427.3,64
5225,16912.0,237.0,203.0,169.8,0.0,6.0,10.0,3,rural,6,2,0.2,0.8,0.0,3.0,68.3,2.4,19.9,1025.2,17
2613,7178.0,132.0,84.0,77.7,7.0,10.5,14.0,3,urban,7,2,0.2,18.0,0.0,2.5,77.7,393.9,9.3,1382.1,95
3461,2000.0,5.0,10.0,159.0,0.0,4.0,13.0,4,small urban,2,2,0.1,0.0,0.0,4.0,34.9,3.2,16.2,250.8,24
1021,31000.0,728.0,681.0,79.0,0.0,6.0,12.0,3,small urban,2,2,0.1,0.0,0.0,0.0,73.4,1003.1,7.0,1171.6,12
3073,18108.0,835.0,575.0,65.4,0.0,7.5,10.0,2,rural,6,3,0.2,1.6,0.0,2.0,75.5,224.4,11.6,1318.4,55
3943,7700.0,219.0,414.0,108.6,0.0,4.0,8.0,4,rural,2,2,0.6,14.3,0.0,2.0,73.2,15.3,16.8,1213.2,14
1585,61001.0,2343.0,1428.0,65.7,0.0,12.5,12.0,3,urban,6,2,0.2,0.5,0.0,2.0,75.2,91.8,13.5,1268.5,72
1955,22060.0,906.0,148.0,225.0,0.0,5.5,10.0,3,urban,2,2,0.2,0.0,0.0,1.5,77.4,183.7,11.8,1369.8,60
3152,3038.0,165.0,194.0,80.5,0.0,5.7,10.1,3,rural,6,2,0.2,0.7,0.0,1.8,85.1,0.8,10.3,2452.7,65
34,22589.0,520.0,5286.0,97.1,9.5,0.0,16.0,1,rural,3,2,0.0,3.3,0.1,0.0,76.4,476.1,9.1,1098.0,25
4014,5400.0,166.0,492.0,90.0,0.0,5.0,4.0,5,small urban,6,2,0.1,1.0,0.0,3.0,34.9,3.2,16.2,250.8,58
775,5500.0,1004.0,446.0,56.5,0.0,9.3,15.3,3,rural,6,2,0.3,0.0,0.0,6.0,69.0,428.0,6.0,611.9,59
2556,7598.0,330.0,50.0,244.0,8.0,6.0,8.0,3,urban,7,3,0.2,0.0,0.0,2.0,77.3,280.3,10.6,1358.9,73
1478,3878.0,218.0,425.0,135.0,4.0,4.0,4.0,3,rural,7,5,0.2,0.0,0.0,2.0,73.7,245.5,12.5,1221.6,89
5486,30120.0,1627.0,331.0,102.0,0.0,2.0,25.0,3,small urban,6,2,0.4,1.5,0.0,1.0,80.2,695.0,7.0,1299.6,60
1363,161800.0,4272.0,2136.0,66.0,0.0,12.0,21.7,2,urban,6,2,0.2,0.0,0.0,2.0,80.8,20.2,10.5,1335.9,63
2612,6355.0,266.0,52.0,145.0,7.0,10.5,14.0,3,urban,7,2,0.1,11.0,0.0,2.5,77.7,393.9,9.3,1382.1,95
2824,24988.0,2275.0,6061.0,91.0,10.0,5.5,19.0,1,rural,7,3,0.1,11.0,0.0,5.5,77.2,299.4,10.4,1358.6,58
2041,20696.0,566.0,9369.0,91.8,10.0,4.0,21.0,1,rural,7,5,0.1,1.0,0.0,7.5,77.6,459.1,8.7,1412.2,57
241,77074.0,3091.0,794.0,74.0,8.0,3.0,8.0,3,urban,7,2,0.0,0.0,0.0,3.0,77.4,181.5,11.5,1387.7,97
2061,23580.0,1000.0,7694.0,44.3,0.0,5.0,26.0,1,rural,2,5,0.2,0.7,0.0,23.0,77.6,459.1,8.7,1412.2,19
2363,6743.0,151.0,51.0,104.0,6.0,7.0,10.0,3,urban,7,3,0.1,6.7,0.0,2.0,77.2,390.2,9.5,1399.2,96
600,14147.0,573.0,252.0,49.0,0.0,8.4,13.8,2,rural,6,2,0.2,2.0,0.0,2.4,69.7,269.2,8.3,666.7,33
2435,29855.0,2691.0,3572.0,64.7,10.0,6.0,6.0,1,rural,7,2,0.1,0.0,0.0,6.0,76.2,315.7,10.5,1319.7,59
5393,71715.0,652.0,20.0,94.5,0.0,11.5,7.4,1,urban,2,5,0.1,0.0,0.0,2.0,74.7,164.3,12.4,1300.1,10
2888,34156.0,2713.0,8594.0,75.0,10.0,8.0,16.0,1,rural,7,3,0.2,0.0,0.0,2.0,76.2,315.7,10.5,1319.7,62
646,56463.0,3546.0,8814.0,60.4,0.0,7.6,7.8,1,urban,6,3,0.4,4.8,0.0,1.8,82.9,36.1,9.4,2206.8,49
3890,3719.0,22.0,22.0,196.5,0.0,3.0,6.0,3,small urban,2,3,0.1,1.0,0.0,1.5,73.2,8.6,18.5,1160.7,55
3556,900.0,60.0,1.0,255.0,0.0,4.0,7.0,5,urban,6,2,0.1,2.0,0.0,1.5,78.9,489.4,8.6,1569.7,71
3202,37000.0,618.0,362.0,168.0,0.0,3.0,6.0,2,urban,2,2,0.1,0.0,0.0,4.0,34.9,3.2,16.2,250.8,15
1528,2060.0,75.0,280.0,75.4,0.0,8.0,3.0,4,rural,6,3,0.1,10.6,0.0,1.0,52.3,77.5,14.2,504.9,54
1267,2535.0,271.0,60.0,194.0,3.5,3.5,4.0,5,small urban,7,3,0.4,51.0,0.0,2.0,74.4,504.2,10.0,1049.5,29
1899,22892.0,2071.0,3105.0,90.0,12.0,4.5,22.0,1,urban,7,5,0.2,0.0,0.0,4.5,76.3,364.6,9.7,1122.7,40
4658,69400.0,0.0,0.0,119.6,10.0,4.0,10.0,2,urban,7,2,0.2,1.7,0.0,2.5,78.2,130.1,11.5,1379.0,44
3005,50888.0,3599.0,8445.0,92.0,10.0,4.5,16.0,1,rural,7,5,0.2,0.0,0.0,2.0,75.9,251.0,11.1,1287.3,67
2734,23856.0,1261.0,6895.0,68.5,10.0,4.0,19.0,1,rural,7,3,0.1,7.0,0.0,4.0,77.6,352.9,9.7,1347.0,60
189,17000.0,740.0,2000.0,41.4,0.0,5.5,8.0,2,small urban,2,2,0.2,0.0,0.0,1.5,74.2,21.3,16.2,1323.6,41
1806,1831.0,151.0,32.0,139.0,0.0,9.0,6.0,5,rural,2,5,0.1,3.0,0.0,2.5,76.8,377.6,9.5,1302.6,92
975,5000.0,231.0,205.0,106.3,9.0,0.0,5.0,3,small urban,3,2,0.0,24.7,0.0,0.0,69.9,1327.9,5.3,707.8,26
2747,21455.0,1140.0,575.0,104.0,0.0,5.0,10.0,3,urban,2,2,0.1,0.0,0.0,1.5,77.3,280.3,10.6,1358.9,61
2047,20696.0,566.0,9369.0,80.0,10.0,4.0,21.0,1,rural,7,5,0.2,0.0,0.0,9.0,77.6,459.1,8.7,1412.2,57
2558,4619.0,134.0,5.0,113.0,0.0,7.0,8.0,4,urban,2,2,0.0,0.0,0.0,2.0,77.3,280.3,10.6,1358.9,125
1082,7690.0,569.0,385.0,46.0,0.0,6.0,16.0,3,rural,6,2,0.1,0.0,0.0,2.0,81.2,846.6,6.4,1370.8,34
474,5147.0,283.0,67.0,78.0,0.0,8.0,20.0,5,small urban,2,2,0.1,0.0,0.0,1.0,81.4,462.0,8.1,1373.9,22
2904,32830.0,3390.0,6521.0,55.0,0.0,11.0,18.0,1,rural,2,2,0.3,8.0,0.0,4.0,76.2,315.7,10.5,1319.7,60
4843,13800.0,706.0,258.0,185.0,0.0,9.0,17.0,4,urban,6,5,0.2,5.0,0.0,2.5,77.6,254.6,10.4,1398.8,39
4117,3000.0,91.0,40.0,72.9,0.0,6.0,8.0,3,rural,2,2,0.3,8.8,0.0,2.0,73.9,11.6,17.0,1226.7,22
3385,9700.0,299.0,886.0,41.7,0.0,9.5,11.0,3,rural,6,2,0.0,0.0,0.0,3.0,34.9,3.2,16.2,250.8,61
4555,9000.0,954.0,954.0,74.0,0.0,2.0,8.0,3,small urban,6,2,0.3,12.1,0.0,1.5,77.4,0.0,23.1,1332.6,10
1184,2957.0,91.0,204.0,248.0,0.0,7.0,18.0,3,rural,6,2,0.3,0.0,0.0,2.3,70.4,816.6,7.9,936.4,56
5051,19052.0,502.0,1736.0,56.7,0.0,11.6,16.8,1,urban,2,2,0.1,0.0,0.0,11.6,74.3,731.9,4.7,651.7,59
5311,166.0,6.0,6.0,106.8,0.0,4.0,6.0,5,rural,2,2,0.1,19.2,0.0,2.0,69.1,1311.6,5.0,653.4,32
2433,26982.0,2124.0,3628.0,61.5,10.0,6.5,6.0,1,rural,7,2,0.1,0.0,0.0,6.0,76.2,315.7,10.5,1319.7,59
5611,1680.0,273.0,313.0,125.6,0.0,6.0,6.0,5,rural,2,2,0.2,2.6,0.0,2.0,62.0,755.5,7.3,505.9,38
2391,48715.0,2667.0,14151.0,68.0,10.0,4.0,18.0,1,urban,7,5,0.1,0.0,0.0,4.0,76.2,292.1,10.6,1352.2,61
769,115000.0,2029.0,4579.0,69.3,13.0,0.0,4.0,1,urban,3,2,0.0,1.0,0.0,0.0,72.9,996.8,7.0,1113.8,21
1685,750.0,30.0,7.0,253.0,0.0,4.0,9.0,4,urban,2,2,0.1,0.0,0.0,2.0,78.2,130.1,11.5,1379.0,46
130,129000.0,3950.0,6790.0,144.0,14.0,0.0,5.0,1,urban,3,5,0.0,0.0,0.0,0.0,73.9,25.5,15.9,1204.9,30
2919,25983.0,3348.0,5363.0,95.0,9.0,6.5,15.0,1,rural,7,3,0.2,0.5,0.0,4.0,76.2,315.7,10.5,1319.7,64
3171,20.0,1.0,2.0,159.0,0.0,4.0,12.0,6,small urban,2,2,0.1,0.0,0.0,4.0,39.9,73.9,11.5,311.6,14
3444,50.0,1.0,1.0,186.0,0.0,4.0,12.0,6,small urban,2,2,0.1,9.0,0.0,4.0,46.3,72.8,11.2,247.9,13
5578,5172.0,126.0,364.0,122.0,8.0,0.0,8.0,3,small urban,3,3,0.0,0.0,0.1,0.0,69.0,1004.8,7.0,752.9,25
4426,73000.0,1900.0,1312.0,54.3,0.0,5.0,10.0,2,urban,2,2,0.0,8.0,0.0,0.0,76.4,0.0,22.1,1216.0,19
5334,821.0,70.0,27.0,138.1,0.0,5.9,12.0,4,rural,6,2,0.1,1.7,0.0,1.1,57.5,903.2,3.5,517.0,59
466,11271.0,349.0,169.0,107.7,0.0,6.0,18.0,4,small urban,6,2,0.2,6.3,0.0,1.5,81.2,846.6,6.4,1370.8,28
5734,1847.0,100.0,21.0,243.0,0.0,0.0,16.0,4,rural,6,2,0.3,23.0,0.0,1.0,84.1,1098.9,4.4,1333.3,94
3092,43500.0,2221.0,1041.0,77.0,0.0,15.0,11.0,3,urban,6,3,0.2,1.0,0.0,3.5,76.7,0.0,22.3,1087.2,22
3772,20800.0,745.0,726.0,70.1,0.0,8.0,6.0,3,urban,2,5,0.3,1.1,0.0,2.0,77.1,9.5,17.4,1306.2,37
5191,1831.0,29.0,36.0,107.0,0.0,10.0,6.0,6,urban,6,3,0.1,11.0,0.0,2.0,74.8,388.0,10.1,1082.3,75
5226,5388.0,129.0,156.0,125.7,0.0,6.0,8.0,3,urban,6,2,0.2,0.1,0.0,1.5,67.6,1.1,20.3,894.7,45
5390,35428.0,780.0,4608.0,51.5,0.0,9.4,7.5,1,rural,2,5,0.2,0.3,0.0,1.5,73.8,195.1,11.8,1269.6,33
860,2286.0,187.0,94.0,91.8,0.0,10.0,22.0,5,rural,6,2,0.2,8.8,0.0,1.0,81.2,846.6,6.4,1370.8,21
